[0.015s] Invoking command in '/home/cyberkanjousen/CLionProjects/ROS2_1/build/ros_gz_interfaces': CMAKE_PREFIX_PATH=${CMAKE_PREFIX_PATH}:/opt/ros/jazzy DEBUGINFOD_URLS=https://debuginfod.ubuntu.com /usr/bin/cmake /home/cyberkanjousen/CLionProjects/ROS2_1/src/ros_gz_interfaces -DCMAKE_EXPORT_COMPILE_COMMANDS=ON -G Ninja -DCMAKE_INSTALL_PREFIX=/home/cyberkanjousen/CLionProjects/ROS2_1/install/ros_gz_interfaces
[0.065s] -- The C compiler identification is GNU 13.3.0
[0.106s] -- The CXX compiler identification is GNU 13.3.0
[0.122s] -- Detecting C compiler ABI info
[0.179s] -- Detecting C compiler ABI info - done
[0.190s] -- Check for working C compiler: /usr/bin/cc - skipped
[0.190s] -- Detecting C compile features
[0.190s] -- Detecting C compile features - done
[0.201s] -- Detecting CXX compiler ABI info
[0.277s] -- Detecting CXX compiler ABI info - done
[0.284s] -- Check for working CXX compiler: /usr/bin/c++ - skipped
[0.284s] -- Detecting CXX compile features
[0.284s] -- Detecting CXX compile features - done
[0.286s] -- Found ament_cmake: 2.5.4 (/opt/ros/jazzy/share/ament_cmake/cmake)
[0.394s] -- Found Python3: /usr/bin/python3 (found version "3.12.3") found components: Interpreter 
[0.474s] -- Found builtin_interfaces: 2.0.3 (/opt/ros/jazzy/share/builtin_interfaces/cmake)
[0.503s] -- Found rosidl_generator_c: 4.6.6 (/opt/ros/jazzy/share/rosidl_generator_c/cmake)
[0.513s] -- Found rosidl_generator_cpp: 4.6.6 (/opt/ros/jazzy/share/rosidl_generator_cpp/cmake)
[0.524s] -- Using all available rosidl_typesupport_c: rosidl_typesupport_fastrtps_c;rosidl_typesupport_introspection_c
[0.536s] -- Using all available rosidl_typesupport_cpp: rosidl_typesupport_fastrtps_cpp;rosidl_typesupport_introspection_cpp
[0.548s] -- Found rcl_interfaces: 2.0.3 (/opt/ros/jazzy/share/rcl_interfaces/cmake)
[0.577s] -- Found std_msgs: 5.3.6 (/opt/ros/jazzy/share/std_msgs/cmake)
[0.589s] -- Found geometry_msgs: 5.3.6 (/opt/ros/jazzy/share/geometry_msgs/cmake)
[0.601s] -- Found rosidl_default_generators: 1.6.0 (/opt/ros/jazzy/share/rosidl_default_generators/cmake)
[0.611s] -- Found rosidl_adapter: 4.6.6 (/opt/ros/jazzy/share/rosidl_adapter/cmake)
[1.216s] -- Found ament_cmake_cppcheck: 0.17.3 (/opt/ros/jazzy/share/ament_cmake_cppcheck/cmake)
[1.218s] -- Found ament_cmake_cpplint: 0.17.3 (/opt/ros/jazzy/share/ament_cmake_cpplint/cmake)
[1.220s] -- Found ament_cmake_uncrustify: 0.17.3 (/opt/ros/jazzy/share/ament_cmake_uncrustify/cmake)
[1.222s] -- Found ament_cmake_ros: 0.12.0 (/opt/ros/jazzy/share/ament_cmake_ros/cmake)
[1.989s] -- Using all available rosidl_typesupport_c: rosidl_typesupport_fastrtps_c;rosidl_typesupport_introspection_c
[2.297s] -- Using all available rosidl_typesupport_cpp: rosidl_typesupport_fastrtps_cpp;rosidl_typesupport_introspection_cpp
[2.300s] -- Found python_cmake_module: 0.11.1 (/opt/ros/jazzy/share/python_cmake_module/cmake)
[2.430s] -- Found PythonExtra: /usr/bin/python3  
[2.814s] -- Found Python3: /usr/bin/python3 (found version "3.12.3") found components: Interpreter Development NumPy Development.Module Development.Embed 
[2.867s] -- Found ament_cmake_flake8: 0.17.3 (/opt/ros/jazzy/share/ament_cmake_flake8/cmake)
[2.869s] -- Found ament_cmake_pep257: 0.17.3 (/opt/ros/jazzy/share/ament_cmake_pep257/cmake)
[2.874s] -- Configuring done (2.9s)
[2.920s] -- Generating done (0.0s)
[2.941s] -- Build files have been written to: /home/cyberkanjousen/CLionProjects/ROS2_1/build/ros_gz_interfaces
[2.953s] Invoked command in '/home/cyberkanjousen/CLionProjects/ROS2_1/build/ros_gz_interfaces' returned '0': CMAKE_PREFIX_PATH=${CMAKE_PREFIX_PATH}:/opt/ros/jazzy DEBUGINFOD_URLS=https://debuginfod.ubuntu.com /usr/bin/cmake /home/cyberkanjousen/CLionProjects/ROS2_1/src/ros_gz_interfaces -DCMAKE_EXPORT_COMPILE_COMMANDS=ON -G Ninja -DCMAKE_INSTALL_PREFIX=/home/cyberkanjousen/CLionProjects/ROS2_1/install/ros_gz_interfaces
[2.953s] Invoking command in '/home/cyberkanjousen/CLionProjects/ROS2_1/build/ros_gz_interfaces': CMAKE_PREFIX_PATH=${CMAKE_PREFIX_PATH}:/opt/ros/jazzy DEBUGINFOD_URLS=https://debuginfod.ubuntu.com /usr/bin/cmake --build /home/cyberkanjousen/CLionProjects/ROS2_1/build/ros_gz_interfaces -- -j32 -l32
[2.974s] 
[2.975s] [0/276] Generating type hashes for ROS interfaces[K
[2.984s] [0/276] cd /home/cyberkanjousen/CLionProjects/ROS2_1/build/ros_gz_interfaces && /usr/bin/cmake -E copy_directory /home/cyberkanjousen/CLionProjects/ROS2_1/build/ros_gz_interfaces/rosidl_generator_py/ros_gz_interfaces /home/cyberkanjousen/CLionProjects/ROS2_1/build/ros_gz_interfaces/ament_cmake_python/ros_gz_interfaces/ros_gz_interfaces[K
[2.984s] [1/276] cd /home/cyberkanjousen/CLionProjects/ROS2_1/build/ros_gz_interfaces && /usr/bin/cmake -E copy_directory /home/cyberkanjousen/CLionProjects/ROS2_1/build/ros_gz_interfaces/rosidl_generator_py/ros_gz_interfaces /home/cyberkanjousen/CLionProjects/ROS2_1/build/ros_gz_interfaces/ament_cmake_python/ros_gz_interfaces/ros_gz_interfaces[K
[3.198s] [1/276] cd /home/cyberkanjousen/CLionProjects/ROS2_1/build/ros_gz_interfaces/ament_cmake_python/ros_gz_interfaces && /usr/bin/python3 setup.py egg_info[K
[3.198s] [2/276] cd /home/cyberkanjousen/CLionProjects/ROS2_1/build/ros_gz_interfaces/ament_cmake_python/ros_gz_interfaces && /usr/bin/python3 setup.py egg_info[K
[3.198s] running egg_info
[3.198s] creating ros_gz_interfaces.egg-info
[3.198s] writing ros_gz_interfaces.egg-info/PKG-INFO
[3.198s] writing dependency_links to ros_gz_interfaces.egg-info/dependency_links.txt
[3.198s] writing top-level names to ros_gz_interfaces.egg-info/top_level.txt
[3.198s] writing manifest file 'ros_gz_interfaces.egg-info/SOURCES.txt'
[3.198s] reading manifest file 'ros_gz_interfaces.egg-info/SOURCES.txt'
[3.198s] writing manifest file 'ros_gz_interfaces.egg-info/SOURCES.txt'
[3.904s] 
[3.905s] [3/276] Generating type hashes for ROS interfaces[K
[3.905s] [3/276] Generating C code for ROS interfaces[K
[5.303s] [3/276] Generating C++ code for ROS interfaces[K
[5.524s] [4/276] Generating C++ code for ROS interfaces[K
[5.525s] [5/276] Generating C code for ROS interfaces[K
[5.526s] [5/276] Building C object CMakeFiles/ros_gz_interfaces__rosidl_generator_c.dir/rosidl_generator_c/ros_gz_interfaces/msg/detail/altimeter__description.c.o[K
[5.526s] [5/276] Building C object CMakeFiles/ros_gz_interfaces__rosidl_generator_c.dir/rosidl_generator_c/ros_gz_interfaces/msg/detail/altimeter__functions.c.o[K
[5.527s] [5/276] Building C object CMakeFiles/ros_gz_interfaces__rosidl_generator_c.dir/rosidl_generator_c/ros_gz_interfaces/msg/detail/altimeter__type_support.c.o[K
[5.527s] [5/276] Building C object CMakeFiles/ros_gz_interfaces__rosidl_generator_c.dir/rosidl_generator_c/ros_gz_interfaces/msg/detail/contact__description.c.o[K
[5.527s] [5/276] Building C object CMakeFiles/ros_gz_interfaces__rosidl_generator_c.dir/rosidl_generator_c/ros_gz_interfaces/msg/detail/contact__functions.c.o[K
[5.527s] [5/276] Building C object CMakeFiles/ros_gz_interfaces__rosidl_generator_c.dir/rosidl_generator_c/ros_gz_interfaces/msg/detail/contact__type_support.c.o[K
[5.528s] [5/276] Building C object CMakeFiles/ros_gz_interfaces__rosidl_generator_c.dir/rosidl_generator_c/ros_gz_interfaces/msg/detail/contacts__description.c.o[K
[5.528s] [5/276] Building C object CMakeFiles/ros_gz_interfaces__rosidl_generator_c.dir/rosidl_generator_c/ros_gz_interfaces/msg/detail/contacts__functions.c.o[K
[5.528s] [5/276] Building C object CMakeFiles/ros_gz_interfaces__rosidl_generator_c.dir/rosidl_generator_c/ros_gz_interfaces/msg/detail/contacts__type_support.c.o[K
[5.528s] [5/276] Building C object CMakeFiles/ros_gz_interfaces__rosidl_generator_c.dir/rosidl_generator_c/ros_gz_interfaces/msg/detail/dataframe__description.c.o[K
[5.528s] [5/276] Building C object CMakeFiles/ros_gz_interfaces__rosidl_generator_c.dir/rosidl_generator_c/ros_gz_interfaces/msg/detail/dataframe__functions.c.o[K
[5.529s] [5/276] Building C object CMakeFiles/ros_gz_interfaces__rosidl_generator_c.dir/rosidl_generator_c/ros_gz_interfaces/msg/detail/dataframe__type_support.c.o[K
[5.529s] [5/276] Building C object CMakeFiles/ros_gz_interfaces__rosidl_generator_c.dir/rosidl_generator_c/ros_gz_interfaces/msg/detail/entity__description.c.o[K
[5.529s] [5/276] Building C object CMakeFiles/ros_gz_interfaces__rosidl_generator_c.dir/rosidl_generator_c/ros_gz_interfaces/msg/detail/entity__functions.c.o[K
[5.529s] [5/276] Building C object CMakeFiles/ros_gz_interfaces__rosidl_generator_c.dir/rosidl_generator_c/ros_gz_interfaces/msg/detail/entity__type_support.c.o[K
[5.529s] [5/276] Building C object CMakeFiles/ros_gz_interfaces__rosidl_generator_c.dir/rosidl_generator_c/ros_gz_interfaces/msg/detail/entity_factory__description.c.o[K
[5.529s] [5/276] Building C object CMakeFiles/ros_gz_interfaces__rosidl_generator_c.dir/rosidl_generator_c/ros_gz_interfaces/msg/detail/entity_factory__functions.c.o[K
[5.530s] [5/276] Building C object CMakeFiles/ros_gz_interfaces__rosidl_generator_c.dir/rosidl_generator_c/ros_gz_interfaces/msg/detail/entity_factory__type_support.c.o[K
[5.530s] [5/276] Building C object CMakeFiles/ros_gz_interfaces__rosidl_generator_c.dir/rosidl_generator_c/ros_gz_interfaces/msg/detail/entity_wrench__description.c.o[K
[5.530s] [5/276] Building C object CMakeFiles/ros_gz_interfaces__rosidl_generator_c.dir/rosidl_generator_c/ros_gz_interfaces/msg/detail/entity_wrench__functions.c.o[K
[5.530s] [5/276] Building C object CMakeFiles/ros_gz_interfaces__rosidl_generator_c.dir/rosidl_generator_c/ros_gz_interfaces/msg/detail/entity_wrench__type_support.c.o[K
[5.530s] [5/276] Building C object CMakeFiles/ros_gz_interfaces__rosidl_generator_c.dir/rosidl_generator_c/ros_gz_interfaces/msg/detail/float32_array__description.c.o[K
[5.530s] [5/276] Building C object CMakeFiles/ros_gz_interfaces__rosidl_generator_c.dir/rosidl_generator_c/ros_gz_interfaces/msg/detail/float32_array__functions.c.o[K
[5.531s] [5/276] Building C object CMakeFiles/ros_gz_interfaces__rosidl_generator_c.dir/rosidl_generator_c/ros_gz_interfaces/msg/detail/float32_array__type_support.c.o[K
[5.531s] [5/276] Building C object CMakeFiles/ros_gz_interfaces__rosidl_generator_c.dir/rosidl_generator_c/ros_gz_interfaces/msg/detail/gui_camera__description.c.o[K
[5.531s] [5/276] Building C object CMakeFiles/ros_gz_interfaces__rosidl_generator_c.dir/rosidl_generator_c/ros_gz_interfaces/msg/detail/gui_camera__functions.c.o[K
[5.532s] [5/276] Building C object CMakeFiles/ros_gz_interfaces__rosidl_generator_c.dir/rosidl_generator_c/ros_gz_interfaces/msg/detail/gui_camera__type_support.c.o[K
[5.532s] [5/276] Building C object CMakeFiles/ros_gz_interfaces__rosidl_generator_c.dir/rosidl_generator_c/ros_gz_interfaces/msg/detail/joint_wrench__description.c.o[K
[5.532s] [5/276] Building C object CMakeFiles/ros_gz_interfaces__rosidl_generator_c.dir/rosidl_generator_c/ros_gz_interfaces/msg/detail/joint_wrench__functions.c.o[K
[5.532s] [5/276] Building C object CMakeFiles/ros_gz_interfaces__rosidl_generator_c.dir/rosidl_generator_c/ros_gz_interfaces/msg/detail/joint_wrench__type_support.c.o[K
[5.534s] [5/276] Building C object CMakeFiles/ros_gz_interfaces__rosidl_generator_c.dir/rosidl_generator_c/ros_gz_interfaces/msg/detail/light__description.c.o[K
[5.552s] [5/276] Building C object CMakeFiles/ros_gz_interfaces__rosidl_generator_c.dir/rosidl_generator_c/ros_gz_interfaces/msg/detail/light__functions.c.o[K
[5.552s] [6/276] Building C object CMakeFiles/ros_gz_interfaces__rosidl_generator_c.dir/rosidl_generator_c/ros_gz_interfaces/msg/detail/dataframe__type_support.c.o[K
[5.552s] [6/276] Building C object CMakeFiles/ros_gz_interfaces__rosidl_generator_c.dir/rosidl_generator_c/ros_gz_interfaces/msg/detail/light__type_support.c.o[K
[5.555s] [7/276] Building C object CMakeFiles/ros_gz_interfaces__rosidl_generator_c.dir/rosidl_generator_c/ros_gz_interfaces/msg/detail/contact__type_support.c.o[K
[5.556s] [7/276] Building C object CMakeFiles/ros_gz_interfaces__rosidl_generator_c.dir/rosidl_generator_c/ros_gz_interfaces/msg/detail/logical_camera_image__description.c.o[K
[5.556s] [8/276] Building C object CMakeFiles/ros_gz_interfaces__rosidl_generator_c.dir/rosidl_generator_c/ros_gz_interfaces/msg/detail/contacts__type_support.c.o[K
[5.556s] [8/276] Building C object CMakeFiles/ros_gz_interfaces__rosidl_generator_c.dir/rosidl_generator_c/ros_gz_interfaces/msg/detail/logical_camera_image__functions.c.o[K
[5.556s] [9/276] Building C object CMakeFiles/ros_gz_interfaces__rosidl_generator_c.dir/rosidl_generator_c/ros_gz_interfaces/msg/detail/entity__type_support.c.o[K
[5.557s] [9/276] Building C object CMakeFiles/ros_gz_interfaces__rosidl_generator_c.dir/rosidl_generator_c/ros_gz_interfaces/msg/detail/logical_camera_image__type_support.c.o[K
[5.557s] [10/276] Building C object CMakeFiles/ros_gz_interfaces__rosidl_generator_c.dir/rosidl_generator_c/ros_gz_interfaces/msg/detail/entity_factory__type_support.c.o[K
[5.557s] [10/276] Building C object CMakeFiles/ros_gz_interfaces__rosidl_generator_c.dir/rosidl_generator_c/ros_gz_interfaces/msg/detail/logical_camera_image_model__description.c.o[K
[5.557s] [11/276] Building C object CMakeFiles/ros_gz_interfaces__rosidl_generator_c.dir/rosidl_generator_c/ros_gz_interfaces/msg/detail/altimeter__type_support.c.o[K
[5.557s] [11/276] Building C object CMakeFiles/ros_gz_interfaces__rosidl_generator_c.dir/rosidl_generator_c/ros_gz_interfaces/msg/detail/logical_camera_image_model__functions.c.o[K
[5.557s] [12/276] Building C object CMakeFiles/ros_gz_interfaces__rosidl_generator_c.dir/rosidl_generator_c/ros_gz_interfaces/msg/detail/entity_wrench__type_support.c.o[K
[5.561s] [12/276] Building C object CMakeFiles/ros_gz_interfaces__rosidl_generator_c.dir/rosidl_generator_c/ros_gz_interfaces/msg/detail/logical_camera_image_model__type_support.c.o[K
[5.561s] [13/276] Building C object CMakeFiles/ros_gz_interfaces__rosidl_generator_c.dir/rosidl_generator_c/ros_gz_interfaces/msg/detail/float32_array__type_support.c.o[K
[5.561s] [13/276] Building C object CMakeFiles/ros_gz_interfaces__rosidl_generator_c.dir/rosidl_generator_c/ros_gz_interfaces/msg/detail/material_color__description.c.o[K
[5.561s] [14/276] Building C object CMakeFiles/ros_gz_interfaces__rosidl_generator_c.dir/rosidl_generator_c/ros_gz_interfaces/msg/detail/dataframe__description.c.o[K
[5.562s] [14/276] Building C object CMakeFiles/ros_gz_interfaces__rosidl_generator_c.dir/rosidl_generator_c/ros_gz_interfaces/msg/detail/material_color__functions.c.o[K
[5.562s] [15/276] Building C object CMakeFiles/ros_gz_interfaces__rosidl_generator_c.dir/rosidl_generator_c/ros_gz_interfaces/msg/detail/float32_array__description.c.o[K
[5.562s] [15/276] Building C object CMakeFiles/ros_gz_interfaces__rosidl_generator_c.dir/rosidl_generator_c/ros_gz_interfaces/msg/detail/material_color__type_support.c.o[K
[5.562s] [16/276] Building C object CMakeFiles/ros_gz_interfaces__rosidl_generator_c.dir/rosidl_generator_c/ros_gz_interfaces/msg/detail/altimeter__description.c.o[K
[5.563s] [16/276] Building C object CMakeFiles/ros_gz_interfaces__rosidl_generator_c.dir/rosidl_generator_c/ros_gz_interfaces/msg/detail/param_vec__description.c.o[K
[5.563s] [17/276] Building C object CMakeFiles/ros_gz_interfaces__rosidl_generator_c.dir/rosidl_generator_c/ros_gz_interfaces/msg/detail/entity__description.c.o[K
[5.564s] [17/276] Building C object CMakeFiles/ros_gz_interfaces__rosidl_generator_c.dir/rosidl_generator_c/ros_gz_interfaces/msg/detail/param_vec__functions.c.o[K
[5.567s] [18/276] Building C object CMakeFiles/ros_gz_interfaces__rosidl_generator_c.dir/rosidl_generator_c/ros_gz_interfaces/msg/detail/entity_factory__description.c.o[K
[5.567s] [18/276] Building C object CMakeFiles/ros_gz_interfaces__rosidl_generator_c.dir/rosidl_generator_c/ros_gz_interfaces/msg/detail/param_vec__type_support.c.o[K
[5.567s] [19/276] Building C object CMakeFiles/ros_gz_interfaces__rosidl_generator_c.dir/rosidl_generator_c/ros_gz_interfaces/msg/detail/joint_wrench__type_support.c.o[K
[5.567s] [19/276] Building C object CMakeFiles/ros_gz_interfaces__rosidl_generator_c.dir/rosidl_generator_c/ros_gz_interfaces/msg/detail/sensor_noise__description.c.o[K
[5.568s] [20/276] Building C object CMakeFiles/ros_gz_interfaces__rosidl_generator_c.dir/rosidl_generator_c/ros_gz_interfaces/msg/detail/contact__description.c.o[K
[5.568s] [20/276] Building C object CMakeFiles/ros_gz_interfaces__rosidl_generator_c.dir/rosidl_generator_c/ros_gz_interfaces/msg/detail/sensor_noise__functions.c.o[K
[5.568s] [21/276] Building C object CMakeFiles/ros_gz_interfaces__rosidl_generator_c.dir/rosidl_generator_c/ros_gz_interfaces/msg/detail/gui_camera__type_support.c.o[K
[5.568s] [21/276] Building C object CMakeFiles/ros_gz_interfaces__rosidl_generator_c.dir/rosidl_generator_c/ros_gz_interfaces/msg/detail/sensor_noise__type_support.c.o[K
[5.568s] [22/276] Building C object CMakeFiles/ros_gz_interfaces__rosidl_generator_c.dir/rosidl_generator_c/ros_gz_interfaces/msg/detail/contacts__description.c.o[K
[5.569s] [22/276] Building C object CMakeFiles/ros_gz_interfaces__rosidl_generator_c.dir/rosidl_generator_c/ros_gz_interfaces/msg/detail/string_vec__description.c.o[K
[5.569s] [23/276] Building C object CMakeFiles/ros_gz_interfaces__rosidl_generator_c.dir/rosidl_generator_c/ros_gz_interfaces/msg/detail/entity_wrench__description.c.o[K
[5.570s] [23/276] Building C object CMakeFiles/ros_gz_interfaces__rosidl_generator_c.dir/rosidl_generator_c/ros_gz_interfaces/msg/detail/string_vec__functions.c.o[K
[5.570s] [24/276] Building C object CMakeFiles/ros_gz_interfaces__rosidl_generator_c.dir/rosidl_generator_c/ros_gz_interfaces/msg/detail/light__description.c.o[K
[5.571s] [24/276] Building C object CMakeFiles/ros_gz_interfaces__rosidl_generator_c.dir/rosidl_generator_c/ros_gz_interfaces/msg/detail/string_vec__type_support.c.o[K
[5.572s] [25/276] Building C object CMakeFiles/ros_gz_interfaces__rosidl_generator_c.dir/rosidl_generator_c/ros_gz_interfaces/msg/detail/gui_camera__description.c.o[K
[5.572s] [25/276] Building C object CMakeFiles/ros_gz_interfaces__rosidl_generator_c.dir/rosidl_generator_c/ros_gz_interfaces/msg/detail/track_visual__description.c.o[K
[5.572s] [26/276] Building C object CMakeFiles/ros_gz_interfaces__rosidl_generator_c.dir/rosidl_generator_c/ros_gz_interfaces/msg/detail/dataframe__functions.c.o[K
[5.574s] [26/276] Building C object CMakeFiles/ros_gz_interfaces__rosidl_generator_c.dir/rosidl_generator_c/ros_gz_interfaces/msg/detail/track_visual__functions.c.o[K
[5.574s] [27/276] Building C object CMakeFiles/ros_gz_interfaces__rosidl_generator_c.dir/rosidl_generator_c/ros_gz_interfaces/msg/detail/contact__functions.c.o[K
[5.576s] [27/276] Building C object CMakeFiles/ros_gz_interfaces__rosidl_generator_c.dir/rosidl_generator_c/ros_gz_interfaces/msg/detail/track_visual__type_support.c.o[K
[5.576s] [28/276] Building C object CMakeFiles/ros_gz_interfaces__rosidl_generator_c.dir/rosidl_generator_c/ros_gz_interfaces/msg/detail/altimeter__functions.c.o[K
[5.576s] [28/276] Building C object CMakeFiles/ros_gz_interfaces__rosidl_generator_c.dir/rosidl_generator_c/ros_gz_interfaces/msg/detail/video_record__description.c.o[K
[5.576s] [29/276] Building C object CMakeFiles/ros_gz_interfaces__rosidl_generator_c.dir/rosidl_generator_c/ros_gz_interfaces/msg/detail/entity_wrench__functions.c.o[K
[5.578s] [29/276] Building C object CMakeFiles/ros_gz_interfaces__rosidl_generator_c.dir/rosidl_generator_c/ros_gz_interfaces/msg/detail/video_record__functions.c.o[K
[5.578s] [30/276] Building C object CMakeFiles/ros_gz_interfaces__rosidl_generator_c.dir/rosidl_generator_c/ros_gz_interfaces/msg/detail/contacts__functions.c.o[K
[5.578s] [30/276] Building C object CMakeFiles/ros_gz_interfaces__rosidl_generator_c.dir/rosidl_generator_c/ros_gz_interfaces/msg/detail/video_record__type_support.c.o[K
[5.578s] [31/276] Building C object CMakeFiles/ros_gz_interfaces__rosidl_generator_c.dir/rosidl_generator_c/ros_gz_interfaces/msg/detail/light__type_support.c.o[K
[5.579s] [31/276] Building C object CMakeFiles/ros_gz_interfaces__rosidl_generator_c.dir/rosidl_generator_c/ros_gz_interfaces/msg/detail/world_control__description.c.o[K
[5.579s] [32/276] Building C object CMakeFiles/ros_gz_interfaces__rosidl_generator_c.dir/rosidl_generator_c/ros_gz_interfaces/msg/detail/logical_camera_image__type_support.c.o[K
[5.584s] [32/276] Building C object CMakeFiles/ros_gz_interfaces__rosidl_generator_c.dir/rosidl_generator_c/ros_gz_interfaces/msg/detail/world_control__functions.c.o[K
[5.584s] [33/276] Building C object CMakeFiles/ros_gz_interfaces__rosidl_generator_c.dir/rosidl_generator_c/ros_gz_interfaces/msg/detail/entity_factory__functions.c.o[K
[5.585s] [33/276] Building C object CMakeFiles/ros_gz_interfaces__rosidl_generator_c.dir/rosidl_generator_c/ros_gz_interfaces/msg/detail/world_control__type_support.c.o[K
[5.586s] [34/276] Building C object CMakeFiles/ros_gz_interfaces__rosidl_generator_c.dir/rosidl_generator_c/ros_gz_interfaces/msg/detail/float32_array__functions.c.o[K
[5.586s] [34/276] Building C object CMakeFiles/ros_gz_interfaces__rosidl_generator_c.dir/rosidl_generator_c/ros_gz_interfaces/msg/detail/world_reset__description.c.o[K
[5.586s] [35/276] Building C object CMakeFiles/ros_gz_interfaces__rosidl_generator_c.dir/rosidl_generator_c/ros_gz_interfaces/msg/detail/joint_wrench__functions.c.o[K
[5.586s] [35/276] Building C object CMakeFiles/ros_gz_interfaces__rosidl_generator_c.dir/rosidl_generator_c/ros_gz_interfaces/msg/detail/world_reset__functions.c.o[K
[5.586s] [36/276] Building C object CMakeFiles/ros_gz_interfaces__rosidl_generator_c.dir/rosidl_generator_c/ros_gz_interfaces/msg/detail/logical_camera_image_model__type_support.c.o[K
[5.586s] [36/276] Building C object CMakeFiles/ros_gz_interfaces__rosidl_generator_c.dir/rosidl_generator_c/ros_gz_interfaces/msg/detail/world_reset__type_support.c.o[K
[5.586s] [37/276] Building C object CMakeFiles/ros_gz_interfaces__rosidl_generator_c.dir/rosidl_generator_c/ros_gz_interfaces/msg/detail/entity__functions.c.o[K
[5.588s] [37/276] Building C object CMakeFiles/ros_gz_interfaces__rosidl_generator_c.dir/rosidl_generator_c/ros_gz_interfaces/srv/detail/control_world__description.c.o[K
[5.589s] [38/276] Building C object CMakeFiles/ros_gz_interfaces__rosidl_generator_c.dir/rosidl_generator_c/ros_gz_interfaces/msg/detail/gui_camera__functions.c.o[K
[5.589s] [38/276] Building C object CMakeFiles/ros_gz_interfaces__rosidl_generator_c.dir/rosidl_generator_c/ros_gz_interfaces/srv/detail/control_world__functions.c.o[K
[5.589s] [39/276] Building C object CMakeFiles/ros_gz_interfaces__rosidl_generator_c.dir/rosidl_generator_c/ros_gz_interfaces/msg/detail/material_color__type_support.c.o[K
[5.589s] [39/276] Building C object CMakeFiles/ros_gz_interfaces__rosidl_generator_c.dir/rosidl_generator_c/ros_gz_interfaces/srv/detail/control_world__type_support.c.o[K
[5.589s] [40/276] Building C object CMakeFiles/ros_gz_interfaces__rosidl_generator_c.dir/rosidl_generator_c/ros_gz_interfaces/msg/detail/joint_wrench__description.c.o[K
[5.589s] [40/276] Building C object CMakeFiles/ros_gz_interfaces__rosidl_generator_c.dir/rosidl_generator_c/ros_gz_interfaces/srv/detail/delete_entity__description.c.o[K
[5.589s] [41/276] Building C object CMakeFiles/ros_gz_interfaces__rosidl_generator_c.dir/rosidl_generator_c/ros_gz_interfaces/msg/detail/sensor_noise__type_support.c.o[K
[5.594s] [41/276] Building C object CMakeFiles/ros_gz_interfaces__rosidl_generator_c.dir/rosidl_generator_c/ros_gz_interfaces/srv/detail/delete_entity__functions.c.o[K
[5.594s] [42/276] Building C object CMakeFiles/ros_gz_interfaces__rosidl_generator_c.dir/rosidl_generator_c/ros_gz_interfaces/msg/detail/logical_camera_image__description.c.o[K
[5.594s] [42/276] Building C object CMakeFiles/ros_gz_interfaces__rosidl_generator_c.dir/rosidl_generator_c/ros_gz_interfaces/srv/detail/delete_entity__type_support.c.o[K
[5.594s] [43/276] Building C object CMakeFiles/ros_gz_interfaces__rosidl_generator_c.dir/rosidl_generator_c/ros_gz_interfaces/msg/detail/param_vec__type_support.c.o[K
[5.594s] [43/276] Building C object CMakeFiles/ros_gz_interfaces__rosidl_generator_c.dir/rosidl_generator_c/ros_gz_interfaces/srv/detail/set_entity_pose__description.c.o[K
[5.594s] [44/276] Building C object CMakeFiles/ros_gz_interfaces__rosidl_generator_c.dir/rosidl_generator_c/ros_gz_interfaces/msg/detail/logical_camera_image_model__description.c.o[K
[5.598s] [44/276] Building C object CMakeFiles/ros_gz_interfaces__rosidl_generator_c.dir/rosidl_generator_c/ros_gz_interfaces/srv/detail/set_entity_pose__functions.c.o[K
[5.598s] [45/276] Building C object CMakeFiles/ros_gz_interfaces__rosidl_generator_c.dir/rosidl_generator_c/ros_gz_interfaces/msg/detail/material_color__description.c.o[K
[5.599s] [45/276] Building C object CMakeFiles/ros_gz_interfaces__rosidl_generator_c.dir/rosidl_generator_c/ros_gz_interfaces/srv/detail/set_entity_pose__type_support.c.o[K
[5.599s] [46/276] Building C object CMakeFiles/ros_gz_interfaces__rosidl_generator_c.dir/rosidl_generator_c/ros_gz_interfaces/msg/detail/string_vec__type_support.c.o[K
[5.600s] [46/276] Building C object CMakeFiles/ros_gz_interfaces__rosidl_generator_c.dir/rosidl_generator_c/ros_gz_interfaces/srv/detail/spawn_entity__description.c.o[K
[5.601s] [47/276] Building C object CMakeFiles/ros_gz_interfaces__rosidl_generator_c.dir/rosidl_generator_c/ros_gz_interfaces/msg/detail/logical_camera_image__functions.c.o[K
[5.601s] [47/276] Building C object CMakeFiles/ros_gz_interfaces__rosidl_generator_c.dir/rosidl_generator_c/ros_gz_interfaces/srv/detail/spawn_entity__functions.c.o[K
[5.601s] [48/276] Building C object CMakeFiles/ros_gz_interfaces__rosidl_generator_c.dir/rosidl_generator_c/ros_gz_interfaces/msg/detail/param_vec__description.c.o[K
[5.602s] [48/276] Building C object CMakeFiles/ros_gz_interfaces__rosidl_generator_c.dir/rosidl_generator_c/ros_gz_interfaces/srv/detail/spawn_entity__type_support.c.o[K
[5.603s] [49/276] Building C object CMakeFiles/ros_gz_interfaces__rosidl_generator_c.dir/rosidl_generator_c/ros_gz_interfaces/msg/detail/light__functions.c.o[K
[5.603s] [50/276] Building C object CMakeFiles/ros_gz_interfaces__rosidl_generator_c.dir/rosidl_generator_c/ros_gz_interfaces/msg/detail/sensor_noise__description.c.o[K
[5.604s] [51/276] Building C object CMakeFiles/ros_gz_interfaces__rosidl_generator_c.dir/rosidl_generator_c/ros_gz_interfaces/msg/detail/video_record__type_support.c.o[K
[5.605s] [52/276] Building C object CMakeFiles/ros_gz_interfaces__rosidl_generator_c.dir/rosidl_generator_c/ros_gz_interfaces/msg/detail/string_vec__description.c.o[K
[5.606s] [53/276] Building C object CMakeFiles/ros_gz_interfaces__rosidl_generator_c.dir/rosidl_generator_c/ros_gz_interfaces/msg/detail/track_visual__type_support.c.o[K
[5.607s] [54/276] Building C object CMakeFiles/ros_gz_interfaces__rosidl_generator_c.dir/rosidl_generator_c/ros_gz_interfaces/msg/detail/material_color__functions.c.o[K
[5.607s] [55/276] Building C object CMakeFiles/ros_gz_interfaces__rosidl_generator_c.dir/rosidl_generator_c/ros_gz_interfaces/msg/detail/logical_camera_image_model__functions.c.o[K
[5.609s] [56/276] Building C object CMakeFiles/ros_gz_interfaces__rosidl_generator_c.dir/rosidl_generator_c/ros_gz_interfaces/msg/detail/track_visual__description.c.o[K
[5.609s] [57/276] Building C object CMakeFiles/ros_gz_interfaces__rosidl_generator_c.dir/rosidl_generator_c/ros_gz_interfaces/msg/detail/world_reset__type_support.c.o[K
[5.610s] [58/276] Building C object CMakeFiles/ros_gz_interfaces__rosidl_generator_c.dir/rosidl_generator_c/ros_gz_interfaces/msg/detail/world_control__type_support.c.o[K
[5.612s] [59/276] Building C object CMakeFiles/ros_gz_interfaces__rosidl_generator_c.dir/rosidl_generator_c/ros_gz_interfaces/msg/detail/param_vec__functions.c.o[K
[5.612s] [60/276] Building C object CMakeFiles/ros_gz_interfaces__rosidl_generator_c.dir/rosidl_generator_c/ros_gz_interfaces/msg/detail/video_record__description.c.o[K
[5.613s] [61/276] Building C object CMakeFiles/ros_gz_interfaces__rosidl_generator_c.dir/rosidl_generator_c/ros_gz_interfaces/msg/detail/sensor_noise__functions.c.o[K
[5.616s] [62/276] Building C object CMakeFiles/ros_gz_interfaces__rosidl_generator_c.dir/rosidl_generator_c/ros_gz_interfaces/msg/detail/string_vec__functions.c.o[K
[5.617s] [63/276] Building C object CMakeFiles/ros_gz_interfaces__rosidl_generator_c.dir/rosidl_generator_c/ros_gz_interfaces/msg/detail/world_control__description.c.o[K
[5.618s] [64/276] Building C object CMakeFiles/ros_gz_interfaces__rosidl_generator_c.dir/rosidl_generator_c/ros_gz_interfaces/msg/detail/track_visual__functions.c.o[K
[5.618s] [65/276] Building C object CMakeFiles/ros_gz_interfaces__rosidl_generator_c.dir/rosidl_generator_c/ros_gz_interfaces/msg/detail/world_reset__description.c.o[K
[5.619s] [66/276] Building C object CMakeFiles/ros_gz_interfaces__rosidl_generator_c.dir/rosidl_generator_c/ros_gz_interfaces/srv/detail/delete_entity__type_support.c.o[K
[5.619s] [67/276] Building C object CMakeFiles/ros_gz_interfaces__rosidl_generator_c.dir/rosidl_generator_c/ros_gz_interfaces/msg/detail/world_reset__functions.c.o[K
[5.622s] [68/276] Building C object CMakeFiles/ros_gz_interfaces__rosidl_generator_c.dir/rosidl_generator_c/ros_gz_interfaces/srv/detail/control_world__type_support.c.o[K
[5.624s] [69/276] Building C object CMakeFiles/ros_gz_interfaces__rosidl_generator_c.dir/rosidl_generator_c/ros_gz_interfaces/msg/detail/video_record__functions.c.o[K
[5.625s] [70/276] Building C object CMakeFiles/ros_gz_interfaces__rosidl_generator_c.dir/rosidl_generator_c/ros_gz_interfaces/srv/detail/spawn_entity__type_support.c.o[K
[5.625s] [71/276] Building C object CMakeFiles/ros_gz_interfaces__rosidl_generator_c.dir/rosidl_generator_c/ros_gz_interfaces/msg/detail/world_control__functions.c.o[K
[5.626s] [72/276] Building C object CMakeFiles/ros_gz_interfaces__rosidl_generator_c.dir/rosidl_generator_c/ros_gz_interfaces/srv/detail/set_entity_pose__type_support.c.o[K
[5.633s] [73/276] Building C object CMakeFiles/ros_gz_interfaces__rosidl_generator_c.dir/rosidl_generator_c/ros_gz_interfaces/srv/detail/delete_entity__description.c.o[K
[5.633s] [74/276] Building C object CMakeFiles/ros_gz_interfaces__rosidl_generator_c.dir/rosidl_generator_c/ros_gz_interfaces/srv/detail/set_entity_pose__description.c.o[K
[5.644s] [75/276] Building C object CMakeFiles/ros_gz_interfaces__rosidl_generator_c.dir/rosidl_generator_c/ros_gz_interfaces/srv/detail/control_world__description.c.o[K
[5.648s] [76/276] Building C object CMakeFiles/ros_gz_interfaces__rosidl_generator_c.dir/rosidl_generator_c/ros_gz_interfaces/srv/detail/spawn_entity__description.c.o[K
[5.659s] [77/276] Building C object CMakeFiles/ros_gz_interfaces__rosidl_generator_c.dir/rosidl_generator_c/ros_gz_interfaces/srv/detail/control_world__functions.c.o[K
[5.661s] [78/276] Building C object CMakeFiles/ros_gz_interfaces__rosidl_generator_c.dir/rosidl_generator_c/ros_gz_interfaces/srv/detail/delete_entity__functions.c.o[K
[5.663s] [79/276] Building C object CMakeFiles/ros_gz_interfaces__rosidl_generator_c.dir/rosidl_generator_c/ros_gz_interfaces/srv/detail/spawn_entity__functions.c.o[K
[5.663s] [80/276] Building C object CMakeFiles/ros_gz_interfaces__rosidl_generator_c.dir/rosidl_generator_c/ros_gz_interfaces/srv/detail/set_entity_pose__functions.c.o[K
[5.695s] [80/276] Linking C shared library libros_gz_interfaces__rosidl_generator_c.so[K
[5.695s] [81/276] Linking C shared library libros_gz_interfaces__rosidl_generator_c.so[K
[5.696s] [81/276] Generating C type support for eProsima Fast-RTPS[K
[5.696s] [81/276] Generating C++ type support for eProsima Fast-RTPS[K
[5.697s] [81/276] Generating C introspection for ROS interfaces[K
[5.697s] [81/276] Generating C type support dispatch for ROS interfaces[K
[5.698s] [81/276] Generating C++ introspection for ROS interfaces[K
[6.746s] [81/276] Generating C++ type support dispatch for ROS interfaces[K
[6.746s] [82/276] Generating C++ type support dispatch for ROS interfaces[K
[6.747s] [82/276] Building CXX object CMakeFiles/ros_gz_interfaces__rosidl_typesupport_cpp.dir/rosidl_typesupport_cpp/ros_gz_interfaces/msg/altimeter__type_support.cpp.o[K
[6.747s] [82/276] Building CXX object CMakeFiles/ros_gz_interfaces__rosidl_typesupport_cpp.dir/rosidl_typesupport_cpp/ros_gz_interfaces/msg/contact__type_support.cpp.o[K
[6.747s] [82/276] Building CXX object CMakeFiles/ros_gz_interfaces__rosidl_typesupport_cpp.dir/rosidl_typesupport_cpp/ros_gz_interfaces/msg/contacts__type_support.cpp.o[K
[6.748s] [82/276] Building CXX object CMakeFiles/ros_gz_interfaces__rosidl_typesupport_cpp.dir/rosidl_typesupport_cpp/ros_gz_interfaces/msg/dataframe__type_support.cpp.o[K
[6.748s] [82/276] Building CXX object CMakeFiles/ros_gz_interfaces__rosidl_typesupport_cpp.dir/rosidl_typesupport_cpp/ros_gz_interfaces/msg/entity__type_support.cpp.o[K
[6.748s] [82/276] Building CXX object CMakeFiles/ros_gz_interfaces__rosidl_typesupport_cpp.dir/rosidl_typesupport_cpp/ros_gz_interfaces/msg/entity_factory__type_support.cpp.o[K
[6.748s] [82/276] Building CXX object CMakeFiles/ros_gz_interfaces__rosidl_typesupport_cpp.dir/rosidl_typesupport_cpp/ros_gz_interfaces/msg/entity_wrench__type_support.cpp.o[K
[6.749s] [82/276] Building CXX object CMakeFiles/ros_gz_interfaces__rosidl_typesupport_cpp.dir/rosidl_typesupport_cpp/ros_gz_interfaces/msg/float32_array__type_support.cpp.o[K
[6.749s] [82/276] Building CXX object CMakeFiles/ros_gz_interfaces__rosidl_typesupport_cpp.dir/rosidl_typesupport_cpp/ros_gz_interfaces/msg/gui_camera__type_support.cpp.o[K
[6.749s] [82/276] Building CXX object CMakeFiles/ros_gz_interfaces__rosidl_typesupport_cpp.dir/rosidl_typesupport_cpp/ros_gz_interfaces/msg/joint_wrench__type_support.cpp.o[K
[6.749s] [82/276] Building CXX object CMakeFiles/ros_gz_interfaces__rosidl_typesupport_cpp.dir/rosidl_typesupport_cpp/ros_gz_interfaces/msg/light__type_support.cpp.o[K
[6.749s] [82/276] Building CXX object CMakeFiles/ros_gz_interfaces__rosidl_typesupport_cpp.dir/rosidl_typesupport_cpp/ros_gz_interfaces/msg/logical_camera_image__type_support.cpp.o[K
[6.749s] [82/276] Building CXX object CMakeFiles/ros_gz_interfaces__rosidl_typesupport_cpp.dir/rosidl_typesupport_cpp/ros_gz_interfaces/msg/logical_camera_image_model__type_support.cpp.o[K
[6.750s] [82/276] Building CXX object CMakeFiles/ros_gz_interfaces__rosidl_typesupport_cpp.dir/rosidl_typesupport_cpp/ros_gz_interfaces/msg/material_color__type_support.cpp.o[K
[6.750s] [82/276] Building CXX object CMakeFiles/ros_gz_interfaces__rosidl_typesupport_cpp.dir/rosidl_typesupport_cpp/ros_gz_interfaces/msg/param_vec__type_support.cpp.o[K
[6.750s] [82/276] Building CXX object CMakeFiles/ros_gz_interfaces__rosidl_typesupport_cpp.dir/rosidl_typesupport_cpp/ros_gz_interfaces/msg/sensor_noise__type_support.cpp.o[K
[6.750s] [82/276] Building CXX object CMakeFiles/ros_gz_interfaces__rosidl_typesupport_cpp.dir/rosidl_typesupport_cpp/ros_gz_interfaces/msg/string_vec__type_support.cpp.o[K
[6.751s] [82/276] Building CXX object CMakeFiles/ros_gz_interfaces__rosidl_typesupport_cpp.dir/rosidl_typesupport_cpp/ros_gz_interfaces/msg/track_visual__type_support.cpp.o[K
[6.751s] [82/276] Building CXX object CMakeFiles/ros_gz_interfaces__rosidl_typesupport_cpp.dir/rosidl_typesupport_cpp/ros_gz_interfaces/msg/video_record__type_support.cpp.o[K
[6.751s] [82/276] Building CXX object CMakeFiles/ros_gz_interfaces__rosidl_typesupport_cpp.dir/rosidl_typesupport_cpp/ros_gz_interfaces/msg/world_control__type_support.cpp.o[K
[6.751s] [82/276] Building CXX object CMakeFiles/ros_gz_interfaces__rosidl_typesupport_cpp.dir/rosidl_typesupport_cpp/ros_gz_interfaces/msg/world_reset__type_support.cpp.o[K
[6.751s] [82/276] Building CXX object CMakeFiles/ros_gz_interfaces__rosidl_typesupport_cpp.dir/rosidl_typesupport_cpp/ros_gz_interfaces/srv/control_world__type_support.cpp.o[K
[6.751s] [82/276] Building CXX object CMakeFiles/ros_gz_interfaces__rosidl_typesupport_cpp.dir/rosidl_typesupport_cpp/ros_gz_interfaces/srv/delete_entity__type_support.cpp.o[K
[6.752s] [82/276] Building CXX object CMakeFiles/ros_gz_interfaces__rosidl_typesupport_cpp.dir/rosidl_typesupport_cpp/ros_gz_interfaces/srv/set_entity_pose__type_support.cpp.o[K
[6.771s] [82/276] Building CXX object CMakeFiles/ros_gz_interfaces__rosidl_typesupport_cpp.dir/rosidl_typesupport_cpp/ros_gz_interfaces/srv/spawn_entity__type_support.cpp.o[K
[6.771s] [83/276] Generating C type support dispatch for ROS interfaces[K
[6.774s] [83/276] Building CXX object CMakeFiles/ros_gz_interfaces__rosidl_typesupport_c.dir/rosidl_typesupport_c/ros_gz_interfaces/msg/altimeter__type_support.cpp.o[K
[6.774s] [83/276] Building CXX object CMakeFiles/ros_gz_interfaces__rosidl_typesupport_c.dir/rosidl_typesupport_c/ros_gz_interfaces/msg/contact__type_support.cpp.o[K
[6.874s] [83/276] Building CXX object CMakeFiles/ros_gz_interfaces__rosidl_typesupport_c.dir/rosidl_typesupport_c/ros_gz_interfaces/msg/contacts__type_support.cpp.o[K
[6.874s] [84/276] Building CXX object CMakeFiles/ros_gz_interfaces__rosidl_typesupport_c.dir/rosidl_typesupport_c/ros_gz_interfaces/msg/altimeter__type_support.cpp.o[K
[6.874s] [84/276] Building CXX object CMakeFiles/ros_gz_interfaces__rosidl_typesupport_c.dir/rosidl_typesupport_c/ros_gz_interfaces/msg/dataframe__type_support.cpp.o[K
[6.875s] [85/276] Building CXX object CMakeFiles/ros_gz_interfaces__rosidl_typesupport_c.dir/rosidl_typesupport_c/ros_gz_interfaces/msg/contact__type_support.cpp.o[K
[6.885s] [85/276] Building CXX object CMakeFiles/ros_gz_interfaces__rosidl_typesupport_c.dir/rosidl_typesupport_c/ros_gz_interfaces/msg/entity__type_support.cpp.o[K
[6.887s] [86/276] Building CXX object CMakeFiles/ros_gz_interfaces__rosidl_typesupport_c.dir/rosidl_typesupport_c/ros_gz_interfaces/msg/contacts__type_support.cpp.o[K
[6.950s] [86/276] Building CXX object CMakeFiles/ros_gz_interfaces__rosidl_typesupport_c.dir/rosidl_typesupport_c/ros_gz_interfaces/msg/entity_factory__type_support.cpp.o[K
[6.950s] [87/276] Building CXX object CMakeFiles/ros_gz_interfaces__rosidl_typesupport_c.dir/rosidl_typesupport_c/ros_gz_interfaces/msg/entity__type_support.cpp.o[K
[6.951s] [87/276] Building CXX object CMakeFiles/ros_gz_interfaces__rosidl_typesupport_c.dir/rosidl_typesupport_c/ros_gz_interfaces/msg/entity_wrench__type_support.cpp.o[K
[6.951s] [88/276] Building CXX object CMakeFiles/ros_gz_interfaces__rosidl_typesupport_c.dir/rosidl_typesupport_c/ros_gz_interfaces/msg/dataframe__type_support.cpp.o[K
[6.957s] [88/276] Building CXX object CMakeFiles/ros_gz_interfaces__rosidl_typesupport_c.dir/rosidl_typesupport_c/ros_gz_interfaces/msg/float32_array__type_support.cpp.o[K
[6.957s] [89/276] Building CXX object CMakeFiles/ros_gz_interfaces__rosidl_typesupport_c.dir/rosidl_typesupport_c/ros_gz_interfaces/msg/entity_factory__type_support.cpp.o[K
[6.997s] [89/276] Building CXX object CMakeFiles/ros_gz_interfaces__rosidl_typesupport_c.dir/rosidl_typesupport_c/ros_gz_interfaces/msg/gui_camera__type_support.cpp.o[K
[6.998s] [90/276] Generating C++ introspection for ROS interfaces[K
[7.020s] [90/276] Building CXX object CMakeFiles/ros_gz_interfaces__rosidl_typesupport_c.dir/rosidl_typesupport_c/ros_gz_interfaces/msg/joint_wrench__type_support.cpp.o[K
[7.020s] [91/276] Building CXX object CMakeFiles/ros_gz_interfaces__rosidl_typesupport_c.dir/rosidl_typesupport_c/ros_gz_interfaces/msg/gui_camera__type_support.cpp.o[K
[7.023s] [91/276] Building CXX object CMakeFiles/ros_gz_interfaces__rosidl_typesupport_c.dir/rosidl_typesupport_c/ros_gz_interfaces/msg/light__type_support.cpp.o[K
[7.023s] [92/276] Building CXX object CMakeFiles/ros_gz_interfaces__rosidl_typesupport_c.dir/rosidl_typesupport_c/ros_gz_interfaces/msg/entity_wrench__type_support.cpp.o[K
[7.028s] [92/276] Building CXX object CMakeFiles/ros_gz_interfaces__rosidl_typesupport_c.dir/rosidl_typesupport_c/ros_gz_interfaces/msg/logical_camera_image__type_support.cpp.o[K
[7.028s] [93/276] Building CXX object CMakeFiles/ros_gz_interfaces__rosidl_typesupport_c.dir/rosidl_typesupport_c/ros_gz_interfaces/msg/float32_array__type_support.cpp.o[K
[7.043s] [93/276] Building CXX object CMakeFiles/ros_gz_interfaces__rosidl_typesupport_c.dir/rosidl_typesupport_c/ros_gz_interfaces/msg/logical_camera_image_model__type_support.cpp.o[K
[7.044s] [94/276] Building CXX object CMakeFiles/ros_gz_interfaces__rosidl_typesupport_cpp.dir/rosidl_typesupport_cpp/ros_gz_interfaces/msg/string_vec__type_support.cpp.o[K
[7.044s] [94/276] Building CXX object CMakeFiles/ros_gz_interfaces__rosidl_typesupport_c.dir/rosidl_typesupport_c/ros_gz_interfaces/msg/material_color__type_support.cpp.o[K
[7.046s] [95/276] Building CXX object CMakeFiles/ros_gz_interfaces__rosidl_typesupport_cpp.dir/rosidl_typesupport_cpp/ros_gz_interfaces/msg/track_visual__type_support.cpp.o[K
[7.046s] [95/276] Building CXX object CMakeFiles/ros_gz_interfaces__rosidl_typesupport_c.dir/rosidl_typesupport_c/ros_gz_interfaces/msg/param_vec__type_support.cpp.o[K
[7.047s] [96/276] Building CXX object CMakeFiles/ros_gz_interfaces__rosidl_typesupport_cpp.dir/rosidl_typesupport_cpp/ros_gz_interfaces/msg/joint_wrench__type_support.cpp.o[K
[7.047s] [96/276] Building CXX object CMakeFiles/ros_gz_interfaces__rosidl_typesupport_c.dir/rosidl_typesupport_c/ros_gz_interfaces/msg/sensor_noise__type_support.cpp.o[K
[7.047s] [97/276] Building CXX object CMakeFiles/ros_gz_interfaces__rosidl_typesupport_cpp.dir/rosidl_typesupport_cpp/ros_gz_interfaces/msg/logical_camera_image_model__type_support.cpp.o[K
[7.049s] [97/276] Building CXX object CMakeFiles/ros_gz_interfaces__rosidl_typesupport_c.dir/rosidl_typesupport_c/ros_gz_interfaces/msg/string_vec__type_support.cpp.o[K
[7.049s] [98/276] Building CXX object CMakeFiles/ros_gz_interfaces__rosidl_typesupport_cpp.dir/rosidl_typesupport_cpp/ros_gz_interfaces/msg/world_reset__type_support.cpp.o[K
[7.050s] [98/276] Building CXX object CMakeFiles/ros_gz_interfaces__rosidl_typesupport_c.dir/rosidl_typesupport_c/ros_gz_interfaces/msg/track_visual__type_support.cpp.o[K
[7.050s] [99/276] Building CXX object CMakeFiles/ros_gz_interfaces__rosidl_typesupport_c.dir/rosidl_typesupport_c/ros_gz_interfaces/msg/joint_wrench__type_support.cpp.o[K
[7.051s] [99/276] Building CXX object CMakeFiles/ros_gz_interfaces__rosidl_typesupport_c.dir/rosidl_typesupport_c/ros_gz_interfaces/msg/video_record__type_support.cpp.o[K
[7.051s] [100/276] Building CXX object CMakeFiles/ros_gz_interfaces__rosidl_typesupport_cpp.dir/rosidl_typesupport_cpp/ros_gz_interfaces/msg/contacts__type_support.cpp.o[K
[7.063s] [100/276] Building CXX object CMakeFiles/ros_gz_interfaces__rosidl_typesupport_c.dir/rosidl_typesupport_c/ros_gz_interfaces/msg/world_control__type_support.cpp.o[K
[7.063s] [101/276] Building CXX object CMakeFiles/ros_gz_interfaces__rosidl_typesupport_cpp.dir/rosidl_typesupport_cpp/ros_gz_interfaces/msg/float32_array__type_support.cpp.o[K
[7.063s] [101/276] Building CXX object CMakeFiles/ros_gz_interfaces__rosidl_typesupport_c.dir/rosidl_typesupport_c/ros_gz_interfaces/msg/world_reset__type_support.cpp.o[K
[7.063s] [102/276] Building CXX object CMakeFiles/ros_gz_interfaces__rosidl_typesupport_c.dir/rosidl_typesupport_c/ros_gz_interfaces/msg/logical_camera_image__type_support.cpp.o[K
[7.066s] [102/276] Building CXX object CMakeFiles/ros_gz_interfaces__rosidl_typesupport_c.dir/rosidl_typesupport_c/ros_gz_interfaces/srv/control_world__type_support.cpp.o[K
[7.066s] [103/276] Building CXX object CMakeFiles/ros_gz_interfaces__rosidl_typesupport_c.dir/rosidl_typesupport_c/ros_gz_interfaces/msg/light__type_support.cpp.o[K
[7.073s] [103/276] Building CXX object CMakeFiles/ros_gz_interfaces__rosidl_typesupport_c.dir/rosidl_typesupport_c/ros_gz_interfaces/srv/delete_entity__type_support.cpp.o[K
[7.073s] [104/276] Building CXX object CMakeFiles/ros_gz_interfaces__rosidl_typesupport_cpp.dir/rosidl_typesupport_cpp/ros_gz_interfaces/msg/dataframe__type_support.cpp.o[K
[7.075s] [104/276] Building CXX object CMakeFiles/ros_gz_interfaces__rosidl_typesupport_c.dir/rosidl_typesupport_c/ros_gz_interfaces/srv/set_entity_pose__type_support.cpp.o[K
[7.075s] [105/276] Building CXX object CMakeFiles/ros_gz_interfaces__rosidl_typesupport_cpp.dir/rosidl_typesupport_cpp/ros_gz_interfaces/msg/altimeter__type_support.cpp.o[K
[7.076s] [105/276] Building CXX object CMakeFiles/ros_gz_interfaces__rosidl_typesupport_c.dir/rosidl_typesupport_c/ros_gz_interfaces/srv/spawn_entity__type_support.cpp.o[K
[7.076s] [106/276] Building CXX object CMakeFiles/ros_gz_interfaces__rosidl_typesupport_cpp.dir/rosidl_typesupport_cpp/ros_gz_interfaces/msg/entity__type_support.cpp.o[K
[7.076s] [106/276] Building CXX object CMakeFiles/ros_gz_interfaces__rosidl_typesupport_introspection_cpp.dir/rosidl_typesupport_introspection_cpp/ros_gz_interfaces/msg/detail/altimeter__type_support.cpp.o[K
[7.076s] [107/276] Building CXX object CMakeFiles/ros_gz_interfaces__rosidl_typesupport_cpp.dir/rosidl_typesupport_cpp/ros_gz_interfaces/msg/video_record__type_support.cpp.o[K
[7.077s] [107/276] Building CXX object CMakeFiles/ros_gz_interfaces__rosidl_typesupport_introspection_cpp.dir/rosidl_typesupport_introspection_cpp/ros_gz_interfaces/msg/detail/contact__type_support.cpp.o[K
[7.078s] [108/276] Building CXX object CMakeFiles/ros_gz_interfaces__rosidl_typesupport_cpp.dir/rosidl_typesupport_cpp/ros_gz_interfaces/msg/world_control__type_support.cpp.o[K
[7.078s] [108/276] Building CXX object CMakeFiles/ros_gz_interfaces__rosidl_typesupport_introspection_cpp.dir/rosidl_typesupport_introspection_cpp/ros_gz_interfaces/msg/detail/contacts__type_support.cpp.o[K
[7.078s] [109/276] Building CXX object CMakeFiles/ros_gz_interfaces__rosidl_typesupport_cpp.dir/rosidl_typesupport_cpp/ros_gz_interfaces/msg/contact__type_support.cpp.o[K
[7.079s] [109/276] Building CXX object CMakeFiles/ros_gz_interfaces__rosidl_typesupport_introspection_cpp.dir/rosidl_typesupport_introspection_cpp/ros_gz_interfaces/msg/detail/dataframe__type_support.cpp.o[K
[7.079s] [110/276] Building CXX object CMakeFiles/ros_gz_interfaces__rosidl_typesupport_cpp.dir/rosidl_typesupport_cpp/ros_gz_interfaces/msg/entity_factory__type_support.cpp.o[K
[7.079s] [110/276] Building CXX object CMakeFiles/ros_gz_interfaces__rosidl_typesupport_introspection_cpp.dir/rosidl_typesupport_introspection_cpp/ros_gz_interfaces/msg/detail/entity__type_support.cpp.o[K
[7.079s] [111/276] Building CXX object CMakeFiles/ros_gz_interfaces__rosidl_typesupport_cpp.dir/rosidl_typesupport_cpp/ros_gz_interfaces/msg/entity_wrench__type_support.cpp.o[K
[7.079s] [111/276] Building CXX object CMakeFiles/ros_gz_interfaces__rosidl_typesupport_introspection_cpp.dir/rosidl_typesupport_introspection_cpp/ros_gz_interfaces/msg/detail/entity_factory__type_support.cpp.o[K
[7.081s] [112/276] Building CXX object CMakeFiles/ros_gz_interfaces__rosidl_typesupport_cpp.dir/rosidl_typesupport_cpp/ros_gz_interfaces/msg/material_color__type_support.cpp.o[K
[7.081s] [112/276] Building CXX object CMakeFiles/ros_gz_interfaces__rosidl_typesupport_introspection_cpp.dir/rosidl_typesupport_introspection_cpp/ros_gz_interfaces/msg/detail/entity_wrench__type_support.cpp.o[K
[7.081s] [113/276] Building CXX object CMakeFiles/ros_gz_interfaces__rosidl_typesupport_cpp.dir/rosidl_typesupport_cpp/ros_gz_interfaces/msg/param_vec__type_support.cpp.o[K
[7.082s] [113/276] Building CXX object CMakeFiles/ros_gz_interfaces__rosidl_typesupport_introspection_cpp.dir/rosidl_typesupport_introspection_cpp/ros_gz_interfaces/msg/detail/float32_array__type_support.cpp.o[K
[7.082s] [114/276] Building CXX object CMakeFiles/ros_gz_interfaces__rosidl_typesupport_c.dir/rosidl_typesupport_c/ros_gz_interfaces/msg/logical_camera_image_model__type_support.cpp.o[K
[7.082s] [114/276] Building CXX object CMakeFiles/ros_gz_interfaces__rosidl_typesupport_introspection_cpp.dir/rosidl_typesupport_introspection_cpp/ros_gz_interfaces/msg/detail/gui_camera__type_support.cpp.o[K
[7.082s] [115/276] Building CXX object CMakeFiles/ros_gz_interfaces__rosidl_typesupport_c.dir/rosidl_typesupport_c/ros_gz_interfaces/msg/param_vec__type_support.cpp.o[K
[7.084s] [115/276] Building CXX object CMakeFiles/ros_gz_interfaces__rosidl_typesupport_introspection_cpp.dir/rosidl_typesupport_introspection_cpp/ros_gz_interfaces/msg/detail/joint_wrench__type_support.cpp.o[K
[7.084s] [116/276] Building CXX object CMakeFiles/ros_gz_interfaces__rosidl_typesupport_c.dir/rosidl_typesupport_c/ros_gz_interfaces/msg/string_vec__type_support.cpp.o[K
[7.084s] [116/276] Building CXX object CMakeFiles/ros_gz_interfaces__rosidl_typesupport_introspection_cpp.dir/rosidl_typesupport_introspection_cpp/ros_gz_interfaces/msg/detail/light__type_support.cpp.o[K
[7.084s] [117/276] Building CXX object CMakeFiles/ros_gz_interfaces__rosidl_typesupport_cpp.dir/rosidl_typesupport_cpp/ros_gz_interfaces/msg/sensor_noise__type_support.cpp.o[K
[7.085s] [117/276] Building CXX object CMakeFiles/ros_gz_interfaces__rosidl_typesupport_introspection_cpp.dir/rosidl_typesupport_introspection_cpp/ros_gz_interfaces/msg/detail/logical_camera_image__type_support.cpp.o[K
[7.085s] [118/276] Building CXX object CMakeFiles/ros_gz_interfaces__rosidl_typesupport_c.dir/rosidl_typesupport_c/ros_gz_interfaces/msg/video_record__type_support.cpp.o[K
[7.085s] [118/276] Building CXX object CMakeFiles/ros_gz_interfaces__rosidl_typesupport_introspection_cpp.dir/rosidl_typesupport_introspection_cpp/ros_gz_interfaces/msg/detail/logical_camera_image_model__type_support.cpp.o[K
[7.085s] [119/276] Building CXX object CMakeFiles/ros_gz_interfaces__rosidl_typesupport_c.dir/rosidl_typesupport_c/ros_gz_interfaces/msg/sensor_noise__type_support.cpp.o[K
[7.091s] [119/276] Building CXX object CMakeFiles/ros_gz_interfaces__rosidl_typesupport_introspection_cpp.dir/rosidl_typesupport_introspection_cpp/ros_gz_interfaces/msg/detail/material_color__type_support.cpp.o[K
[7.091s] [120/276] Building CXX object CMakeFiles/ros_gz_interfaces__rosidl_typesupport_cpp.dir/rosidl_typesupport_cpp/ros_gz_interfaces/msg/light__type_support.cpp.o[K
[7.092s] [120/276] Building CXX object CMakeFiles/ros_gz_interfaces__rosidl_typesupport_introspection_cpp.dir/rosidl_typesupport_introspection_cpp/ros_gz_interfaces/msg/detail/param_vec__type_support.cpp.o[K
[7.092s] [121/276] Building CXX object CMakeFiles/ros_gz_interfaces__rosidl_typesupport_c.dir/rosidl_typesupport_c/ros_gz_interfaces/msg/material_color__type_support.cpp.o[K
[7.096s] [121/276] Building CXX object CMakeFiles/ros_gz_interfaces__rosidl_typesupport_introspection_cpp.dir/rosidl_typesupport_introspection_cpp/ros_gz_interfaces/msg/detail/sensor_noise__type_support.cpp.o[K
[7.097s] [122/276] Building CXX object CMakeFiles/ros_gz_interfaces__rosidl_typesupport_cpp.dir/rosidl_typesupport_cpp/ros_gz_interfaces/msg/logical_camera_image__type_support.cpp.o[K
[7.097s] [122/276] Building CXX object CMakeFiles/ros_gz_interfaces__rosidl_typesupport_introspection_cpp.dir/rosidl_typesupport_introspection_cpp/ros_gz_interfaces/msg/detail/string_vec__type_support.cpp.o[K
[7.097s] [123/276] Building CXX object CMakeFiles/ros_gz_interfaces__rosidl_typesupport_c.dir/rosidl_typesupport_c/ros_gz_interfaces/msg/world_control__type_support.cpp.o[K
[7.098s] [123/276] Building CXX object CMakeFiles/ros_gz_interfaces__rosidl_typesupport_introspection_cpp.dir/rosidl_typesupport_introspection_cpp/ros_gz_interfaces/msg/detail/track_visual__type_support.cpp.o[K
[7.098s] [124/276] Building CXX object CMakeFiles/ros_gz_interfaces__rosidl_typesupport_c.dir/rosidl_typesupport_c/ros_gz_interfaces/msg/world_reset__type_support.cpp.o[K
[7.102s] [124/276] Building CXX object CMakeFiles/ros_gz_interfaces__rosidl_typesupport_introspection_cpp.dir/rosidl_typesupport_introspection_cpp/ros_gz_interfaces/msg/detail/video_record__type_support.cpp.o[K
[7.102s] [125/276] Building CXX object CMakeFiles/ros_gz_interfaces__rosidl_typesupport_c.dir/rosidl_typesupport_c/ros_gz_interfaces/msg/track_visual__type_support.cpp.o[K
[7.108s] [125/276] Building CXX object CMakeFiles/ros_gz_interfaces__rosidl_typesupport_introspection_cpp.dir/rosidl_typesupport_introspection_cpp/ros_gz_interfaces/msg/detail/world_control__type_support.cpp.o[K
[7.113s] [126/276] Building CXX object CMakeFiles/ros_gz_interfaces__rosidl_typesupport_c.dir/rosidl_typesupport_c/ros_gz_interfaces/srv/control_world__type_support.cpp.o[K
[7.115s] [126/276] Building CXX object CMakeFiles/ros_gz_interfaces__rosidl_typesupport_introspection_cpp.dir/rosidl_typesupport_introspection_cpp/ros_gz_interfaces/msg/detail/world_reset__type_support.cpp.o[K
[7.115s] [127/276] Building CXX object CMakeFiles/ros_gz_interfaces__rosidl_typesupport_c.dir/rosidl_typesupport_c/ros_gz_interfaces/srv/set_entity_pose__type_support.cpp.o[K
[7.116s] [127/276] Building CXX object CMakeFiles/ros_gz_interfaces__rosidl_typesupport_introspection_cpp.dir/rosidl_typesupport_introspection_cpp/ros_gz_interfaces/srv/detail/control_world__type_support.cpp.o[K
[7.116s] [128/276] Building CXX object CMakeFiles/ros_gz_interfaces__rosidl_typesupport_cpp.dir/rosidl_typesupport_cpp/ros_gz_interfaces/msg/gui_camera__type_support.cpp.o[K
[7.118s] [128/276] Building CXX object CMakeFiles/ros_gz_interfaces__rosidl_typesupport_introspection_cpp.dir/rosidl_typesupport_introspection_cpp/ros_gz_interfaces/srv/detail/delete_entity__type_support.cpp.o[K
[7.118s] [129/276] Building CXX object CMakeFiles/ros_gz_interfaces__rosidl_typesupport_c.dir/rosidl_typesupport_c/ros_gz_interfaces/srv/spawn_entity__type_support.cpp.o[K
[7.125s] [129/276] Building CXX object CMakeFiles/ros_gz_interfaces__rosidl_typesupport_introspection_cpp.dir/rosidl_typesupport_introspection_cpp/ros_gz_interfaces/srv/detail/set_entity_pose__type_support.cpp.o[K
[7.126s] [130/276] Building CXX object CMakeFiles/ros_gz_interfaces__rosidl_typesupport_c.dir/rosidl_typesupport_c/ros_gz_interfaces/srv/delete_entity__type_support.cpp.o[K
[7.131s] [130/276] Linking CXX shared library libros_gz_interfaces__rosidl_typesupport_c.so[K
[7.131s] [131/276] Building CXX object CMakeFiles/ros_gz_interfaces__rosidl_typesupport_cpp.dir/rosidl_typesupport_cpp/ros_gz_interfaces/srv/control_world__type_support.cpp.o[K
[7.143s] [131/276] Building CXX object CMakeFiles/ros_gz_interfaces__rosidl_typesupport_introspection_cpp.dir/rosidl_typesupport_introspection_cpp/ros_gz_interfaces/srv/detail/spawn_entity__type_support.cpp.o[K
[7.153s] [132/276] Building CXX object CMakeFiles/ros_gz_interfaces__rosidl_typesupport_cpp.dir/rosidl_typesupport_cpp/ros_gz_interfaces/srv/set_entity_pose__type_support.cpp.o[K
[7.155s] [133/276] Building CXX object CMakeFiles/ros_gz_interfaces__rosidl_typesupport_cpp.dir/rosidl_typesupport_cpp/ros_gz_interfaces/srv/spawn_entity__type_support.cpp.o[K
[7.155s] [134/276] Building CXX object CMakeFiles/ros_gz_interfaces__rosidl_typesupport_cpp.dir/rosidl_typesupport_cpp/ros_gz_interfaces/srv/delete_entity__type_support.cpp.o[K
[7.159s] [134/276] Linking CXX shared library libros_gz_interfaces__rosidl_typesupport_cpp.so[K
[7.224s] [135/276] Linking CXX shared library libros_gz_interfaces__rosidl_typesupport_c.so[K
[7.277s] [136/276] Linking CXX shared library libros_gz_interfaces__rosidl_typesupport_cpp.so[K
[7.277s] [137/276] Generating C introspection for ROS interfaces[K
[7.277s] [137/276] Building C object CMakeFiles/ros_gz_interfaces__rosidl_typesupport_introspection_c.dir/rosidl_typesupport_introspection_c/ros_gz_interfaces/msg/detail/altimeter__type_support.c.o[K
[7.277s] [137/276] Building C object CMakeFiles/ros_gz_interfaces__rosidl_typesupport_introspection_c.dir/rosidl_typesupport_introspection_c/ros_gz_interfaces/msg/detail/contact__type_support.c.o[K
[7.283s] [137/276] Building C object CMakeFiles/ros_gz_interfaces__rosidl_typesupport_introspection_c.dir/rosidl_typesupport_introspection_c/ros_gz_interfaces/msg/detail/contacts__type_support.c.o[K
[7.283s] [137/276] Building C object CMakeFiles/ros_gz_interfaces__rosidl_typesupport_introspection_c.dir/rosidl_typesupport_introspection_c/ros_gz_interfaces/msg/detail/dataframe__type_support.c.o[K
[7.313s] [137/276] Building C object CMakeFiles/ros_gz_interfaces__rosidl_typesupport_introspection_c.dir/rosidl_typesupport_introspection_c/ros_gz_interfaces/msg/detail/entity__type_support.c.o[K
[7.313s] [138/276] Building C object CMakeFiles/ros_gz_interfaces__rosidl_typesupport_introspection_c.dir/rosidl_typesupport_introspection_c/ros_gz_interfaces/msg/detail/altimeter__type_support.c.o[K
[7.326s] [138/276] Building C object CMakeFiles/ros_gz_interfaces__rosidl_typesupport_introspection_c.dir/rosidl_typesupport_introspection_c/ros_gz_interfaces/msg/detail/entity_factory__type_support.c.o[K
[7.333s] [139/276] Building C object CMakeFiles/ros_gz_interfaces__rosidl_typesupport_introspection_c.dir/rosidl_typesupport_introspection_c/ros_gz_interfaces/msg/detail/entity__type_support.c.o[K
[7.333s] [139/276] Building C object CMakeFiles/ros_gz_interfaces__rosidl_typesupport_introspection_c.dir/rosidl_typesupport_introspection_c/ros_gz_interfaces/msg/detail/entity_wrench__type_support.c.o[K
[7.333s] [140/276] Building C object CMakeFiles/ros_gz_interfaces__rosidl_typesupport_introspection_c.dir/rosidl_typesupport_introspection_c/ros_gz_interfaces/msg/detail/contact__type_support.c.o[K
[7.334s] [140/276] Building C object CMakeFiles/ros_gz_interfaces__rosidl_typesupport_introspection_c.dir/rosidl_typesupport_introspection_c/ros_gz_interfaces/msg/detail/float32_array__type_support.c.o[K
[7.334s] [141/276] Building C object CMakeFiles/ros_gz_interfaces__rosidl_typesupport_introspection_c.dir/rosidl_typesupport_introspection_c/ros_gz_interfaces/msg/detail/contacts__type_support.c.o[K
[7.345s] [141/276] Building C object CMakeFiles/ros_gz_interfaces__rosidl_typesupport_introspection_c.dir/rosidl_typesupport_introspection_c/ros_gz_interfaces/msg/detail/gui_camera__type_support.c.o[K
[7.346s] [142/276] Building CXX object CMakeFiles/ros_gz_interfaces__rosidl_typesupport_introspection_cpp.dir/rosidl_typesupport_introspection_cpp/ros_gz_interfaces/msg/detail/logical_camera_image__type_support.cpp.o[K
[7.356s] [142/276] Building C object CMakeFiles/ros_gz_interfaces__rosidl_typesupport_introspection_c.dir/rosidl_typesupport_introspection_c/ros_gz_interfaces/msg/detail/joint_wrench__type_support.c.o[K
[7.356s] [143/276] Building C object CMakeFiles/ros_gz_interfaces__rosidl_typesupport_introspection_c.dir/rosidl_typesupport_introspection_c/ros_gz_interfaces/msg/detail/entity_factory__type_support.c.o[K
[7.356s] [143/276] Building C object CMakeFiles/ros_gz_interfaces__rosidl_typesupport_introspection_c.dir/rosidl_typesupport_introspection_c/ros_gz_interfaces/msg/detail/light__type_support.c.o[K
[7.356s] [144/276] Building C object CMakeFiles/ros_gz_interfaces__rosidl_typesupport_introspection_c.dir/rosidl_typesupport_introspection_c/ros_gz_interfaces/msg/detail/dataframe__type_support.c.o[K
[7.378s] [144/276] Building C object CMakeFiles/ros_gz_interfaces__rosidl_typesupport_introspection_c.dir/rosidl_typesupport_introspection_c/ros_gz_interfaces/msg/detail/logical_camera_image__type_support.c.o[K
[7.378s] [145/276] Building C object CMakeFiles/ros_gz_interfaces__rosidl_typesupport_introspection_c.dir/rosidl_typesupport_introspection_c/ros_gz_interfaces/msg/detail/float32_array__type_support.c.o[K
[7.379s] [145/276] Building C object CMakeFiles/ros_gz_interfaces__rosidl_typesupport_introspection_c.dir/rosidl_typesupport_introspection_c/ros_gz_interfaces/msg/detail/logical_camera_image_model__type_support.c.o[K
[7.379s] [146/276] Building C object CMakeFiles/ros_gz_interfaces__rosidl_typesupport_introspection_c.dir/rosidl_typesupport_introspection_c/ros_gz_interfaces/msg/detail/gui_camera__type_support.c.o[K
[7.383s] [146/276] Building C object CMakeFiles/ros_gz_interfaces__rosidl_typesupport_introspection_c.dir/rosidl_typesupport_introspection_c/ros_gz_interfaces/msg/detail/material_color__type_support.c.o[K
[7.384s] [147/276] Building C object CMakeFiles/ros_gz_interfaces__rosidl_typesupport_introspection_c.dir/rosidl_typesupport_introspection_c/ros_gz_interfaces/msg/detail/entity_wrench__type_support.c.o[K
[7.390s] [147/276] Building C object CMakeFiles/ros_gz_interfaces__rosidl_typesupport_introspection_c.dir/rosidl_typesupport_introspection_c/ros_gz_interfaces/msg/detail/param_vec__type_support.c.o[K
[7.390s] [148/276] Building C object CMakeFiles/ros_gz_interfaces__rosidl_typesupport_introspection_c.dir/rosidl_typesupport_introspection_c/ros_gz_interfaces/msg/detail/joint_wrench__type_support.c.o[K
[7.392s] [148/276] Building C object CMakeFiles/ros_gz_interfaces__rosidl_typesupport_introspection_c.dir/rosidl_typesupport_introspection_c/ros_gz_interfaces/msg/detail/sensor_noise__type_support.c.o[K
[7.392s] [149/276] Building CXX object CMakeFiles/ros_gz_interfaces__rosidl_typesupport_introspection_cpp.dir/rosidl_typesupport_introspection_cpp/ros_gz_interfaces/msg/detail/light__type_support.cpp.o[K
[7.394s] [149/276] Building C object CMakeFiles/ros_gz_interfaces__rosidl_typesupport_introspection_c.dir/rosidl_typesupport_introspection_c/ros_gz_interfaces/msg/detail/string_vec__type_support.c.o[K
[7.396s] [150/276] Building CXX object CMakeFiles/ros_gz_interfaces__rosidl_typesupport_introspection_cpp.dir/rosidl_typesupport_introspection_cpp/ros_gz_interfaces/msg/detail/gui_camera__type_support.cpp.o[K
[7.396s] [150/276] Building C object CMakeFiles/ros_gz_interfaces__rosidl_typesupport_introspection_c.dir/rosidl_typesupport_introspection_c/ros_gz_interfaces/msg/detail/track_visual__type_support.c.o[K
[7.398s] [151/276] Building CXX object CMakeFiles/ros_gz_interfaces__rosidl_typesupport_introspection_cpp.dir/rosidl_typesupport_introspection_cpp/ros_gz_interfaces/msg/detail/entity_wrench__type_support.cpp.o[K
[7.403s] [151/276] Building C object CMakeFiles/ros_gz_interfaces__rosidl_typesupport_introspection_c.dir/rosidl_typesupport_introspection_c/ros_gz_interfaces/msg/detail/video_record__type_support.c.o[K
[7.403s] [152/276] Building CXX object CMakeFiles/ros_gz_interfaces__rosidl_typesupport_introspection_cpp.dir/rosidl_typesupport_introspection_cpp/ros_gz_interfaces/msg/detail/sensor_noise__type_support.cpp.o[K
[7.404s] [152/276] Building C object CMakeFiles/ros_gz_interfaces__rosidl_typesupport_introspection_c.dir/rosidl_typesupport_introspection_c/ros_gz_interfaces/msg/detail/world_control__type_support.c.o[K
[7.404s] [153/276] Building C object CMakeFiles/ros_gz_interfaces__rosidl_typesupport_introspection_c.dir/rosidl_typesupport_introspection_c/ros_gz_interfaces/msg/detail/logical_camera_image__type_support.c.o[K
[7.405s] [153/276] Building C object CMakeFiles/ros_gz_interfaces__rosidl_typesupport_introspection_c.dir/rosidl_typesupport_introspection_c/ros_gz_interfaces/msg/detail/world_reset__type_support.c.o[K
[7.405s] [154/276] Building CXX object CMakeFiles/ros_gz_interfaces__rosidl_typesupport_introspection_cpp.dir/rosidl_typesupport_introspection_cpp/ros_gz_interfaces/msg/detail/entity_factory__type_support.cpp.o[K
[7.405s] [154/276] Building C object CMakeFiles/ros_gz_interfaces__rosidl_typesupport_introspection_c.dir/rosidl_typesupport_introspection_c/ros_gz_interfaces/srv/detail/control_world__type_support.c.o[K
[7.405s] [155/276] Building C object CMakeFiles/ros_gz_interfaces__rosidl_typesupport_introspection_c.dir/rosidl_typesupport_introspection_c/ros_gz_interfaces/msg/detail/light__type_support.c.o[K
[7.409s] [155/276] Building C object CMakeFiles/ros_gz_interfaces__rosidl_typesupport_introspection_c.dir/rosidl_typesupport_introspection_c/ros_gz_interfaces/srv/detail/delete_entity__type_support.c.o[K
[7.409s] [156/276] Building CXX object CMakeFiles/ros_gz_interfaces__rosidl_typesupport_introspection_cpp.dir/rosidl_typesupport_introspection_cpp/ros_gz_interfaces/msg/detail/entity__type_support.cpp.o[K
[7.417s] [156/276] Building C object CMakeFiles/ros_gz_interfaces__rosidl_typesupport_introspection_c.dir/rosidl_typesupport_introspection_c/ros_gz_interfaces/srv/detail/set_entity_pose__type_support.c.o[K
[7.417s] [157/276] Building C object CMakeFiles/ros_gz_interfaces__rosidl_typesupport_introspection_c.dir/rosidl_typesupport_introspection_c/ros_gz_interfaces/msg/detail/material_color__type_support.c.o[K
[7.417s] [157/276] Building C object CMakeFiles/ros_gz_interfaces__rosidl_typesupport_introspection_c.dir/rosidl_typesupport_introspection_c/ros_gz_interfaces/srv/detail/spawn_entity__type_support.c.o[K
[7.419s] [158/276] Building CXX object CMakeFiles/ros_gz_interfaces__rosidl_typesupport_introspection_cpp.dir/rosidl_typesupport_introspection_cpp/ros_gz_interfaces/msg/detail/altimeter__type_support.cpp.o[K
[7.423s] [159/276] Building CXX object CMakeFiles/ros_gz_interfaces__rosidl_typesupport_introspection_cpp.dir/rosidl_typesupport_introspection_cpp/ros_gz_interfaces/msg/detail/dataframe__type_support.cpp.o[K
[7.423s] [160/276] Building C object CMakeFiles/ros_gz_interfaces__rosidl_typesupport_introspection_c.dir/rosidl_typesupport_introspection_c/ros_gz_interfaces/msg/detail/sensor_noise__type_support.c.o[K
[7.424s] [161/276] Building CXX object CMakeFiles/ros_gz_interfaces__rosidl_typesupport_introspection_cpp.dir/rosidl_typesupport_introspection_cpp/ros_gz_interfaces/msg/detail/float32_array__type_support.cpp.o[K
[7.425s] [162/276] Building C object CMakeFiles/ros_gz_interfaces__rosidl_typesupport_introspection_c.dir/rosidl_typesupport_introspection_c/ros_gz_interfaces/msg/detail/track_visual__type_support.c.o[K
[7.426s] [163/276] Building C object CMakeFiles/ros_gz_interfaces__rosidl_typesupport_introspection_c.dir/rosidl_typesupport_introspection_c/ros_gz_interfaces/msg/detail/string_vec__type_support.c.o[K
[7.426s] [164/276] Building CXX object CMakeFiles/ros_gz_interfaces__rosidl_typesupport_introspection_cpp.dir/rosidl_typesupport_introspection_cpp/ros_gz_interfaces/msg/detail/joint_wrench__type_support.cpp.o[K
[7.426s] [165/276] Building CXX object CMakeFiles/ros_gz_interfaces__rosidl_typesupport_introspection_cpp.dir/rosidl_typesupport_introspection_cpp/ros_gz_interfaces/msg/detail/material_color__type_support.cpp.o[K
[7.429s] [166/276] Building C object CMakeFiles/ros_gz_interfaces__rosidl_typesupport_introspection_c.dir/rosidl_typesupport_introspection_c/ros_gz_interfaces/msg/detail/logical_camera_image_model__type_support.c.o[K
[7.431s] [167/276] Building CXX object CMakeFiles/ros_gz_interfaces__rosidl_typesupport_introspection_cpp.dir/rosidl_typesupport_introspection_cpp/ros_gz_interfaces/msg/detail/world_reset__type_support.cpp.o[K
[7.434s] [168/276] Building C object CMakeFiles/ros_gz_interfaces__rosidl_typesupport_introspection_c.dir/rosidl_typesupport_introspection_c/ros_gz_interfaces/msg/detail/param_vec__type_support.c.o[K
[7.435s] [169/276] Building C object CMakeFiles/ros_gz_interfaces__rosidl_typesupport_introspection_c.dir/rosidl_typesupport_introspection_c/ros_gz_interfaces/msg/detail/world_reset__type_support.c.o[K
[7.435s] [170/276] Building C object CMakeFiles/ros_gz_interfaces__rosidl_typesupport_introspection_c.dir/rosidl_typesupport_introspection_c/ros_gz_interfaces/msg/detail/world_control__type_support.c.o[K
[7.436s] [171/276] Building C object CMakeFiles/ros_gz_interfaces__rosidl_typesupport_introspection_c.dir/rosidl_typesupport_introspection_c/ros_gz_interfaces/msg/detail/video_record__type_support.c.o[K
[7.440s] [172/276] Building CXX object CMakeFiles/ros_gz_interfaces__rosidl_typesupport_introspection_cpp.dir/rosidl_typesupport_introspection_cpp/ros_gz_interfaces/msg/detail/logical_camera_image_model__type_support.cpp.o[K
[7.441s] [173/276] Building CXX object CMakeFiles/ros_gz_interfaces__rosidl_typesupport_introspection_cpp.dir/rosidl_typesupport_introspection_cpp/ros_gz_interfaces/msg/detail/world_control__type_support.cpp.o[K
[7.443s] [174/276] Building C object CMakeFiles/ros_gz_interfaces__rosidl_typesupport_introspection_c.dir/rosidl_typesupport_introspection_c/ros_gz_interfaces/srv/detail/delete_entity__type_support.c.o[K
[7.444s] [175/276] Building CXX object CMakeFiles/ros_gz_interfaces__rosidl_typesupport_introspection_cpp.dir/rosidl_typesupport_introspection_cpp/ros_gz_interfaces/msg/detail/video_record__type_support.cpp.o[K
[7.450s] [176/276] Building C object CMakeFiles/ros_gz_interfaces__rosidl_typesupport_introspection_c.dir/rosidl_typesupport_introspection_c/ros_gz_interfaces/srv/detail/control_world__type_support.c.o[K
[7.454s] [177/276] Building C object CMakeFiles/ros_gz_interfaces__rosidl_typesupport_introspection_c.dir/rosidl_typesupport_introspection_c/ros_gz_interfaces/srv/detail/spawn_entity__type_support.c.o[K
[7.454s] [178/276] Building C object CMakeFiles/ros_gz_interfaces__rosidl_typesupport_introspection_c.dir/rosidl_typesupport_introspection_c/ros_gz_interfaces/srv/detail/set_entity_pose__type_support.c.o[K
[7.457s] [178/276] Linking C shared library libros_gz_interfaces__rosidl_typesupport_introspection_c.so[K
[7.465s] [179/276] Building CXX object CMakeFiles/ros_gz_interfaces__rosidl_typesupport_introspection_cpp.dir/rosidl_typesupport_introspection_cpp/ros_gz_interfaces/msg/detail/track_visual__type_support.cpp.o[K
[7.471s] [180/276] Building CXX object CMakeFiles/ros_gz_interfaces__rosidl_typesupport_introspection_cpp.dir/rosidl_typesupport_introspection_cpp/ros_gz_interfaces/msg/detail/string_vec__type_support.cpp.o[K
[7.477s] [181/276] Linking C shared library libros_gz_interfaces__rosidl_typesupport_introspection_c.so[K
[7.488s] [182/276] Building CXX object CMakeFiles/ros_gz_interfaces__rosidl_typesupport_introspection_cpp.dir/rosidl_typesupport_introspection_cpp/ros_gz_interfaces/srv/detail/spawn_entity__type_support.cpp.o[K
[7.500s] [183/276] Building CXX object CMakeFiles/ros_gz_interfaces__rosidl_typesupport_introspection_cpp.dir/rosidl_typesupport_introspection_cpp/ros_gz_interfaces/srv/detail/control_world__type_support.cpp.o[K
[7.501s] [184/276] Generating C++ type support for eProsima Fast-RTPS[K
[7.501s] [184/276] Building CXX object CMakeFiles/ros_gz_interfaces__rosidl_typesupport_fastrtps_cpp.dir/rosidl_typesupport_fastrtps_cpp/ros_gz_interfaces/msg/detail/dds_fastrtps/altimeter__type_support.cpp.o[K
[7.501s] [184/276] Building CXX object CMakeFiles/ros_gz_interfaces__rosidl_typesupport_fastrtps_cpp.dir/rosidl_typesupport_fastrtps_cpp/ros_gz_interfaces/msg/detail/dds_fastrtps/contact__type_support.cpp.o[K
[7.502s] [184/276] Building CXX object CMakeFiles/ros_gz_interfaces__rosidl_typesupport_fastrtps_cpp.dir/rosidl_typesupport_fastrtps_cpp/ros_gz_interfaces/msg/detail/dds_fastrtps/contacts__type_support.cpp.o[K
[7.502s] [184/276] Building CXX object CMakeFiles/ros_gz_interfaces__rosidl_typesupport_fastrtps_cpp.dir/rosidl_typesupport_fastrtps_cpp/ros_gz_interfaces/msg/detail/dds_fastrtps/dataframe__type_support.cpp.o[K
[7.502s] [184/276] Building CXX object CMakeFiles/ros_gz_interfaces__rosidl_typesupport_fastrtps_cpp.dir/rosidl_typesupport_fastrtps_cpp/ros_gz_interfaces/msg/detail/dds_fastrtps/entity__type_support.cpp.o[K
[7.502s] [184/276] Building CXX object CMakeFiles/ros_gz_interfaces__rosidl_typesupport_fastrtps_cpp.dir/rosidl_typesupport_fastrtps_cpp/ros_gz_interfaces/msg/detail/dds_fastrtps/entity_factory__type_support.cpp.o[K
[7.502s] [184/276] Building CXX object CMakeFiles/ros_gz_interfaces__rosidl_typesupport_fastrtps_cpp.dir/rosidl_typesupport_fastrtps_cpp/ros_gz_interfaces/msg/detail/dds_fastrtps/entity_wrench__type_support.cpp.o[K
[7.502s] [184/276] Building CXX object CMakeFiles/ros_gz_interfaces__rosidl_typesupport_fastrtps_cpp.dir/rosidl_typesupport_fastrtps_cpp/ros_gz_interfaces/msg/detail/dds_fastrtps/float32_array__type_support.cpp.o[K
[7.502s] [184/276] Building CXX object CMakeFiles/ros_gz_interfaces__rosidl_typesupport_fastrtps_cpp.dir/rosidl_typesupport_fastrtps_cpp/ros_gz_interfaces/msg/detail/dds_fastrtps/gui_camera__type_support.cpp.o[K
[7.503s] [184/276] Building CXX object CMakeFiles/ros_gz_interfaces__rosidl_typesupport_fastrtps_cpp.dir/rosidl_typesupport_fastrtps_cpp/ros_gz_interfaces/msg/detail/dds_fastrtps/joint_wrench__type_support.cpp.o[K
[7.503s] [184/276] Building CXX object CMakeFiles/ros_gz_interfaces__rosidl_typesupport_fastrtps_cpp.dir/rosidl_typesupport_fastrtps_cpp/ros_gz_interfaces/msg/detail/dds_fastrtps/light__type_support.cpp.o[K
[7.503s] [184/276] Building CXX object CMakeFiles/ros_gz_interfaces__rosidl_typesupport_fastrtps_cpp.dir/rosidl_typesupport_fastrtps_cpp/ros_gz_interfaces/msg/detail/dds_fastrtps/logical_camera_image__type_support.cpp.o[K
[7.503s] [184/276] Building CXX object CMakeFiles/ros_gz_interfaces__rosidl_typesupport_fastrtps_cpp.dir/rosidl_typesupport_fastrtps_cpp/ros_gz_interfaces/msg/detail/dds_fastrtps/logical_camera_image_model__type_support.cpp.o[K
[7.503s] [184/276] Building CXX object CMakeFiles/ros_gz_interfaces__rosidl_typesupport_fastrtps_cpp.dir/rosidl_typesupport_fastrtps_cpp/ros_gz_interfaces/msg/detail/dds_fastrtps/material_color__type_support.cpp.o[K
[7.503s] [184/276] Building CXX object CMakeFiles/ros_gz_interfaces__rosidl_typesupport_fastrtps_cpp.dir/rosidl_typesupport_fastrtps_cpp/ros_gz_interfaces/msg/detail/dds_fastrtps/param_vec__type_support.cpp.o[K
[7.504s] [184/276] Building CXX object CMakeFiles/ros_gz_interfaces__rosidl_typesupport_fastrtps_cpp.dir/rosidl_typesupport_fastrtps_cpp/ros_gz_interfaces/msg/detail/dds_fastrtps/sensor_noise__type_support.cpp.o[K
[7.504s] [184/276] Building CXX object CMakeFiles/ros_gz_interfaces__rosidl_typesupport_fastrtps_cpp.dir/rosidl_typesupport_fastrtps_cpp/ros_gz_interfaces/msg/detail/dds_fastrtps/string_vec__type_support.cpp.o[K
[7.504s] [184/276] Building CXX object CMakeFiles/ros_gz_interfaces__rosidl_typesupport_fastrtps_cpp.dir/rosidl_typesupport_fastrtps_cpp/ros_gz_interfaces/msg/detail/dds_fastrtps/track_visual__type_support.cpp.o[K
[7.504s] [184/276] Building CXX object CMakeFiles/ros_gz_interfaces__rosidl_typesupport_fastrtps_cpp.dir/rosidl_typesupport_fastrtps_cpp/ros_gz_interfaces/msg/detail/dds_fastrtps/video_record__type_support.cpp.o[K
[7.504s] [184/276] Building CXX object CMakeFiles/ros_gz_interfaces__rosidl_typesupport_fastrtps_cpp.dir/rosidl_typesupport_fastrtps_cpp/ros_gz_interfaces/msg/detail/dds_fastrtps/world_control__type_support.cpp.o[K
[7.505s] [184/276] Building CXX object CMakeFiles/ros_gz_interfaces__rosidl_typesupport_fastrtps_cpp.dir/rosidl_typesupport_fastrtps_cpp/ros_gz_interfaces/msg/detail/dds_fastrtps/world_reset__type_support.cpp.o[K
[7.505s] [184/276] Building CXX object CMakeFiles/ros_gz_interfaces__rosidl_typesupport_fastrtps_cpp.dir/rosidl_typesupport_fastrtps_cpp/ros_gz_interfaces/srv/detail/dds_fastrtps/control_world__type_support.cpp.o[K
[7.505s] [184/276] Building CXX object CMakeFiles/ros_gz_interfaces__rosidl_typesupport_fastrtps_cpp.dir/rosidl_typesupport_fastrtps_cpp/ros_gz_interfaces/srv/detail/dds_fastrtps/delete_entity__type_support.cpp.o[K
[7.505s] [184/276] Building CXX object CMakeFiles/ros_gz_interfaces__rosidl_typesupport_fastrtps_cpp.dir/rosidl_typesupport_fastrtps_cpp/ros_gz_interfaces/srv/detail/dds_fastrtps/set_entity_pose__type_support.cpp.o[K
[7.530s] [184/276] Building CXX object CMakeFiles/ros_gz_interfaces__rosidl_typesupport_fastrtps_cpp.dir/rosidl_typesupport_fastrtps_cpp/ros_gz_interfaces/srv/detail/dds_fastrtps/spawn_entity__type_support.cpp.o[K
[7.548s] [185/276] Building CXX object CMakeFiles/ros_gz_interfaces__rosidl_typesupport_introspection_cpp.dir/rosidl_typesupport_introspection_cpp/ros_gz_interfaces/msg/detail/contact__type_support.cpp.o[K
[7.548s] [186/276] Building CXX object CMakeFiles/ros_gz_interfaces__rosidl_typesupport_introspection_cpp.dir/rosidl_typesupport_introspection_cpp/ros_gz_interfaces/srv/detail/delete_entity__type_support.cpp.o[K
[7.621s] [187/276] Building CXX object CMakeFiles/ros_gz_interfaces__rosidl_typesupport_introspection_cpp.dir/rosidl_typesupport_introspection_cpp/ros_gz_interfaces/srv/detail/set_entity_pose__type_support.cpp.o[K
[7.667s] [188/276] Building CXX object CMakeFiles/ros_gz_interfaces__rosidl_typesupport_introspection_cpp.dir/rosidl_typesupport_introspection_cpp/ros_gz_interfaces/msg/detail/contacts__type_support.cpp.o[K
[7.668s] [189/276] Generating C type support for eProsima Fast-RTPS[K
[7.668s] [189/276] Building CXX object CMakeFiles/ros_gz_interfaces__rosidl_typesupport_fastrtps_c.dir/rosidl_typesupport_fastrtps_c/ros_gz_interfaces/msg/detail/altimeter__type_support_c.cpp.o[K
[7.669s] [189/276] Building CXX object CMakeFiles/ros_gz_interfaces__rosidl_typesupport_fastrtps_c.dir/rosidl_typesupport_fastrtps_c/ros_gz_interfaces/msg/detail/contact__type_support_c.cpp.o[K
[7.671s] [189/276] Building CXX object CMakeFiles/ros_gz_interfaces__rosidl_typesupport_fastrtps_c.dir/rosidl_typesupport_fastrtps_c/ros_gz_interfaces/msg/detail/contacts__type_support_c.cpp.o[K
[7.671s] [189/276] Building CXX object CMakeFiles/ros_gz_interfaces__rosidl_typesupport_fastrtps_c.dir/rosidl_typesupport_fastrtps_c/ros_gz_interfaces/msg/detail/dataframe__type_support_c.cpp.o[K
[7.671s] [189/276] Building CXX object CMakeFiles/ros_gz_interfaces__rosidl_typesupport_fastrtps_c.dir/rosidl_typesupport_fastrtps_c/ros_gz_interfaces/msg/detail/entity__type_support_c.cpp.o[K
[7.697s] [189/276] Building CXX object CMakeFiles/ros_gz_interfaces__rosidl_typesupport_fastrtps_c.dir/rosidl_typesupport_fastrtps_c/ros_gz_interfaces/msg/detail/entity_factory__type_support_c.cpp.o[K
[7.697s] [190/276] Building CXX object CMakeFiles/ros_gz_interfaces__rosidl_typesupport_introspection_cpp.dir/rosidl_typesupport_introspection_cpp/ros_gz_interfaces/msg/detail/param_vec__type_support.cpp.o[K
[7.926s] [190/276] Building CXX object CMakeFiles/ros_gz_interfaces__rosidl_typesupport_fastrtps_c.dir/rosidl_typesupport_fastrtps_c/ros_gz_interfaces/msg/detail/entity_wrench__type_support_c.cpp.o[K
[7.926s] [191/276] Building CXX object CMakeFiles/ros_gz_interfaces__rosidl_typesupport_fastrtps_cpp.dir/rosidl_typesupport_fastrtps_cpp/ros_gz_interfaces/msg/detail/dds_fastrtps/world_reset__type_support.cpp.o[K
[7.952s] [191/276] Building CXX object CMakeFiles/ros_gz_interfaces__rosidl_typesupport_fastrtps_c.dir/rosidl_typesupport_fastrtps_c/ros_gz_interfaces/msg/detail/float32_array__type_support_c.cpp.o[K
[7.953s] [192/276] Building CXX object CMakeFiles/ros_gz_interfaces__rosidl_typesupport_fastrtps_cpp.dir/rosidl_typesupport_fastrtps_cpp/ros_gz_interfaces/msg/detail/dds_fastrtps/track_visual__type_support.cpp.o[K
[7.960s] [192/276] Building CXX object CMakeFiles/ros_gz_interfaces__rosidl_typesupport_fastrtps_c.dir/rosidl_typesupport_fastrtps_c/ros_gz_interfaces/msg/detail/gui_camera__type_support_c.cpp.o[K
[7.960s] [193/276] Building CXX object CMakeFiles/ros_gz_interfaces__rosidl_typesupport_fastrtps_cpp.dir/rosidl_typesupport_fastrtps_cpp/ros_gz_interfaces/msg/detail/dds_fastrtps/entity__type_support.cpp.o[K
[7.981s] [193/276] Building CXX object CMakeFiles/ros_gz_interfaces__rosidl_typesupport_fastrtps_c.dir/rosidl_typesupport_fastrtps_c/ros_gz_interfaces/msg/detail/joint_wrench__type_support_c.cpp.o[K
[7.981s] [194/276] Building CXX object CMakeFiles/ros_gz_interfaces__rosidl_typesupport_fastrtps_cpp.dir/rosidl_typesupport_fastrtps_cpp/ros_gz_interfaces/msg/detail/dds_fastrtps/entity_factory__type_support.cpp.o[K
[7.990s] [194/276] Building CXX object CMakeFiles/ros_gz_interfaces__rosidl_typesupport_fastrtps_c.dir/rosidl_typesupport_fastrtps_c/ros_gz_interfaces/msg/detail/light__type_support_c.cpp.o[K
[7.990s] [195/276] Building CXX object CMakeFiles/ros_gz_interfaces__rosidl_typesupport_fastrtps_cpp.dir/rosidl_typesupport_fastrtps_cpp/ros_gz_interfaces/msg/detail/dds_fastrtps/material_color__type_support.cpp.o[K
[8.002s] [195/276] Building CXX object CMakeFiles/ros_gz_interfaces__rosidl_typesupport_fastrtps_c.dir/rosidl_typesupport_fastrtps_c/ros_gz_interfaces/msg/detail/logical_camera_image__type_support_c.cpp.o[K
[8.002s] [196/276] Building CXX object CMakeFiles/ros_gz_interfaces__rosidl_typesupport_fastrtps_cpp.dir/rosidl_typesupport_fastrtps_cpp/ros_gz_interfaces/msg/detail/dds_fastrtps/joint_wrench__type_support.cpp.o[K
[8.003s] [196/276] Building CXX object CMakeFiles/ros_gz_interfaces__rosidl_typesupport_fastrtps_c.dir/rosidl_typesupport_fastrtps_c/ros_gz_interfaces/msg/detail/logical_camera_image_model__type_support_c.cpp.o[K
[8.003s] [197/276] Building CXX object CMakeFiles/ros_gz_interfaces__rosidl_typesupport_fastrtps_cpp.dir/rosidl_typesupport_fastrtps_cpp/ros_gz_interfaces/msg/detail/dds_fastrtps/altimeter__type_support.cpp.o[K
[8.007s] [197/276] Building CXX object CMakeFiles/ros_gz_interfaces__rosidl_typesupport_fastrtps_c.dir/rosidl_typesupport_fastrtps_c/ros_gz_interfaces/msg/detail/material_color__type_support_c.cpp.o[K
[8.008s] [198/276] Building CXX object CMakeFiles/ros_gz_interfaces__rosidl_typesupport_fastrtps_cpp.dir/rosidl_typesupport_fastrtps_cpp/ros_gz_interfaces/msg/detail/dds_fastrtps/entity_wrench__type_support.cpp.o[K
[8.011s] [198/276] Building CXX object CMakeFiles/ros_gz_interfaces__rosidl_typesupport_fastrtps_c.dir/rosidl_typesupport_fastrtps_c/ros_gz_interfaces/msg/detail/param_vec__type_support_c.cpp.o[K
[8.011s] [199/276] Building CXX object CMakeFiles/ros_gz_interfaces__rosidl_typesupport_fastrtps_cpp.dir/rosidl_typesupport_fastrtps_cpp/ros_gz_interfaces/msg/detail/dds_fastrtps/logical_camera_image_model__type_support.cpp.o[K
[8.014s] [199/276] Building CXX object CMakeFiles/ros_gz_interfaces__rosidl_typesupport_fastrtps_c.dir/rosidl_typesupport_fastrtps_c/ros_gz_interfaces/msg/detail/sensor_noise__type_support_c.cpp.o[K
[8.015s] [200/276] Building CXX object CMakeFiles/ros_gz_interfaces__rosidl_typesupport_fastrtps_cpp.dir/rosidl_typesupport_fastrtps_cpp/ros_gz_interfaces/msg/detail/dds_fastrtps/string_vec__type_support.cpp.o[K
[8.018s] [200/276] Building CXX object CMakeFiles/ros_gz_interfaces__rosidl_typesupport_fastrtps_c.dir/rosidl_typesupport_fastrtps_c/ros_gz_interfaces/msg/detail/string_vec__type_support_c.cpp.o[K
[8.019s] [201/276] Building CXX object CMakeFiles/ros_gz_interfaces__rosidl_typesupport_fastrtps_cpp.dir/rosidl_typesupport_fastrtps_cpp/ros_gz_interfaces/msg/detail/dds_fastrtps/gui_camera__type_support.cpp.o[K
[8.026s] [201/276] Building CXX object CMakeFiles/ros_gz_interfaces__rosidl_typesupport_fastrtps_c.dir/rosidl_typesupport_fastrtps_c/ros_gz_interfaces/msg/detail/track_visual__type_support_c.cpp.o[K
[8.027s] [202/276] Building CXX object CMakeFiles/ros_gz_interfaces__rosidl_typesupport_fastrtps_cpp.dir/rosidl_typesupport_fastrtps_cpp/ros_gz_interfaces/msg/detail/dds_fastrtps/video_record__type_support.cpp.o[K
[8.035s] [202/276] Building CXX object CMakeFiles/ros_gz_interfaces__rosidl_typesupport_fastrtps_c.dir/rosidl_typesupport_fastrtps_c/ros_gz_interfaces/msg/detail/video_record__type_support_c.cpp.o[K
[8.035s] [203/276] Building CXX object CMakeFiles/ros_gz_interfaces__rosidl_typesupport_fastrtps_cpp.dir/rosidl_typesupport_fastrtps_cpp/ros_gz_interfaces/msg/detail/dds_fastrtps/float32_array__type_support.cpp.o[K
[8.053s] [203/276] Building CXX object CMakeFiles/ros_gz_interfaces__rosidl_typesupport_fastrtps_c.dir/rosidl_typesupport_fastrtps_c/ros_gz_interfaces/msg/detail/world_control__type_support_c.cpp.o[K
[8.053s] [204/276] Building CXX object CMakeFiles/ros_gz_interfaces__rosidl_typesupport_fastrtps_cpp.dir/rosidl_typesupport_fastrtps_cpp/ros_gz_interfaces/msg/detail/dds_fastrtps/sensor_noise__type_support.cpp.o[K
[8.055s] [204/276] Building CXX object CMakeFiles/ros_gz_interfaces__rosidl_typesupport_fastrtps_c.dir/rosidl_typesupport_fastrtps_c/ros_gz_interfaces/msg/detail/world_reset__type_support_c.cpp.o[K
[8.055s] [205/276] Building CXX object CMakeFiles/ros_gz_interfaces__rosidl_typesupport_fastrtps_cpp.dir/rosidl_typesupport_fastrtps_cpp/ros_gz_interfaces/msg/detail/dds_fastrtps/logical_camera_image__type_support.cpp.o[K
[8.082s] [205/276] Building CXX object CMakeFiles/ros_gz_interfaces__rosidl_typesupport_fastrtps_c.dir/rosidl_typesupport_fastrtps_c/ros_gz_interfaces/srv/detail/control_world__type_support_c.cpp.o[K
[8.082s] [206/276] Building CXX object CMakeFiles/ros_gz_interfaces__rosidl_typesupport_fastrtps_cpp.dir/rosidl_typesupport_fastrtps_cpp/ros_gz_interfaces/msg/detail/dds_fastrtps/light__type_support.cpp.o[K
[8.082s] [206/276] Building CXX object CMakeFiles/ros_gz_interfaces__rosidl_typesupport_fastrtps_c.dir/rosidl_typesupport_fastrtps_c/ros_gz_interfaces/srv/detail/delete_entity__type_support_c.cpp.o[K
[8.084s] [207/276] Building CXX object CMakeFiles/ros_gz_interfaces__rosidl_typesupport_fastrtps_cpp.dir/rosidl_typesupport_fastrtps_cpp/ros_gz_interfaces/srv/detail/dds_fastrtps/spawn_entity__type_support.cpp.o[K
[8.085s] [207/276] Building CXX object CMakeFiles/ros_gz_interfaces__rosidl_typesupport_fastrtps_c.dir/rosidl_typesupport_fastrtps_c/ros_gz_interfaces/srv/detail/set_entity_pose__type_support_c.cpp.o[K
[8.085s] [208/276] Building CXX object CMakeFiles/ros_gz_interfaces__rosidl_typesupport_fastrtps_cpp.dir/rosidl_typesupport_fastrtps_cpp/ros_gz_interfaces/msg/detail/dds_fastrtps/dataframe__type_support.cpp.o[K
[8.099s] [208/276] Building CXX object CMakeFiles/ros_gz_interfaces__rosidl_typesupport_fastrtps_c.dir/rosidl_typesupport_fastrtps_c/ros_gz_interfaces/srv/detail/spawn_entity__type_support_c.cpp.o[K
[8.099s] [209/276] Building CXX object CMakeFiles/ros_gz_interfaces__rosidl_typesupport_fastrtps_cpp.dir/rosidl_typesupport_fastrtps_cpp/ros_gz_interfaces/msg/detail/dds_fastrtps/contacts__type_support.cpp.o[K
[8.102s] [209/276] Linking CXX shared library libros_gz_interfaces__rosidl_typesupport_introspection_cpp.so[K
[8.116s] [210/276] Building CXX object CMakeFiles/ros_gz_interfaces__rosidl_typesupport_fastrtps_cpp.dir/rosidl_typesupport_fastrtps_cpp/ros_gz_interfaces/srv/detail/dds_fastrtps/delete_entity__type_support.cpp.o[K
[8.121s] [211/276] Building CXX object CMakeFiles/ros_gz_interfaces__rosidl_typesupport_fastrtps_c.dir/rosidl_typesupport_fastrtps_c/ros_gz_interfaces/msg/detail/altimeter__type_support_c.cpp.o[K
[8.122s] [212/276] Building CXX object CMakeFiles/ros_gz_interfaces__rosidl_typesupport_fastrtps_c.dir/rosidl_typesupport_fastrtps_c/ros_gz_interfaces/msg/detail/contact__type_support_c.cpp.o[K
[8.125s] [213/276] Building CXX object CMakeFiles/ros_gz_interfaces__rosidl_typesupport_fastrtps_c.dir/rosidl_typesupport_fastrtps_c/ros_gz_interfaces/msg/detail/contacts__type_support_c.cpp.o[K
[8.137s] [214/276] Building CXX object CMakeFiles/ros_gz_interfaces__rosidl_typesupport_fastrtps_cpp.dir/rosidl_typesupport_fastrtps_cpp/ros_gz_interfaces/msg/detail/dds_fastrtps/param_vec__type_support.cpp.o[K
[8.158s] [215/276] Building CXX object CMakeFiles/ros_gz_interfaces__rosidl_typesupport_fastrtps_cpp.dir/rosidl_typesupport_fastrtps_cpp/ros_gz_interfaces/msg/detail/dds_fastrtps/world_control__type_support.cpp.o[K
[8.163s] [216/276] Building CXX object CMakeFiles/ros_gz_interfaces__rosidl_typesupport_fastrtps_c.dir/rosidl_typesupport_fastrtps_c/ros_gz_interfaces/msg/detail/dataframe__type_support_c.cpp.o[K
[8.166s] [217/276] Building CXX object CMakeFiles/ros_gz_interfaces__rosidl_typesupport_fastrtps_cpp.dir/rosidl_typesupport_fastrtps_cpp/ros_gz_interfaces/srv/detail/dds_fastrtps/control_world__type_support.cpp.o[K
[8.180s] [218/276] Linking CXX shared library libros_gz_interfaces__rosidl_typesupport_introspection_cpp.so[K
[8.183s] [219/276] Building CXX object CMakeFiles/ros_gz_interfaces__rosidl_typesupport_fastrtps_cpp.dir/rosidl_typesupport_fastrtps_cpp/ros_gz_interfaces/msg/detail/dds_fastrtps/contact__type_support.cpp.o[K
[8.196s] [220/276] Building CXX object CMakeFiles/ros_gz_interfaces__rosidl_typesupport_fastrtps_c.dir/rosidl_typesupport_fastrtps_c/ros_gz_interfaces/msg/detail/entity_factory__type_support_c.cpp.o[K
[8.196s] [221/276] Building CXX object CMakeFiles/ros_gz_interfaces__rosidl_typesupport_fastrtps_cpp.dir/rosidl_typesupport_fastrtps_cpp/ros_gz_interfaces/srv/detail/dds_fastrtps/set_entity_pose__type_support.cpp.o[K
[8.200s] [221/276] Linking CXX shared library libros_gz_interfaces__rosidl_typesupport_fastrtps_cpp.so[K
[8.256s] [222/276] Building CXX object CMakeFiles/ros_gz_interfaces__rosidl_typesupport_fastrtps_c.dir/rosidl_typesupport_fastrtps_c/ros_gz_interfaces/msg/detail/entity_wrench__type_support_c.cpp.o[K
[8.267s] [223/276] Building CXX object CMakeFiles/ros_gz_interfaces__rosidl_typesupport_fastrtps_c.dir/rosidl_typesupport_fastrtps_c/ros_gz_interfaces/msg/detail/entity__type_support_c.cpp.o[K
[8.289s] [224/276] Building CXX object CMakeFiles/ros_gz_interfaces__rosidl_typesupport_fastrtps_c.dir/rosidl_typesupport_fastrtps_c/ros_gz_interfaces/msg/detail/float32_array__type_support_c.cpp.o[K
[8.298s] [225/276] Linking CXX shared library libros_gz_interfaces__rosidl_typesupport_fastrtps_cpp.so[K
[8.325s] [226/276] Building CXX object CMakeFiles/ros_gz_interfaces__rosidl_typesupport_fastrtps_c.dir/rosidl_typesupport_fastrtps_c/ros_gz_interfaces/msg/detail/joint_wrench__type_support_c.cpp.o[K
[8.328s] [227/276] Building CXX object CMakeFiles/ros_gz_interfaces__rosidl_typesupport_fastrtps_c.dir/rosidl_typesupport_fastrtps_c/ros_gz_interfaces/msg/detail/logical_camera_image__type_support_c.cpp.o[K
[8.337s] [228/276] Building CXX object CMakeFiles/ros_gz_interfaces__rosidl_typesupport_fastrtps_c.dir/rosidl_typesupport_fastrtps_c/ros_gz_interfaces/msg/detail/gui_camera__type_support_c.cpp.o[K
[8.357s] [229/276] Building CXX object CMakeFiles/ros_gz_interfaces__rosidl_typesupport_fastrtps_c.dir/rosidl_typesupport_fastrtps_c/ros_gz_interfaces/msg/detail/sensor_noise__type_support_c.cpp.o[K
[8.389s] [230/276] Building CXX object CMakeFiles/ros_gz_interfaces__rosidl_typesupport_fastrtps_c.dir/rosidl_typesupport_fastrtps_c/ros_gz_interfaces/msg/detail/video_record__type_support_c.cpp.o[K
[8.412s] [231/276] Building CXX object CMakeFiles/ros_gz_interfaces__rosidl_typesupport_fastrtps_c.dir/rosidl_typesupport_fastrtps_c/ros_gz_interfaces/msg/detail/track_visual__type_support_c.cpp.o[K
[8.445s] [232/276] Building CXX object CMakeFiles/ros_gz_interfaces__rosidl_typesupport_fastrtps_c.dir/rosidl_typesupport_fastrtps_c/ros_gz_interfaces/srv/detail/delete_entity__type_support_c.cpp.o[K
[8.460s] [233/276] Building CXX object CMakeFiles/ros_gz_interfaces__rosidl_typesupport_fastrtps_c.dir/rosidl_typesupport_fastrtps_c/ros_gz_interfaces/msg/detail/param_vec__type_support_c.cpp.o[K
[8.461s] [234/276] Building CXX object CMakeFiles/ros_gz_interfaces__rosidl_typesupport_fastrtps_c.dir/rosidl_typesupport_fastrtps_c/ros_gz_interfaces/srv/detail/control_world__type_support_c.cpp.o[K
[8.467s] [235/276] Building CXX object CMakeFiles/ros_gz_interfaces__rosidl_typesupport_fastrtps_c.dir/rosidl_typesupport_fastrtps_c/ros_gz_interfaces/msg/detail/world_reset__type_support_c.cpp.o[K
[8.471s] [236/276] Building CXX object CMakeFiles/ros_gz_interfaces__rosidl_typesupport_fastrtps_c.dir/rosidl_typesupport_fastrtps_c/ros_gz_interfaces/msg/detail/material_color__type_support_c.cpp.o[K
[8.472s] [237/276] Building CXX object CMakeFiles/ros_gz_interfaces__rosidl_typesupport_fastrtps_c.dir/rosidl_typesupport_fastrtps_c/ros_gz_interfaces/msg/detail/light__type_support_c.cpp.o[K
[8.479s] [238/276] Building CXX object CMakeFiles/ros_gz_interfaces__rosidl_typesupport_fastrtps_c.dir/rosidl_typesupport_fastrtps_c/ros_gz_interfaces/srv/detail/set_entity_pose__type_support_c.cpp.o[K
[8.498s] [239/276] Building CXX object CMakeFiles/ros_gz_interfaces__rosidl_typesupport_fastrtps_c.dir/rosidl_typesupport_fastrtps_c/ros_gz_interfaces/msg/detail/string_vec__type_support_c.cpp.o[K
[8.503s] [240/276] Building CXX object CMakeFiles/ros_gz_interfaces__rosidl_typesupport_fastrtps_c.dir/rosidl_typesupport_fastrtps_c/ros_gz_interfaces/srv/detail/spawn_entity__type_support_c.cpp.o[K
[8.510s] [241/276] Building CXX object CMakeFiles/ros_gz_interfaces__rosidl_typesupport_fastrtps_c.dir/rosidl_typesupport_fastrtps_c/ros_gz_interfaces/msg/detail/logical_camera_image_model__type_support_c.cpp.o[K
[8.510s] [242/276] Building CXX object CMakeFiles/ros_gz_interfaces__rosidl_typesupport_fastrtps_c.dir/rosidl_typesupport_fastrtps_c/ros_gz_interfaces/msg/detail/world_control__type_support_c.cpp.o[K
[8.564s] [242/276] Linking CXX shared library libros_gz_interfaces__rosidl_typesupport_fastrtps_c.so[K
[8.564s] [243/276] Linking CXX shared library libros_gz_interfaces__rosidl_typesupport_fastrtps_c.so[K
[11.159s] [243/276] Generating Python code for ROS interfaces[K
[11.160s] [244/276] Generating Python code for ROS interfaces[K
[11.160s] [244/276] Building C object CMakeFiles/ros_gz_interfaces__rosidl_generator_py.dir/rosidl_generator_py/ros_gz_interfaces/msg/_altimeter_s.c.o[K
[11.161s] [244/276] Building C object CMakeFiles/ros_gz_interfaces__rosidl_generator_py.dir/rosidl_generator_py/ros_gz_interfaces/msg/_contact_s.c.o[K
[11.161s] [244/276] Building C object CMakeFiles/ros_gz_interfaces__rosidl_generator_py.dir/rosidl_generator_py/ros_gz_interfaces/msg/_contacts_s.c.o[K
[11.161s] [244/276] Building C object CMakeFiles/ros_gz_interfaces__rosidl_generator_py.dir/rosidl_generator_py/ros_gz_interfaces/msg/_dataframe_s.c.o[K
[11.161s] [244/276] Building C object CMakeFiles/ros_gz_interfaces__rosidl_generator_py.dir/rosidl_generator_py/ros_gz_interfaces/msg/_entity_s.c.o[K
[11.161s] [244/276] Building C object CMakeFiles/ros_gz_interfaces__rosidl_generator_py.dir/rosidl_generator_py/ros_gz_interfaces/msg/_entity_factory_s.c.o[K
[11.161s] [244/276] Building C object CMakeFiles/ros_gz_interfaces__rosidl_generator_py.dir/rosidl_generator_py/ros_gz_interfaces/msg/_entity_wrench_s.c.o[K
[11.161s] [244/276] Building C object CMakeFiles/ros_gz_interfaces__rosidl_generator_py.dir/rosidl_generator_py/ros_gz_interfaces/msg/_float32_array_s.c.o[K
[11.162s] [244/276] Building C object CMakeFiles/ros_gz_interfaces__rosidl_generator_py.dir/rosidl_generator_py/ros_gz_interfaces/msg/_gui_camera_s.c.o[K
[11.162s] [244/276] Building C object CMakeFiles/ros_gz_interfaces__rosidl_generator_py.dir/rosidl_generator_py/ros_gz_interfaces/msg/_joint_wrench_s.c.o[K
[11.162s] [244/276] Building C object CMakeFiles/ros_gz_interfaces__rosidl_generator_py.dir/rosidl_generator_py/ros_gz_interfaces/msg/_light_s.c.o[K
[11.162s] [244/276] Building C object CMakeFiles/ros_gz_interfaces__rosidl_generator_py.dir/rosidl_generator_py/ros_gz_interfaces/msg/_logical_camera_image_s.c.o[K
[11.162s] [244/276] Building C object CMakeFiles/ros_gz_interfaces__rosidl_generator_py.dir/rosidl_generator_py/ros_gz_interfaces/msg/_logical_camera_image_model_s.c.o[K
[11.163s] [244/276] Building C object CMakeFiles/ros_gz_interfaces__rosidl_generator_py.dir/rosidl_generator_py/ros_gz_interfaces/msg/_material_color_s.c.o[K
[11.163s] [244/276] Building C object CMakeFiles/ros_gz_interfaces__rosidl_generator_py.dir/rosidl_generator_py/ros_gz_interfaces/msg/_param_vec_s.c.o[K
[11.163s] [244/276] Building C object CMakeFiles/ros_gz_interfaces__rosidl_generator_py.dir/rosidl_generator_py/ros_gz_interfaces/msg/_sensor_noise_s.c.o[K
[11.163s] [244/276] Building C object CMakeFiles/ros_gz_interfaces__rosidl_generator_py.dir/rosidl_generator_py/ros_gz_interfaces/msg/_string_vec_s.c.o[K
[11.163s] [244/276] Building C object CMakeFiles/ros_gz_interfaces__rosidl_generator_py.dir/rosidl_generator_py/ros_gz_interfaces/msg/_track_visual_s.c.o[K
[11.163s] [244/276] Building C object CMakeFiles/ros_gz_interfaces__rosidl_generator_py.dir/rosidl_generator_py/ros_gz_interfaces/msg/_video_record_s.c.o[K
[11.164s] [244/276] Building C object CMakeFiles/ros_gz_interfaces__rosidl_generator_py.dir/rosidl_generator_py/ros_gz_interfaces/msg/_world_control_s.c.o[K
[11.164s] [244/276] Building C object CMakeFiles/ros_gz_interfaces__rosidl_generator_py.dir/rosidl_generator_py/ros_gz_interfaces/msg/_world_reset_s.c.o[K
[11.164s] [244/276] Building C object CMakeFiles/ros_gz_interfaces__rosidl_generator_py.dir/rosidl_generator_py/ros_gz_interfaces/srv/_control_world_s.c.o[K
[11.164s] [244/276] Building C object CMakeFiles/ros_gz_interfaces__rosidl_generator_py.dir/rosidl_generator_py/ros_gz_interfaces/srv/_delete_entity_s.c.o[K
[11.164s] [244/276] Building C object CMakeFiles/ros_gz_interfaces__rosidl_generator_py.dir/rosidl_generator_py/ros_gz_interfaces/srv/_set_entity_pose_s.c.o[K
[11.164s] [244/276] Building C object CMakeFiles/ros_gz_interfaces__rosidl_generator_py.dir/rosidl_generator_py/ros_gz_interfaces/srv/_spawn_entity_s.c.o[K
[11.165s] [244/276] Building C object CMakeFiles/ros_gz_interfaces_s__rosidl_typesupport_fastrtps_c.dir/rosidl_generator_py/ros_gz_interfaces/_ros_gz_interfaces_s.ep.rosidl_typesupport_fastrtps_c.c.o[K
[11.165s] [244/276] Building C object CMakeFiles/ros_gz_interfaces_s__rosidl_typesupport_introspection_c.dir/rosidl_generator_py/ros_gz_interfaces/_ros_gz_interfaces_s.ep.rosidl_typesupport_introspection_c.c.o[K
[11.243s] [244/276] Building C object CMakeFiles/ros_gz_interfaces_s__rosidl_typesupport_c.dir/rosidl_generator_py/ros_gz_interfaces/_ros_gz_interfaces_s.ep.rosidl_typesupport_c.c.o[K
[11.247s] [245/276] Building C object CMakeFiles/ros_gz_interfaces__rosidl_generator_py.dir/rosidl_generator_py/ros_gz_interfaces/msg/_param_vec_s.c.o[K
[11.252s] [246/276] Building C object CMakeFiles/ros_gz_interfaces__rosidl_generator_py.dir/rosidl_generator_py/ros_gz_interfaces/msg/_track_visual_s.c.o[K
[11.265s] [247/276] Building C object CMakeFiles/ros_gz_interfaces__rosidl_generator_py.dir/rosidl_generator_py/ros_gz_interfaces/srv/_spawn_entity_s.c.o[K
[11.266s] [248/276] Building C object CMakeFiles/ros_gz_interfaces__rosidl_generator_py.dir/rosidl_generator_py/ros_gz_interfaces/msg/_video_record_s.c.o[K
[11.271s] [249/276] Building C object CMakeFiles/ros_gz_interfaces__rosidl_generator_py.dir/rosidl_generator_py/ros_gz_interfaces/srv/_set_entity_pose_s.c.o[K
[11.272s] [250/276] Building C object CMakeFiles/ros_gz_interfaces__rosidl_generator_py.dir/rosidl_generator_py/ros_gz_interfaces/msg/_world_control_s.c.o[K
[11.276s] [251/276] Building C object CMakeFiles/ros_gz_interfaces__rosidl_generator_py.dir/rosidl_generator_py/ros_gz_interfaces/msg/_sensor_noise_s.c.o[K
[11.279s] [252/276] Building C object CMakeFiles/ros_gz_interfaces__rosidl_generator_py.dir/rosidl_generator_py/ros_gz_interfaces/msg/_string_vec_s.c.o[K
[11.280s] [253/276] Building C object CMakeFiles/ros_gz_interfaces__rosidl_generator_py.dir/rosidl_generator_py/ros_gz_interfaces/msg/_logical_camera_image_model_s.c.o[K
[11.281s] [254/276] Building C object CMakeFiles/ros_gz_interfaces__rosidl_generator_py.dir/rosidl_generator_py/ros_gz_interfaces/msg/_world_reset_s.c.o[K
[11.281s] [255/276] Building C object CMakeFiles/ros_gz_interfaces__rosidl_generator_py.dir/rosidl_generator_py/ros_gz_interfaces/msg/_altimeter_s.c.o[K
[11.281s] [256/276] Building C object CMakeFiles/ros_gz_interfaces__rosidl_generator_py.dir/rosidl_generator_py/ros_gz_interfaces/srv/_delete_entity_s.c.o[K
[11.281s] [257/276] Building C object CMakeFiles/ros_gz_interfaces__rosidl_generator_py.dir/rosidl_generator_py/ros_gz_interfaces/msg/_float32_array_s.c.o[K
[11.286s] [258/276] Building C object CMakeFiles/ros_gz_interfaces__rosidl_generator_py.dir/rosidl_generator_py/ros_gz_interfaces/msg/_entity_s.c.o[K
[11.286s] [259/276] Building C object CMakeFiles/ros_gz_interfaces__rosidl_generator_py.dir/rosidl_generator_py/ros_gz_interfaces/msg/_contacts_s.c.o[K
[11.287s] [260/276] Building C object CMakeFiles/ros_gz_interfaces__rosidl_generator_py.dir/rosidl_generator_py/ros_gz_interfaces/msg/_entity_wrench_s.c.o[K
[11.287s] [261/276] Building C object CMakeFiles/ros_gz_interfaces__rosidl_generator_py.dir/rosidl_generator_py/ros_gz_interfaces/msg/_joint_wrench_s.c.o[K
[11.288s] [262/276] Building C object CMakeFiles/ros_gz_interfaces__rosidl_generator_py.dir/rosidl_generator_py/ros_gz_interfaces/msg/_logical_camera_image_s.c.o[K
[11.289s] [263/276] Building C object CMakeFiles/ros_gz_interfaces__rosidl_generator_py.dir/rosidl_generator_py/ros_gz_interfaces/msg/_material_color_s.c.o[K
[11.290s] [264/276] Building C object CMakeFiles/ros_gz_interfaces__rosidl_generator_py.dir/rosidl_generator_py/ros_gz_interfaces/msg/_gui_camera_s.c.o[K
[11.292s] [265/276] Building C object CMakeFiles/ros_gz_interfaces__rosidl_generator_py.dir/rosidl_generator_py/ros_gz_interfaces/msg/_entity_factory_s.c.o[K
[11.295s] [266/276] Building C object CMakeFiles/ros_gz_interfaces__rosidl_generator_py.dir/rosidl_generator_py/ros_gz_interfaces/srv/_control_world_s.c.o[K
[11.303s] [267/276] Building C object CMakeFiles/ros_gz_interfaces__rosidl_generator_py.dir/rosidl_generator_py/ros_gz_interfaces/msg/_dataframe_s.c.o[K
[11.307s] [268/276] Building C object CMakeFiles/ros_gz_interfaces__rosidl_generator_py.dir/rosidl_generator_py/ros_gz_interfaces/msg/_light_s.c.o[K
[11.307s] [269/276] Building C object CMakeFiles/ros_gz_interfaces__rosidl_generator_py.dir/rosidl_generator_py/ros_gz_interfaces/msg/_contact_s.c.o[K
[11.331s] [269/276] Linking C shared library libros_gz_interfaces__rosidl_generator_py.so[K
[11.338s] [270/276] Building C object CMakeFiles/ros_gz_interfaces_s__rosidl_typesupport_introspection_c.dir/rosidl_generator_py/ros_gz_interfaces/_ros_gz_interfaces_s.ep.rosidl_typesupport_introspection_c.c.o[K
[11.338s] [271/276] Linking C shared library libros_gz_interfaces__rosidl_generator_py.so[K
[11.346s] [271/276] Linking C shared module rosidl_generator_py/ros_gz_interfaces/ros_gz_interfaces_s__rosidl_typesupport_introspection_c.so[K
[11.346s] [272/276] Building C object CMakeFiles/ros_gz_interfaces_s__rosidl_typesupport_c.dir/rosidl_generator_py/ros_gz_interfaces/_ros_gz_interfaces_s.ep.rosidl_typesupport_c.c.o[K
[11.347s] [272/276] Linking C shared module rosidl_generator_py/ros_gz_interfaces/ros_gz_interfaces_s__rosidl_typesupport_c.so[K
[11.347s] [273/276] Building C object CMakeFiles/ros_gz_interfaces_s__rosidl_typesupport_fastrtps_c.dir/rosidl_generator_py/ros_gz_interfaces/_ros_gz_interfaces_s.ep.rosidl_typesupport_fastrtps_c.c.o[K
[11.351s] [273/276] Linking C shared module rosidl_generator_py/ros_gz_interfaces/ros_gz_interfaces_s__rosidl_typesupport_fastrtps_c.so[K
[11.358s] [274/276] Linking C shared module rosidl_generator_py/ros_gz_interfaces/ros_gz_interfaces_s__rosidl_typesupport_introspection_c.so[K
[11.363s] [275/276] Linking C shared module rosidl_generator_py/ros_gz_interfaces/ros_gz_interfaces_s__rosidl_typesupport_c.so[K
[11.363s] [276/276] Linking C shared module rosidl_generator_py/ros_gz_interfaces/ros_gz_interfaces_s__rosidl_typesupport_fastrtps_c.so[K
[11.365s] Invoked command in '/home/cyberkanjousen/CLionProjects/ROS2_1/build/ros_gz_interfaces' returned '0': CMAKE_PREFIX_PATH=${CMAKE_PREFIX_PATH}:/opt/ros/jazzy DEBUGINFOD_URLS=https://debuginfod.ubuntu.com /usr/bin/cmake --build /home/cyberkanjousen/CLionProjects/ROS2_1/build/ros_gz_interfaces -- -j32 -l32
[11.366s] Invoking command in '/home/cyberkanjousen/CLionProjects/ROS2_1/build/ros_gz_interfaces': CMAKE_PREFIX_PATH=${CMAKE_PREFIX_PATH}:/opt/ros/jazzy DEBUGINFOD_URLS=https://debuginfod.ubuntu.com /usr/bin/cmake --install /home/cyberkanjousen/CLionProjects/ROS2_1/build/ros_gz_interfaces
[11.375s] -- Install configuration: ""
[11.376s] -- Installing: /home/cyberkanjousen/CLionProjects/ROS2_1/install/ros_gz_interfaces/share/ament_index/resource_index/rosidl_interfaces/ros_gz_interfaces
[11.376s] -- Installing: /home/cyberkanjousen/CLionProjects/ROS2_1/install/ros_gz_interfaces/share/ros_gz_interfaces/msg/Altimeter.json
[11.376s] -- Installing: /home/cyberkanjousen/CLionProjects/ROS2_1/install/ros_gz_interfaces/share/ros_gz_interfaces/msg/Contact.json
[11.376s] -- Installing: /home/cyberkanjousen/CLionProjects/ROS2_1/install/ros_gz_interfaces/share/ros_gz_interfaces/msg/Contacts.json
[11.376s] -- Installing: /home/cyberkanjousen/CLionProjects/ROS2_1/install/ros_gz_interfaces/share/ros_gz_interfaces/msg/Dataframe.json
[11.376s] -- Installing: /home/cyberkanjousen/CLionProjects/ROS2_1/install/ros_gz_interfaces/share/ros_gz_interfaces/msg/Entity.json
[11.376s] -- Installing: /home/cyberkanjousen/CLionProjects/ROS2_1/install/ros_gz_interfaces/share/ros_gz_interfaces/msg/EntityFactory.json
[11.377s] -- Installing: /home/cyberkanjousen/CLionProjects/ROS2_1/install/ros_gz_interfaces/share/ros_gz_interfaces/msg/EntityWrench.json
[11.377s] -- Installing: /home/cyberkanjousen/CLionProjects/ROS2_1/install/ros_gz_interfaces/share/ros_gz_interfaces/msg/Float32Array.json
[11.377s] -- Installing: /home/cyberkanjousen/CLionProjects/ROS2_1/install/ros_gz_interfaces/share/ros_gz_interfaces/msg/GuiCamera.json
[11.377s] -- Installing: /home/cyberkanjousen/CLionProjects/ROS2_1/install/ros_gz_interfaces/share/ros_gz_interfaces/msg/JointWrench.json
[11.377s] -- Installing: /home/cyberkanjousen/CLionProjects/ROS2_1/install/ros_gz_interfaces/share/ros_gz_interfaces/msg/Light.json
[11.378s] -- Installing: /home/cyberkanjousen/CLionProjects/ROS2_1/install/ros_gz_interfaces/share/ros_gz_interfaces/msg/LogicalCameraImage.json
[11.378s] -- Installing: /home/cyberkanjousen/CLionProjects/ROS2_1/install/ros_gz_interfaces/share/ros_gz_interfaces/msg/LogicalCameraImageModel.json
[11.378s] -- Installing: /home/cyberkanjousen/CLionProjects/ROS2_1/install/ros_gz_interfaces/share/ros_gz_interfaces/msg/MaterialColor.json
[11.378s] -- Installing: /home/cyberkanjousen/CLionProjects/ROS2_1/install/ros_gz_interfaces/share/ros_gz_interfaces/msg/ParamVec.json
[11.378s] -- Installing: /home/cyberkanjousen/CLionProjects/ROS2_1/install/ros_gz_interfaces/share/ros_gz_interfaces/msg/SensorNoise.json
[11.379s] -- Installing: /home/cyberkanjousen/CLionProjects/ROS2_1/install/ros_gz_interfaces/share/ros_gz_interfaces/msg/StringVec.json
[11.379s] -- Installing: /home/cyberkanjousen/CLionProjects/ROS2_1/install/ros_gz_interfaces/share/ros_gz_interfaces/msg/TrackVisual.json
[11.379s] -- Installing: /home/cyberkanjousen/CLionProjects/ROS2_1/install/ros_gz_interfaces/share/ros_gz_interfaces/msg/VideoRecord.json
[11.379s] -- Installing: /home/cyberkanjousen/CLionProjects/ROS2_1/install/ros_gz_interfaces/share/ros_gz_interfaces/msg/WorldControl.json
[11.380s] -- Installing: /home/cyberkanjousen/CLionProjects/ROS2_1/install/ros_gz_interfaces/share/ros_gz_interfaces/msg/WorldReset.json
[11.380s] -- Installing: /home/cyberkanjousen/CLionProjects/ROS2_1/install/ros_gz_interfaces/share/ros_gz_interfaces/srv/ControlWorld.json
[11.380s] -- Installing: /home/cyberkanjousen/CLionProjects/ROS2_1/install/ros_gz_interfaces/share/ros_gz_interfaces/srv/DeleteEntity.json
[11.380s] -- Installing: /home/cyberkanjousen/CLionProjects/ROS2_1/install/ros_gz_interfaces/share/ros_gz_interfaces/srv/SetEntityPose.json
[11.380s] -- Installing: /home/cyberkanjousen/CLionProjects/ROS2_1/install/ros_gz_interfaces/share/ros_gz_interfaces/srv/SpawnEntity.json
[11.380s] -- Up-to-date: /home/cyberkanjousen/CLionProjects/ROS2_1/install/ros_gz_interfaces/include/ros_gz_interfaces/ros_gz_interfaces
[11.380s] -- Up-to-date: /home/cyberkanjousen/CLionProjects/ROS2_1/install/ros_gz_interfaces/include/ros_gz_interfaces/ros_gz_interfaces/msg
[11.381s] -- Installing: /home/cyberkanjousen/CLionProjects/ROS2_1/install/ros_gz_interfaces/include/ros_gz_interfaces/ros_gz_interfaces/msg/altimeter.h
[11.381s] -- Installing: /home/cyberkanjousen/CLionProjects/ROS2_1/install/ros_gz_interfaces/include/ros_gz_interfaces/ros_gz_interfaces/msg/joint_wrench.h
[11.381s] -- Installing: /home/cyberkanjousen/CLionProjects/ROS2_1/install/ros_gz_interfaces/include/ros_gz_interfaces/ros_gz_interfaces/msg/entity_factory.h
[11.381s] -- Installing: /home/cyberkanjousen/CLionProjects/ROS2_1/install/ros_gz_interfaces/include/ros_gz_interfaces/ros_gz_interfaces/msg/string_vec.h
[11.381s] -- Up-to-date: /home/cyberkanjousen/CLionProjects/ROS2_1/install/ros_gz_interfaces/include/ros_gz_interfaces/ros_gz_interfaces/msg/detail
[11.381s] -- Installing: /home/cyberkanjousen/CLionProjects/ROS2_1/install/ros_gz_interfaces/include/ros_gz_interfaces/ros_gz_interfaces/msg/detail/contact__type_support.h
[11.381s] -- Installing: /home/cyberkanjousen/CLionProjects/ROS2_1/install/ros_gz_interfaces/include/ros_gz_interfaces/ros_gz_interfaces/msg/detail/float32_array__description.c
[11.382s] -- Installing: /home/cyberkanjousen/CLionProjects/ROS2_1/install/ros_gz_interfaces/include/ros_gz_interfaces/ros_gz_interfaces/msg/detail/gui_camera__type_support.c
[11.382s] -- Installing: /home/cyberkanjousen/CLionProjects/ROS2_1/install/ros_gz_interfaces/include/ros_gz_interfaces/ros_gz_interfaces/msg/detail/entity__type_support.c
[11.382s] -- Installing: /home/cyberkanjousen/CLionProjects/ROS2_1/install/ros_gz_interfaces/include/ros_gz_interfaces/ros_gz_interfaces/msg/detail/contact__description.c
[11.382s] -- Installing: /home/cyberkanjousen/CLionProjects/ROS2_1/install/ros_gz_interfaces/include/ros_gz_interfaces/ros_gz_interfaces/msg/detail/logical_camera_image_model__type_support.c
[11.382s] -- Installing: /home/cyberkanjousen/CLionProjects/ROS2_1/install/ros_gz_interfaces/include/ros_gz_interfaces/ros_gz_interfaces/msg/detail/world_reset__functions.h
[11.382s] -- Installing: /home/cyberkanjousen/CLionProjects/ROS2_1/install/ros_gz_interfaces/include/ros_gz_interfaces/ros_gz_interfaces/msg/detail/sensor_noise__type_support.h
[11.382s] -- Installing: /home/cyberkanjousen/CLionProjects/ROS2_1/install/ros_gz_interfaces/include/ros_gz_interfaces/ros_gz_interfaces/msg/detail/entity_wrench__functions.c
[11.382s] -- Installing: /home/cyberkanjousen/CLionProjects/ROS2_1/install/ros_gz_interfaces/include/ros_gz_interfaces/ros_gz_interfaces/msg/detail/entity_wrench__functions.h
[11.383s] -- Installing: /home/cyberkanjousen/CLionProjects/ROS2_1/install/ros_gz_interfaces/include/ros_gz_interfaces/ros_gz_interfaces/msg/detail/logical_camera_image__functions.c
[11.383s] -- Installing: /home/cyberkanjousen/CLionProjects/ROS2_1/install/ros_gz_interfaces/include/ros_gz_interfaces/ros_gz_interfaces/msg/detail/track_visual__struct.h
[11.383s] -- Installing: /home/cyberkanjousen/CLionProjects/ROS2_1/install/ros_gz_interfaces/include/ros_gz_interfaces/ros_gz_interfaces/msg/detail/sensor_noise__type_support.c
[11.383s] -- Installing: /home/cyberkanjousen/CLionProjects/ROS2_1/install/ros_gz_interfaces/include/ros_gz_interfaces/ros_gz_interfaces/msg/detail/light__description.c
[11.383s] -- Installing: /home/cyberkanjousen/CLionProjects/ROS2_1/install/ros_gz_interfaces/include/ros_gz_interfaces/ros_gz_interfaces/msg/detail/world_reset__type_support.c
[11.383s] -- Installing: /home/cyberkanjousen/CLionProjects/ROS2_1/install/ros_gz_interfaces/include/ros_gz_interfaces/ros_gz_interfaces/msg/detail/logical_camera_image__functions.h
[11.383s] -- Installing: /home/cyberkanjousen/CLionProjects/ROS2_1/install/ros_gz_interfaces/include/ros_gz_interfaces/ros_gz_interfaces/msg/detail/altimeter__struct.h
[11.383s] -- Installing: /home/cyberkanjousen/CLionProjects/ROS2_1/install/ros_gz_interfaces/include/ros_gz_interfaces/ros_gz_interfaces/msg/detail/joint_wrench__functions.h
[11.384s] -- Installing: /home/cyberkanjousen/CLionProjects/ROS2_1/install/ros_gz_interfaces/include/ros_gz_interfaces/ros_gz_interfaces/msg/detail/light__type_support.h
[11.384s] -- Installing: /home/cyberkanjousen/CLionProjects/ROS2_1/install/ros_gz_interfaces/include/ros_gz_interfaces/ros_gz_interfaces/msg/detail/param_vec__functions.c
[11.384s] -- Installing: /home/cyberkanjousen/CLionProjects/ROS2_1/install/ros_gz_interfaces/include/ros_gz_interfaces/ros_gz_interfaces/msg/detail/world_reset__description.c
[11.384s] -- Installing: /home/cyberkanjousen/CLionProjects/ROS2_1/install/ros_gz_interfaces/include/ros_gz_interfaces/ros_gz_interfaces/msg/detail/joint_wrench__type_support.h
[11.384s] -- Installing: /home/cyberkanjousen/CLionProjects/ROS2_1/install/ros_gz_interfaces/include/ros_gz_interfaces/ros_gz_interfaces/msg/detail/dataframe__type_support.h
[11.384s] -- Installing: /home/cyberkanjousen/CLionProjects/ROS2_1/install/ros_gz_interfaces/include/ros_gz_interfaces/ros_gz_interfaces/msg/detail/logical_camera_image__struct.h
[11.384s] -- Installing: /home/cyberkanjousen/CLionProjects/ROS2_1/install/ros_gz_interfaces/include/ros_gz_interfaces/ros_gz_interfaces/msg/detail/string_vec__type_support.c
[11.384s] -- Installing: /home/cyberkanjousen/CLionProjects/ROS2_1/install/ros_gz_interfaces/include/ros_gz_interfaces/ros_gz_interfaces/msg/detail/entity_wrench__type_support.h
[11.384s] -- Installing: /home/cyberkanjousen/CLionProjects/ROS2_1/install/ros_gz_interfaces/include/ros_gz_interfaces/ros_gz_interfaces/msg/detail/float32_array__type_support.h
[11.385s] -- Installing: /home/cyberkanjousen/CLionProjects/ROS2_1/install/ros_gz_interfaces/include/ros_gz_interfaces/ros_gz_interfaces/msg/detail/param_vec__functions.h
[11.385s] -- Installing: /home/cyberkanjousen/CLionProjects/ROS2_1/install/ros_gz_interfaces/include/ros_gz_interfaces/ros_gz_interfaces/msg/detail/material_color__functions.h
[11.385s] -- Installing: /home/cyberkanjousen/CLionProjects/ROS2_1/install/ros_gz_interfaces/include/ros_gz_interfaces/ros_gz_interfaces/msg/detail/logical_camera_image__type_support.c
[11.385s] -- Installing: /home/cyberkanjousen/CLionProjects/ROS2_1/install/ros_gz_interfaces/include/ros_gz_interfaces/ros_gz_interfaces/msg/detail/material_color__description.c
[11.385s] -- Installing: /home/cyberkanjousen/CLionProjects/ROS2_1/install/ros_gz_interfaces/include/ros_gz_interfaces/ros_gz_interfaces/msg/detail/dataframe__struct.h
[11.385s] -- Installing: /home/cyberkanjousen/CLionProjects/ROS2_1/install/ros_gz_interfaces/include/ros_gz_interfaces/ros_gz_interfaces/msg/detail/entity__type_support.h
[11.385s] -- Installing: /home/cyberkanjousen/CLionProjects/ROS2_1/install/ros_gz_interfaces/include/ros_gz_interfaces/ros_gz_interfaces/msg/detail/track_visual__description.c
[11.385s] -- Installing: /home/cyberkanjousen/CLionProjects/ROS2_1/install/ros_gz_interfaces/include/ros_gz_interfaces/ros_gz_interfaces/msg/detail/param_vec__description.c
[11.385s] -- Installing: /home/cyberkanjousen/CLionProjects/ROS2_1/install/ros_gz_interfaces/include/ros_gz_interfaces/ros_gz_interfaces/msg/detail/entity_factory__type_support.h
[11.385s] -- Installing: /home/cyberkanjousen/CLionProjects/ROS2_1/install/ros_gz_interfaces/include/ros_gz_interfaces/ros_gz_interfaces/msg/detail/logical_camera_image__type_support.h
[11.385s] -- Installing: /home/cyberkanjousen/CLionProjects/ROS2_1/install/ros_gz_interfaces/include/ros_gz_interfaces/ros_gz_interfaces/msg/detail/entity__functions.c
[11.385s] -- Installing: /home/cyberkanjousen/CLionProjects/ROS2_1/install/ros_gz_interfaces/include/ros_gz_interfaces/ros_gz_interfaces/msg/detail/world_reset__functions.c
[11.385s] -- Installing: /home/cyberkanjousen/CLionProjects/ROS2_1/install/ros_gz_interfaces/include/ros_gz_interfaces/ros_gz_interfaces/msg/detail/logical_camera_image_model__struct.h
[11.385s] -- Installing: /home/cyberkanjousen/CLionProjects/ROS2_1/install/ros_gz_interfaces/include/ros_gz_interfaces/ros_gz_interfaces/msg/detail/string_vec__functions.h
[11.385s] -- Installing: /home/cyberkanjousen/CLionProjects/ROS2_1/install/ros_gz_interfaces/include/ros_gz_interfaces/ros_gz_interfaces/msg/detail/float32_array__type_support.c
[11.386s] -- Installing: /home/cyberkanjousen/CLionProjects/ROS2_1/install/ros_gz_interfaces/include/ros_gz_interfaces/ros_gz_interfaces/msg/detail/altimeter__type_support.c
[11.386s] -- Installing: /home/cyberkanjousen/CLionProjects/ROS2_1/install/ros_gz_interfaces/include/ros_gz_interfaces/ros_gz_interfaces/msg/detail/sensor_noise__description.c
[11.386s] -- Installing: /home/cyberkanjousen/CLionProjects/ROS2_1/install/ros_gz_interfaces/include/ros_gz_interfaces/ros_gz_interfaces/msg/detail/contacts__type_support.h
[11.386s] -- Installing: /home/cyberkanjousen/CLionProjects/ROS2_1/install/ros_gz_interfaces/include/ros_gz_interfaces/ros_gz_interfaces/msg/detail/contact__struct.h
[11.386s] -- Installing: /home/cyberkanjousen/CLionProjects/ROS2_1/install/ros_gz_interfaces/include/ros_gz_interfaces/ros_gz_interfaces/msg/detail/video_record__type_support.h
[11.386s] -- Installing: /home/cyberkanjousen/CLionProjects/ROS2_1/install/ros_gz_interfaces/include/ros_gz_interfaces/ros_gz_interfaces/msg/detail/contact__functions.h
[11.386s] -- Installing: /home/cyberkanjousen/CLionProjects/ROS2_1/install/ros_gz_interfaces/include/ros_gz_interfaces/ros_gz_interfaces/msg/detail/logical_camera_image__description.c
[11.386s] -- Installing: /home/cyberkanjousen/CLionProjects/ROS2_1/install/ros_gz_interfaces/include/ros_gz_interfaces/ros_gz_interfaces/msg/detail/logical_camera_image_model__type_support.h
[11.386s] -- Installing: /home/cyberkanjousen/CLionProjects/ROS2_1/install/ros_gz_interfaces/include/ros_gz_interfaces/ros_gz_interfaces/msg/detail/material_color__type_support.h
[11.386s] -- Installing: /home/cyberkanjousen/CLionProjects/ROS2_1/install/ros_gz_interfaces/include/ros_gz_interfaces/ros_gz_interfaces/msg/detail/gui_camera__struct.h
[11.386s] -- Installing: /home/cyberkanjousen/CLionProjects/ROS2_1/install/ros_gz_interfaces/include/ros_gz_interfaces/ros_gz_interfaces/msg/detail/world_control__type_support.h
[11.386s] -- Installing: /home/cyberkanjousen/CLionProjects/ROS2_1/install/ros_gz_interfaces/include/ros_gz_interfaces/ros_gz_interfaces/msg/detail/contacts__struct.h
[11.386s] -- Installing: /home/cyberkanjousen/CLionProjects/ROS2_1/install/ros_gz_interfaces/include/ros_gz_interfaces/ros_gz_interfaces/msg/detail/param_vec__type_support.c
[11.387s] -- Installing: /home/cyberkanjousen/CLionProjects/ROS2_1/install/ros_gz_interfaces/include/ros_gz_interfaces/ros_gz_interfaces/msg/detail/dataframe__description.c
[11.387s] -- Installing: /home/cyberkanjousen/CLionProjects/ROS2_1/install/ros_gz_interfaces/include/ros_gz_interfaces/ros_gz_interfaces/msg/detail/world_reset__struct.h
[11.387s] -- Installing: /home/cyberkanjousen/CLionProjects/ROS2_1/install/ros_gz_interfaces/include/ros_gz_interfaces/ros_gz_interfaces/msg/detail/dataframe__type_support.c
[11.387s] -- Installing: /home/cyberkanjousen/CLionProjects/ROS2_1/install/ros_gz_interfaces/include/ros_gz_interfaces/ros_gz_interfaces/msg/detail/world_control__struct.h
[11.387s] -- Installing: /home/cyberkanjousen/CLionProjects/ROS2_1/install/ros_gz_interfaces/include/ros_gz_interfaces/ros_gz_interfaces/msg/detail/world_control__functions.h
[11.387s] -- Installing: /home/cyberkanjousen/CLionProjects/ROS2_1/install/ros_gz_interfaces/include/ros_gz_interfaces/ros_gz_interfaces/msg/detail/world_reset__type_support.h
[11.387s] -- Installing: /home/cyberkanjousen/CLionProjects/ROS2_1/install/ros_gz_interfaces/include/ros_gz_interfaces/ros_gz_interfaces/msg/detail/entity_factory__functions.h
[11.387s] -- Installing: /home/cyberkanjousen/CLionProjects/ROS2_1/install/ros_gz_interfaces/include/ros_gz_interfaces/ros_gz_interfaces/msg/detail/entity_wrench__type_support.c
[11.387s] -- Installing: /home/cyberkanjousen/CLionProjects/ROS2_1/install/ros_gz_interfaces/include/ros_gz_interfaces/ros_gz_interfaces/msg/detail/track_visual__functions.h
[11.387s] -- Installing: /home/cyberkanjousen/CLionProjects/ROS2_1/install/ros_gz_interfaces/include/ros_gz_interfaces/ros_gz_interfaces/msg/detail/video_record__functions.c
[11.387s] -- Installing: /home/cyberkanjousen/CLionProjects/ROS2_1/install/ros_gz_interfaces/include/ros_gz_interfaces/ros_gz_interfaces/msg/detail/world_control__type_support.c
[11.387s] -- Installing: /home/cyberkanjousen/CLionProjects/ROS2_1/install/ros_gz_interfaces/include/ros_gz_interfaces/ros_gz_interfaces/msg/detail/joint_wrench__functions.c
[11.387s] -- Installing: /home/cyberkanjousen/CLionProjects/ROS2_1/install/ros_gz_interfaces/include/ros_gz_interfaces/ros_gz_interfaces/msg/detail/entity_factory__functions.c
[11.387s] -- Installing: /home/cyberkanjousen/CLionProjects/ROS2_1/install/ros_gz_interfaces/include/ros_gz_interfaces/ros_gz_interfaces/msg/detail/joint_wrench__description.c
[11.387s] -- Installing: /home/cyberkanjousen/CLionProjects/ROS2_1/install/ros_gz_interfaces/include/ros_gz_interfaces/ros_gz_interfaces/msg/detail/entity__struct.h
[11.387s] -- Installing: /home/cyberkanjousen/CLionProjects/ROS2_1/install/ros_gz_interfaces/include/ros_gz_interfaces/ros_gz_interfaces/msg/detail/video_record__type_support.c
[11.388s] -- Installing: /home/cyberkanjousen/CLionProjects/ROS2_1/install/ros_gz_interfaces/include/ros_gz_interfaces/ros_gz_interfaces/msg/detail/gui_camera__description.c
[11.388s] -- Installing: /home/cyberkanjousen/CLionProjects/ROS2_1/install/ros_gz_interfaces/include/ros_gz_interfaces/ros_gz_interfaces/msg/detail/param_vec__type_support.h
[11.388s] -- Installing: /home/cyberkanjousen/CLionProjects/ROS2_1/install/ros_gz_interfaces/include/ros_gz_interfaces/ros_gz_interfaces/msg/detail/light__struct.h
[11.388s] -- Installing: /home/cyberkanjousen/CLionProjects/ROS2_1/install/ros_gz_interfaces/include/ros_gz_interfaces/ros_gz_interfaces/msg/detail/world_control__functions.c
[11.388s] -- Installing: /home/cyberkanjousen/CLionProjects/ROS2_1/install/ros_gz_interfaces/include/ros_gz_interfaces/ros_gz_interfaces/msg/detail/light__type_support.c
[11.388s] -- Installing: /home/cyberkanjousen/CLionProjects/ROS2_1/install/ros_gz_interfaces/include/ros_gz_interfaces/ros_gz_interfaces/msg/detail/entity_factory__description.c
[11.388s] -- Installing: /home/cyberkanjousen/CLionProjects/ROS2_1/install/ros_gz_interfaces/include/ros_gz_interfaces/ros_gz_interfaces/msg/detail/sensor_noise__struct.h
[11.388s] -- Installing: /home/cyberkanjousen/CLionProjects/ROS2_1/install/ros_gz_interfaces/include/ros_gz_interfaces/ros_gz_interfaces/msg/detail/float32_array__functions.c
[11.388s] -- Installing: /home/cyberkanjousen/CLionProjects/ROS2_1/install/ros_gz_interfaces/include/ros_gz_interfaces/ros_gz_interfaces/msg/detail/param_vec__struct.h
[11.388s] -- Installing: /home/cyberkanjousen/CLionProjects/ROS2_1/install/ros_gz_interfaces/include/ros_gz_interfaces/ros_gz_interfaces/msg/detail/contacts__description.c
[11.388s] -- Installing: /home/cyberkanjousen/CLionProjects/ROS2_1/install/ros_gz_interfaces/include/ros_gz_interfaces/ros_gz_interfaces/msg/detail/entity_factory__struct.h
[11.388s] -- Installing: /home/cyberkanjousen/CLionProjects/ROS2_1/install/ros_gz_interfaces/include/ros_gz_interfaces/ros_gz_interfaces/msg/detail/sensor_noise__functions.h
[11.388s] -- Installing: /home/cyberkanjousen/CLionProjects/ROS2_1/install/ros_gz_interfaces/include/ros_gz_interfaces/ros_gz_interfaces/msg/detail/material_color__struct.h
[11.388s] -- Installing: /home/cyberkanjousen/CLionProjects/ROS2_1/install/ros_gz_interfaces/include/ros_gz_interfaces/ros_gz_interfaces/msg/detail/track_visual__type_support.c
[11.389s] -- Installing: /home/cyberkanjousen/CLionProjects/ROS2_1/install/ros_gz_interfaces/include/ros_gz_interfaces/ros_gz_interfaces/msg/detail/dataframe__functions.h
[11.389s] -- Installing: /home/cyberkanjousen/CLionProjects/ROS2_1/install/ros_gz_interfaces/include/ros_gz_interfaces/ros_gz_interfaces/msg/detail/contact__functions.c
[11.389s] -- Installing: /home/cyberkanjousen/CLionProjects/ROS2_1/install/ros_gz_interfaces/include/ros_gz_interfaces/ros_gz_interfaces/msg/detail/float32_array__functions.h
[11.389s] -- Installing: /home/cyberkanjousen/CLionProjects/ROS2_1/install/ros_gz_interfaces/include/ros_gz_interfaces/ros_gz_interfaces/msg/detail/string_vec__functions.c
[11.389s] -- Installing: /home/cyberkanjousen/CLionProjects/ROS2_1/install/ros_gz_interfaces/include/ros_gz_interfaces/ros_gz_interfaces/msg/detail/track_visual__functions.c
[11.389s] -- Installing: /home/cyberkanjousen/CLionProjects/ROS2_1/install/ros_gz_interfaces/include/ros_gz_interfaces/ros_gz_interfaces/msg/detail/altimeter__type_support.h
[11.389s] -- Installing: /home/cyberkanjousen/CLionProjects/ROS2_1/install/ros_gz_interfaces/include/ros_gz_interfaces/ros_gz_interfaces/msg/detail/video_record__functions.h
[11.389s] -- Installing: /home/cyberkanjousen/CLionProjects/ROS2_1/install/ros_gz_interfaces/include/ros_gz_interfaces/ros_gz_interfaces/msg/detail/float32_array__struct.h
[11.389s] -- Installing: /home/cyberkanjousen/CLionProjects/ROS2_1/install/ros_gz_interfaces/include/ros_gz_interfaces/ros_gz_interfaces/msg/detail/entity_wrench__struct.h
[11.389s] -- Installing: /home/cyberkanjousen/CLionProjects/ROS2_1/install/ros_gz_interfaces/include/ros_gz_interfaces/ros_gz_interfaces/msg/detail/world_control__description.c
[11.389s] -- Installing: /home/cyberkanjousen/CLionProjects/ROS2_1/install/ros_gz_interfaces/include/ros_gz_interfaces/ros_gz_interfaces/msg/detail/contacts__type_support.c
[11.389s] -- Installing: /home/cyberkanjousen/CLionProjects/ROS2_1/install/ros_gz_interfaces/include/ros_gz_interfaces/ros_gz_interfaces/msg/detail/contact__type_support.c
[11.389s] -- Installing: /home/cyberkanjousen/CLionProjects/ROS2_1/install/ros_gz_interfaces/include/ros_gz_interfaces/ros_gz_interfaces/msg/detail/logical_camera_image_model__functions.h
[11.389s] -- Installing: /home/cyberkanjousen/CLionProjects/ROS2_1/install/ros_gz_interfaces/include/ros_gz_interfaces/ros_gz_interfaces/msg/detail/joint_wrench__type_support.c
[11.390s] -- Installing: /home/cyberkanjousen/CLionProjects/ROS2_1/install/ros_gz_interfaces/include/ros_gz_interfaces/ros_gz_interfaces/msg/detail/contacts__functions.c
[11.390s] -- Installing: /home/cyberkanjousen/CLionProjects/ROS2_1/install/ros_gz_interfaces/include/ros_gz_interfaces/ros_gz_interfaces/msg/detail/string_vec__struct.h
[11.390s] -- Installing: /home/cyberkanjousen/CLionProjects/ROS2_1/install/ros_gz_interfaces/include/ros_gz_interfaces/ros_gz_interfaces/msg/detail/gui_camera__type_support.h
[11.390s] -- Installing: /home/cyberkanjousen/CLionProjects/ROS2_1/install/ros_gz_interfaces/include/ros_gz_interfaces/ros_gz_interfaces/msg/detail/entity__functions.h
[11.390s] -- Installing: /home/cyberkanjousen/CLionProjects/ROS2_1/install/ros_gz_interfaces/include/ros_gz_interfaces/ros_gz_interfaces/msg/detail/entity__description.c
[11.390s] -- Installing: /home/cyberkanjousen/CLionProjects/ROS2_1/install/ros_gz_interfaces/include/ros_gz_interfaces/ros_gz_interfaces/msg/detail/entity_wrench__description.c
[11.390s] -- Installing: /home/cyberkanjousen/CLionProjects/ROS2_1/install/ros_gz_interfaces/include/ros_gz_interfaces/ros_gz_interfaces/msg/detail/sensor_noise__functions.c
[11.390s] -- Installing: /home/cyberkanjousen/CLionProjects/ROS2_1/install/ros_gz_interfaces/include/ros_gz_interfaces/ros_gz_interfaces/msg/detail/light__functions.c
[11.390s] -- Installing: /home/cyberkanjousen/CLionProjects/ROS2_1/install/ros_gz_interfaces/include/ros_gz_interfaces/ros_gz_interfaces/msg/detail/altimeter__functions.h
[11.390s] -- Installing: /home/cyberkanjousen/CLionProjects/ROS2_1/install/ros_gz_interfaces/include/ros_gz_interfaces/ros_gz_interfaces/msg/detail/track_visual__type_support.h
[11.390s] -- Installing: /home/cyberkanjousen/CLionProjects/ROS2_1/install/ros_gz_interfaces/include/ros_gz_interfaces/ros_gz_interfaces/msg/detail/dataframe__functions.c
[11.390s] -- Installing: /home/cyberkanjousen/CLionProjects/ROS2_1/install/ros_gz_interfaces/include/ros_gz_interfaces/ros_gz_interfaces/msg/detail/logical_camera_image_model__description.c
[11.390s] -- Installing: /home/cyberkanjousen/CLionProjects/ROS2_1/install/ros_gz_interfaces/include/ros_gz_interfaces/ros_gz_interfaces/msg/detail/joint_wrench__struct.h
[11.390s] -- Installing: /home/cyberkanjousen/CLionProjects/ROS2_1/install/ros_gz_interfaces/include/ros_gz_interfaces/ros_gz_interfaces/msg/detail/altimeter__functions.c
[11.391s] -- Installing: /home/cyberkanjousen/CLionProjects/ROS2_1/install/ros_gz_interfaces/include/ros_gz_interfaces/ros_gz_interfaces/msg/detail/video_record__struct.h
[11.391s] -- Installing: /home/cyberkanjousen/CLionProjects/ROS2_1/install/ros_gz_interfaces/include/ros_gz_interfaces/ros_gz_interfaces/msg/detail/entity_factory__type_support.c
[11.391s] -- Installing: /home/cyberkanjousen/CLionProjects/ROS2_1/install/ros_gz_interfaces/include/ros_gz_interfaces/ros_gz_interfaces/msg/detail/logical_camera_image_model__functions.c
[11.391s] -- Installing: /home/cyberkanjousen/CLionProjects/ROS2_1/install/ros_gz_interfaces/include/ros_gz_interfaces/ros_gz_interfaces/msg/detail/string_vec__description.c
[11.391s] -- Installing: /home/cyberkanjousen/CLionProjects/ROS2_1/install/ros_gz_interfaces/include/ros_gz_interfaces/ros_gz_interfaces/msg/detail/contacts__functions.h
[11.391s] -- Installing: /home/cyberkanjousen/CLionProjects/ROS2_1/install/ros_gz_interfaces/include/ros_gz_interfaces/ros_gz_interfaces/msg/detail/material_color__functions.c
[11.391s] -- Installing: /home/cyberkanjousen/CLionProjects/ROS2_1/install/ros_gz_interfaces/include/ros_gz_interfaces/ros_gz_interfaces/msg/detail/light__functions.h
[11.391s] -- Installing: /home/cyberkanjousen/CLionProjects/ROS2_1/install/ros_gz_interfaces/include/ros_gz_interfaces/ros_gz_interfaces/msg/detail/gui_camera__functions.h
[11.391s] -- Installing: /home/cyberkanjousen/CLionProjects/ROS2_1/install/ros_gz_interfaces/include/ros_gz_interfaces/ros_gz_interfaces/msg/detail/video_record__description.c
[11.391s] -- Installing: /home/cyberkanjousen/CLionProjects/ROS2_1/install/ros_gz_interfaces/include/ros_gz_interfaces/ros_gz_interfaces/msg/detail/material_color__type_support.c
[11.391s] -- Installing: /home/cyberkanjousen/CLionProjects/ROS2_1/install/ros_gz_interfaces/include/ros_gz_interfaces/ros_gz_interfaces/msg/detail/altimeter__description.c
[11.391s] -- Installing: /home/cyberkanjousen/CLionProjects/ROS2_1/install/ros_gz_interfaces/include/ros_gz_interfaces/ros_gz_interfaces/msg/detail/string_vec__type_support.h
[11.391s] -- Installing: /home/cyberkanjousen/CLionProjects/ROS2_1/install/ros_gz_interfaces/include/ros_gz_interfaces/ros_gz_interfaces/msg/detail/gui_camera__functions.c
[11.391s] -- Installing: /home/cyberkanjousen/CLionProjects/ROS2_1/install/ros_gz_interfaces/include/ros_gz_interfaces/ros_gz_interfaces/msg/entity_wrench.h
[11.392s] -- Installing: /home/cyberkanjousen/CLionProjects/ROS2_1/install/ros_gz_interfaces/include/ros_gz_interfaces/ros_gz_interfaces/msg/float32_array.h
[11.392s] -- Installing: /home/cyberkanjousen/CLionProjects/ROS2_1/install/ros_gz_interfaces/include/ros_gz_interfaces/ros_gz_interfaces/msg/logical_camera_image_model.h
[11.392s] -- Installing: /home/cyberkanjousen/CLionProjects/ROS2_1/install/ros_gz_interfaces/include/ros_gz_interfaces/ros_gz_interfaces/msg/sensor_noise.h
[11.392s] -- Installing: /home/cyberkanjousen/CLionProjects/ROS2_1/install/ros_gz_interfaces/include/ros_gz_interfaces/ros_gz_interfaces/msg/world_reset.h
[11.392s] -- Installing: /home/cyberkanjousen/CLionProjects/ROS2_1/install/ros_gz_interfaces/include/ros_gz_interfaces/ros_gz_interfaces/msg/rosidl_generator_c__visibility_control.h
[11.392s] -- Installing: /home/cyberkanjousen/CLionProjects/ROS2_1/install/ros_gz_interfaces/include/ros_gz_interfaces/ros_gz_interfaces/msg/dataframe.h
[11.392s] -- Installing: /home/cyberkanjousen/CLionProjects/ROS2_1/install/ros_gz_interfaces/include/ros_gz_interfaces/ros_gz_interfaces/msg/track_visual.h
[11.392s] -- Installing: /home/cyberkanjousen/CLionProjects/ROS2_1/install/ros_gz_interfaces/include/ros_gz_interfaces/ros_gz_interfaces/msg/contact.h
[11.392s] -- Installing: /home/cyberkanjousen/CLionProjects/ROS2_1/install/ros_gz_interfaces/include/ros_gz_interfaces/ros_gz_interfaces/msg/video_record.h
[11.392s] -- Installing: /home/cyberkanjousen/CLionProjects/ROS2_1/install/ros_gz_interfaces/include/ros_gz_interfaces/ros_gz_interfaces/msg/contacts.h
[11.392s] -- Installing: /home/cyberkanjousen/CLionProjects/ROS2_1/install/ros_gz_interfaces/include/ros_gz_interfaces/ros_gz_interfaces/msg/gui_camera.h
[11.392s] -- Installing: /home/cyberkanjousen/CLionProjects/ROS2_1/install/ros_gz_interfaces/include/ros_gz_interfaces/ros_gz_interfaces/msg/logical_camera_image.h
[11.392s] -- Installing: /home/cyberkanjousen/CLionProjects/ROS2_1/install/ros_gz_interfaces/include/ros_gz_interfaces/ros_gz_interfaces/msg/param_vec.h
[11.392s] -- Installing: /home/cyberkanjousen/CLionProjects/ROS2_1/install/ros_gz_interfaces/include/ros_gz_interfaces/ros_gz_interfaces/msg/entity.h
[11.392s] -- Installing: /home/cyberkanjousen/CLionProjects/ROS2_1/install/ros_gz_interfaces/include/ros_gz_interfaces/ros_gz_interfaces/msg/material_color.h
[11.393s] -- Installing: /home/cyberkanjousen/CLionProjects/ROS2_1/install/ros_gz_interfaces/include/ros_gz_interfaces/ros_gz_interfaces/msg/world_control.h
[11.393s] -- Installing: /home/cyberkanjousen/CLionProjects/ROS2_1/install/ros_gz_interfaces/include/ros_gz_interfaces/ros_gz_interfaces/msg/light.h
[11.393s] -- Up-to-date: /home/cyberkanjousen/CLionProjects/ROS2_1/install/ros_gz_interfaces/include/ros_gz_interfaces/ros_gz_interfaces/srv
[11.393s] -- Installing: /home/cyberkanjousen/CLionProjects/ROS2_1/install/ros_gz_interfaces/include/ros_gz_interfaces/ros_gz_interfaces/srv/set_entity_pose.h
[11.393s] -- Installing: /home/cyberkanjousen/CLionProjects/ROS2_1/install/ros_gz_interfaces/include/ros_gz_interfaces/ros_gz_interfaces/srv/control_world.h
[11.393s] -- Up-to-date: /home/cyberkanjousen/CLionProjects/ROS2_1/install/ros_gz_interfaces/include/ros_gz_interfaces/ros_gz_interfaces/srv/detail
[11.393s] -- Installing: /home/cyberkanjousen/CLionProjects/ROS2_1/install/ros_gz_interfaces/include/ros_gz_interfaces/ros_gz_interfaces/srv/detail/delete_entity__struct.h
[11.393s] -- Installing: /home/cyberkanjousen/CLionProjects/ROS2_1/install/ros_gz_interfaces/include/ros_gz_interfaces/ros_gz_interfaces/srv/detail/spawn_entity__type_support.c
[11.393s] -- Installing: /home/cyberkanjousen/CLionProjects/ROS2_1/install/ros_gz_interfaces/include/ros_gz_interfaces/ros_gz_interfaces/srv/detail/spawn_entity__type_support.h
[11.393s] -- Installing: /home/cyberkanjousen/CLionProjects/ROS2_1/install/ros_gz_interfaces/include/ros_gz_interfaces/ros_gz_interfaces/srv/detail/control_world__type_support.h
[11.393s] -- Installing: /home/cyberkanjousen/CLionProjects/ROS2_1/install/ros_gz_interfaces/include/ros_gz_interfaces/ros_gz_interfaces/srv/detail/delete_entity__functions.h
[11.393s] -- Installing: /home/cyberkanjousen/CLionProjects/ROS2_1/install/ros_gz_interfaces/include/ros_gz_interfaces/ros_gz_interfaces/srv/detail/delete_entity__description.c
[11.393s] -- Installing: /home/cyberkanjousen/CLionProjects/ROS2_1/install/ros_gz_interfaces/include/ros_gz_interfaces/ros_gz_interfaces/srv/detail/control_world__description.c
[11.393s] -- Installing: /home/cyberkanjousen/CLionProjects/ROS2_1/install/ros_gz_interfaces/include/ros_gz_interfaces/ros_gz_interfaces/srv/detail/spawn_entity__struct.h
[11.393s] -- Installing: /home/cyberkanjousen/CLionProjects/ROS2_1/install/ros_gz_interfaces/include/ros_gz_interfaces/ros_gz_interfaces/srv/detail/control_world__type_support.c
[11.394s] -- Installing: /home/cyberkanjousen/CLionProjects/ROS2_1/install/ros_gz_interfaces/include/ros_gz_interfaces/ros_gz_interfaces/srv/detail/set_entity_pose__type_support.h
[11.394s] -- Installing: /home/cyberkanjousen/CLionProjects/ROS2_1/install/ros_gz_interfaces/include/ros_gz_interfaces/ros_gz_interfaces/srv/detail/delete_entity__type_support.h
[11.394s] -- Installing: /home/cyberkanjousen/CLionProjects/ROS2_1/install/ros_gz_interfaces/include/ros_gz_interfaces/ros_gz_interfaces/srv/detail/set_entity_pose__struct.h
[11.394s] -- Installing: /home/cyberkanjousen/CLionProjects/ROS2_1/install/ros_gz_interfaces/include/ros_gz_interfaces/ros_gz_interfaces/srv/detail/spawn_entity__functions.c
[11.394s] -- Installing: /home/cyberkanjousen/CLionProjects/ROS2_1/install/ros_gz_interfaces/include/ros_gz_interfaces/ros_gz_interfaces/srv/detail/set_entity_pose__functions.c
[11.394s] -- Installing: /home/cyberkanjousen/CLionProjects/ROS2_1/install/ros_gz_interfaces/include/ros_gz_interfaces/ros_gz_interfaces/srv/detail/control_world__functions.h
[11.394s] -- Installing: /home/cyberkanjousen/CLionProjects/ROS2_1/install/ros_gz_interfaces/include/ros_gz_interfaces/ros_gz_interfaces/srv/detail/spawn_entity__description.c
[11.394s] -- Installing: /home/cyberkanjousen/CLionProjects/ROS2_1/install/ros_gz_interfaces/include/ros_gz_interfaces/ros_gz_interfaces/srv/detail/control_world__functions.c
[11.394s] -- Installing: /home/cyberkanjousen/CLionProjects/ROS2_1/install/ros_gz_interfaces/include/ros_gz_interfaces/ros_gz_interfaces/srv/detail/spawn_entity__functions.h
[11.394s] -- Installing: /home/cyberkanjousen/CLionProjects/ROS2_1/install/ros_gz_interfaces/include/ros_gz_interfaces/ros_gz_interfaces/srv/detail/delete_entity__type_support.c
[11.394s] -- Installing: /home/cyberkanjousen/CLionProjects/ROS2_1/install/ros_gz_interfaces/include/ros_gz_interfaces/ros_gz_interfaces/srv/detail/set_entity_pose__description.c
[11.394s] -- Installing: /home/cyberkanjousen/CLionProjects/ROS2_1/install/ros_gz_interfaces/include/ros_gz_interfaces/ros_gz_interfaces/srv/detail/set_entity_pose__type_support.c
[11.394s] -- Installing: /home/cyberkanjousen/CLionProjects/ROS2_1/install/ros_gz_interfaces/include/ros_gz_interfaces/ros_gz_interfaces/srv/detail/control_world__struct.h
[11.395s] -- Installing: /home/cyberkanjousen/CLionProjects/ROS2_1/install/ros_gz_interfaces/include/ros_gz_interfaces/ros_gz_interfaces/srv/detail/delete_entity__functions.c
[11.395s] -- Installing: /home/cyberkanjousen/CLionProjects/ROS2_1/install/ros_gz_interfaces/include/ros_gz_interfaces/ros_gz_interfaces/srv/detail/set_entity_pose__functions.h
[11.395s] -- Installing: /home/cyberkanjousen/CLionProjects/ROS2_1/install/ros_gz_interfaces/include/ros_gz_interfaces/ros_gz_interfaces/srv/spawn_entity.h
[11.395s] -- Installing: /home/cyberkanjousen/CLionProjects/ROS2_1/install/ros_gz_interfaces/include/ros_gz_interfaces/ros_gz_interfaces/srv/delete_entity.h
[11.395s] -- Up-to-date: /home/cyberkanjousen/CLionProjects/ROS2_1/install/ros_gz_interfaces/share/ros_gz_interfaces/environment/library_path.sh
[11.395s] -- Installing: /home/cyberkanjousen/CLionProjects/ROS2_1/install/ros_gz_interfaces/share/ros_gz_interfaces/environment/library_path.dsv
[11.395s] -- Installing: /home/cyberkanjousen/CLionProjects/ROS2_1/install/ros_gz_interfaces/lib/libros_gz_interfaces__rosidl_generator_c.so
[11.396s] -- Set non-toolchain portion of runtime path of "/home/cyberkanjousen/CLionProjects/ROS2_1/install/ros_gz_interfaces/lib/libros_gz_interfaces__rosidl_generator_c.so" to ""
[11.396s] -- Up-to-date: /home/cyberkanjousen/CLionProjects/ROS2_1/install/ros_gz_interfaces/include/ros_gz_interfaces/ros_gz_interfaces
[11.396s] -- Up-to-date: /home/cyberkanjousen/CLionProjects/ROS2_1/install/ros_gz_interfaces/include/ros_gz_interfaces/ros_gz_interfaces/msg
[11.396s] -- Up-to-date: /home/cyberkanjousen/CLionProjects/ROS2_1/install/ros_gz_interfaces/include/ros_gz_interfaces/ros_gz_interfaces/msg/detail
[11.396s] -- Installing: /home/cyberkanjousen/CLionProjects/ROS2_1/install/ros_gz_interfaces/include/ros_gz_interfaces/ros_gz_interfaces/msg/detail/float32_array__rosidl_typesupport_fastrtps_c.h
[11.396s] -- Installing: /home/cyberkanjousen/CLionProjects/ROS2_1/install/ros_gz_interfaces/include/ros_gz_interfaces/ros_gz_interfaces/msg/detail/sensor_noise__rosidl_typesupport_fastrtps_c.h
[11.396s] -- Installing: /home/cyberkanjousen/CLionProjects/ROS2_1/install/ros_gz_interfaces/include/ros_gz_interfaces/ros_gz_interfaces/msg/detail/altimeter__rosidl_typesupport_fastrtps_c.h
[11.396s] -- Installing: /home/cyberkanjousen/CLionProjects/ROS2_1/install/ros_gz_interfaces/include/ros_gz_interfaces/ros_gz_interfaces/msg/detail/contact__rosidl_typesupport_fastrtps_c.h
[11.396s] -- Installing: /home/cyberkanjousen/CLionProjects/ROS2_1/install/ros_gz_interfaces/include/ros_gz_interfaces/ros_gz_interfaces/msg/detail/entity__rosidl_typesupport_fastrtps_c.h
[11.396s] -- Installing: /home/cyberkanjousen/CLionProjects/ROS2_1/install/ros_gz_interfaces/include/ros_gz_interfaces/ros_gz_interfaces/msg/detail/entity_factory__rosidl_typesupport_fastrtps_c.h
[11.396s] -- Installing: /home/cyberkanjousen/CLionProjects/ROS2_1/install/ros_gz_interfaces/include/ros_gz_interfaces/ros_gz_interfaces/msg/detail/string_vec__rosidl_typesupport_fastrtps_c.h
[11.396s] -- Installing: /home/cyberkanjousen/CLionProjects/ROS2_1/install/ros_gz_interfaces/include/ros_gz_interfaces/ros_gz_interfaces/msg/detail/contacts__rosidl_typesupport_fastrtps_c.h
[11.396s] -- Installing: /home/cyberkanjousen/CLionProjects/ROS2_1/install/ros_gz_interfaces/include/ros_gz_interfaces/ros_gz_interfaces/msg/detail/logical_camera_image__rosidl_typesupport_fastrtps_c.h
[11.396s] -- Installing: /home/cyberkanjousen/CLionProjects/ROS2_1/install/ros_gz_interfaces/include/ros_gz_interfaces/ros_gz_interfaces/msg/detail/gui_camera__rosidl_typesupport_fastrtps_c.h
[11.396s] -- Installing: /home/cyberkanjousen/CLionProjects/ROS2_1/install/ros_gz_interfaces/include/ros_gz_interfaces/ros_gz_interfaces/msg/detail/dataframe__rosidl_typesupport_fastrtps_c.h
[11.396s] -- Installing: /home/cyberkanjousen/CLionProjects/ROS2_1/install/ros_gz_interfaces/include/ros_gz_interfaces/ros_gz_interfaces/msg/detail/material_color__rosidl_typesupport_fastrtps_c.h
[11.397s] -- Installing: /home/cyberkanjousen/CLionProjects/ROS2_1/install/ros_gz_interfaces/include/ros_gz_interfaces/ros_gz_interfaces/msg/detail/joint_wrench__rosidl_typesupport_fastrtps_c.h
[11.397s] -- Installing: /home/cyberkanjousen/CLionProjects/ROS2_1/install/ros_gz_interfaces/include/ros_gz_interfaces/ros_gz_interfaces/msg/detail/light__rosidl_typesupport_fastrtps_c.h
[11.397s] -- Installing: /home/cyberkanjousen/CLionProjects/ROS2_1/install/ros_gz_interfaces/include/ros_gz_interfaces/ros_gz_interfaces/msg/detail/world_control__rosidl_typesupport_fastrtps_c.h
[11.397s] -- Installing: /home/cyberkanjousen/CLionProjects/ROS2_1/install/ros_gz_interfaces/include/ros_gz_interfaces/ros_gz_interfaces/msg/detail/entity_wrench__rosidl_typesupport_fastrtps_c.h
[11.397s] -- Installing: /home/cyberkanjousen/CLionProjects/ROS2_1/install/ros_gz_interfaces/include/ros_gz_interfaces/ros_gz_interfaces/msg/detail/world_reset__rosidl_typesupport_fastrtps_c.h
[11.397s] -- Installing: /home/cyberkanjousen/CLionProjects/ROS2_1/install/ros_gz_interfaces/include/ros_gz_interfaces/ros_gz_interfaces/msg/detail/track_visual__rosidl_typesupport_fastrtps_c.h
[11.397s] -- Installing: /home/cyberkanjousen/CLionProjects/ROS2_1/install/ros_gz_interfaces/include/ros_gz_interfaces/ros_gz_interfaces/msg/detail/logical_camera_image_model__rosidl_typesupport_fastrtps_c.h
[11.397s] -- Installing: /home/cyberkanjousen/CLionProjects/ROS2_1/install/ros_gz_interfaces/include/ros_gz_interfaces/ros_gz_interfaces/msg/detail/video_record__rosidl_typesupport_fastrtps_c.h
[11.397s] -- Installing: /home/cyberkanjousen/CLionProjects/ROS2_1/install/ros_gz_interfaces/include/ros_gz_interfaces/ros_gz_interfaces/msg/detail/param_vec__rosidl_typesupport_fastrtps_c.h
[11.397s] -- Installing: /home/cyberkanjousen/CLionProjects/ROS2_1/install/ros_gz_interfaces/include/ros_gz_interfaces/ros_gz_interfaces/msg/rosidl_typesupport_fastrtps_c__visibility_control.h
[11.397s] -- Up-to-date: /home/cyberkanjousen/CLionProjects/ROS2_1/install/ros_gz_interfaces/include/ros_gz_interfaces/ros_gz_interfaces/srv
[11.397s] -- Up-to-date: /home/cyberkanjousen/CLionProjects/ROS2_1/install/ros_gz_interfaces/include/ros_gz_interfaces/ros_gz_interfaces/srv/detail
[11.397s] -- Installing: /home/cyberkanjousen/CLionProjects/ROS2_1/install/ros_gz_interfaces/include/ros_gz_interfaces/ros_gz_interfaces/srv/detail/set_entity_pose__rosidl_typesupport_fastrtps_c.h
[11.397s] -- Installing: /home/cyberkanjousen/CLionProjects/ROS2_1/install/ros_gz_interfaces/include/ros_gz_interfaces/ros_gz_interfaces/srv/detail/spawn_entity__rosidl_typesupport_fastrtps_c.h
[11.397s] -- Installing: /home/cyberkanjousen/CLionProjects/ROS2_1/install/ros_gz_interfaces/include/ros_gz_interfaces/ros_gz_interfaces/srv/detail/control_world__rosidl_typesupport_fastrtps_c.h
[11.398s] -- Installing: /home/cyberkanjousen/CLionProjects/ROS2_1/install/ros_gz_interfaces/include/ros_gz_interfaces/ros_gz_interfaces/srv/detail/delete_entity__rosidl_typesupport_fastrtps_c.h
[11.398s] -- Installing: /home/cyberkanjousen/CLionProjects/ROS2_1/install/ros_gz_interfaces/lib/libros_gz_interfaces__rosidl_typesupport_fastrtps_c.so
[11.398s] -- Set non-toolchain portion of runtime path of "/home/cyberkanjousen/CLionProjects/ROS2_1/install/ros_gz_interfaces/lib/libros_gz_interfaces__rosidl_typesupport_fastrtps_c.so" to ""
[11.398s] -- Up-to-date: /home/cyberkanjousen/CLionProjects/ROS2_1/install/ros_gz_interfaces/include/ros_gz_interfaces/ros_gz_interfaces
[11.398s] -- Up-to-date: /home/cyberkanjousen/CLionProjects/ROS2_1/install/ros_gz_interfaces/include/ros_gz_interfaces/ros_gz_interfaces/msg
[11.398s] -- Installing: /home/cyberkanjousen/CLionProjects/ROS2_1/install/ros_gz_interfaces/include/ros_gz_interfaces/ros_gz_interfaces/msg/world_reset.hpp
[11.398s] -- Installing: /home/cyberkanjousen/CLionProjects/ROS2_1/install/ros_gz_interfaces/include/ros_gz_interfaces/ros_gz_interfaces/msg/param_vec.hpp
[11.398s] -- Installing: /home/cyberkanjousen/CLionProjects/ROS2_1/install/ros_gz_interfaces/include/ros_gz_interfaces/ros_gz_interfaces/msg/logical_camera_image.hpp
[11.398s] -- Installing: /home/cyberkanjousen/CLionProjects/ROS2_1/install/ros_gz_interfaces/include/ros_gz_interfaces/ros_gz_interfaces/msg/contacts.hpp
[11.398s] -- Installing: /home/cyberkanjousen/CLionProjects/ROS2_1/install/ros_gz_interfaces/include/ros_gz_interfaces/ros_gz_interfaces/msg/float32_array.hpp
[11.398s] -- Up-to-date: /home/cyberkanjousen/CLionProjects/ROS2_1/install/ros_gz_interfaces/include/ros_gz_interfaces/ros_gz_interfaces/msg/detail
[11.399s] -- Installing: /home/cyberkanjousen/CLionProjects/ROS2_1/install/ros_gz_interfaces/include/ros_gz_interfaces/ros_gz_interfaces/msg/detail/string_vec__builder.hpp
[11.399s] -- Installing: /home/cyberkanjousen/CLionProjects/ROS2_1/install/ros_gz_interfaces/include/ros_gz_interfaces/ros_gz_interfaces/msg/detail/entity_factory__struct.hpp
[11.399s] -- Installing: /home/cyberkanjousen/CLionProjects/ROS2_1/install/ros_gz_interfaces/include/ros_gz_interfaces/ros_gz_interfaces/msg/detail/material_color__struct.hpp
[11.399s] -- Installing: /home/cyberkanjousen/CLionProjects/ROS2_1/install/ros_gz_interfaces/include/ros_gz_interfaces/ros_gz_interfaces/msg/detail/entity_wrench__type_support.hpp
[11.399s] -- Installing: /home/cyberkanjousen/CLionProjects/ROS2_1/install/ros_gz_interfaces/include/ros_gz_interfaces/ros_gz_interfaces/msg/detail/altimeter__traits.hpp
[11.399s] -- Installing: /home/cyberkanjousen/CLionProjects/ROS2_1/install/ros_gz_interfaces/include/ros_gz_interfaces/ros_gz_interfaces/msg/detail/entity_factory__builder.hpp
[11.399s] -- Installing: /home/cyberkanjousen/CLionProjects/ROS2_1/install/ros_gz_interfaces/include/ros_gz_interfaces/ros_gz_interfaces/msg/detail/string_vec__type_support.hpp
[11.399s] -- Installing: /home/cyberkanjousen/CLionProjects/ROS2_1/install/ros_gz_interfaces/include/ros_gz_interfaces/ros_gz_interfaces/msg/detail/altimeter__type_support.hpp
[11.399s] -- Installing: /home/cyberkanjousen/CLionProjects/ROS2_1/install/ros_gz_interfaces/include/ros_gz_interfaces/ros_gz_interfaces/msg/detail/float32_array__struct.hpp
[11.399s] -- Installing: /home/cyberkanjousen/CLionProjects/ROS2_1/install/ros_gz_interfaces/include/ros_gz_interfaces/ros_gz_interfaces/msg/detail/sensor_noise__builder.hpp
[11.399s] -- Installing: /home/cyberkanjousen/CLionProjects/ROS2_1/install/ros_gz_interfaces/include/ros_gz_interfaces/ros_gz_interfaces/msg/detail/contact__type_support.hpp
[11.399s] -- Installing: /home/cyberkanjousen/CLionProjects/ROS2_1/install/ros_gz_interfaces/include/ros_gz_interfaces/ros_gz_interfaces/msg/detail/gui_camera__struct.hpp
[11.399s] -- Installing: /home/cyberkanjousen/CLionProjects/ROS2_1/install/ros_gz_interfaces/include/ros_gz_interfaces/ros_gz_interfaces/msg/detail/gui_camera__builder.hpp
[11.400s] -- Installing: /home/cyberkanjousen/CLionProjects/ROS2_1/install/ros_gz_interfaces/include/ros_gz_interfaces/ros_gz_interfaces/msg/detail/light__builder.hpp
[11.400s] -- Installing: /home/cyberkanjousen/CLionProjects/ROS2_1/install/ros_gz_interfaces/include/ros_gz_interfaces/ros_gz_interfaces/msg/detail/material_color__builder.hpp
[11.400s] -- Installing: /home/cyberkanjousen/CLionProjects/ROS2_1/install/ros_gz_interfaces/include/ros_gz_interfaces/ros_gz_interfaces/msg/detail/track_visual__traits.hpp
[11.400s] -- Installing: /home/cyberkanjousen/CLionProjects/ROS2_1/install/ros_gz_interfaces/include/ros_gz_interfaces/ros_gz_interfaces/msg/detail/light__struct.hpp
[11.400s] -- Installing: /home/cyberkanjousen/CLionProjects/ROS2_1/install/ros_gz_interfaces/include/ros_gz_interfaces/ros_gz_interfaces/msg/detail/material_color__traits.hpp
[11.400s] -- Installing: /home/cyberkanjousen/CLionProjects/ROS2_1/install/ros_gz_interfaces/include/ros_gz_interfaces/ros_gz_interfaces/msg/detail/logical_camera_image__builder.hpp
[11.400s] -- Installing: /home/cyberkanjousen/CLionProjects/ROS2_1/install/ros_gz_interfaces/include/ros_gz_interfaces/ros_gz_interfaces/msg/detail/track_visual__builder.hpp
[11.400s] -- Installing: /home/cyberkanjousen/CLionProjects/ROS2_1/install/ros_gz_interfaces/include/ros_gz_interfaces/ros_gz_interfaces/msg/detail/string_vec__struct.hpp
[11.400s] -- Installing: /home/cyberkanjousen/CLionProjects/ROS2_1/install/ros_gz_interfaces/include/ros_gz_interfaces/ros_gz_interfaces/msg/detail/param_vec__builder.hpp
[11.400s] -- Installing: /home/cyberkanjousen/CLionProjects/ROS2_1/install/ros_gz_interfaces/include/ros_gz_interfaces/ros_gz_interfaces/msg/detail/contacts__type_support.hpp
[11.400s] -- Installing: /home/cyberkanjousen/CLionProjects/ROS2_1/install/ros_gz_interfaces/include/ros_gz_interfaces/ros_gz_interfaces/msg/detail/contact__struct.hpp
[11.400s] -- Installing: /home/cyberkanjousen/CLionProjects/ROS2_1/install/ros_gz_interfaces/include/ros_gz_interfaces/ros_gz_interfaces/msg/detail/dataframe__type_support.hpp
[11.400s] -- Installing: /home/cyberkanjousen/CLionProjects/ROS2_1/install/ros_gz_interfaces/include/ros_gz_interfaces/ros_gz_interfaces/msg/detail/sensor_noise__type_support.hpp
[11.400s] -- Installing: /home/cyberkanjousen/CLionProjects/ROS2_1/install/ros_gz_interfaces/include/ros_gz_interfaces/ros_gz_interfaces/msg/detail/world_control__type_support.hpp
[11.401s] -- Installing: /home/cyberkanjousen/CLionProjects/ROS2_1/install/ros_gz_interfaces/include/ros_gz_interfaces/ros_gz_interfaces/msg/detail/world_control__builder.hpp
[11.401s] -- Installing: /home/cyberkanjousen/CLionProjects/ROS2_1/install/ros_gz_interfaces/include/ros_gz_interfaces/ros_gz_interfaces/msg/detail/dataframe__struct.hpp
[11.401s] -- Installing: /home/cyberkanjousen/CLionProjects/ROS2_1/install/ros_gz_interfaces/include/ros_gz_interfaces/ros_gz_interfaces/msg/detail/contacts__builder.hpp
[11.401s] -- Installing: /home/cyberkanjousen/CLionProjects/ROS2_1/install/ros_gz_interfaces/include/ros_gz_interfaces/ros_gz_interfaces/msg/detail/light__type_support.hpp
[11.401s] -- Installing: /home/cyberkanjousen/CLionProjects/ROS2_1/install/ros_gz_interfaces/include/ros_gz_interfaces/ros_gz_interfaces/msg/detail/float32_array__type_support.hpp
[11.401s] -- Installing: /home/cyberkanjousen/CLionProjects/ROS2_1/install/ros_gz_interfaces/include/ros_gz_interfaces/ros_gz_interfaces/msg/detail/world_reset__traits.hpp
[11.401s] -- Installing: /home/cyberkanjousen/CLionProjects/ROS2_1/install/ros_gz_interfaces/include/ros_gz_interfaces/ros_gz_interfaces/msg/detail/logical_camera_image_model__builder.hpp
[11.401s] -- Installing: /home/cyberkanjousen/CLionProjects/ROS2_1/install/ros_gz_interfaces/include/ros_gz_interfaces/ros_gz_interfaces/msg/detail/joint_wrench__struct.hpp
[11.401s] -- Installing: /home/cyberkanjousen/CLionProjects/ROS2_1/install/ros_gz_interfaces/include/ros_gz_interfaces/ros_gz_interfaces/msg/detail/dataframe__builder.hpp
[11.401s] -- Installing: /home/cyberkanjousen/CLionProjects/ROS2_1/install/ros_gz_interfaces/include/ros_gz_interfaces/ros_gz_interfaces/msg/detail/entity_wrench__struct.hpp
[11.401s] -- Installing: /home/cyberkanjousen/CLionProjects/ROS2_1/install/ros_gz_interfaces/include/ros_gz_interfaces/ros_gz_interfaces/msg/detail/gui_camera__type_support.hpp
[11.401s] -- Installing: /home/cyberkanjousen/CLionProjects/ROS2_1/install/ros_gz_interfaces/include/ros_gz_interfaces/ros_gz_interfaces/msg/detail/entity_wrench__builder.hpp
[11.401s] -- Installing: /home/cyberkanjousen/CLionProjects/ROS2_1/install/ros_gz_interfaces/include/ros_gz_interfaces/ros_gz_interfaces/msg/detail/logical_camera_image_model__traits.hpp
[11.401s] -- Installing: /home/cyberkanjousen/CLionProjects/ROS2_1/install/ros_gz_interfaces/include/ros_gz_interfaces/ros_gz_interfaces/msg/detail/param_vec__traits.hpp
[11.402s] -- Installing: /home/cyberkanjousen/CLionProjects/ROS2_1/install/ros_gz_interfaces/include/ros_gz_interfaces/ros_gz_interfaces/msg/detail/contact__builder.hpp
[11.402s] -- Installing: /home/cyberkanjousen/CLionProjects/ROS2_1/install/ros_gz_interfaces/include/ros_gz_interfaces/ros_gz_interfaces/msg/detail/video_record__traits.hpp
[11.402s] -- Installing: /home/cyberkanjousen/CLionProjects/ROS2_1/install/ros_gz_interfaces/include/ros_gz_interfaces/ros_gz_interfaces/msg/detail/logical_camera_image__type_support.hpp
[11.402s] -- Installing: /home/cyberkanjousen/CLionProjects/ROS2_1/install/ros_gz_interfaces/include/ros_gz_interfaces/ros_gz_interfaces/msg/detail/string_vec__traits.hpp
[11.402s] -- Installing: /home/cyberkanjousen/CLionProjects/ROS2_1/install/ros_gz_interfaces/include/ros_gz_interfaces/ros_gz_interfaces/msg/detail/joint_wrench__builder.hpp
[11.402s] -- Installing: /home/cyberkanjousen/CLionProjects/ROS2_1/install/ros_gz_interfaces/include/ros_gz_interfaces/ros_gz_interfaces/msg/detail/altimeter__struct.hpp
[11.402s] -- Installing: /home/cyberkanjousen/CLionProjects/ROS2_1/install/ros_gz_interfaces/include/ros_gz_interfaces/ros_gz_interfaces/msg/detail/world_reset__builder.hpp
[11.402s] -- Installing: /home/cyberkanjousen/CLionProjects/ROS2_1/install/ros_gz_interfaces/include/ros_gz_interfaces/ros_gz_interfaces/msg/detail/param_vec__struct.hpp
[11.402s] -- Installing: /home/cyberkanjousen/CLionProjects/ROS2_1/install/ros_gz_interfaces/include/ros_gz_interfaces/ros_gz_interfaces/msg/detail/joint_wrench__traits.hpp
[11.402s] -- Installing: /home/cyberkanjousen/CLionProjects/ROS2_1/install/ros_gz_interfaces/include/ros_gz_interfaces/ros_gz_interfaces/msg/detail/world_reset__struct.hpp
[11.402s] -- Installing: /home/cyberkanjousen/CLionProjects/ROS2_1/install/ros_gz_interfaces/include/ros_gz_interfaces/ros_gz_interfaces/msg/detail/entity_wrench__traits.hpp
[11.402s] -- Installing: /home/cyberkanjousen/CLionProjects/ROS2_1/install/ros_gz_interfaces/include/ros_gz_interfaces/ros_gz_interfaces/msg/detail/param_vec__type_support.hpp
[11.402s] -- Installing: /home/cyberkanjousen/CLionProjects/ROS2_1/install/ros_gz_interfaces/include/ros_gz_interfaces/ros_gz_interfaces/msg/detail/world_control__traits.hpp
[11.402s] -- Installing: /home/cyberkanjousen/CLionProjects/ROS2_1/install/ros_gz_interfaces/include/ros_gz_interfaces/ros_gz_interfaces/msg/detail/gui_camera__traits.hpp
[11.402s] -- Installing: /home/cyberkanjousen/CLionProjects/ROS2_1/install/ros_gz_interfaces/include/ros_gz_interfaces/ros_gz_interfaces/msg/detail/entity__struct.hpp
[11.403s] -- Installing: /home/cyberkanjousen/CLionProjects/ROS2_1/install/ros_gz_interfaces/include/ros_gz_interfaces/ros_gz_interfaces/msg/detail/contacts__traits.hpp
[11.403s] -- Installing: /home/cyberkanjousen/CLionProjects/ROS2_1/install/ros_gz_interfaces/include/ros_gz_interfaces/ros_gz_interfaces/msg/detail/entity_factory__type_support.hpp
[11.403s] -- Installing: /home/cyberkanjousen/CLionProjects/ROS2_1/install/ros_gz_interfaces/include/ros_gz_interfaces/ros_gz_interfaces/msg/detail/float32_array__builder.hpp
[11.403s] -- Installing: /home/cyberkanjousen/CLionProjects/ROS2_1/install/ros_gz_interfaces/include/ros_gz_interfaces/ros_gz_interfaces/msg/detail/contacts__struct.hpp
[11.403s] -- Installing: /home/cyberkanjousen/CLionProjects/ROS2_1/install/ros_gz_interfaces/include/ros_gz_interfaces/ros_gz_interfaces/msg/detail/entity__type_support.hpp
[11.403s] -- Installing: /home/cyberkanjousen/CLionProjects/ROS2_1/install/ros_gz_interfaces/include/ros_gz_interfaces/ros_gz_interfaces/msg/detail/entity__builder.hpp
[11.403s] -- Installing: /home/cyberkanjousen/CLionProjects/ROS2_1/install/ros_gz_interfaces/include/ros_gz_interfaces/ros_gz_interfaces/msg/detail/entity__traits.hpp
[11.403s] -- Installing: /home/cyberkanjousen/CLionProjects/ROS2_1/install/ros_gz_interfaces/include/ros_gz_interfaces/ros_gz_interfaces/msg/detail/track_visual__struct.hpp
[11.403s] -- Installing: /home/cyberkanjousen/CLionProjects/ROS2_1/install/ros_gz_interfaces/include/ros_gz_interfaces/ros_gz_interfaces/msg/detail/light__traits.hpp
[11.403s] -- Installing: /home/cyberkanjousen/CLionProjects/ROS2_1/install/ros_gz_interfaces/include/ros_gz_interfaces/ros_gz_interfaces/msg/detail/dataframe__traits.hpp
[11.403s] -- Installing: /home/cyberkanjousen/CLionProjects/ROS2_1/install/ros_gz_interfaces/include/ros_gz_interfaces/ros_gz_interfaces/msg/detail/logical_camera_image_model__struct.hpp
[11.403s] -- Installing: /home/cyberkanjousen/CLionProjects/ROS2_1/install/ros_gz_interfaces/include/ros_gz_interfaces/ros_gz_interfaces/msg/detail/world_reset__type_support.hpp
[11.403s] -- Installing: /home/cyberkanjousen/CLionProjects/ROS2_1/install/ros_gz_interfaces/include/ros_gz_interfaces/ros_gz_interfaces/msg/detail/track_visual__type_support.hpp
[11.403s] -- Installing: /home/cyberkanjousen/CLionProjects/ROS2_1/install/ros_gz_interfaces/include/ros_gz_interfaces/ros_gz_interfaces/msg/detail/entity_factory__traits.hpp
[11.404s] -- Installing: /home/cyberkanjousen/CLionProjects/ROS2_1/install/ros_gz_interfaces/include/ros_gz_interfaces/ros_gz_interfaces/msg/detail/float32_array__traits.hpp
[11.404s] -- Installing: /home/cyberkanjousen/CLionProjects/ROS2_1/install/ros_gz_interfaces/include/ros_gz_interfaces/ros_gz_interfaces/msg/detail/logical_camera_image__struct.hpp
[11.404s] -- Installing: /home/cyberkanjousen/CLionProjects/ROS2_1/install/ros_gz_interfaces/include/ros_gz_interfaces/ros_gz_interfaces/msg/detail/sensor_noise__struct.hpp
[11.404s] -- Installing: /home/cyberkanjousen/CLionProjects/ROS2_1/install/ros_gz_interfaces/include/ros_gz_interfaces/ros_gz_interfaces/msg/detail/contact__traits.hpp
[11.404s] -- Installing: /home/cyberkanjousen/CLionProjects/ROS2_1/install/ros_gz_interfaces/include/ros_gz_interfaces/ros_gz_interfaces/msg/detail/sensor_noise__traits.hpp
[11.404s] -- Installing: /home/cyberkanjousen/CLionProjects/ROS2_1/install/ros_gz_interfaces/include/ros_gz_interfaces/ros_gz_interfaces/msg/detail/world_control__struct.hpp
[11.404s] -- Installing: /home/cyberkanjousen/CLionProjects/ROS2_1/install/ros_gz_interfaces/include/ros_gz_interfaces/ros_gz_interfaces/msg/detail/joint_wrench__type_support.hpp
[11.404s] -- Installing: /home/cyberkanjousen/CLionProjects/ROS2_1/install/ros_gz_interfaces/include/ros_gz_interfaces/ros_gz_interfaces/msg/detail/altimeter__builder.hpp
[11.404s] -- Installing: /home/cyberkanjousen/CLionProjects/ROS2_1/install/ros_gz_interfaces/include/ros_gz_interfaces/ros_gz_interfaces/msg/detail/material_color__type_support.hpp
[11.404s] -- Installing: /home/cyberkanjousen/CLionProjects/ROS2_1/install/ros_gz_interfaces/include/ros_gz_interfaces/ros_gz_interfaces/msg/detail/video_record__builder.hpp
[11.404s] -- Installing: /home/cyberkanjousen/CLionProjects/ROS2_1/install/ros_gz_interfaces/include/ros_gz_interfaces/ros_gz_interfaces/msg/detail/logical_camera_image_model__type_support.hpp
[11.404s] -- Installing: /home/cyberkanjousen/CLionProjects/ROS2_1/install/ros_gz_interfaces/include/ros_gz_interfaces/ros_gz_interfaces/msg/detail/video_record__struct.hpp
[11.404s] -- Installing: /home/cyberkanjousen/CLionProjects/ROS2_1/install/ros_gz_interfaces/include/ros_gz_interfaces/ros_gz_interfaces/msg/detail/video_record__type_support.hpp
[11.404s] -- Installing: /home/cyberkanjousen/CLionProjects/ROS2_1/install/ros_gz_interfaces/include/ros_gz_interfaces/ros_gz_interfaces/msg/detail/logical_camera_image__traits.hpp
[11.405s] -- Installing: /home/cyberkanjousen/CLionProjects/ROS2_1/install/ros_gz_interfaces/include/ros_gz_interfaces/ros_gz_interfaces/msg/light.hpp
[11.405s] -- Installing: /home/cyberkanjousen/CLionProjects/ROS2_1/install/ros_gz_interfaces/include/ros_gz_interfaces/ros_gz_interfaces/msg/dataframe.hpp
[11.405s] -- Installing: /home/cyberkanjousen/CLionProjects/ROS2_1/install/ros_gz_interfaces/include/ros_gz_interfaces/ros_gz_interfaces/msg/track_visual.hpp
[11.405s] -- Installing: /home/cyberkanjousen/CLionProjects/ROS2_1/install/ros_gz_interfaces/include/ros_gz_interfaces/ros_gz_interfaces/msg/contact.hpp
[11.405s] -- Installing: /home/cyberkanjousen/CLionProjects/ROS2_1/install/ros_gz_interfaces/include/ros_gz_interfaces/ros_gz_interfaces/msg/rosidl_generator_cpp__visibility_control.hpp
[11.405s] -- Installing: /home/cyberkanjousen/CLionProjects/ROS2_1/install/ros_gz_interfaces/include/ros_gz_interfaces/ros_gz_interfaces/msg/gui_camera.hpp
[11.405s] -- Installing: /home/cyberkanjousen/CLionProjects/ROS2_1/install/ros_gz_interfaces/include/ros_gz_interfaces/ros_gz_interfaces/msg/material_color.hpp
[11.405s] -- Installing: /home/cyberkanjousen/CLionProjects/ROS2_1/install/ros_gz_interfaces/include/ros_gz_interfaces/ros_gz_interfaces/msg/altimeter.hpp
[11.405s] -- Installing: /home/cyberkanjousen/CLionProjects/ROS2_1/install/ros_gz_interfaces/include/ros_gz_interfaces/ros_gz_interfaces/msg/string_vec.hpp
[11.405s] -- Installing: /home/cyberkanjousen/CLionProjects/ROS2_1/install/ros_gz_interfaces/include/ros_gz_interfaces/ros_gz_interfaces/msg/sensor_noise.hpp
[11.405s] -- Installing: /home/cyberkanjousen/CLionProjects/ROS2_1/install/ros_gz_interfaces/include/ros_gz_interfaces/ros_gz_interfaces/msg/entity.hpp
[11.405s] -- Installing: /home/cyberkanjousen/CLionProjects/ROS2_1/install/ros_gz_interfaces/include/ros_gz_interfaces/ros_gz_interfaces/msg/entity_factory.hpp
[11.405s] -- Installing: /home/cyberkanjousen/CLionProjects/ROS2_1/install/ros_gz_interfaces/include/ros_gz_interfaces/ros_gz_interfaces/msg/entity_wrench.hpp
[11.405s] -- Installing: /home/cyberkanjousen/CLionProjects/ROS2_1/install/ros_gz_interfaces/include/ros_gz_interfaces/ros_gz_interfaces/msg/world_control.hpp
[11.405s] -- Installing: /home/cyberkanjousen/CLionProjects/ROS2_1/install/ros_gz_interfaces/include/ros_gz_interfaces/ros_gz_interfaces/msg/joint_wrench.hpp
[11.406s] -- Installing: /home/cyberkanjousen/CLionProjects/ROS2_1/install/ros_gz_interfaces/include/ros_gz_interfaces/ros_gz_interfaces/msg/logical_camera_image_model.hpp
[11.406s] -- Installing: /home/cyberkanjousen/CLionProjects/ROS2_1/install/ros_gz_interfaces/include/ros_gz_interfaces/ros_gz_interfaces/msg/video_record.hpp
[11.406s] -- Up-to-date: /home/cyberkanjousen/CLionProjects/ROS2_1/install/ros_gz_interfaces/include/ros_gz_interfaces/ros_gz_interfaces/srv
[11.406s] -- Installing: /home/cyberkanjousen/CLionProjects/ROS2_1/install/ros_gz_interfaces/include/ros_gz_interfaces/ros_gz_interfaces/srv/set_entity_pose.hpp
[11.406s] -- Up-to-date: /home/cyberkanjousen/CLionProjects/ROS2_1/install/ros_gz_interfaces/include/ros_gz_interfaces/ros_gz_interfaces/srv/detail
[11.406s] -- Installing: /home/cyberkanjousen/CLionProjects/ROS2_1/install/ros_gz_interfaces/include/ros_gz_interfaces/ros_gz_interfaces/srv/detail/spawn_entity__type_support.hpp
[11.406s] -- Installing: /home/cyberkanjousen/CLionProjects/ROS2_1/install/ros_gz_interfaces/include/ros_gz_interfaces/ros_gz_interfaces/srv/detail/control_world__builder.hpp
[11.406s] -- Installing: /home/cyberkanjousen/CLionProjects/ROS2_1/install/ros_gz_interfaces/include/ros_gz_interfaces/ros_gz_interfaces/srv/detail/spawn_entity__builder.hpp
[11.406s] -- Installing: /home/cyberkanjousen/CLionProjects/ROS2_1/install/ros_gz_interfaces/include/ros_gz_interfaces/ros_gz_interfaces/srv/detail/delete_entity__struct.hpp
[11.406s] -- Installing: /home/cyberkanjousen/CLionProjects/ROS2_1/install/ros_gz_interfaces/include/ros_gz_interfaces/ros_gz_interfaces/srv/detail/control_world__traits.hpp
[11.406s] -- Installing: /home/cyberkanjousen/CLionProjects/ROS2_1/install/ros_gz_interfaces/include/ros_gz_interfaces/ros_gz_interfaces/srv/detail/delete_entity__type_support.hpp
[11.406s] -- Installing: /home/cyberkanjousen/CLionProjects/ROS2_1/install/ros_gz_interfaces/include/ros_gz_interfaces/ros_gz_interfaces/srv/detail/spawn_entity__struct.hpp
[11.406s] -- Installing: /home/cyberkanjousen/CLionProjects/ROS2_1/install/ros_gz_interfaces/include/ros_gz_interfaces/ros_gz_interfaces/srv/detail/delete_entity__builder.hpp
[11.406s] -- Installing: /home/cyberkanjousen/CLionProjects/ROS2_1/install/ros_gz_interfaces/include/ros_gz_interfaces/ros_gz_interfaces/srv/detail/set_entity_pose__builder.hpp
[11.406s] -- Installing: /home/cyberkanjousen/CLionProjects/ROS2_1/install/ros_gz_interfaces/include/ros_gz_interfaces/ros_gz_interfaces/srv/detail/spawn_entity__traits.hpp
[11.407s] -- Installing: /home/cyberkanjousen/CLionProjects/ROS2_1/install/ros_gz_interfaces/include/ros_gz_interfaces/ros_gz_interfaces/srv/detail/set_entity_pose__traits.hpp
[11.407s] -- Installing: /home/cyberkanjousen/CLionProjects/ROS2_1/install/ros_gz_interfaces/include/ros_gz_interfaces/ros_gz_interfaces/srv/detail/delete_entity__traits.hpp
[11.407s] -- Installing: /home/cyberkanjousen/CLionProjects/ROS2_1/install/ros_gz_interfaces/include/ros_gz_interfaces/ros_gz_interfaces/srv/detail/control_world__struct.hpp
[11.407s] -- Installing: /home/cyberkanjousen/CLionProjects/ROS2_1/install/ros_gz_interfaces/include/ros_gz_interfaces/ros_gz_interfaces/srv/detail/set_entity_pose__type_support.hpp
[11.407s] -- Installing: /home/cyberkanjousen/CLionProjects/ROS2_1/install/ros_gz_interfaces/include/ros_gz_interfaces/ros_gz_interfaces/srv/detail/set_entity_pose__struct.hpp
[11.407s] -- Installing: /home/cyberkanjousen/CLionProjects/ROS2_1/install/ros_gz_interfaces/include/ros_gz_interfaces/ros_gz_interfaces/srv/detail/control_world__type_support.hpp
[11.407s] -- Installing: /home/cyberkanjousen/CLionProjects/ROS2_1/install/ros_gz_interfaces/include/ros_gz_interfaces/ros_gz_interfaces/srv/control_world.hpp
[11.407s] -- Installing: /home/cyberkanjousen/CLionProjects/ROS2_1/install/ros_gz_interfaces/include/ros_gz_interfaces/ros_gz_interfaces/srv/spawn_entity.hpp
[11.407s] -- Installing: /home/cyberkanjousen/CLionProjects/ROS2_1/install/ros_gz_interfaces/include/ros_gz_interfaces/ros_gz_interfaces/srv/delete_entity.hpp
[11.407s] -- Up-to-date: /home/cyberkanjousen/CLionProjects/ROS2_1/install/ros_gz_interfaces/include/ros_gz_interfaces/ros_gz_interfaces
[11.407s] -- Up-to-date: /home/cyberkanjousen/CLionProjects/ROS2_1/install/ros_gz_interfaces/include/ros_gz_interfaces/ros_gz_interfaces/msg
[11.407s] -- Up-to-date: /home/cyberkanjousen/CLionProjects/ROS2_1/install/ros_gz_interfaces/include/ros_gz_interfaces/ros_gz_interfaces/msg/detail
[11.407s] -- Installing: /home/cyberkanjousen/CLionProjects/ROS2_1/install/ros_gz_interfaces/include/ros_gz_interfaces/ros_gz_interfaces/msg/detail/world_reset__rosidl_typesupport_fastrtps_cpp.hpp
[11.408s] -- Installing: /home/cyberkanjousen/CLionProjects/ROS2_1/install/ros_gz_interfaces/include/ros_gz_interfaces/ros_gz_interfaces/msg/detail/altimeter__rosidl_typesupport_fastrtps_cpp.hpp
[11.408s] -- Up-to-date: /home/cyberkanjousen/CLionProjects/ROS2_1/install/ros_gz_interfaces/include/ros_gz_interfaces/ros_gz_interfaces/msg/detail/dds_fastrtps
[11.408s] -- Installing: /home/cyberkanjousen/CLionProjects/ROS2_1/install/ros_gz_interfaces/include/ros_gz_interfaces/ros_gz_interfaces/msg/detail/material_color__rosidl_typesupport_fastrtps_cpp.hpp
[11.408s] -- Installing: /home/cyberkanjousen/CLionProjects/ROS2_1/install/ros_gz_interfaces/include/ros_gz_interfaces/ros_gz_interfaces/msg/detail/dataframe__rosidl_typesupport_fastrtps_cpp.hpp
[11.408s] -- Installing: /home/cyberkanjousen/CLionProjects/ROS2_1/install/ros_gz_interfaces/include/ros_gz_interfaces/ros_gz_interfaces/msg/detail/contacts__rosidl_typesupport_fastrtps_cpp.hpp
[11.408s] -- Installing: /home/cyberkanjousen/CLionProjects/ROS2_1/install/ros_gz_interfaces/include/ros_gz_interfaces/ros_gz_interfaces/msg/detail/string_vec__rosidl_typesupport_fastrtps_cpp.hpp
[11.408s] -- Installing: /home/cyberkanjousen/CLionProjects/ROS2_1/install/ros_gz_interfaces/include/ros_gz_interfaces/ros_gz_interfaces/msg/detail/video_record__rosidl_typesupport_fastrtps_cpp.hpp
[11.408s] -- Installing: /home/cyberkanjousen/CLionProjects/ROS2_1/install/ros_gz_interfaces/include/ros_gz_interfaces/ros_gz_interfaces/msg/detail/gui_camera__rosidl_typesupport_fastrtps_cpp.hpp
[11.408s] -- Installing: /home/cyberkanjousen/CLionProjects/ROS2_1/install/ros_gz_interfaces/include/ros_gz_interfaces/ros_gz_interfaces/msg/detail/world_control__rosidl_typesupport_fastrtps_cpp.hpp
[11.408s] -- Installing: /home/cyberkanjousen/CLionProjects/ROS2_1/install/ros_gz_interfaces/include/ros_gz_interfaces/ros_gz_interfaces/msg/detail/logical_camera_image_model__rosidl_typesupport_fastrtps_cpp.hpp
[11.408s] -- Installing: /home/cyberkanjousen/CLionProjects/ROS2_1/install/ros_gz_interfaces/include/ros_gz_interfaces/ros_gz_interfaces/msg/detail/track_visual__rosidl_typesupport_fastrtps_cpp.hpp
[11.408s] -- Installing: /home/cyberkanjousen/CLionProjects/ROS2_1/install/ros_gz_interfaces/include/ros_gz_interfaces/ros_gz_interfaces/msg/detail/param_vec__rosidl_typesupport_fastrtps_cpp.hpp
[11.408s] -- Installing: /home/cyberkanjousen/CLionProjects/ROS2_1/install/ros_gz_interfaces/include/ros_gz_interfaces/ros_gz_interfaces/msg/detail/contact__rosidl_typesupport_fastrtps_cpp.hpp
[11.408s] -- Installing: /home/cyberkanjousen/CLionProjects/ROS2_1/install/ros_gz_interfaces/include/ros_gz_interfaces/ros_gz_interfaces/msg/detail/logical_camera_image__rosidl_typesupport_fastrtps_cpp.hpp
[11.408s] -- Installing: /home/cyberkanjousen/CLionProjects/ROS2_1/install/ros_gz_interfaces/include/ros_gz_interfaces/ros_gz_interfaces/msg/detail/entity__rosidl_typesupport_fastrtps_cpp.hpp
[11.409s] -- Installing: /home/cyberkanjousen/CLionProjects/ROS2_1/install/ros_gz_interfaces/include/ros_gz_interfaces/ros_gz_interfaces/msg/detail/float32_array__rosidl_typesupport_fastrtps_cpp.hpp
[11.409s] -- Installing: /home/cyberkanjousen/CLionProjects/ROS2_1/install/ros_gz_interfaces/include/ros_gz_interfaces/ros_gz_interfaces/msg/detail/entity_wrench__rosidl_typesupport_fastrtps_cpp.hpp
[11.409s] -- Installing: /home/cyberkanjousen/CLionProjects/ROS2_1/install/ros_gz_interfaces/include/ros_gz_interfaces/ros_gz_interfaces/msg/detail/entity_factory__rosidl_typesupport_fastrtps_cpp.hpp
[11.409s] -- Installing: /home/cyberkanjousen/CLionProjects/ROS2_1/install/ros_gz_interfaces/include/ros_gz_interfaces/ros_gz_interfaces/msg/detail/joint_wrench__rosidl_typesupport_fastrtps_cpp.hpp
[11.409s] -- Installing: /home/cyberkanjousen/CLionProjects/ROS2_1/install/ros_gz_interfaces/include/ros_gz_interfaces/ros_gz_interfaces/msg/detail/sensor_noise__rosidl_typesupport_fastrtps_cpp.hpp
[11.409s] -- Installing: /home/cyberkanjousen/CLionProjects/ROS2_1/install/ros_gz_interfaces/include/ros_gz_interfaces/ros_gz_interfaces/msg/detail/light__rosidl_typesupport_fastrtps_cpp.hpp
[11.409s] -- Installing: /home/cyberkanjousen/CLionProjects/ROS2_1/install/ros_gz_interfaces/include/ros_gz_interfaces/ros_gz_interfaces/msg/rosidl_typesupport_fastrtps_cpp__visibility_control.h
[11.409s] -- Up-to-date: /home/cyberkanjousen/CLionProjects/ROS2_1/install/ros_gz_interfaces/include/ros_gz_interfaces/ros_gz_interfaces/srv
[11.409s] -- Up-to-date: /home/cyberkanjousen/CLionProjects/ROS2_1/install/ros_gz_interfaces/include/ros_gz_interfaces/ros_gz_interfaces/srv/detail
[11.409s] -- Installing: /home/cyberkanjousen/CLionProjects/ROS2_1/install/ros_gz_interfaces/include/ros_gz_interfaces/ros_gz_interfaces/srv/detail/control_world__rosidl_typesupport_fastrtps_cpp.hpp
[11.409s] -- Installing: /home/cyberkanjousen/CLionProjects/ROS2_1/install/ros_gz_interfaces/include/ros_gz_interfaces/ros_gz_interfaces/srv/detail/set_entity_pose__rosidl_typesupport_fastrtps_cpp.hpp
[11.409s] -- Up-to-date: /home/cyberkanjousen/CLionProjects/ROS2_1/install/ros_gz_interfaces/include/ros_gz_interfaces/ros_gz_interfaces/srv/detail/dds_fastrtps
[11.409s] -- Installing: /home/cyberkanjousen/CLionProjects/ROS2_1/install/ros_gz_interfaces/include/ros_gz_interfaces/ros_gz_interfaces/srv/detail/delete_entity__rosidl_typesupport_fastrtps_cpp.hpp
[11.409s] -- Installing: /home/cyberkanjousen/CLionProjects/ROS2_1/install/ros_gz_interfaces/include/ros_gz_interfaces/ros_gz_interfaces/srv/detail/spawn_entity__rosidl_typesupport_fastrtps_cpp.hpp
[11.410s] -- Installing: /home/cyberkanjousen/CLionProjects/ROS2_1/install/ros_gz_interfaces/lib/libros_gz_interfaces__rosidl_typesupport_fastrtps_cpp.so
[11.410s] -- Set non-toolchain portion of runtime path of "/home/cyberkanjousen/CLionProjects/ROS2_1/install/ros_gz_interfaces/lib/libros_gz_interfaces__rosidl_typesupport_fastrtps_cpp.so" to ""
[11.410s] -- Up-to-date: /home/cyberkanjousen/CLionProjects/ROS2_1/install/ros_gz_interfaces/include/ros_gz_interfaces/ros_gz_interfaces
[11.410s] -- Up-to-date: /home/cyberkanjousen/CLionProjects/ROS2_1/install/ros_gz_interfaces/include/ros_gz_interfaces/ros_gz_interfaces/msg
[11.410s] -- Up-to-date: /home/cyberkanjousen/CLionProjects/ROS2_1/install/ros_gz_interfaces/include/ros_gz_interfaces/ros_gz_interfaces/msg/detail
[11.410s] -- Installing: /home/cyberkanjousen/CLionProjects/ROS2_1/install/ros_gz_interfaces/include/ros_gz_interfaces/ros_gz_interfaces/msg/detail/gui_camera__type_support.c
[11.410s] -- Installing: /home/cyberkanjousen/CLionProjects/ROS2_1/install/ros_gz_interfaces/include/ros_gz_interfaces/ros_gz_interfaces/msg/detail/entity__type_support.c
[11.410s] -- Installing: /home/cyberkanjousen/CLionProjects/ROS2_1/install/ros_gz_interfaces/include/ros_gz_interfaces/ros_gz_interfaces/msg/detail/logical_camera_image_model__type_support.c
[11.411s] -- Installing: /home/cyberkanjousen/CLionProjects/ROS2_1/install/ros_gz_interfaces/include/ros_gz_interfaces/ros_gz_interfaces/msg/detail/sensor_noise__type_support.c
[11.411s] -- Installing: /home/cyberkanjousen/CLionProjects/ROS2_1/install/ros_gz_interfaces/include/ros_gz_interfaces/ros_gz_interfaces/msg/detail/world_reset__type_support.c
[11.411s] -- Installing: /home/cyberkanjousen/CLionProjects/ROS2_1/install/ros_gz_interfaces/include/ros_gz_interfaces/ros_gz_interfaces/msg/detail/light__rosidl_typesupport_introspection_c.h
[11.411s] -- Installing: /home/cyberkanjousen/CLionProjects/ROS2_1/install/ros_gz_interfaces/include/ros_gz_interfaces/ros_gz_interfaces/msg/detail/gui_camera__rosidl_typesupport_introspection_c.h
[11.411s] -- Installing: /home/cyberkanjousen/CLionProjects/ROS2_1/install/ros_gz_interfaces/include/ros_gz_interfaces/ros_gz_interfaces/msg/detail/float32_array__rosidl_typesupport_introspection_c.h
[11.411s] -- Installing: /home/cyberkanjousen/CLionProjects/ROS2_1/install/ros_gz_interfaces/include/ros_gz_interfaces/ros_gz_interfaces/msg/detail/string_vec__type_support.c
[11.411s] -- Installing: /home/cyberkanjousen/CLionProjects/ROS2_1/install/ros_gz_interfaces/include/ros_gz_interfaces/ros_gz_interfaces/msg/detail/entity_wrench__rosidl_typesupport_introspection_c.h
[11.411s] -- Installing: /home/cyberkanjousen/CLionProjects/ROS2_1/install/ros_gz_interfaces/include/ros_gz_interfaces/ros_gz_interfaces/msg/detail/logical_camera_image__type_support.c
[11.411s] -- Installing: /home/cyberkanjousen/CLionProjects/ROS2_1/install/ros_gz_interfaces/include/ros_gz_interfaces/ros_gz_interfaces/msg/detail/entity_factory__rosidl_typesupport_introspection_c.h
[11.411s] -- Installing: /home/cyberkanjousen/CLionProjects/ROS2_1/install/ros_gz_interfaces/include/ros_gz_interfaces/ros_gz_interfaces/msg/detail/float32_array__type_support.c
[11.411s] -- Installing: /home/cyberkanjousen/CLionProjects/ROS2_1/install/ros_gz_interfaces/include/ros_gz_interfaces/ros_gz_interfaces/msg/detail/altimeter__type_support.c
[11.411s] -- Installing: /home/cyberkanjousen/CLionProjects/ROS2_1/install/ros_gz_interfaces/include/ros_gz_interfaces/ros_gz_interfaces/msg/detail/param_vec__type_support.c
[11.411s] -- Installing: /home/cyberkanjousen/CLionProjects/ROS2_1/install/ros_gz_interfaces/include/ros_gz_interfaces/ros_gz_interfaces/msg/detail/dataframe__type_support.c
[11.411s] -- Installing: /home/cyberkanjousen/CLionProjects/ROS2_1/install/ros_gz_interfaces/include/ros_gz_interfaces/ros_gz_interfaces/msg/detail/entity_wrench__type_support.c
[11.412s] -- Installing: /home/cyberkanjousen/CLionProjects/ROS2_1/install/ros_gz_interfaces/include/ros_gz_interfaces/ros_gz_interfaces/msg/detail/world_control__type_support.c
[11.412s] -- Installing: /home/cyberkanjousen/CLionProjects/ROS2_1/install/ros_gz_interfaces/include/ros_gz_interfaces/ros_gz_interfaces/msg/detail/entity__rosidl_typesupport_introspection_c.h
[11.412s] -- Installing: /home/cyberkanjousen/CLionProjects/ROS2_1/install/ros_gz_interfaces/include/ros_gz_interfaces/ros_gz_interfaces/msg/detail/video_record__type_support.c
[11.412s] -- Installing: /home/cyberkanjousen/CLionProjects/ROS2_1/install/ros_gz_interfaces/include/ros_gz_interfaces/ros_gz_interfaces/msg/detail/dataframe__rosidl_typesupport_introspection_c.h
[11.412s] -- Installing: /home/cyberkanjousen/CLionProjects/ROS2_1/install/ros_gz_interfaces/include/ros_gz_interfaces/ros_gz_interfaces/msg/detail/contact__rosidl_typesupport_introspection_c.h
[11.412s] -- Installing: /home/cyberkanjousen/CLionProjects/ROS2_1/install/ros_gz_interfaces/include/ros_gz_interfaces/ros_gz_interfaces/msg/detail/light__type_support.c
[11.412s] -- Installing: /home/cyberkanjousen/CLionProjects/ROS2_1/install/ros_gz_interfaces/include/ros_gz_interfaces/ros_gz_interfaces/msg/detail/material_color__rosidl_typesupport_introspection_c.h
[11.412s] -- Installing: /home/cyberkanjousen/CLionProjects/ROS2_1/install/ros_gz_interfaces/include/ros_gz_interfaces/ros_gz_interfaces/msg/detail/param_vec__rosidl_typesupport_introspection_c.h
[11.412s] -- Installing: /home/cyberkanjousen/CLionProjects/ROS2_1/install/ros_gz_interfaces/include/ros_gz_interfaces/ros_gz_interfaces/msg/detail/string_vec__rosidl_typesupport_introspection_c.h
[11.412s] -- Installing: /home/cyberkanjousen/CLionProjects/ROS2_1/install/ros_gz_interfaces/include/ros_gz_interfaces/ros_gz_interfaces/msg/detail/track_visual__type_support.c
[11.412s] -- Installing: /home/cyberkanjousen/CLionProjects/ROS2_1/install/ros_gz_interfaces/include/ros_gz_interfaces/ros_gz_interfaces/msg/detail/contacts__type_support.c
[11.412s] -- Installing: /home/cyberkanjousen/CLionProjects/ROS2_1/install/ros_gz_interfaces/include/ros_gz_interfaces/ros_gz_interfaces/msg/detail/contact__type_support.c
[11.412s] -- Installing: /home/cyberkanjousen/CLionProjects/ROS2_1/install/ros_gz_interfaces/include/ros_gz_interfaces/ros_gz_interfaces/msg/detail/joint_wrench__type_support.c
[11.412s] -- Installing: /home/cyberkanjousen/CLionProjects/ROS2_1/install/ros_gz_interfaces/include/ros_gz_interfaces/ros_gz_interfaces/msg/detail/sensor_noise__rosidl_typesupport_introspection_c.h
[11.413s] -- Installing: /home/cyberkanjousen/CLionProjects/ROS2_1/install/ros_gz_interfaces/include/ros_gz_interfaces/ros_gz_interfaces/msg/detail/world_control__rosidl_typesupport_introspection_c.h
[11.413s] -- Installing: /home/cyberkanjousen/CLionProjects/ROS2_1/install/ros_gz_interfaces/include/ros_gz_interfaces/ros_gz_interfaces/msg/detail/altimeter__rosidl_typesupport_introspection_c.h
[11.413s] -- Installing: /home/cyberkanjousen/CLionProjects/ROS2_1/install/ros_gz_interfaces/include/ros_gz_interfaces/ros_gz_interfaces/msg/detail/world_reset__rosidl_typesupport_introspection_c.h
[11.413s] -- Installing: /home/cyberkanjousen/CLionProjects/ROS2_1/install/ros_gz_interfaces/include/ros_gz_interfaces/ros_gz_interfaces/msg/detail/logical_camera_image_model__rosidl_typesupport_introspection_c.h
[11.413s] -- Installing: /home/cyberkanjousen/CLionProjects/ROS2_1/install/ros_gz_interfaces/include/ros_gz_interfaces/ros_gz_interfaces/msg/detail/logical_camera_image__rosidl_typesupport_introspection_c.h
[11.413s] -- Installing: /home/cyberkanjousen/CLionProjects/ROS2_1/install/ros_gz_interfaces/include/ros_gz_interfaces/ros_gz_interfaces/msg/detail/contacts__rosidl_typesupport_introspection_c.h
[11.413s] -- Installing: /home/cyberkanjousen/CLionProjects/ROS2_1/install/ros_gz_interfaces/include/ros_gz_interfaces/ros_gz_interfaces/msg/detail/entity_factory__type_support.c
[11.413s] -- Installing: /home/cyberkanjousen/CLionProjects/ROS2_1/install/ros_gz_interfaces/include/ros_gz_interfaces/ros_gz_interfaces/msg/detail/video_record__rosidl_typesupport_introspection_c.h
[11.413s] -- Installing: /home/cyberkanjousen/CLionProjects/ROS2_1/install/ros_gz_interfaces/include/ros_gz_interfaces/ros_gz_interfaces/msg/detail/track_visual__rosidl_typesupport_introspection_c.h
[11.413s] -- Installing: /home/cyberkanjousen/CLionProjects/ROS2_1/install/ros_gz_interfaces/include/ros_gz_interfaces/ros_gz_interfaces/msg/detail/material_color__type_support.c
[11.413s] -- Installing: /home/cyberkanjousen/CLionProjects/ROS2_1/install/ros_gz_interfaces/include/ros_gz_interfaces/ros_gz_interfaces/msg/detail/joint_wrench__rosidl_typesupport_introspection_c.h
[11.413s] -- Installing: /home/cyberkanjousen/CLionProjects/ROS2_1/install/ros_gz_interfaces/include/ros_gz_interfaces/ros_gz_interfaces/msg/rosidl_typesupport_introspection_c__visibility_control.h
[11.413s] -- Up-to-date: /home/cyberkanjousen/CLionProjects/ROS2_1/install/ros_gz_interfaces/include/ros_gz_interfaces/ros_gz_interfaces/srv
[11.413s] -- Up-to-date: /home/cyberkanjousen/CLionProjects/ROS2_1/install/ros_gz_interfaces/include/ros_gz_interfaces/ros_gz_interfaces/srv/detail
[11.414s] -- Installing: /home/cyberkanjousen/CLionProjects/ROS2_1/install/ros_gz_interfaces/include/ros_gz_interfaces/ros_gz_interfaces/srv/detail/spawn_entity__rosidl_typesupport_introspection_c.h
[11.414s] -- Installing: /home/cyberkanjousen/CLionProjects/ROS2_1/install/ros_gz_interfaces/include/ros_gz_interfaces/ros_gz_interfaces/srv/detail/spawn_entity__type_support.c
[11.414s] -- Installing: /home/cyberkanjousen/CLionProjects/ROS2_1/install/ros_gz_interfaces/include/ros_gz_interfaces/ros_gz_interfaces/srv/detail/control_world__type_support.c
[11.414s] -- Installing: /home/cyberkanjousen/CLionProjects/ROS2_1/install/ros_gz_interfaces/include/ros_gz_interfaces/ros_gz_interfaces/srv/detail/set_entity_pose__rosidl_typesupport_introspection_c.h
[11.414s] -- Installing: /home/cyberkanjousen/CLionProjects/ROS2_1/install/ros_gz_interfaces/include/ros_gz_interfaces/ros_gz_interfaces/srv/detail/control_world__rosidl_typesupport_introspection_c.h
[11.414s] -- Installing: /home/cyberkanjousen/CLionProjects/ROS2_1/install/ros_gz_interfaces/include/ros_gz_interfaces/ros_gz_interfaces/srv/detail/delete_entity__rosidl_typesupport_introspection_c.h
[11.414s] -- Installing: /home/cyberkanjousen/CLionProjects/ROS2_1/install/ros_gz_interfaces/include/ros_gz_interfaces/ros_gz_interfaces/srv/detail/delete_entity__type_support.c
[11.414s] -- Installing: /home/cyberkanjousen/CLionProjects/ROS2_1/install/ros_gz_interfaces/include/ros_gz_interfaces/ros_gz_interfaces/srv/detail/set_entity_pose__type_support.c
[11.414s] -- Installing: /home/cyberkanjousen/CLionProjects/ROS2_1/install/ros_gz_interfaces/lib/libros_gz_interfaces__rosidl_typesupport_introspection_c.so
[11.414s] -- Set non-toolchain portion of runtime path of "/home/cyberkanjousen/CLionProjects/ROS2_1/install/ros_gz_interfaces/lib/libros_gz_interfaces__rosidl_typesupport_introspection_c.so" to ""
[11.415s] -- Installing: /home/cyberkanjousen/CLionProjects/ROS2_1/install/ros_gz_interfaces/lib/libros_gz_interfaces__rosidl_typesupport_c.so
[11.415s] -- Set non-toolchain portion of runtime path of "/home/cyberkanjousen/CLionProjects/ROS2_1/install/ros_gz_interfaces/lib/libros_gz_interfaces__rosidl_typesupport_c.so" to ""
[11.415s] -- Up-to-date: /home/cyberkanjousen/CLionProjects/ROS2_1/install/ros_gz_interfaces/include/ros_gz_interfaces/ros_gz_interfaces
[11.415s] -- Up-to-date: /home/cyberkanjousen/CLionProjects/ROS2_1/install/ros_gz_interfaces/include/ros_gz_interfaces/ros_gz_interfaces/msg
[11.415s] -- Up-to-date: /home/cyberkanjousen/CLionProjects/ROS2_1/install/ros_gz_interfaces/include/ros_gz_interfaces/ros_gz_interfaces/msg/detail
[11.415s] -- Installing: /home/cyberkanjousen/CLionProjects/ROS2_1/install/ros_gz_interfaces/include/ros_gz_interfaces/ros_gz_interfaces/msg/detail/video_record__rosidl_typesupport_introspection_cpp.hpp
[11.415s] -- Installing: /home/cyberkanjousen/CLionProjects/ROS2_1/install/ros_gz_interfaces/include/ros_gz_interfaces/ros_gz_interfaces/msg/detail/track_visual__rosidl_typesupport_introspection_cpp.hpp
[11.415s] -- Installing: /home/cyberkanjousen/CLionProjects/ROS2_1/install/ros_gz_interfaces/include/ros_gz_interfaces/ros_gz_interfaces/msg/detail/contact__rosidl_typesupport_introspection_cpp.hpp
[11.415s] -- Installing: /home/cyberkanjousen/CLionProjects/ROS2_1/install/ros_gz_interfaces/include/ros_gz_interfaces/ros_gz_interfaces/msg/detail/logical_camera_image_model__type_support.cpp
[11.415s] -- Installing: /home/cyberkanjousen/CLionProjects/ROS2_1/install/ros_gz_interfaces/include/ros_gz_interfaces/ros_gz_interfaces/msg/detail/float32_array__type_support.cpp
[11.415s] -- Installing: /home/cyberkanjousen/CLionProjects/ROS2_1/install/ros_gz_interfaces/include/ros_gz_interfaces/ros_gz_interfaces/msg/detail/float32_array__rosidl_typesupport_introspection_cpp.hpp
[11.415s] -- Installing: /home/cyberkanjousen/CLionProjects/ROS2_1/install/ros_gz_interfaces/include/ros_gz_interfaces/ros_gz_interfaces/msg/detail/material_color__rosidl_typesupport_introspection_cpp.hpp
[11.415s] -- Installing: /home/cyberkanjousen/CLionProjects/ROS2_1/install/ros_gz_interfaces/include/ros_gz_interfaces/ros_gz_interfaces/msg/detail/sensor_noise__type_support.cpp
[11.416s] -- Installing: /home/cyberkanjousen/CLionProjects/ROS2_1/install/ros_gz_interfaces/include/ros_gz_interfaces/ros_gz_interfaces/msg/detail/material_color__type_support.cpp
[11.416s] -- Installing: /home/cyberkanjousen/CLionProjects/ROS2_1/install/ros_gz_interfaces/include/ros_gz_interfaces/ros_gz_interfaces/msg/detail/world_reset__rosidl_typesupport_introspection_cpp.hpp
[11.416s] -- Installing: /home/cyberkanjousen/CLionProjects/ROS2_1/install/ros_gz_interfaces/include/ros_gz_interfaces/ros_gz_interfaces/msg/detail/gui_camera__type_support.cpp
[11.416s] -- Installing: /home/cyberkanjousen/CLionProjects/ROS2_1/install/ros_gz_interfaces/include/ros_gz_interfaces/ros_gz_interfaces/msg/detail/string_vec__rosidl_typesupport_introspection_cpp.hpp
[11.416s] -- Installing: /home/cyberkanjousen/CLionProjects/ROS2_1/install/ros_gz_interfaces/include/ros_gz_interfaces/ros_gz_interfaces/msg/detail/param_vec__rosidl_typesupport_introspection_cpp.hpp
[11.416s] -- Installing: /home/cyberkanjousen/CLionProjects/ROS2_1/install/ros_gz_interfaces/include/ros_gz_interfaces/ros_gz_interfaces/msg/detail/contacts__rosidl_typesupport_introspection_cpp.hpp
[11.416s] -- Installing: /home/cyberkanjousen/CLionProjects/ROS2_1/install/ros_gz_interfaces/include/ros_gz_interfaces/ros_gz_interfaces/msg/detail/altimeter__rosidl_typesupport_introspection_cpp.hpp
[11.416s] -- Installing: /home/cyberkanjousen/CLionProjects/ROS2_1/install/ros_gz_interfaces/include/ros_gz_interfaces/ros_gz_interfaces/msg/detail/joint_wrench__type_support.cpp
[11.416s] -- Installing: /home/cyberkanjousen/CLionProjects/ROS2_1/install/ros_gz_interfaces/include/ros_gz_interfaces/ros_gz_interfaces/msg/detail/world_control__type_support.cpp
[11.416s] -- Installing: /home/cyberkanjousen/CLionProjects/ROS2_1/install/ros_gz_interfaces/include/ros_gz_interfaces/ros_gz_interfaces/msg/detail/light__rosidl_typesupport_introspection_cpp.hpp
[11.416s] -- Installing: /home/cyberkanjousen/CLionProjects/ROS2_1/install/ros_gz_interfaces/include/ros_gz_interfaces/ros_gz_interfaces/msg/detail/dataframe__rosidl_typesupport_introspection_cpp.hpp
[11.416s] -- Installing: /home/cyberkanjousen/CLionProjects/ROS2_1/install/ros_gz_interfaces/include/ros_gz_interfaces/ros_gz_interfaces/msg/detail/entity_factory__rosidl_typesupport_introspection_cpp.hpp
[11.416s] -- Installing: /home/cyberkanjousen/CLionProjects/ROS2_1/install/ros_gz_interfaces/include/ros_gz_interfaces/ros_gz_interfaces/msg/detail/logical_camera_image__type_support.cpp
[11.417s] -- Installing: /home/cyberkanjousen/CLionProjects/ROS2_1/install/ros_gz_interfaces/include/ros_gz_interfaces/ros_gz_interfaces/msg/detail/entity_factory__type_support.cpp
[11.417s] -- Installing: /home/cyberkanjousen/CLionProjects/ROS2_1/install/ros_gz_interfaces/include/ros_gz_interfaces/ros_gz_interfaces/msg/detail/dataframe__type_support.cpp
[11.417s] -- Installing: /home/cyberkanjousen/CLionProjects/ROS2_1/install/ros_gz_interfaces/include/ros_gz_interfaces/ros_gz_interfaces/msg/detail/contact__type_support.cpp
[11.417s] -- Installing: /home/cyberkanjousen/CLionProjects/ROS2_1/install/ros_gz_interfaces/include/ros_gz_interfaces/ros_gz_interfaces/msg/detail/video_record__type_support.cpp
[11.417s] -- Installing: /home/cyberkanjousen/CLionProjects/ROS2_1/install/ros_gz_interfaces/include/ros_gz_interfaces/ros_gz_interfaces/msg/detail/altimeter__type_support.cpp
[11.417s] -- Installing: /home/cyberkanjousen/CLionProjects/ROS2_1/install/ros_gz_interfaces/include/ros_gz_interfaces/ros_gz_interfaces/msg/detail/joint_wrench__rosidl_typesupport_introspection_cpp.hpp
[11.417s] -- Installing: /home/cyberkanjousen/CLionProjects/ROS2_1/install/ros_gz_interfaces/include/ros_gz_interfaces/ros_gz_interfaces/msg/detail/world_control__rosidl_typesupport_introspection_cpp.hpp
[11.417s] -- Installing: /home/cyberkanjousen/CLionProjects/ROS2_1/install/ros_gz_interfaces/include/ros_gz_interfaces/ros_gz_interfaces/msg/detail/sensor_noise__rosidl_typesupport_introspection_cpp.hpp
[11.417s] -- Installing: /home/cyberkanjousen/CLionProjects/ROS2_1/install/ros_gz_interfaces/include/ros_gz_interfaces/ros_gz_interfaces/msg/detail/logical_camera_image__rosidl_typesupport_introspection_cpp.hpp
[11.417s] -- Installing: /home/cyberkanjousen/CLionProjects/ROS2_1/install/ros_gz_interfaces/include/ros_gz_interfaces/ros_gz_interfaces/msg/detail/entity_wrench__type_support.cpp
[11.417s] -- Installing: /home/cyberkanjousen/CLionProjects/ROS2_1/install/ros_gz_interfaces/include/ros_gz_interfaces/ros_gz_interfaces/msg/detail/gui_camera__rosidl_typesupport_introspection_cpp.hpp
[11.417s] -- Installing: /home/cyberkanjousen/CLionProjects/ROS2_1/install/ros_gz_interfaces/include/ros_gz_interfaces/ros_gz_interfaces/msg/detail/string_vec__type_support.cpp
[11.417s] -- Installing: /home/cyberkanjousen/CLionProjects/ROS2_1/install/ros_gz_interfaces/include/ros_gz_interfaces/ros_gz_interfaces/msg/detail/light__type_support.cpp
[11.418s] -- Installing: /home/cyberkanjousen/CLionProjects/ROS2_1/install/ros_gz_interfaces/include/ros_gz_interfaces/ros_gz_interfaces/msg/detail/world_reset__type_support.cpp
[11.418s] -- Installing: /home/cyberkanjousen/CLionProjects/ROS2_1/install/ros_gz_interfaces/include/ros_gz_interfaces/ros_gz_interfaces/msg/detail/entity__type_support.cpp
[11.418s] -- Installing: /home/cyberkanjousen/CLionProjects/ROS2_1/install/ros_gz_interfaces/include/ros_gz_interfaces/ros_gz_interfaces/msg/detail/track_visual__type_support.cpp
[11.418s] -- Installing: /home/cyberkanjousen/CLionProjects/ROS2_1/install/ros_gz_interfaces/include/ros_gz_interfaces/ros_gz_interfaces/msg/detail/param_vec__type_support.cpp
[11.418s] -- Installing: /home/cyberkanjousen/CLionProjects/ROS2_1/install/ros_gz_interfaces/include/ros_gz_interfaces/ros_gz_interfaces/msg/detail/contacts__type_support.cpp
[11.418s] -- Installing: /home/cyberkanjousen/CLionProjects/ROS2_1/install/ros_gz_interfaces/include/ros_gz_interfaces/ros_gz_interfaces/msg/detail/entity_wrench__rosidl_typesupport_introspection_cpp.hpp
[11.418s] -- Installing: /home/cyberkanjousen/CLionProjects/ROS2_1/install/ros_gz_interfaces/include/ros_gz_interfaces/ros_gz_interfaces/msg/detail/logical_camera_image_model__rosidl_typesupport_introspection_cpp.hpp
[11.418s] -- Installing: /home/cyberkanjousen/CLionProjects/ROS2_1/install/ros_gz_interfaces/include/ros_gz_interfaces/ros_gz_interfaces/msg/detail/entity__rosidl_typesupport_introspection_cpp.hpp
[11.418s] -- Up-to-date: /home/cyberkanjousen/CLionProjects/ROS2_1/install/ros_gz_interfaces/include/ros_gz_interfaces/ros_gz_interfaces/srv
[11.418s] -- Up-to-date: /home/cyberkanjousen/CLionProjects/ROS2_1/install/ros_gz_interfaces/include/ros_gz_interfaces/ros_gz_interfaces/srv/detail
[11.418s] -- Installing: /home/cyberkanjousen/CLionProjects/ROS2_1/install/ros_gz_interfaces/include/ros_gz_interfaces/ros_gz_interfaces/srv/detail/delete_entity__type_support.cpp
[11.418s] -- Installing: /home/cyberkanjousen/CLionProjects/ROS2_1/install/ros_gz_interfaces/include/ros_gz_interfaces/ros_gz_interfaces/srv/detail/set_entity_pose__rosidl_typesupport_introspection_cpp.hpp
[11.418s] -- Installing: /home/cyberkanjousen/CLionProjects/ROS2_1/install/ros_gz_interfaces/include/ros_gz_interfaces/ros_gz_interfaces/srv/detail/control_world__rosidl_typesupport_introspection_cpp.hpp
[11.418s] -- Installing: /home/cyberkanjousen/CLionProjects/ROS2_1/install/ros_gz_interfaces/include/ros_gz_interfaces/ros_gz_interfaces/srv/detail/spawn_entity__type_support.cpp
[11.418s] -- Installing: /home/cyberkanjousen/CLionProjects/ROS2_1/install/ros_gz_interfaces/include/ros_gz_interfaces/ros_gz_interfaces/srv/detail/spawn_entity__rosidl_typesupport_introspection_cpp.hpp
[11.419s] -- Installing: /home/cyberkanjousen/CLionProjects/ROS2_1/install/ros_gz_interfaces/include/ros_gz_interfaces/ros_gz_interfaces/srv/detail/set_entity_pose__type_support.cpp
[11.419s] -- Installing: /home/cyberkanjousen/CLionProjects/ROS2_1/install/ros_gz_interfaces/include/ros_gz_interfaces/ros_gz_interfaces/srv/detail/control_world__type_support.cpp
[11.419s] -- Installing: /home/cyberkanjousen/CLionProjects/ROS2_1/install/ros_gz_interfaces/include/ros_gz_interfaces/ros_gz_interfaces/srv/detail/delete_entity__rosidl_typesupport_introspection_cpp.hpp
[11.419s] -- Installing: /home/cyberkanjousen/CLionProjects/ROS2_1/install/ros_gz_interfaces/lib/libros_gz_interfaces__rosidl_typesupport_introspection_cpp.so
[11.420s] -- Set non-toolchain portion of runtime path of "/home/cyberkanjousen/CLionProjects/ROS2_1/install/ros_gz_interfaces/lib/libros_gz_interfaces__rosidl_typesupport_introspection_cpp.so" to ""
[11.420s] -- Installing: /home/cyberkanjousen/CLionProjects/ROS2_1/install/ros_gz_interfaces/lib/libros_gz_interfaces__rosidl_typesupport_cpp.so
[11.420s] -- Set non-toolchain portion of runtime path of "/home/cyberkanjousen/CLionProjects/ROS2_1/install/ros_gz_interfaces/lib/libros_gz_interfaces__rosidl_typesupport_cpp.so" to ""
[11.420s] -- Installing: /home/cyberkanjousen/CLionProjects/ROS2_1/install/ros_gz_interfaces/share/ros_gz_interfaces/environment/pythonpath.sh
[11.420s] -- Installing: /home/cyberkanjousen/CLionProjects/ROS2_1/install/ros_gz_interfaces/share/ros_gz_interfaces/environment/pythonpath.dsv
[11.420s] -- Up-to-date: /home/cyberkanjousen/CLionProjects/ROS2_1/install/ros_gz_interfaces/lib/python3.12/site-packages/ros_gz_interfaces-3.0.4-py3.12.egg-info
[11.420s] -- Installing: /home/cyberkanjousen/CLionProjects/ROS2_1/install/ros_gz_interfaces/lib/python3.12/site-packages/ros_gz_interfaces-3.0.4-py3.12.egg-info/PKG-INFO
[11.420s] -- Installing: /home/cyberkanjousen/CLionProjects/ROS2_1/install/ros_gz_interfaces/lib/python3.12/site-packages/ros_gz_interfaces-3.0.4-py3.12.egg-info/top_level.txt
[11.420s] -- Installing: /home/cyberkanjousen/CLionProjects/ROS2_1/install/ros_gz_interfaces/lib/python3.12/site-packages/ros_gz_interfaces-3.0.4-py3.12.egg-info/SOURCES.txt
[11.421s] -- Installing: /home/cyberkanjousen/CLionProjects/ROS2_1/install/ros_gz_interfaces/lib/python3.12/site-packages/ros_gz_interfaces-3.0.4-py3.12.egg-info/dependency_links.txt
[11.421s] -- Up-to-date: /home/cyberkanjousen/CLionProjects/ROS2_1/install/ros_gz_interfaces/lib/python3.12/site-packages/ros_gz_interfaces
[11.421s] -- Installing: /home/cyberkanjousen/CLionProjects/ROS2_1/install/ros_gz_interfaces/lib/python3.12/site-packages/ros_gz_interfaces/ros_gz_interfaces_s__rosidl_typesupport_introspection_c.so
[11.421s] -- Installing: /home/cyberkanjousen/CLionProjects/ROS2_1/install/ros_gz_interfaces/lib/python3.12/site-packages/ros_gz_interfaces/_ros_gz_interfaces_s.ep.rosidl_typesupport_c.c
[11.421s] -- Installing: /home/cyberkanjousen/CLionProjects/ROS2_1/install/ros_gz_interfaces/lib/python3.12/site-packages/ros_gz_interfaces/_ros_gz_interfaces_s.ep.rosidl_typesupport_introspection_c.c
[11.421s] -- Installing: /home/cyberkanjousen/CLionProjects/ROS2_1/install/ros_gz_interfaces/lib/python3.12/site-packages/ros_gz_interfaces/ros_gz_interfaces_s__rosidl_typesupport_fastrtps_c.so
[11.421s] -- Installing: /home/cyberkanjousen/CLionProjects/ROS2_1/install/ros_gz_interfaces/lib/python3.12/site-packages/ros_gz_interfaces/ros_gz_interfaces_s__rosidl_typesupport_c.so
[11.421s] -- Up-to-date: /home/cyberkanjousen/CLionProjects/ROS2_1/install/ros_gz_interfaces/lib/python3.12/site-packages/ros_gz_interfaces/msg
[11.421s] -- Installing: /home/cyberkanjousen/CLionProjects/ROS2_1/install/ros_gz_interfaces/lib/python3.12/site-packages/ros_gz_interfaces/msg/_track_visual.py
[11.421s] -- Installing: /home/cyberkanjousen/CLionProjects/ROS2_1/install/ros_gz_interfaces/lib/python3.12/site-packages/ros_gz_interfaces/msg/_param_vec_s.c
[11.422s] -- Installing: /home/cyberkanjousen/CLionProjects/ROS2_1/install/ros_gz_interfaces/lib/python3.12/site-packages/ros_gz_interfaces/msg/_joint_wrench.py
[11.422s] -- Installing: /home/cyberkanjousen/CLionProjects/ROS2_1/install/ros_gz_interfaces/lib/python3.12/site-packages/ros_gz_interfaces/msg/_float32_array.py
[11.422s] -- Installing: /home/cyberkanjousen/CLionProjects/ROS2_1/install/ros_gz_interfaces/lib/python3.12/site-packages/ros_gz_interfaces/msg/_string_vec_s.c
[11.422s] -- Installing: /home/cyberkanjousen/CLionProjects/ROS2_1/install/ros_gz_interfaces/lib/python3.12/site-packages/ros_gz_interfaces/msg/_joint_wrench_s.c
[11.422s] -- Installing: /home/cyberkanjousen/CLionProjects/ROS2_1/install/ros_gz_interfaces/lib/python3.12/site-packages/ros_gz_interfaces/msg/_video_record.py
[11.422s] -- Installing: /home/cyberkanjousen/CLionProjects/ROS2_1/install/ros_gz_interfaces/lib/python3.12/site-packages/ros_gz_interfaces/msg/_track_visual_s.c
[11.422s] -- Installing: /home/cyberkanjousen/CLionProjects/ROS2_1/install/ros_gz_interfaces/lib/python3.12/site-packages/ros_gz_interfaces/msg/_contacts_s.c
[11.422s] -- Installing: /home/cyberkanjousen/CLionProjects/ROS2_1/install/ros_gz_interfaces/lib/python3.12/site-packages/ros_gz_interfaces/msg/_world_reset_s.c
[11.422s] -- Installing: /home/cyberkanjousen/CLionProjects/ROS2_1/install/ros_gz_interfaces/lib/python3.12/site-packages/ros_gz_interfaces/msg/_gui_camera_s.c
[11.422s] -- Installing: /home/cyberkanjousen/CLionProjects/ROS2_1/install/ros_gz_interfaces/lib/python3.12/site-packages/ros_gz_interfaces/msg/_contact_s.c
[11.422s] -- Installing: /home/cyberkanjousen/CLionProjects/ROS2_1/install/ros_gz_interfaces/lib/python3.12/site-packages/ros_gz_interfaces/msg/_string_vec.py
[11.422s] -- Installing: /home/cyberkanjousen/CLionProjects/ROS2_1/install/ros_gz_interfaces/lib/python3.12/site-packages/ros_gz_interfaces/msg/_altimeter_s.c
[11.422s] -- Installing: /home/cyberkanjousen/CLionProjects/ROS2_1/install/ros_gz_interfaces/lib/python3.12/site-packages/ros_gz_interfaces/msg/_video_record_s.c
[11.422s] -- Installing: /home/cyberkanjousen/CLionProjects/ROS2_1/install/ros_gz_interfaces/lib/python3.12/site-packages/ros_gz_interfaces/msg/_logical_camera_image_model_s.c
[11.423s] -- Installing: /home/cyberkanjousen/CLionProjects/ROS2_1/install/ros_gz_interfaces/lib/python3.12/site-packages/ros_gz_interfaces/msg/_dataframe_s.c
[11.423s] -- Installing: /home/cyberkanjousen/CLionProjects/ROS2_1/install/ros_gz_interfaces/lib/python3.12/site-packages/ros_gz_interfaces/msg/_light.py
[11.423s] -- Installing: /home/cyberkanjousen/CLionProjects/ROS2_1/install/ros_gz_interfaces/lib/python3.12/site-packages/ros_gz_interfaces/msg/_sensor_noise.py
[11.423s] -- Installing: /home/cyberkanjousen/CLionProjects/ROS2_1/install/ros_gz_interfaces/lib/python3.12/site-packages/ros_gz_interfaces/msg/_sensor_noise_s.c
[11.423s] -- Installing: /home/cyberkanjousen/CLionProjects/ROS2_1/install/ros_gz_interfaces/lib/python3.12/site-packages/ros_gz_interfaces/msg/__init__.py
[11.423s] -- Installing: /home/cyberkanjousen/CLionProjects/ROS2_1/install/ros_gz_interfaces/lib/python3.12/site-packages/ros_gz_interfaces/msg/_logical_camera_image.py
[11.423s] -- Installing: /home/cyberkanjousen/CLionProjects/ROS2_1/install/ros_gz_interfaces/lib/python3.12/site-packages/ros_gz_interfaces/msg/_light_s.c
[11.423s] -- Installing: /home/cyberkanjousen/CLionProjects/ROS2_1/install/ros_gz_interfaces/lib/python3.12/site-packages/ros_gz_interfaces/msg/_contacts.py
[11.423s] -- Installing: /home/cyberkanjousen/CLionProjects/ROS2_1/install/ros_gz_interfaces/lib/python3.12/site-packages/ros_gz_interfaces/msg/_contact.py
[11.423s] -- Installing: /home/cyberkanjousen/CLionProjects/ROS2_1/install/ros_gz_interfaces/lib/python3.12/site-packages/ros_gz_interfaces/msg/_logical_camera_image_model.py
[11.423s] -- Installing: /home/cyberkanjousen/CLionProjects/ROS2_1/install/ros_gz_interfaces/lib/python3.12/site-packages/ros_gz_interfaces/msg/_float32_array_s.c
[11.423s] -- Installing: /home/cyberkanjousen/CLionProjects/ROS2_1/install/ros_gz_interfaces/lib/python3.12/site-packages/ros_gz_interfaces/msg/_material_color.py
[11.423s] -- Installing: /home/cyberkanjousen/CLionProjects/ROS2_1/install/ros_gz_interfaces/lib/python3.12/site-packages/ros_gz_interfaces/msg/_entity_wrench_s.c
[11.423s] -- Installing: /home/cyberkanjousen/CLionProjects/ROS2_1/install/ros_gz_interfaces/lib/python3.12/site-packages/ros_gz_interfaces/msg/_param_vec.py
[11.424s] -- Installing: /home/cyberkanjousen/CLionProjects/ROS2_1/install/ros_gz_interfaces/lib/python3.12/site-packages/ros_gz_interfaces/msg/_entity_factory.py
[11.424s] -- Installing: /home/cyberkanjousen/CLionProjects/ROS2_1/install/ros_gz_interfaces/lib/python3.12/site-packages/ros_gz_interfaces/msg/_world_reset.py
[11.424s] -- Installing: /home/cyberkanjousen/CLionProjects/ROS2_1/install/ros_gz_interfaces/lib/python3.12/site-packages/ros_gz_interfaces/msg/_entity_factory_s.c
[11.424s] -- Installing: /home/cyberkanjousen/CLionProjects/ROS2_1/install/ros_gz_interfaces/lib/python3.12/site-packages/ros_gz_interfaces/msg/_entity_s.c
[11.424s] -- Installing: /home/cyberkanjousen/CLionProjects/ROS2_1/install/ros_gz_interfaces/lib/python3.12/site-packages/ros_gz_interfaces/msg/_entity.py
[11.424s] -- Installing: /home/cyberkanjousen/CLionProjects/ROS2_1/install/ros_gz_interfaces/lib/python3.12/site-packages/ros_gz_interfaces/msg/_material_color_s.c
[11.424s] -- Installing: /home/cyberkanjousen/CLionProjects/ROS2_1/install/ros_gz_interfaces/lib/python3.12/site-packages/ros_gz_interfaces/msg/_world_control.py
[11.424s] -- Installing: /home/cyberkanjousen/CLionProjects/ROS2_1/install/ros_gz_interfaces/lib/python3.12/site-packages/ros_gz_interfaces/msg/_world_control_s.c
[11.424s] -- Installing: /home/cyberkanjousen/CLionProjects/ROS2_1/install/ros_gz_interfaces/lib/python3.12/site-packages/ros_gz_interfaces/msg/_entity_wrench.py
[11.424s] -- Installing: /home/cyberkanjousen/CLionProjects/ROS2_1/install/ros_gz_interfaces/lib/python3.12/site-packages/ros_gz_interfaces/msg/_logical_camera_image_s.c
[11.424s] -- Installing: /home/cyberkanjousen/CLionProjects/ROS2_1/install/ros_gz_interfaces/lib/python3.12/site-packages/ros_gz_interfaces/msg/_altimeter.py
[11.424s] -- Installing: /home/cyberkanjousen/CLionProjects/ROS2_1/install/ros_gz_interfaces/lib/python3.12/site-packages/ros_gz_interfaces/msg/_dataframe.py
[11.424s] -- Installing: /home/cyberkanjousen/CLionProjects/ROS2_1/install/ros_gz_interfaces/lib/python3.12/site-packages/ros_gz_interfaces/msg/_gui_camera.py
[11.425s] -- Installing: /home/cyberkanjousen/CLionProjects/ROS2_1/install/ros_gz_interfaces/lib/python3.12/site-packages/ros_gz_interfaces/__init__.py
[11.425s] -- Installing: /home/cyberkanjousen/CLionProjects/ROS2_1/install/ros_gz_interfaces/lib/python3.12/site-packages/ros_gz_interfaces/_ros_gz_interfaces_s.ep.rosidl_typesupport_fastrtps_c.c
[11.425s] -- Up-to-date: /home/cyberkanjousen/CLionProjects/ROS2_1/install/ros_gz_interfaces/lib/python3.12/site-packages/ros_gz_interfaces/srv
[11.425s] -- Installing: /home/cyberkanjousen/CLionProjects/ROS2_1/install/ros_gz_interfaces/lib/python3.12/site-packages/ros_gz_interfaces/srv/_control_world_s.c
[11.425s] -- Installing: /home/cyberkanjousen/CLionProjects/ROS2_1/install/ros_gz_interfaces/lib/python3.12/site-packages/ros_gz_interfaces/srv/_spawn_entity_s.c
[11.425s] -- Installing: /home/cyberkanjousen/CLionProjects/ROS2_1/install/ros_gz_interfaces/lib/python3.12/site-packages/ros_gz_interfaces/srv/_control_world.py
[11.425s] -- Installing: /home/cyberkanjousen/CLionProjects/ROS2_1/install/ros_gz_interfaces/lib/python3.12/site-packages/ros_gz_interfaces/srv/_spawn_entity.py
[11.425s] -- Installing: /home/cyberkanjousen/CLionProjects/ROS2_1/install/ros_gz_interfaces/lib/python3.12/site-packages/ros_gz_interfaces/srv/__init__.py
[11.425s] -- Installing: /home/cyberkanjousen/CLionProjects/ROS2_1/install/ros_gz_interfaces/lib/python3.12/site-packages/ros_gz_interfaces/srv/_delete_entity_s.c
[11.425s] -- Installing: /home/cyberkanjousen/CLionProjects/ROS2_1/install/ros_gz_interfaces/lib/python3.12/site-packages/ros_gz_interfaces/srv/_set_entity_pose.py
[11.425s] -- Installing: /home/cyberkanjousen/CLionProjects/ROS2_1/install/ros_gz_interfaces/lib/python3.12/site-packages/ros_gz_interfaces/srv/_delete_entity.py
[11.425s] -- Installing: /home/cyberkanjousen/CLionProjects/ROS2_1/install/ros_gz_interfaces/lib/python3.12/site-packages/ros_gz_interfaces/srv/_set_entity_pose_s.c
[11.494s] Listing '/home/cyberkanjousen/CLionProjects/ROS2_1/install/ros_gz_interfaces/lib/python3.12/site-packages/ros_gz_interfaces'...
[11.494s] Compiling '/home/cyberkanjousen/CLionProjects/ROS2_1/install/ros_gz_interfaces/lib/python3.12/site-packages/ros_gz_interfaces/__init__.py'...
[11.494s] Listing '/home/cyberkanjousen/CLionProjects/ROS2_1/install/ros_gz_interfaces/lib/python3.12/site-packages/ros_gz_interfaces/msg'...
[11.494s] Compiling '/home/cyberkanjousen/CLionProjects/ROS2_1/install/ros_gz_interfaces/lib/python3.12/site-packages/ros_gz_interfaces/msg/__init__.py'...
[11.495s] Compiling '/home/cyberkanjousen/CLionProjects/ROS2_1/install/ros_gz_interfaces/lib/python3.12/site-packages/ros_gz_interfaces/msg/_altimeter.py'...
[11.495s] Compiling '/home/cyberkanjousen/CLionProjects/ROS2_1/install/ros_gz_interfaces/lib/python3.12/site-packages/ros_gz_interfaces/msg/_contact.py'...
[11.495s] Compiling '/home/cyberkanjousen/CLionProjects/ROS2_1/install/ros_gz_interfaces/lib/python3.12/site-packages/ros_gz_interfaces/msg/_contacts.py'...
[11.495s] Compiling '/home/cyberkanjousen/CLionProjects/ROS2_1/install/ros_gz_interfaces/lib/python3.12/site-packages/ros_gz_interfaces/msg/_dataframe.py'...
[11.495s] Compiling '/home/cyberkanjousen/CLionProjects/ROS2_1/install/ros_gz_interfaces/lib/python3.12/site-packages/ros_gz_interfaces/msg/_entity.py'...
[11.495s] Compiling '/home/cyberkanjousen/CLionProjects/ROS2_1/install/ros_gz_interfaces/lib/python3.12/site-packages/ros_gz_interfaces/msg/_entity_factory.py'...
[11.495s] Compiling '/home/cyberkanjousen/CLionProjects/ROS2_1/install/ros_gz_interfaces/lib/python3.12/site-packages/ros_gz_interfaces/msg/_entity_wrench.py'...
[11.495s] Compiling '/home/cyberkanjousen/CLionProjects/ROS2_1/install/ros_gz_interfaces/lib/python3.12/site-packages/ros_gz_interfaces/msg/_float32_array.py'...
[11.495s] Compiling '/home/cyberkanjousen/CLionProjects/ROS2_1/install/ros_gz_interfaces/lib/python3.12/site-packages/ros_gz_interfaces/msg/_gui_camera.py'...
[11.495s] Compiling '/home/cyberkanjousen/CLionProjects/ROS2_1/install/ros_gz_interfaces/lib/python3.12/site-packages/ros_gz_interfaces/msg/_joint_wrench.py'...
[11.495s] Compiling '/home/cyberkanjousen/CLionProjects/ROS2_1/install/ros_gz_interfaces/lib/python3.12/site-packages/ros_gz_interfaces/msg/_light.py'...
[11.495s] Compiling '/home/cyberkanjousen/CLionProjects/ROS2_1/install/ros_gz_interfaces/lib/python3.12/site-packages/ros_gz_interfaces/msg/_logical_camera_image.py'...
[11.495s] Compiling '/home/cyberkanjousen/CLionProjects/ROS2_1/install/ros_gz_interfaces/lib/python3.12/site-packages/ros_gz_interfaces/msg/_logical_camera_image_model.py'...
[11.495s] Compiling '/home/cyberkanjousen/CLionProjects/ROS2_1/install/ros_gz_interfaces/lib/python3.12/site-packages/ros_gz_interfaces/msg/_material_color.py'...
[11.495s] Compiling '/home/cyberkanjousen/CLionProjects/ROS2_1/install/ros_gz_interfaces/lib/python3.12/site-packages/ros_gz_interfaces/msg/_param_vec.py'...
[11.495s] Compiling '/home/cyberkanjousen/CLionProjects/ROS2_1/install/ros_gz_interfaces/lib/python3.12/site-packages/ros_gz_interfaces/msg/_sensor_noise.py'...
[11.495s] Compiling '/home/cyberkanjousen/CLionProjects/ROS2_1/install/ros_gz_interfaces/lib/python3.12/site-packages/ros_gz_interfaces/msg/_string_vec.py'...
[11.495s] Compiling '/home/cyberkanjousen/CLionProjects/ROS2_1/install/ros_gz_interfaces/lib/python3.12/site-packages/ros_gz_interfaces/msg/_track_visual.py'...
[11.495s] Compiling '/home/cyberkanjousen/CLionProjects/ROS2_1/install/ros_gz_interfaces/lib/python3.12/site-packages/ros_gz_interfaces/msg/_video_record.py'...
[11.495s] Compiling '/home/cyberkanjousen/CLionProjects/ROS2_1/install/ros_gz_interfaces/lib/python3.12/site-packages/ros_gz_interfaces/msg/_world_control.py'...
[11.495s] Compiling '/home/cyberkanjousen/CLionProjects/ROS2_1/install/ros_gz_interfaces/lib/python3.12/site-packages/ros_gz_interfaces/msg/_world_reset.py'...
[11.495s] Listing '/home/cyberkanjousen/CLionProjects/ROS2_1/install/ros_gz_interfaces/lib/python3.12/site-packages/ros_gz_interfaces/srv'...
[11.495s] Compiling '/home/cyberkanjousen/CLionProjects/ROS2_1/install/ros_gz_interfaces/lib/python3.12/site-packages/ros_gz_interfaces/srv/__init__.py'...
[11.495s] Compiling '/home/cyberkanjousen/CLionProjects/ROS2_1/install/ros_gz_interfaces/lib/python3.12/site-packages/ros_gz_interfaces/srv/_control_world.py'...
[11.495s] Compiling '/home/cyberkanjousen/CLionProjects/ROS2_1/install/ros_gz_interfaces/lib/python3.12/site-packages/ros_gz_interfaces/srv/_delete_entity.py'...
[11.495s] Compiling '/home/cyberkanjousen/CLionProjects/ROS2_1/install/ros_gz_interfaces/lib/python3.12/site-packages/ros_gz_interfaces/srv/_set_entity_pose.py'...
[11.495s] Compiling '/home/cyberkanjousen/CLionProjects/ROS2_1/install/ros_gz_interfaces/lib/python3.12/site-packages/ros_gz_interfaces/srv/_spawn_entity.py'...
[11.499s] -- Installing: /home/cyberkanjousen/CLionProjects/ROS2_1/install/ros_gz_interfaces/lib/python3.12/site-packages/ros_gz_interfaces/ros_gz_interfaces_s__rosidl_typesupport_fastrtps_c.so
[11.499s] -- Set non-toolchain portion of runtime path of "/home/cyberkanjousen/CLionProjects/ROS2_1/install/ros_gz_interfaces/lib/python3.12/site-packages/ros_gz_interfaces/ros_gz_interfaces_s__rosidl_typesupport_fastrtps_c.so" to ""
[11.499s] -- Installing: /home/cyberkanjousen/CLionProjects/ROS2_1/install/ros_gz_interfaces/lib/python3.12/site-packages/ros_gz_interfaces/ros_gz_interfaces_s__rosidl_typesupport_introspection_c.so
[11.499s] -- Set non-toolchain portion of runtime path of "/home/cyberkanjousen/CLionProjects/ROS2_1/install/ros_gz_interfaces/lib/python3.12/site-packages/ros_gz_interfaces/ros_gz_interfaces_s__rosidl_typesupport_introspection_c.so" to ""
[11.499s] -- Installing: /home/cyberkanjousen/CLionProjects/ROS2_1/install/ros_gz_interfaces/lib/python3.12/site-packages/ros_gz_interfaces/ros_gz_interfaces_s__rosidl_typesupport_c.so
[11.500s] -- Set non-toolchain portion of runtime path of "/home/cyberkanjousen/CLionProjects/ROS2_1/install/ros_gz_interfaces/lib/python3.12/site-packages/ros_gz_interfaces/ros_gz_interfaces_s__rosidl_typesupport_c.so" to ""
[11.500s] -- Installing: /home/cyberkanjousen/CLionProjects/ROS2_1/install/ros_gz_interfaces/lib/libros_gz_interfaces__rosidl_generator_py.so
[11.500s] -- Set non-toolchain portion of runtime path of "/home/cyberkanjousen/CLionProjects/ROS2_1/install/ros_gz_interfaces/lib/libros_gz_interfaces__rosidl_generator_py.so" to ""
[11.500s] -- Installing: /home/cyberkanjousen/CLionProjects/ROS2_1/install/ros_gz_interfaces/share/ros_gz_interfaces/msg/Altimeter.idl
[11.500s] -- Installing: /home/cyberkanjousen/CLionProjects/ROS2_1/install/ros_gz_interfaces/share/ros_gz_interfaces/msg/Contact.idl
[11.500s] -- Installing: /home/cyberkanjousen/CLionProjects/ROS2_1/install/ros_gz_interfaces/share/ros_gz_interfaces/msg/Contacts.idl
[11.500s] -- Installing: /home/cyberkanjousen/CLionProjects/ROS2_1/install/ros_gz_interfaces/share/ros_gz_interfaces/msg/Dataframe.idl
[11.500s] -- Installing: /home/cyberkanjousen/CLionProjects/ROS2_1/install/ros_gz_interfaces/share/ros_gz_interfaces/msg/Entity.idl
[11.500s] -- Installing: /home/cyberkanjousen/CLionProjects/ROS2_1/install/ros_gz_interfaces/share/ros_gz_interfaces/msg/EntityFactory.idl
[11.501s] -- Installing: /home/cyberkanjousen/CLionProjects/ROS2_1/install/ros_gz_interfaces/share/ros_gz_interfaces/msg/EntityWrench.idl
[11.501s] -- Installing: /home/cyberkanjousen/CLionProjects/ROS2_1/install/ros_gz_interfaces/share/ros_gz_interfaces/msg/Float32Array.idl
[11.501s] -- Installing: /home/cyberkanjousen/CLionProjects/ROS2_1/install/ros_gz_interfaces/share/ros_gz_interfaces/msg/GuiCamera.idl
[11.501s] -- Installing: /home/cyberkanjousen/CLionProjects/ROS2_1/install/ros_gz_interfaces/share/ros_gz_interfaces/msg/JointWrench.idl
[11.501s] -- Installing: /home/cyberkanjousen/CLionProjects/ROS2_1/install/ros_gz_interfaces/share/ros_gz_interfaces/msg/Light.idl
[11.501s] -- Installing: /home/cyberkanjousen/CLionProjects/ROS2_1/install/ros_gz_interfaces/share/ros_gz_interfaces/msg/LogicalCameraImage.idl
[11.501s] -- Installing: /home/cyberkanjousen/CLionProjects/ROS2_1/install/ros_gz_interfaces/share/ros_gz_interfaces/msg/LogicalCameraImageModel.idl
[11.501s] -- Installing: /home/cyberkanjousen/CLionProjects/ROS2_1/install/ros_gz_interfaces/share/ros_gz_interfaces/msg/MaterialColor.idl
[11.501s] -- Installing: /home/cyberkanjousen/CLionProjects/ROS2_1/install/ros_gz_interfaces/share/ros_gz_interfaces/msg/ParamVec.idl
[11.501s] -- Installing: /home/cyberkanjousen/CLionProjects/ROS2_1/install/ros_gz_interfaces/share/ros_gz_interfaces/msg/SensorNoise.idl
[11.502s] -- Installing: /home/cyberkanjousen/CLionProjects/ROS2_1/install/ros_gz_interfaces/share/ros_gz_interfaces/msg/StringVec.idl
[11.502s] -- Installing: /home/cyberkanjousen/CLionProjects/ROS2_1/install/ros_gz_interfaces/share/ros_gz_interfaces/msg/TrackVisual.idl
[11.502s] -- Installing: /home/cyberkanjousen/CLionProjects/ROS2_1/install/ros_gz_interfaces/share/ros_gz_interfaces/msg/VideoRecord.idl
[11.502s] -- Installing: /home/cyberkanjousen/CLionProjects/ROS2_1/install/ros_gz_interfaces/share/ros_gz_interfaces/msg/WorldControl.idl
[11.502s] -- Installing: /home/cyberkanjousen/CLionProjects/ROS2_1/install/ros_gz_interfaces/share/ros_gz_interfaces/msg/WorldReset.idl
[11.502s] -- Installing: /home/cyberkanjousen/CLionProjects/ROS2_1/install/ros_gz_interfaces/share/ros_gz_interfaces/srv/ControlWorld.idl
[11.502s] -- Installing: /home/cyberkanjousen/CLionProjects/ROS2_1/install/ros_gz_interfaces/share/ros_gz_interfaces/srv/DeleteEntity.idl
[11.502s] -- Installing: /home/cyberkanjousen/CLionProjects/ROS2_1/install/ros_gz_interfaces/share/ros_gz_interfaces/srv/SetEntityPose.idl
[11.502s] -- Installing: /home/cyberkanjousen/CLionProjects/ROS2_1/install/ros_gz_interfaces/share/ros_gz_interfaces/srv/SpawnEntity.idl
[11.502s] -- Up-to-date: /home/cyberkanjousen/CLionProjects/ROS2_1/install/ros_gz_interfaces/share/ros_gz_interfaces/msg/Altimeter.msg
[11.503s] -- Up-to-date: /home/cyberkanjousen/CLionProjects/ROS2_1/install/ros_gz_interfaces/share/ros_gz_interfaces/msg/Contact.msg
[11.503s] -- Up-to-date: /home/cyberkanjousen/CLionProjects/ROS2_1/install/ros_gz_interfaces/share/ros_gz_interfaces/msg/Contacts.msg
[11.503s] -- Up-to-date: /home/cyberkanjousen/CLionProjects/ROS2_1/install/ros_gz_interfaces/share/ros_gz_interfaces/msg/Dataframe.msg
[11.503s] -- Up-to-date: /home/cyberkanjousen/CLionProjects/ROS2_1/install/ros_gz_interfaces/share/ros_gz_interfaces/msg/Entity.msg
[11.503s] -- Up-to-date: /home/cyberkanjousen/CLionProjects/ROS2_1/install/ros_gz_interfaces/share/ros_gz_interfaces/msg/EntityFactory.msg
[11.503s] -- Up-to-date: /home/cyberkanjousen/CLionProjects/ROS2_1/install/ros_gz_interfaces/share/ros_gz_interfaces/msg/EntityWrench.msg
[11.503s] -- Up-to-date: /home/cyberkanjousen/CLionProjects/ROS2_1/install/ros_gz_interfaces/share/ros_gz_interfaces/msg/Float32Array.msg
[11.503s] -- Up-to-date: /home/cyberkanjousen/CLionProjects/ROS2_1/install/ros_gz_interfaces/share/ros_gz_interfaces/msg/GuiCamera.msg
[11.503s] -- Up-to-date: /home/cyberkanjousen/CLionProjects/ROS2_1/install/ros_gz_interfaces/share/ros_gz_interfaces/msg/JointWrench.msg
[11.503s] -- Up-to-date: /home/cyberkanjousen/CLionProjects/ROS2_1/install/ros_gz_interfaces/share/ros_gz_interfaces/msg/Light.msg
[11.503s] -- Up-to-date: /home/cyberkanjousen/CLionProjects/ROS2_1/install/ros_gz_interfaces/share/ros_gz_interfaces/msg/LogicalCameraImage.msg
[11.503s] -- Up-to-date: /home/cyberkanjousen/CLionProjects/ROS2_1/install/ros_gz_interfaces/share/ros_gz_interfaces/msg/LogicalCameraImageModel.msg
[11.503s] -- Up-to-date: /home/cyberkanjousen/CLionProjects/ROS2_1/install/ros_gz_interfaces/share/ros_gz_interfaces/msg/MaterialColor.msg
[11.503s] -- Up-to-date: /home/cyberkanjousen/CLionProjects/ROS2_1/install/ros_gz_interfaces/share/ros_gz_interfaces/msg/ParamVec.msg
[11.503s] -- Up-to-date: /home/cyberkanjousen/CLionProjects/ROS2_1/install/ros_gz_interfaces/share/ros_gz_interfaces/msg/SensorNoise.msg
[11.503s] -- Up-to-date: /home/cyberkanjousen/CLionProjects/ROS2_1/install/ros_gz_interfaces/share/ros_gz_interfaces/msg/StringVec.msg
[11.503s] -- Up-to-date: /home/cyberkanjousen/CLionProjects/ROS2_1/install/ros_gz_interfaces/share/ros_gz_interfaces/msg/TrackVisual.msg
[11.503s] -- Up-to-date: /home/cyberkanjousen/CLionProjects/ROS2_1/install/ros_gz_interfaces/share/ros_gz_interfaces/msg/VideoRecord.msg
[11.503s] -- Up-to-date: /home/cyberkanjousen/CLionProjects/ROS2_1/install/ros_gz_interfaces/share/ros_gz_interfaces/msg/WorldControl.msg
[11.504s] -- Up-to-date: /home/cyberkanjousen/CLionProjects/ROS2_1/install/ros_gz_interfaces/share/ros_gz_interfaces/msg/WorldReset.msg
[11.504s] -- Up-to-date: /home/cyberkanjousen/CLionProjects/ROS2_1/install/ros_gz_interfaces/share/ros_gz_interfaces/srv/ControlWorld.srv
[11.504s] -- Up-to-date: /home/cyberkanjousen/CLionProjects/ROS2_1/install/ros_gz_interfaces/share/ros_gz_interfaces/srv/DeleteEntity.srv
[11.504s] -- Up-to-date: /home/cyberkanjousen/CLionProjects/ROS2_1/install/ros_gz_interfaces/share/ros_gz_interfaces/srv/SetEntityPose.srv
[11.504s] -- Up-to-date: /home/cyberkanjousen/CLionProjects/ROS2_1/install/ros_gz_interfaces/share/ros_gz_interfaces/srv/SpawnEntity.srv
[11.504s] -- Installing: /home/cyberkanjousen/CLionProjects/ROS2_1/install/ros_gz_interfaces/share/ament_index/resource_index/package_run_dependencies/ros_gz_interfaces
[11.504s] -- Installing: /home/cyberkanjousen/CLionProjects/ROS2_1/install/ros_gz_interfaces/share/ament_index/resource_index/parent_prefix_path/ros_gz_interfaces
[11.504s] -- Up-to-date: /home/cyberkanjousen/CLionProjects/ROS2_1/install/ros_gz_interfaces/share/ros_gz_interfaces/environment/ament_prefix_path.sh
[11.504s] -- Installing: /home/cyberkanjousen/CLionProjects/ROS2_1/install/ros_gz_interfaces/share/ros_gz_interfaces/environment/ament_prefix_path.dsv
[11.504s] -- Up-to-date: /home/cyberkanjousen/CLionProjects/ROS2_1/install/ros_gz_interfaces/share/ros_gz_interfaces/environment/path.sh
[11.504s] -- Installing: /home/cyberkanjousen/CLionProjects/ROS2_1/install/ros_gz_interfaces/share/ros_gz_interfaces/environment/path.dsv
[11.504s] -- Installing: /home/cyberkanjousen/CLionProjects/ROS2_1/install/ros_gz_interfaces/share/ros_gz_interfaces/local_setup.bash
[11.504s] -- Installing: /home/cyberkanjousen/CLionProjects/ROS2_1/install/ros_gz_interfaces/share/ros_gz_interfaces/local_setup.sh
[11.505s] -- Installing: /home/cyberkanjousen/CLionProjects/ROS2_1/install/ros_gz_interfaces/share/ros_gz_interfaces/local_setup.zsh
[11.505s] -- Installing: /home/cyberkanjousen/CLionProjects/ROS2_1/install/ros_gz_interfaces/share/ros_gz_interfaces/local_setup.dsv
[11.505s] -- Installing: /home/cyberkanjousen/CLionProjects/ROS2_1/install/ros_gz_interfaces/share/ros_gz_interfaces/package.dsv
[11.505s] -- Installing: /home/cyberkanjousen/CLionProjects/ROS2_1/install/ros_gz_interfaces/share/ament_index/resource_index/packages/ros_gz_interfaces
[11.505s] -- Installing: /home/cyberkanjousen/CLionProjects/ROS2_1/install/ros_gz_interfaces/share/ros_gz_interfaces/cmake/export_ros_gz_interfaces__rosidl_generator_cExport.cmake
[11.505s] -- Installing: /home/cyberkanjousen/CLionProjects/ROS2_1/install/ros_gz_interfaces/share/ros_gz_interfaces/cmake/export_ros_gz_interfaces__rosidl_generator_cExport-noconfig.cmake
[11.505s] -- Installing: /home/cyberkanjousen/CLionProjects/ROS2_1/install/ros_gz_interfaces/share/ros_gz_interfaces/cmake/export_ros_gz_interfaces__rosidl_typesupport_fastrtps_cExport.cmake
[11.505s] -- Installing: /home/cyberkanjousen/CLionProjects/ROS2_1/install/ros_gz_interfaces/share/ros_gz_interfaces/cmake/export_ros_gz_interfaces__rosidl_typesupport_fastrtps_cExport-noconfig.cmake
[11.506s] -- Installing: /home/cyberkanjousen/CLionProjects/ROS2_1/install/ros_gz_interfaces/share/ros_gz_interfaces/cmake/export_ros_gz_interfaces__rosidl_generator_cppExport.cmake
[11.506s] -- Installing: /home/cyberkanjousen/CLionProjects/ROS2_1/install/ros_gz_interfaces/share/ros_gz_interfaces/cmake/export_ros_gz_interfaces__rosidl_typesupport_fastrtps_cppExport.cmake
[11.506s] -- Installing: /home/cyberkanjousen/CLionProjects/ROS2_1/install/ros_gz_interfaces/share/ros_gz_interfaces/cmake/export_ros_gz_interfaces__rosidl_typesupport_fastrtps_cppExport-noconfig.cmake
[11.506s] -- Installing: /home/cyberkanjousen/CLionProjects/ROS2_1/install/ros_gz_interfaces/share/ros_gz_interfaces/cmake/ros_gz_interfaces__rosidl_typesupport_introspection_cExport.cmake
[11.506s] -- Installing: /home/cyberkanjousen/CLionProjects/ROS2_1/install/ros_gz_interfaces/share/ros_gz_interfaces/cmake/ros_gz_interfaces__rosidl_typesupport_introspection_cExport-noconfig.cmake
[11.506s] -- Installing: /home/cyberkanjousen/CLionProjects/ROS2_1/install/ros_gz_interfaces/share/ros_gz_interfaces/cmake/ros_gz_interfaces__rosidl_typesupport_cExport.cmake
[11.506s] -- Installing: /home/cyberkanjousen/CLionProjects/ROS2_1/install/ros_gz_interfaces/share/ros_gz_interfaces/cmake/ros_gz_interfaces__rosidl_typesupport_cExport-noconfig.cmake
[11.506s] -- Installing: /home/cyberkanjousen/CLionProjects/ROS2_1/install/ros_gz_interfaces/share/ros_gz_interfaces/cmake/ros_gz_interfaces__rosidl_typesupport_introspection_cppExport.cmake
[11.506s] -- Installing: /home/cyberkanjousen/CLionProjects/ROS2_1/install/ros_gz_interfaces/share/ros_gz_interfaces/cmake/ros_gz_interfaces__rosidl_typesupport_introspection_cppExport-noconfig.cmake
[11.507s] -- Installing: /home/cyberkanjousen/CLionProjects/ROS2_1/install/ros_gz_interfaces/share/ros_gz_interfaces/cmake/ros_gz_interfaces__rosidl_typesupport_cppExport.cmake
[11.507s] -- Installing: /home/cyberkanjousen/CLionProjects/ROS2_1/install/ros_gz_interfaces/share/ros_gz_interfaces/cmake/ros_gz_interfaces__rosidl_typesupport_cppExport-noconfig.cmake
[11.507s] -- Installing: /home/cyberkanjousen/CLionProjects/ROS2_1/install/ros_gz_interfaces/share/ros_gz_interfaces/cmake/export_ros_gz_interfaces__rosidl_generator_pyExport.cmake
[11.507s] -- Installing: /home/cyberkanjousen/CLionProjects/ROS2_1/install/ros_gz_interfaces/share/ros_gz_interfaces/cmake/export_ros_gz_interfaces__rosidl_generator_pyExport-noconfig.cmake
[11.507s] -- Installing: /home/cyberkanjousen/CLionProjects/ROS2_1/install/ros_gz_interfaces/share/ros_gz_interfaces/cmake/rosidl_cmake-extras.cmake
[11.507s] -- Installing: /home/cyberkanjousen/CLionProjects/ROS2_1/install/ros_gz_interfaces/share/ros_gz_interfaces/cmake/ament_cmake_export_dependencies-extras.cmake
[11.507s] -- Installing: /home/cyberkanjousen/CLionProjects/ROS2_1/install/ros_gz_interfaces/share/ros_gz_interfaces/cmake/ament_cmake_export_include_directories-extras.cmake
[11.507s] -- Installing: /home/cyberkanjousen/CLionProjects/ROS2_1/install/ros_gz_interfaces/share/ros_gz_interfaces/cmake/ament_cmake_export_libraries-extras.cmake
[11.508s] -- Installing: /home/cyberkanjousen/CLionProjects/ROS2_1/install/ros_gz_interfaces/share/ros_gz_interfaces/cmake/ament_cmake_export_targets-extras.cmake
[11.508s] -- Installing: /home/cyberkanjousen/CLionProjects/ROS2_1/install/ros_gz_interfaces/share/ros_gz_interfaces/cmake/rosidl_cmake_export_typesupport_targets-extras.cmake
[11.508s] -- Installing: /home/cyberkanjousen/CLionProjects/ROS2_1/install/ros_gz_interfaces/share/ros_gz_interfaces/cmake/rosidl_cmake_export_typesupport_libraries-extras.cmake
[11.508s] -- Installing: /home/cyberkanjousen/CLionProjects/ROS2_1/install/ros_gz_interfaces/share/ros_gz_interfaces/cmake/ros_gz_interfacesConfig.cmake
[11.508s] -- Installing: /home/cyberkanjousen/CLionProjects/ROS2_1/install/ros_gz_interfaces/share/ros_gz_interfaces/cmake/ros_gz_interfacesConfig-version.cmake
[11.508s] -- Up-to-date: /home/cyberkanjousen/CLionProjects/ROS2_1/install/ros_gz_interfaces/share/ros_gz_interfaces/package.xml
[11.510s] Invoked command in '/home/cyberkanjousen/CLionProjects/ROS2_1/build/ros_gz_interfaces' returned '0': CMAKE_PREFIX_PATH=${CMAKE_PREFIX_PATH}:/opt/ros/jazzy DEBUGINFOD_URLS=https://debuginfod.ubuntu.com /usr/bin/cmake --install /home/cyberkanjousen/CLionProjects/ROS2_1/build/ros_gz_interfaces
