[0.000000] (-) TimerEvent: {}
[0.000423] (cpp_pubsub) JobQueued: {'identifier': 'cpp_pubsub', 'dependencies': OrderedDict()}
[0.000507] (service_114514) JobQueued: {'identifier': 'service_114514', 'dependencies': OrderedDict()}
[0.000543] (cpp_srvcli) JobQueued: {'identifier': 'cpp_srvcli', 'dependencies': OrderedDict({'service_114514': '/home/cyberkanjousen/CLionProjects/ROS2_1/install/service_114514'})}
[0.000710] (service_114514) JobStarted: {'identifier': 'service_114514'}
[0.003809] (cpp_pubsub) JobStarted: {'identifier': 'cpp_pubsub'}
[0.006325] (service_114514) JobProgress: {'identifier': 'service_114514', 'progress': 'cmake'}
[0.006685] (service_114514) Command: {'cmd': ['/usr/bin/cmake', '/home/cyberkanjousen/CLionProjects/ROS2_1/src/service_114514', '-DCMAKE_EXPORT_COMPILE_COMMANDS=ON', '-G', 'Ninja', '-DCMAKE_INSTALL_PREFIX=/home/cyberkanjousen/CLionProjects/ROS2_1/install/service_114514'], 'cwd': '/home/cyberkanjousen/CLionProjects/ROS2_1/build/service_114514', 'env': OrderedDict({'TERM_SESSION_ID': '63c909e5-d298-4cc9-832e-4a5012225e58', 'GJS_DEBUG_TOPICS': 'JS ERROR;JS LOG', 'XDG_ACTIVATION_TOKEN': 'gnome-shell/CLion/3210-0-cyberkanjousen-Legion-Y7000P-IRX10_TIME51333', 'LESSOPEN': '| /usr/bin/lesspipe %s', 'SNAP_INSTANCE_KEY': '', 'USER': 'cyberkanjousen', 'SNAP_COMMON': '/var/snap/clion/common', 'socks_host': 'socks://127.0.0.1:10808', 'XDG_SESSION_TYPE': 'x11', 'SNAP_UID': '1000', 'CLUTTER_DISABLE_MIPMAPPED_TEXT': '1', 'SHLVL': '1', 'LD_LIBRARY_PATH': '/opt/ros/jazzy/opt/rviz_ogre_vendor/lib:/opt/ros/jazzy/lib/x86_64-linux-gnu:/opt/ros/jazzy/opt/gz_math_vendor/lib:/opt/ros/jazzy/opt/gz_utils_vendor/lib:/opt/ros/jazzy/opt/gz_cmake_vendor/lib:/opt/ros/jazzy/lib', 'HOME': '/home/cyberkanjousen', 'SNAP_LIBRARY_PATH': '/var/lib/snapd/lib/gl:/var/lib/snapd/lib/gl32:/var/lib/snapd/void', 'DESKTOP_SESSION': 'ubuntu', 'SNAP_USER_DATA': '/home/cyberkanjousen/snap/clion/393', 'TERMINAL_EMULATOR': 'JetBrains-JediTerm', 'GIO_LAUNCHED_DESKTOP_FILE': '/var/lib/snapd/desktop/applications/clion_clion.desktop', 'ROS_PYTHON_VERSION': '3', 'GNOME_SHELL_SESSION_MODE': 'ubuntu', 'GTK_MODULES': 'gail:atk-bridge', 'MANAGERPID': '2765', 'SYSTEMD_EXEC_PID': '3210', 'GSM_SKIP_SSH_AGENT_WORKAROUND': 'true', 'DBUS_SESSION_BUS_ADDRESS': 'unix:path=/run/user/1000/bus', 'SNAP_REVISION': '393', 'GIO_LAUNCHED_DESKTOP_FILE_PID': '4290', 'DEBUGINFOD_URLS': 'https://debuginfod.ubuntu.com', 'https_proxy': 'http://127.0.0.1:10808', 'ROS_DISTRO': 'jazzy', 'LOGNAME': 'cyberkanjousen', 'SNAP_CONTEXT': '7cMq18PPvE0GyoauddMEMHLsazMvDF3aF-ApkkrArLYzdt8gAxjQ', 'http_proxy': 'http://127.0.0.1:10808', 'JOURNAL_STREAM': '9:40206', '_': '/usr/bin/colcon', 'ROS_VERSION': '2', 'MEMORY_PRESSURE_WATCH': '/sys/fs/cgroup/user.slice/user-1000.slice/user@1000.service/session.slice/org.gnome.Shell@x11.service/memory.pressure', 'XDG_SESSION_CLASS': 'user', 'SNAP_VERSION': '2025.2.4', 'USERNAME': 'cyberkanjousen', 'TERM': 'xterm-256color', 'GNOME_DESKTOP_SESSION_ID': 'this-is-deprecated', 'SNAP_INSTANCE_NAME': 'clion', 'WINDOWPATH': '2', 'PATH': '/opt/ros/jazzy/bin:/home/cyberkanjousen/.local/bin:/usr/local/sbin:/usr/local/bin:/usr/sbin:/usr/bin:/sbin:/bin:/usr/games:/usr/local/games:/snap/bin:/snap/bin:/home/cyberkanjousen/.local/bin:/home/cyberkanjousen/.local/bin', 'SESSION_MANAGER': 'local/cyberkanjousen-Legion-Y7000P-IRX10:@/tmp/.ICE-unix/3111,unix/cyberkanjousen-Legion-Y7000P-IRX10:/tmp/.ICE-unix/3111', 'INVOCATION_ID': 'e7fea1e9eb6f4e17a61b475e3444d22f', 'XDG_MENU_PREFIX': 'gnome-', 'ftp_proxy': 'ftp://127.0.0.1:10808', 'SNAP_DATA': '/var/snap/clion/393', 'XDG_RUNTIME_DIR': '/run/user/1000', 'DISPLAY': ':1', 'DESKTOP_STARTUP_ID': 'gnome-shell/CLion/3210-0-cyberkanjousen-Legion-Y7000P-IRX10_TIME51333', 'LANG': 'zh_CN.UTF-8', 'XDG_CURRENT_DESKTOP': 'ubuntu:GNOME', 'XMODIFIERS': '@im=ibus', 'XDG_SESSION_DESKTOP': 'ubuntu', 'XAUTHORITY': '/run/user/1000/gdm/Xauthority', 'LS_COLORS': 'rs=0:di=01;34:ln=01;36:mh=00:pi=40;33:so=01;35:do=01;35:bd=40;33;01:cd=40;33;01:or=40;31;01:mi=00:su=37;41:sg=30;43:ca=00:tw=30;42:ow=34;42:st=37;44:ex=01;32:*.tar=01;31:*.tgz=01;31:*.arc=01;31:*.arj=01;31:*.taz=01;31:*.lha=01;31:*.lz4=01;31:*.lzh=01;31:*.lzma=01;31:*.tlz=01;31:*.txz=01;31:*.tzo=01;31:*.t7z=01;31:*.zip=01;31:*.z=01;31:*.dz=01;31:*.gz=01;31:*.lrz=01;31:*.lz=01;31:*.lzo=01;31:*.xz=01;31:*.zst=01;31:*.tzst=01;31:*.bz2=01;31:*.bz=01;31:*.tbz=01;31:*.tbz2=01;31:*.tz=01;31:*.deb=01;31:*.rpm=01;31:*.jar=01;31:*.war=01;31:*.ear=01;31:*.sar=01;31:*.rar=01;31:*.alz=01;31:*.ace=01;31:*.zoo=01;31:*.cpio=01;31:*.7z=01;31:*.rz=01;31:*.cab=01;31:*.wim=01;31:*.swm=01;31:*.dwm=01;31:*.esd=01;31:*.avif=01;35:*.jpg=01;35:*.jpeg=01;35:*.mjpg=01;35:*.mjpeg=01;35:*.gif=01;35:*.bmp=01;35:*.pbm=01;35:*.pgm=01;35:*.ppm=01;35:*.tga=01;35:*.xbm=01;35:*.xpm=01;35:*.tif=01;35:*.tiff=01;35:*.png=01;35:*.svg=01;35:*.svgz=01;35:*.mng=01;35:*.pcx=01;35:*.mov=01;35:*.mpg=01;35:*.mpeg=01;35:*.m2v=01;35:*.mkv=01;35:*.webm=01;35:*.webp=01;35:*.ogm=01;35:*.mp4=01;35:*.m4v=01;35:*.mp4v=01;35:*.vob=01;35:*.qt=01;35:*.nuv=01;35:*.wmv=01;35:*.asf=01;35:*.rm=01;35:*.rmvb=01;35:*.flc=01;35:*.avi=01;35:*.fli=01;35:*.flv=01;35:*.gl=01;35:*.dl=01;35:*.xcf=01;35:*.xwd=01;35:*.yuv=01;35:*.cgm=01;35:*.emf=01;35:*.ogv=01;35:*.ogx=01;35:*.aac=00;36:*.au=00;36:*.flac=00;36:*.m4a=00;36:*.mid=00;36:*.midi=00;36:*.mka=00;36:*.mp3=00;36:*.mpc=00;36:*.ogg=00;36:*.ra=00;36:*.wav=00;36:*.oga=00;36:*.opus=00;36:*.spx=00;36:*.xspf=00;36:*~=00;90:*#=00;90:*.bak=00;90:*.crdownload=00;90:*.dpkg-dist=00;90:*.dpkg-new=00;90:*.dpkg-old=00;90:*.dpkg-tmp=00;90:*.old=00;90:*.orig=00;90:*.part=00;90:*.rej=00;90:*.rpmnew=00;90:*.rpmorig=00;90:*.rpmsave=00;90:*.swp=00;90:*.tmp=00;90:*.ucf-dist=00;90:*.ucf-new=00;90:*.ucf-old=00;90:', 'SNAP_USER_COMMON': '/home/cyberkanjousen/snap/clion/common', 'SSH_AUTH_SOCK': '/run/user/1000/keyring/ssh', 'SNAP_ARCH': 'amd64', 'AMENT_PREFIX_PATH': '/opt/ros/jazzy', 'SNAP_COOKIE': '7cMq18PPvE0GyoauddMEMHLsazMvDF3aF-ApkkrArLYzdt8gAxjQ', 'SHELL': '/bin/bash', 'QT_ACCESSIBILITY': '1', 'SNAP_REEXEC': '', 'GDMSESSION': 'ubuntu', 'LESSCLOSE': '/usr/bin/lesspipe %s %s', 'SNAP_NAME': 'clion', 'GPG_AGENT_INFO': '/run/user/1000/gnupg/S.gpg-agent:0:1', 'GJS_DEBUG_OUTPUT': 'stderr', 'ROS_AUTOMATIC_DISCOVERY_RANGE': 'SUBNET', 'QT_IM_MODULE': 'ibus', 'PWD': '/home/cyberkanjousen/CLionProjects/ROS2_1/build/service_114514', 'XDG_CONFIG_DIRS': '/etc/xdg/xdg-ubuntu:/etc/xdg', 'SNAP_REAL_HOME': '/home/cyberkanjousen', 'XDG_DATA_DIRS': '/usr/share/ubuntu:/usr/share/gnome:/usr/local/share/:/usr/share/:/var/lib/snapd/desktop', 'SNAP_EUID': '1000', 'QTWEBENGINE_DICTIONARIES_PATH': '/usr/share/hunspell-bdic/', 'PYTHONPATH': '/opt/ros/jazzy/lib/python3.12/site-packages', 'SNAP': '/snap/clion/393', 'COLCON': '1', 'MEMORY_PRESSURE_WRITE': 'c29tZSAyMDAwMDAgMjAwMDAwMAA=', 'JM_OPTION_PATH': '/home/cyberkanjousen/下载', 'CMAKE_PREFIX_PATH': '/opt/ros/jazzy/opt/gz_math_vendor:/opt/ros/jazzy/opt/gz_utils_vendor:/opt/ros/jazzy/opt/gz_cmake_vendor:/opt/ros/jazzy'}), 'shell': False}
[0.009100] (cpp_pubsub) JobProgress: {'identifier': 'cpp_pubsub', 'progress': 'cmake'}
[0.009477] (cpp_pubsub) Command: {'cmd': ['/usr/bin/cmake', '/home/cyberkanjousen/CLionProjects/ROS2_1/src/cpp_pubsub', '-DCMAKE_EXPORT_COMPILE_COMMANDS=ON', '-G', 'Ninja', '-DCMAKE_INSTALL_PREFIX=/home/cyberkanjousen/CLionProjects/ROS2_1/install/cpp_pubsub'], 'cwd': '/home/cyberkanjousen/CLionProjects/ROS2_1/build/cpp_pubsub', 'env': OrderedDict({'TERM_SESSION_ID': '63c909e5-d298-4cc9-832e-4a5012225e58', 'GJS_DEBUG_TOPICS': 'JS ERROR;JS LOG', 'XDG_ACTIVATION_TOKEN': 'gnome-shell/CLion/3210-0-cyberkanjousen-Legion-Y7000P-IRX10_TIME51333', 'LESSOPEN': '| /usr/bin/lesspipe %s', 'SNAP_INSTANCE_KEY': '', 'USER': 'cyberkanjousen', 'SNAP_COMMON': '/var/snap/clion/common', 'socks_host': 'socks://127.0.0.1:10808', 'XDG_SESSION_TYPE': 'x11', 'SNAP_UID': '1000', 'CLUTTER_DISABLE_MIPMAPPED_TEXT': '1', 'SHLVL': '1', 'LD_LIBRARY_PATH': '/opt/ros/jazzy/opt/rviz_ogre_vendor/lib:/opt/ros/jazzy/lib/x86_64-linux-gnu:/opt/ros/jazzy/opt/gz_math_vendor/lib:/opt/ros/jazzy/opt/gz_utils_vendor/lib:/opt/ros/jazzy/opt/gz_cmake_vendor/lib:/opt/ros/jazzy/lib', 'HOME': '/home/cyberkanjousen', 'SNAP_LIBRARY_PATH': '/var/lib/snapd/lib/gl:/var/lib/snapd/lib/gl32:/var/lib/snapd/void', 'DESKTOP_SESSION': 'ubuntu', 'SNAP_USER_DATA': '/home/cyberkanjousen/snap/clion/393', 'TERMINAL_EMULATOR': 'JetBrains-JediTerm', 'GIO_LAUNCHED_DESKTOP_FILE': '/var/lib/snapd/desktop/applications/clion_clion.desktop', 'ROS_PYTHON_VERSION': '3', 'GNOME_SHELL_SESSION_MODE': 'ubuntu', 'GTK_MODULES': 'gail:atk-bridge', 'MANAGERPID': '2765', 'SYSTEMD_EXEC_PID': '3210', 'GSM_SKIP_SSH_AGENT_WORKAROUND': 'true', 'DBUS_SESSION_BUS_ADDRESS': 'unix:path=/run/user/1000/bus', 'SNAP_REVISION': '393', 'GIO_LAUNCHED_DESKTOP_FILE_PID': '4290', 'DEBUGINFOD_URLS': 'https://debuginfod.ubuntu.com', 'https_proxy': 'http://127.0.0.1:10808', 'ROS_DISTRO': 'jazzy', 'LOGNAME': 'cyberkanjousen', 'SNAP_CONTEXT': '7cMq18PPvE0GyoauddMEMHLsazMvDF3aF-ApkkrArLYzdt8gAxjQ', 'http_proxy': 'http://127.0.0.1:10808', 'JOURNAL_STREAM': '9:40206', '_': '/usr/bin/colcon', 'ROS_VERSION': '2', 'MEMORY_PRESSURE_WATCH': '/sys/fs/cgroup/user.slice/user-1000.slice/user@1000.service/session.slice/org.gnome.Shell@x11.service/memory.pressure', 'XDG_SESSION_CLASS': 'user', 'SNAP_VERSION': '2025.2.4', 'USERNAME': 'cyberkanjousen', 'TERM': 'xterm-256color', 'GNOME_DESKTOP_SESSION_ID': 'this-is-deprecated', 'SNAP_INSTANCE_NAME': 'clion', 'WINDOWPATH': '2', 'PATH': '/opt/ros/jazzy/bin:/home/cyberkanjousen/.local/bin:/usr/local/sbin:/usr/local/bin:/usr/sbin:/usr/bin:/sbin:/bin:/usr/games:/usr/local/games:/snap/bin:/snap/bin:/home/cyberkanjousen/.local/bin:/home/cyberkanjousen/.local/bin', 'SESSION_MANAGER': 'local/cyberkanjousen-Legion-Y7000P-IRX10:@/tmp/.ICE-unix/3111,unix/cyberkanjousen-Legion-Y7000P-IRX10:/tmp/.ICE-unix/3111', 'INVOCATION_ID': 'e7fea1e9eb6f4e17a61b475e3444d22f', 'XDG_MENU_PREFIX': 'gnome-', 'ftp_proxy': 'ftp://127.0.0.1:10808', 'SNAP_DATA': '/var/snap/clion/393', 'XDG_RUNTIME_DIR': '/run/user/1000', 'DISPLAY': ':1', 'DESKTOP_STARTUP_ID': 'gnome-shell/CLion/3210-0-cyberkanjousen-Legion-Y7000P-IRX10_TIME51333', 'LANG': 'zh_CN.UTF-8', 'XDG_CURRENT_DESKTOP': 'ubuntu:GNOME', 'XMODIFIERS': '@im=ibus', 'XDG_SESSION_DESKTOP': 'ubuntu', 'XAUTHORITY': '/run/user/1000/gdm/Xauthority', 'LS_COLORS': 'rs=0:di=01;34:ln=01;36:mh=00:pi=40;33:so=01;35:do=01;35:bd=40;33;01:cd=40;33;01:or=40;31;01:mi=00:su=37;41:sg=30;43:ca=00:tw=30;42:ow=34;42:st=37;44:ex=01;32:*.tar=01;31:*.tgz=01;31:*.arc=01;31:*.arj=01;31:*.taz=01;31:*.lha=01;31:*.lz4=01;31:*.lzh=01;31:*.lzma=01;31:*.tlz=01;31:*.txz=01;31:*.tzo=01;31:*.t7z=01;31:*.zip=01;31:*.z=01;31:*.dz=01;31:*.gz=01;31:*.lrz=01;31:*.lz=01;31:*.lzo=01;31:*.xz=01;31:*.zst=01;31:*.tzst=01;31:*.bz2=01;31:*.bz=01;31:*.tbz=01;31:*.tbz2=01;31:*.tz=01;31:*.deb=01;31:*.rpm=01;31:*.jar=01;31:*.war=01;31:*.ear=01;31:*.sar=01;31:*.rar=01;31:*.alz=01;31:*.ace=01;31:*.zoo=01;31:*.cpio=01;31:*.7z=01;31:*.rz=01;31:*.cab=01;31:*.wim=01;31:*.swm=01;31:*.dwm=01;31:*.esd=01;31:*.avif=01;35:*.jpg=01;35:*.jpeg=01;35:*.mjpg=01;35:*.mjpeg=01;35:*.gif=01;35:*.bmp=01;35:*.pbm=01;35:*.pgm=01;35:*.ppm=01;35:*.tga=01;35:*.xbm=01;35:*.xpm=01;35:*.tif=01;35:*.tiff=01;35:*.png=01;35:*.svg=01;35:*.svgz=01;35:*.mng=01;35:*.pcx=01;35:*.mov=01;35:*.mpg=01;35:*.mpeg=01;35:*.m2v=01;35:*.mkv=01;35:*.webm=01;35:*.webp=01;35:*.ogm=01;35:*.mp4=01;35:*.m4v=01;35:*.mp4v=01;35:*.vob=01;35:*.qt=01;35:*.nuv=01;35:*.wmv=01;35:*.asf=01;35:*.rm=01;35:*.rmvb=01;35:*.flc=01;35:*.avi=01;35:*.fli=01;35:*.flv=01;35:*.gl=01;35:*.dl=01;35:*.xcf=01;35:*.xwd=01;35:*.yuv=01;35:*.cgm=01;35:*.emf=01;35:*.ogv=01;35:*.ogx=01;35:*.aac=00;36:*.au=00;36:*.flac=00;36:*.m4a=00;36:*.mid=00;36:*.midi=00;36:*.mka=00;36:*.mp3=00;36:*.mpc=00;36:*.ogg=00;36:*.ra=00;36:*.wav=00;36:*.oga=00;36:*.opus=00;36:*.spx=00;36:*.xspf=00;36:*~=00;90:*#=00;90:*.bak=00;90:*.crdownload=00;90:*.dpkg-dist=00;90:*.dpkg-new=00;90:*.dpkg-old=00;90:*.dpkg-tmp=00;90:*.old=00;90:*.orig=00;90:*.part=00;90:*.rej=00;90:*.rpmnew=00;90:*.rpmorig=00;90:*.rpmsave=00;90:*.swp=00;90:*.tmp=00;90:*.ucf-dist=00;90:*.ucf-new=00;90:*.ucf-old=00;90:', 'SNAP_USER_COMMON': '/home/cyberkanjousen/snap/clion/common', 'SSH_AUTH_SOCK': '/run/user/1000/keyring/ssh', 'SNAP_ARCH': 'amd64', 'AMENT_PREFIX_PATH': '/opt/ros/jazzy', 'SNAP_COOKIE': '7cMq18PPvE0GyoauddMEMHLsazMvDF3aF-ApkkrArLYzdt8gAxjQ', 'SHELL': '/bin/bash', 'QT_ACCESSIBILITY': '1', 'SNAP_REEXEC': '', 'GDMSESSION': 'ubuntu', 'LESSCLOSE': '/usr/bin/lesspipe %s %s', 'SNAP_NAME': 'clion', 'GPG_AGENT_INFO': '/run/user/1000/gnupg/S.gpg-agent:0:1', 'GJS_DEBUG_OUTPUT': 'stderr', 'ROS_AUTOMATIC_DISCOVERY_RANGE': 'SUBNET', 'QT_IM_MODULE': 'ibus', 'PWD': '/home/cyberkanjousen/CLionProjects/ROS2_1/build/cpp_pubsub', 'XDG_CONFIG_DIRS': '/etc/xdg/xdg-ubuntu:/etc/xdg', 'SNAP_REAL_HOME': '/home/cyberkanjousen', 'XDG_DATA_DIRS': '/usr/share/ubuntu:/usr/share/gnome:/usr/local/share/:/usr/share/:/var/lib/snapd/desktop', 'SNAP_EUID': '1000', 'QTWEBENGINE_DICTIONARIES_PATH': '/usr/share/hunspell-bdic/', 'PYTHONPATH': '/opt/ros/jazzy/lib/python3.12/site-packages', 'SNAP': '/snap/clion/393', 'COLCON': '1', 'MEMORY_PRESSURE_WRITE': 'c29tZSAyMDAwMDAgMjAwMDAwMAA=', 'JM_OPTION_PATH': '/home/cyberkanjousen/下载', 'CMAKE_PREFIX_PATH': '/opt/ros/jazzy/opt/gz_math_vendor:/opt/ros/jazzy/opt/gz_utils_vendor:/opt/ros/jazzy/opt/gz_cmake_vendor:/opt/ros/jazzy'}), 'shell': False}
[0.069454] (cpp_pubsub) StdoutLine: {'line': b'-- The C compiler identification is GNU 13.3.0\n'}
[0.071743] (service_114514) StdoutLine: {'line': b'-- The C compiler identification is GNU 13.3.0\n'}
[0.099904] (-) TimerEvent: {}
[0.134680] (service_114514) StdoutLine: {'line': b'-- The CXX compiler identification is GNU 13.3.0\n'}
[0.135014] (cpp_pubsub) StdoutLine: {'line': b'-- The CXX compiler identification is GNU 13.3.0\n'}
[0.158154] (cpp_pubsub) StdoutLine: {'line': b'-- Detecting C compiler ABI info\n'}
[0.158988] (service_114514) StdoutLine: {'line': b'-- Detecting C compiler ABI info\n'}
[0.200023] (-) TimerEvent: {}
[0.244025] (service_114514) StdoutLine: {'line': b'-- Detecting C compiler ABI info - done\n'}
[0.244156] (cpp_pubsub) StdoutLine: {'line': b'-- Detecting C compiler ABI info - done\n'}
[0.250918] (service_114514) StdoutLine: {'line': b'-- Check for working C compiler: /usr/bin/cc - skipped\n'}
[0.251193] (service_114514) StdoutLine: {'line': b'-- Detecting C compile features\n'}
[0.251264] (cpp_pubsub) StdoutLine: {'line': b'-- Check for working C compiler: /usr/bin/cc - skipped\n'}
[0.251355] (service_114514) StdoutLine: {'line': b'-- Detecting C compile features - done\n'}
[0.251455] (cpp_pubsub) StdoutLine: {'line': b'-- Detecting C compile features\n'}
[0.251784] (cpp_pubsub) StdoutLine: {'line': b'-- Detecting C compile features - done\n'}
[0.268826] (cpp_pubsub) StdoutLine: {'line': b'-- Detecting CXX compiler ABI info\n'}
[0.269367] (service_114514) StdoutLine: {'line': b'-- Detecting CXX compiler ABI info\n'}
[0.300191] (-) TimerEvent: {}
[0.371975] (cpp_pubsub) StdoutLine: {'line': b'-- Detecting CXX compiler ABI info - done\n'}
[0.372317] (service_114514) StdoutLine: {'line': b'-- Detecting CXX compiler ABI info - done\n'}
[0.378472] (cpp_pubsub) StdoutLine: {'line': b'-- Check for working CXX compiler: /usr/bin/c++ - skipped\n'}
[0.378753] (cpp_pubsub) StdoutLine: {'line': b'-- Detecting CXX compile features\n'}
[0.378799] (service_114514) StdoutLine: {'line': b'-- Check for working CXX compiler: /usr/bin/c++ - skipped\n'}
[0.378989] (service_114514) StdoutLine: {'line': b'-- Detecting CXX compile features\n'}
[0.379338] (service_114514) StdoutLine: {'line': b'-- Detecting CXX compile features - done\n'}
[0.379428] (cpp_pubsub) StdoutLine: {'line': b'-- Detecting CXX compile features - done\n'}
[0.380382] (cpp_pubsub) StdoutLine: {'line': b'-- Found ament_cmake: 2.5.4 (/opt/ros/jazzy/share/ament_cmake/cmake)\n'}
[0.380501] (service_114514) StdoutLine: {'line': b'-- Found ament_cmake: 2.5.4 (/opt/ros/jazzy/share/ament_cmake/cmake)\n'}
[0.400297] (-) TimerEvent: {}
[0.487349] (cpp_pubsub) StdoutLine: {'line': b'-- Found Python3: /usr/bin/python3 (found version "3.12.3") found components: Interpreter \n'}
[0.494369] (service_114514) StdoutLine: {'line': b'-- Found Python3: /usr/bin/python3 (found version "3.12.3") found components: Interpreter \n'}
[0.500436] (-) TimerEvent: {}
[0.554875] (cpp_pubsub) StdoutLine: {'line': b'-- Found rclcpp: 28.1.12 (/opt/ros/jazzy/share/rclcpp/cmake)\n'}
[0.564015] (service_114514) StdoutLine: {'line': b'-- Found rosidl_default_generators: 1.6.0 (/opt/ros/jazzy/share/rosidl_default_generators/cmake)\n'}
[0.568626] (service_114514) StdoutLine: {'line': b'-- Using all available rosidl_typesupport_c: rosidl_typesupport_fastrtps_c;rosidl_typesupport_introspection_c\n'}
[0.580259] (cpp_pubsub) StdoutLine: {'line': b'-- Found rosidl_generator_c: 4.6.6 (/opt/ros/jazzy/share/rosidl_generator_c/cmake)\n'}
[0.588777] (cpp_pubsub) StdoutLine: {'line': b'-- Found rosidl_generator_cpp: 4.6.6 (/opt/ros/jazzy/share/rosidl_generator_cpp/cmake)\n'}
[0.600377] (cpp_pubsub) StdoutLine: {'line': b'-- Using all available rosidl_typesupport_c: rosidl_typesupport_fastrtps_c;rosidl_typesupport_introspection_c\n'}
[0.600473] (-) TimerEvent: {}
[0.606032] (service_114514) StdoutLine: {'line': b'-- Using all available rosidl_typesupport_cpp: rosidl_typesupport_fastrtps_cpp;rosidl_typesupport_introspection_cpp\n'}
[0.612257] (cpp_pubsub) StdoutLine: {'line': b'-- Using all available rosidl_typesupport_cpp: rosidl_typesupport_fastrtps_cpp;rosidl_typesupport_introspection_cpp\n'}
[0.633030] (service_114514) StdoutLine: {'line': b'-- Found rosidl_adapter: 4.6.6 (/opt/ros/jazzy/share/rosidl_adapter/cmake)\n'}
[0.664464] (cpp_pubsub) StdoutLine: {'line': b'-- Found rmw_implementation_cmake: 7.3.2 (/opt/ros/jazzy/share/rmw_implementation_cmake/cmake)\n'}
[0.666141] (cpp_pubsub) StdoutLine: {'line': b'-- Found rmw_fastrtps_cpp: 8.4.3 (/opt/ros/jazzy/share/rmw_fastrtps_cpp/cmake)\n'}
[0.700628] (-) TimerEvent: {}
[0.735764] (cpp_pubsub) StdoutLine: {'line': b'-- Found OpenSSL: /usr/lib/x86_64-linux-gnu/libcrypto.so (found version "3.0.13")  \n'}
[0.755338] (cpp_pubsub) StdoutLine: {'line': b'-- Found FastRTPS: /opt/ros/jazzy/include (Required is at least version "2.13") \n'}
[0.773725] (cpp_pubsub) StdoutLine: {'line': b"-- Using RMW implementation 'rmw_fastrtps_cpp' as default\n"}
[0.800699] (-) TimerEvent: {}
[0.825793] (cpp_pubsub) StdoutLine: {'line': b'-- Found std_msgs: 5.3.6 (/opt/ros/jazzy/share/std_msgs/cmake)\n'}
[0.898405] (cpp_pubsub) StdoutLine: {'line': b'-- Configuring done (0.9s)\n'}
[0.900771] (-) TimerEvent: {}
[0.909237] (cpp_pubsub) StdoutLine: {'line': b'-- Generating done (0.0s)\n'}
[0.920812] (cpp_pubsub) StdoutLine: {'line': b'-- Build files have been written to: /home/cyberkanjousen/CLionProjects/ROS2_1/build/cpp_pubsub\n'}
[0.929136] (cpp_pubsub) CommandEnded: {'returncode': 0}
[0.929361] (cpp_pubsub) JobProgress: {'identifier': 'cpp_pubsub', 'progress': 'build'}
[0.929376] (cpp_pubsub) Command: {'cmd': ['/usr/bin/cmake', '--build', '/home/cyberkanjousen/CLionProjects/ROS2_1/build/cpp_pubsub', '--', '-j32', '-l32'], 'cwd': '/home/cyberkanjousen/CLionProjects/ROS2_1/build/cpp_pubsub', 'env': OrderedDict({'TERM_SESSION_ID': '63c909e5-d298-4cc9-832e-4a5012225e58', 'GJS_DEBUG_TOPICS': 'JS ERROR;JS LOG', 'XDG_ACTIVATION_TOKEN': 'gnome-shell/CLion/3210-0-cyberkanjousen-Legion-Y7000P-IRX10_TIME51333', 'LESSOPEN': '| /usr/bin/lesspipe %s', 'SNAP_INSTANCE_KEY': '', 'USER': 'cyberkanjousen', 'SNAP_COMMON': '/var/snap/clion/common', 'socks_host': 'socks://127.0.0.1:10808', 'XDG_SESSION_TYPE': 'x11', 'SNAP_UID': '1000', 'CLUTTER_DISABLE_MIPMAPPED_TEXT': '1', 'SHLVL': '1', 'LD_LIBRARY_PATH': '/opt/ros/jazzy/opt/rviz_ogre_vendor/lib:/opt/ros/jazzy/lib/x86_64-linux-gnu:/opt/ros/jazzy/opt/gz_math_vendor/lib:/opt/ros/jazzy/opt/gz_utils_vendor/lib:/opt/ros/jazzy/opt/gz_cmake_vendor/lib:/opt/ros/jazzy/lib', 'HOME': '/home/cyberkanjousen', 'SNAP_LIBRARY_PATH': '/var/lib/snapd/lib/gl:/var/lib/snapd/lib/gl32:/var/lib/snapd/void', 'DESKTOP_SESSION': 'ubuntu', 'SNAP_USER_DATA': '/home/cyberkanjousen/snap/clion/393', 'TERMINAL_EMULATOR': 'JetBrains-JediTerm', 'GIO_LAUNCHED_DESKTOP_FILE': '/var/lib/snapd/desktop/applications/clion_clion.desktop', 'ROS_PYTHON_VERSION': '3', 'GNOME_SHELL_SESSION_MODE': 'ubuntu', 'GTK_MODULES': 'gail:atk-bridge', 'MANAGERPID': '2765', 'SYSTEMD_EXEC_PID': '3210', 'GSM_SKIP_SSH_AGENT_WORKAROUND': 'true', 'DBUS_SESSION_BUS_ADDRESS': 'unix:path=/run/user/1000/bus', 'SNAP_REVISION': '393', 'GIO_LAUNCHED_DESKTOP_FILE_PID': '4290', 'DEBUGINFOD_URLS': 'https://debuginfod.ubuntu.com', 'https_proxy': 'http://127.0.0.1:10808', 'ROS_DISTRO': 'jazzy', 'LOGNAME': 'cyberkanjousen', 'SNAP_CONTEXT': '7cMq18PPvE0GyoauddMEMHLsazMvDF3aF-ApkkrArLYzdt8gAxjQ', 'http_proxy': 'http://127.0.0.1:10808', 'JOURNAL_STREAM': '9:40206', '_': '/usr/bin/colcon', 'ROS_VERSION': '2', 'MEMORY_PRESSURE_WATCH': '/sys/fs/cgroup/user.slice/user-1000.slice/user@1000.service/session.slice/org.gnome.Shell@x11.service/memory.pressure', 'XDG_SESSION_CLASS': 'user', 'SNAP_VERSION': '2025.2.4', 'USERNAME': 'cyberkanjousen', 'TERM': 'xterm-256color', 'GNOME_DESKTOP_SESSION_ID': 'this-is-deprecated', 'SNAP_INSTANCE_NAME': 'clion', 'WINDOWPATH': '2', 'PATH': '/opt/ros/jazzy/bin:/home/cyberkanjousen/.local/bin:/usr/local/sbin:/usr/local/bin:/usr/sbin:/usr/bin:/sbin:/bin:/usr/games:/usr/local/games:/snap/bin:/snap/bin:/home/cyberkanjousen/.local/bin:/home/cyberkanjousen/.local/bin', 'SESSION_MANAGER': 'local/cyberkanjousen-Legion-Y7000P-IRX10:@/tmp/.ICE-unix/3111,unix/cyberkanjousen-Legion-Y7000P-IRX10:/tmp/.ICE-unix/3111', 'INVOCATION_ID': 'e7fea1e9eb6f4e17a61b475e3444d22f', 'XDG_MENU_PREFIX': 'gnome-', 'ftp_proxy': 'ftp://127.0.0.1:10808', 'SNAP_DATA': '/var/snap/clion/393', 'XDG_RUNTIME_DIR': '/run/user/1000', 'DISPLAY': ':1', 'DESKTOP_STARTUP_ID': 'gnome-shell/CLion/3210-0-cyberkanjousen-Legion-Y7000P-IRX10_TIME51333', 'LANG': 'zh_CN.UTF-8', 'XDG_CURRENT_DESKTOP': 'ubuntu:GNOME', 'XMODIFIERS': '@im=ibus', 'XDG_SESSION_DESKTOP': 'ubuntu', 'XAUTHORITY': '/run/user/1000/gdm/Xauthority', 'LS_COLORS': 'rs=0:di=01;34:ln=01;36:mh=00:pi=40;33:so=01;35:do=01;35:bd=40;33;01:cd=40;33;01:or=40;31;01:mi=00:su=37;41:sg=30;43:ca=00:tw=30;42:ow=34;42:st=37;44:ex=01;32:*.tar=01;31:*.tgz=01;31:*.arc=01;31:*.arj=01;31:*.taz=01;31:*.lha=01;31:*.lz4=01;31:*.lzh=01;31:*.lzma=01;31:*.tlz=01;31:*.txz=01;31:*.tzo=01;31:*.t7z=01;31:*.zip=01;31:*.z=01;31:*.dz=01;31:*.gz=01;31:*.lrz=01;31:*.lz=01;31:*.lzo=01;31:*.xz=01;31:*.zst=01;31:*.tzst=01;31:*.bz2=01;31:*.bz=01;31:*.tbz=01;31:*.tbz2=01;31:*.tz=01;31:*.deb=01;31:*.rpm=01;31:*.jar=01;31:*.war=01;31:*.ear=01;31:*.sar=01;31:*.rar=01;31:*.alz=01;31:*.ace=01;31:*.zoo=01;31:*.cpio=01;31:*.7z=01;31:*.rz=01;31:*.cab=01;31:*.wim=01;31:*.swm=01;31:*.dwm=01;31:*.esd=01;31:*.avif=01;35:*.jpg=01;35:*.jpeg=01;35:*.mjpg=01;35:*.mjpeg=01;35:*.gif=01;35:*.bmp=01;35:*.pbm=01;35:*.pgm=01;35:*.ppm=01;35:*.tga=01;35:*.xbm=01;35:*.xpm=01;35:*.tif=01;35:*.tiff=01;35:*.png=01;35:*.svg=01;35:*.svgz=01;35:*.mng=01;35:*.pcx=01;35:*.mov=01;35:*.mpg=01;35:*.mpeg=01;35:*.m2v=01;35:*.mkv=01;35:*.webm=01;35:*.webp=01;35:*.ogm=01;35:*.mp4=01;35:*.m4v=01;35:*.mp4v=01;35:*.vob=01;35:*.qt=01;35:*.nuv=01;35:*.wmv=01;35:*.asf=01;35:*.rm=01;35:*.rmvb=01;35:*.flc=01;35:*.avi=01;35:*.fli=01;35:*.flv=01;35:*.gl=01;35:*.dl=01;35:*.xcf=01;35:*.xwd=01;35:*.yuv=01;35:*.cgm=01;35:*.emf=01;35:*.ogv=01;35:*.ogx=01;35:*.aac=00;36:*.au=00;36:*.flac=00;36:*.m4a=00;36:*.mid=00;36:*.midi=00;36:*.mka=00;36:*.mp3=00;36:*.mpc=00;36:*.ogg=00;36:*.ra=00;36:*.wav=00;36:*.oga=00;36:*.opus=00;36:*.spx=00;36:*.xspf=00;36:*~=00;90:*#=00;90:*.bak=00;90:*.crdownload=00;90:*.dpkg-dist=00;90:*.dpkg-new=00;90:*.dpkg-old=00;90:*.dpkg-tmp=00;90:*.old=00;90:*.orig=00;90:*.part=00;90:*.rej=00;90:*.rpmnew=00;90:*.rpmorig=00;90:*.rpmsave=00;90:*.swp=00;90:*.tmp=00;90:*.ucf-dist=00;90:*.ucf-new=00;90:*.ucf-old=00;90:', 'SNAP_USER_COMMON': '/home/cyberkanjousen/snap/clion/common', 'SSH_AUTH_SOCK': '/run/user/1000/keyring/ssh', 'SNAP_ARCH': 'amd64', 'AMENT_PREFIX_PATH': '/opt/ros/jazzy', 'SNAP_COOKIE': '7cMq18PPvE0GyoauddMEMHLsazMvDF3aF-ApkkrArLYzdt8gAxjQ', 'SHELL': '/bin/bash', 'QT_ACCESSIBILITY': '1', 'SNAP_REEXEC': '', 'GDMSESSION': 'ubuntu', 'LESSCLOSE': '/usr/bin/lesspipe %s %s', 'SNAP_NAME': 'clion', 'GPG_AGENT_INFO': '/run/user/1000/gnupg/S.gpg-agent:0:1', 'GJS_DEBUG_OUTPUT': 'stderr', 'ROS_AUTOMATIC_DISCOVERY_RANGE': 'SUBNET', 'QT_IM_MODULE': 'ibus', 'PWD': '/home/cyberkanjousen/CLionProjects/ROS2_1/build/cpp_pubsub', 'XDG_CONFIG_DIRS': '/etc/xdg/xdg-ubuntu:/etc/xdg', 'SNAP_REAL_HOME': '/home/cyberkanjousen', 'XDG_DATA_DIRS': '/usr/share/ubuntu:/usr/share/gnome:/usr/local/share/:/usr/share/:/var/lib/snapd/desktop', 'SNAP_EUID': '1000', 'QTWEBENGINE_DICTIONARIES_PATH': '/usr/share/hunspell-bdic/', 'PYTHONPATH': '/opt/ros/jazzy/lib/python3.12/site-packages', 'SNAP': '/snap/clion/393', 'COLCON': '1', 'MEMORY_PRESSURE_WRITE': 'c29tZSAyMDAwMDAgMjAwMDAwMAA=', 'JM_OPTION_PATH': '/home/cyberkanjousen/下载', 'CMAKE_PREFIX_PATH': '/opt/ros/jazzy/opt/gz_math_vendor:/opt/ros/jazzy/opt/gz_utils_vendor:/opt/ros/jazzy/opt/gz_cmake_vendor:/opt/ros/jazzy'}), 'shell': False}
[0.939691] (cpp_pubsub) StdoutLine: {'line': b'\n'}
[0.940107] (cpp_pubsub) StdoutLine: {'line': b'[0/8] Building CXX object CMakeFiles/talker.dir/src/publisher_lambda_function.cpp.o\x1b[K\n'}
[0.940248] (cpp_pubsub) StdoutLine: {'line': b'[0/8] Building CXX object CMakeFiles/listener.dir/src/subscriber_lambda_function.cpp.o\x1b[K\n'}
[0.940479] (cpp_pubsub) StdoutLine: {'line': b'[0/8] Building CXX object CMakeFiles/publisher_114514.dir/src/publisher_114514.cpp.o\x1b[K\n'}
[1.000945] (-) TimerEvent: {}
[1.101236] (-) TimerEvent: {}
[1.102668] (service_114514) StdoutLine: {'line': b'-- Found ament_cmake_ros: 0.12.0 (/opt/ros/jazzy/share/ament_cmake_ros/cmake)\n'}
[1.201372] (-) TimerEvent: {}
[1.301636] (-) TimerEvent: {}
[1.401899] (-) TimerEvent: {}
[1.463347] (service_114514) StdoutLine: {'line': b'-- Using all available rosidl_typesupport_c: rosidl_typesupport_fastrtps_c;rosidl_typesupport_introspection_c\n'}
[1.502031] (-) TimerEvent: {}
[1.602329] (-) TimerEvent: {}
[1.702598] (-) TimerEvent: {}
[1.802891] (-) TimerEvent: {}
[1.903181] (-) TimerEvent: {}
[1.928137] (service_114514) StdoutLine: {'line': b'-- Using all available rosidl_typesupport_cpp: rosidl_typesupport_fastrtps_cpp;rosidl_typesupport_introspection_cpp\n'}
[1.929858] (service_114514) StdoutLine: {'line': b'-- Found python_cmake_module: 0.11.1 (/opt/ros/jazzy/share/python_cmake_module/cmake)\n'}
[2.003399] (-) TimerEvent: {}
[2.042757] (service_114514) StdoutLine: {'line': b'-- Found PythonExtra: /usr/bin/python3  \n'}
[2.103548] (-) TimerEvent: {}
[2.203799] (-) TimerEvent: {}
[2.304126] (-) TimerEvent: {}
[2.381033] (service_114514) StdoutLine: {'line': b'-- Found Python3: /usr/bin/python3 (found version "3.12.3") found components: Interpreter Development NumPy Development.Module Development.Embed \n'}
[2.404252] (-) TimerEvent: {}
[2.408659] (service_114514) StdoutLine: {'line': b'-- Found ament_lint_auto: 0.17.3 (/opt/ros/jazzy/share/ament_lint_auto/cmake)\n'}
[2.420145] (service_114514) StdoutLine: {'line': b"-- Added test 'lint_cmake' to check CMake code style\n"}
[2.420931] (service_114514) StdoutLine: {'line': b"-- Added test 'xmllint' to check XML markup files\n"}
[2.422619] (service_114514) StdoutLine: {'line': b'-- Configuring done (2.4s)\n'}
[2.438244] (service_114514) StdoutLine: {'line': b'-- Generating done (0.0s)\n'}
[2.453305] (service_114514) StdoutLine: {'line': b'-- Build files have been written to: /home/cyberkanjousen/CLionProjects/ROS2_1/build/service_114514\n'}
[2.461447] (service_114514) CommandEnded: {'returncode': 0}
[2.462341] (service_114514) JobProgress: {'identifier': 'service_114514', 'progress': 'build'}
[2.462367] (service_114514) Command: {'cmd': ['/usr/bin/cmake', '--build', '/home/cyberkanjousen/CLionProjects/ROS2_1/build/service_114514', '--', '-j32', '-l32'], 'cwd': '/home/cyberkanjousen/CLionProjects/ROS2_1/build/service_114514', 'env': OrderedDict({'TERM_SESSION_ID': '63c909e5-d298-4cc9-832e-4a5012225e58', 'GJS_DEBUG_TOPICS': 'JS ERROR;JS LOG', 'XDG_ACTIVATION_TOKEN': 'gnome-shell/CLion/3210-0-cyberkanjousen-Legion-Y7000P-IRX10_TIME51333', 'LESSOPEN': '| /usr/bin/lesspipe %s', 'SNAP_INSTANCE_KEY': '', 'USER': 'cyberkanjousen', 'SNAP_COMMON': '/var/snap/clion/common', 'socks_host': 'socks://127.0.0.1:10808', 'XDG_SESSION_TYPE': 'x11', 'SNAP_UID': '1000', 'CLUTTER_DISABLE_MIPMAPPED_TEXT': '1', 'SHLVL': '1', 'LD_LIBRARY_PATH': '/opt/ros/jazzy/opt/rviz_ogre_vendor/lib:/opt/ros/jazzy/lib/x86_64-linux-gnu:/opt/ros/jazzy/opt/gz_math_vendor/lib:/opt/ros/jazzy/opt/gz_utils_vendor/lib:/opt/ros/jazzy/opt/gz_cmake_vendor/lib:/opt/ros/jazzy/lib', 'HOME': '/home/cyberkanjousen', 'SNAP_LIBRARY_PATH': '/var/lib/snapd/lib/gl:/var/lib/snapd/lib/gl32:/var/lib/snapd/void', 'DESKTOP_SESSION': 'ubuntu', 'SNAP_USER_DATA': '/home/cyberkanjousen/snap/clion/393', 'TERMINAL_EMULATOR': 'JetBrains-JediTerm', 'GIO_LAUNCHED_DESKTOP_FILE': '/var/lib/snapd/desktop/applications/clion_clion.desktop', 'ROS_PYTHON_VERSION': '3', 'GNOME_SHELL_SESSION_MODE': 'ubuntu', 'GTK_MODULES': 'gail:atk-bridge', 'MANAGERPID': '2765', 'SYSTEMD_EXEC_PID': '3210', 'GSM_SKIP_SSH_AGENT_WORKAROUND': 'true', 'DBUS_SESSION_BUS_ADDRESS': 'unix:path=/run/user/1000/bus', 'SNAP_REVISION': '393', 'GIO_LAUNCHED_DESKTOP_FILE_PID': '4290', 'DEBUGINFOD_URLS': 'https://debuginfod.ubuntu.com', 'https_proxy': 'http://127.0.0.1:10808', 'ROS_DISTRO': 'jazzy', 'LOGNAME': 'cyberkanjousen', 'SNAP_CONTEXT': '7cMq18PPvE0GyoauddMEMHLsazMvDF3aF-ApkkrArLYzdt8gAxjQ', 'http_proxy': 'http://127.0.0.1:10808', 'JOURNAL_STREAM': '9:40206', '_': '/usr/bin/colcon', 'ROS_VERSION': '2', 'MEMORY_PRESSURE_WATCH': '/sys/fs/cgroup/user.slice/user-1000.slice/user@1000.service/session.slice/org.gnome.Shell@x11.service/memory.pressure', 'XDG_SESSION_CLASS': 'user', 'SNAP_VERSION': '2025.2.4', 'USERNAME': 'cyberkanjousen', 'TERM': 'xterm-256color', 'GNOME_DESKTOP_SESSION_ID': 'this-is-deprecated', 'SNAP_INSTANCE_NAME': 'clion', 'WINDOWPATH': '2', 'PATH': '/opt/ros/jazzy/bin:/home/cyberkanjousen/.local/bin:/usr/local/sbin:/usr/local/bin:/usr/sbin:/usr/bin:/sbin:/bin:/usr/games:/usr/local/games:/snap/bin:/snap/bin:/home/cyberkanjousen/.local/bin:/home/cyberkanjousen/.local/bin', 'SESSION_MANAGER': 'local/cyberkanjousen-Legion-Y7000P-IRX10:@/tmp/.ICE-unix/3111,unix/cyberkanjousen-Legion-Y7000P-IRX10:/tmp/.ICE-unix/3111', 'INVOCATION_ID': 'e7fea1e9eb6f4e17a61b475e3444d22f', 'XDG_MENU_PREFIX': 'gnome-', 'ftp_proxy': 'ftp://127.0.0.1:10808', 'SNAP_DATA': '/var/snap/clion/393', 'XDG_RUNTIME_DIR': '/run/user/1000', 'DISPLAY': ':1', 'DESKTOP_STARTUP_ID': 'gnome-shell/CLion/3210-0-cyberkanjousen-Legion-Y7000P-IRX10_TIME51333', 'LANG': 'zh_CN.UTF-8', 'XDG_CURRENT_DESKTOP': 'ubuntu:GNOME', 'XMODIFIERS': '@im=ibus', 'XDG_SESSION_DESKTOP': 'ubuntu', 'XAUTHORITY': '/run/user/1000/gdm/Xauthority', 'LS_COLORS': 'rs=0:di=01;34:ln=01;36:mh=00:pi=40;33:so=01;35:do=01;35:bd=40;33;01:cd=40;33;01:or=40;31;01:mi=00:su=37;41:sg=30;43:ca=00:tw=30;42:ow=34;42:st=37;44:ex=01;32:*.tar=01;31:*.tgz=01;31:*.arc=01;31:*.arj=01;31:*.taz=01;31:*.lha=01;31:*.lz4=01;31:*.lzh=01;31:*.lzma=01;31:*.tlz=01;31:*.txz=01;31:*.tzo=01;31:*.t7z=01;31:*.zip=01;31:*.z=01;31:*.dz=01;31:*.gz=01;31:*.lrz=01;31:*.lz=01;31:*.lzo=01;31:*.xz=01;31:*.zst=01;31:*.tzst=01;31:*.bz2=01;31:*.bz=01;31:*.tbz=01;31:*.tbz2=01;31:*.tz=01;31:*.deb=01;31:*.rpm=01;31:*.jar=01;31:*.war=01;31:*.ear=01;31:*.sar=01;31:*.rar=01;31:*.alz=01;31:*.ace=01;31:*.zoo=01;31:*.cpio=01;31:*.7z=01;31:*.rz=01;31:*.cab=01;31:*.wim=01;31:*.swm=01;31:*.dwm=01;31:*.esd=01;31:*.avif=01;35:*.jpg=01;35:*.jpeg=01;35:*.mjpg=01;35:*.mjpeg=01;35:*.gif=01;35:*.bmp=01;35:*.pbm=01;35:*.pgm=01;35:*.ppm=01;35:*.tga=01;35:*.xbm=01;35:*.xpm=01;35:*.tif=01;35:*.tiff=01;35:*.png=01;35:*.svg=01;35:*.svgz=01;35:*.mng=01;35:*.pcx=01;35:*.mov=01;35:*.mpg=01;35:*.mpeg=01;35:*.m2v=01;35:*.mkv=01;35:*.webm=01;35:*.webp=01;35:*.ogm=01;35:*.mp4=01;35:*.m4v=01;35:*.mp4v=01;35:*.vob=01;35:*.qt=01;35:*.nuv=01;35:*.wmv=01;35:*.asf=01;35:*.rm=01;35:*.rmvb=01;35:*.flc=01;35:*.avi=01;35:*.fli=01;35:*.flv=01;35:*.gl=01;35:*.dl=01;35:*.xcf=01;35:*.xwd=01;35:*.yuv=01;35:*.cgm=01;35:*.emf=01;35:*.ogv=01;35:*.ogx=01;35:*.aac=00;36:*.au=00;36:*.flac=00;36:*.m4a=00;36:*.mid=00;36:*.midi=00;36:*.mka=00;36:*.mp3=00;36:*.mpc=00;36:*.ogg=00;36:*.ra=00;36:*.wav=00;36:*.oga=00;36:*.opus=00;36:*.spx=00;36:*.xspf=00;36:*~=00;90:*#=00;90:*.bak=00;90:*.crdownload=00;90:*.dpkg-dist=00;90:*.dpkg-new=00;90:*.dpkg-old=00;90:*.dpkg-tmp=00;90:*.old=00;90:*.orig=00;90:*.part=00;90:*.rej=00;90:*.rpmnew=00;90:*.rpmorig=00;90:*.rpmsave=00;90:*.swp=00;90:*.tmp=00;90:*.ucf-dist=00;90:*.ucf-new=00;90:*.ucf-old=00;90:', 'SNAP_USER_COMMON': '/home/cyberkanjousen/snap/clion/common', 'SSH_AUTH_SOCK': '/run/user/1000/keyring/ssh', 'SNAP_ARCH': 'amd64', 'AMENT_PREFIX_PATH': '/opt/ros/jazzy', 'SNAP_COOKIE': '7cMq18PPvE0GyoauddMEMHLsazMvDF3aF-ApkkrArLYzdt8gAxjQ', 'SHELL': '/bin/bash', 'QT_ACCESSIBILITY': '1', 'SNAP_REEXEC': '', 'GDMSESSION': 'ubuntu', 'LESSCLOSE': '/usr/bin/lesspipe %s %s', 'SNAP_NAME': 'clion', 'GPG_AGENT_INFO': '/run/user/1000/gnupg/S.gpg-agent:0:1', 'GJS_DEBUG_OUTPUT': 'stderr', 'ROS_AUTOMATIC_DISCOVERY_RANGE': 'SUBNET', 'QT_IM_MODULE': 'ibus', 'PWD': '/home/cyberkanjousen/CLionProjects/ROS2_1/build/service_114514', 'XDG_CONFIG_DIRS': '/etc/xdg/xdg-ubuntu:/etc/xdg', 'SNAP_REAL_HOME': '/home/cyberkanjousen', 'XDG_DATA_DIRS': '/usr/share/ubuntu:/usr/share/gnome:/usr/local/share/:/usr/share/:/var/lib/snapd/desktop', 'SNAP_EUID': '1000', 'QTWEBENGINE_DICTIONARIES_PATH': '/usr/share/hunspell-bdic/', 'PYTHONPATH': '/opt/ros/jazzy/lib/python3.12/site-packages', 'SNAP': '/snap/clion/393', 'COLCON': '1', 'MEMORY_PRESSURE_WRITE': 'c29tZSAyMDAwMDAgMjAwMDAwMAA=', 'JM_OPTION_PATH': '/home/cyberkanjousen/下载', 'CMAKE_PREFIX_PATH': '/opt/ros/jazzy/opt/gz_math_vendor:/opt/ros/jazzy/opt/gz_utils_vendor:/opt/ros/jazzy/opt/gz_cmake_vendor:/opt/ros/jazzy'}), 'shell': False}
[2.474268] (service_114514) StdoutLine: {'line': b'\n'}
[2.474480] (service_114514) StdoutLine: {'line': b'[0/36] Generating type hashes for ROS interfaces\x1b[K\n'}
[2.484363] (service_114514) StdoutLine: {'line': b'[0/36] cd /home/cyberkanjousen/CLionProjects/ROS2_1/build/service_114514 && /usr/bin/cmake -E copy_directory /home/cyberkanjousen/CLionProjects/ROS2_1/build/service_114514/rosidl_generator_py/service_114514 /home/cyberkanjousen/CLionProjects/ROS2_1/build/service_114514/ament_cmake_python/service_114514/service_114514\x1b[K\n'}
[2.484510] (service_114514) StdoutLine: {'line': b'[1/36] cd /home/cyberkanjousen/CLionProjects/ROS2_1/build/service_114514 && /usr/bin/cmake -E copy_directory /home/cyberkanjousen/CLionProjects/ROS2_1/build/service_114514/rosidl_generator_py/service_114514 /home/cyberkanjousen/CLionProjects/ROS2_1/build/service_114514/ament_cmake_python/service_114514/service_114514\x1b[K\n'}
[2.504410] (-) TimerEvent: {}
[2.595422] (service_114514) StdoutLine: {'line': b'[1/36] cd /home/cyberkanjousen/CLionProjects/ROS2_1/build/service_114514/ament_cmake_python/service_114514 && /usr/bin/python3 setup.py egg_info\x1b[K\n'}
[2.595658] (service_114514) StdoutLine: {'line': b'[2/36] Generating type hashes for ROS interfaces\x1b[K\n'}
[2.595962] (service_114514) StdoutLine: {'line': b'[2/36] Generating C code for ROS interfaces\x1b[K\n'}
[2.604502] (-) TimerEvent: {}
[2.676887] (service_114514) StdoutLine: {'line': b'[2/36] Generating C++ code for ROS interfaces\x1b[K\n'}
[2.677101] (service_114514) StdoutLine: {'line': b'[3/36] cd /home/cyberkanjousen/CLionProjects/ROS2_1/build/service_114514/ament_cmake_python/service_114514 && /usr/bin/python3 setup.py egg_info\x1b[K\n'}
[2.677206] (service_114514) StdoutLine: {'line': b'running egg_info\n'}
[2.677296] (service_114514) StdoutLine: {'line': b'creating service_114514.egg-info\n'}
[2.677385] (service_114514) StdoutLine: {'line': b'writing service_114514.egg-info/PKG-INFO\n'}
[2.677473] (service_114514) StdoutLine: {'line': b'writing dependency_links to service_114514.egg-info/dependency_links.txt\n'}
[2.677576] (service_114514) StdoutLine: {'line': b'writing top-level names to service_114514.egg-info/top_level.txt\n'}
[2.677661] (service_114514) StdoutLine: {'line': b"writing manifest file 'service_114514.egg-info/SOURCES.txt'\n"}
[2.677749] (service_114514) StdoutLine: {'line': b"reading manifest file 'service_114514.egg-info/SOURCES.txt'\n"}
[2.677836] (service_114514) StdoutLine: {'line': b"writing manifest file 'service_114514.egg-info/SOURCES.txt'\n"}
[2.704591] (-) TimerEvent: {}
[2.753852] (service_114514) StdoutLine: {'line': b'\n'}
[2.769353] (service_114514) StdoutLine: {'line': b'[4/36] Generating C++ code for ROS interfaces\x1b[K\n'}
[2.769592] (service_114514) StdoutLine: {'line': b'[5/36] Generating C code for ROS interfaces\x1b[K\n'}
[2.770004] (service_114514) StdoutLine: {'line': b'[5/36] Building C object CMakeFiles/service_114514__rosidl_generator_c.dir/rosidl_generator_c/service_114514/srv/detail/add_two_ints__description.c.o\x1b[K\n'}
[2.770256] (service_114514) StdoutLine: {'line': b'[5/36] Building C object CMakeFiles/service_114514__rosidl_generator_c.dir/rosidl_generator_c/service_114514/srv/detail/add_two_ints__functions.c.o\x1b[K\n'}
[2.796184] (service_114514) StdoutLine: {'line': b'[5/36] Building C object CMakeFiles/service_114514__rosidl_generator_c.dir/rosidl_generator_c/service_114514/srv/detail/add_two_ints__type_support.c.o\x1b[K\n'}
[2.802880] (service_114514) StdoutLine: {'line': b'[6/36] Building C object CMakeFiles/service_114514__rosidl_generator_c.dir/rosidl_generator_c/service_114514/srv/detail/add_two_ints__type_support.c.o\x1b[K\n'}
[2.804727] (-) TimerEvent: {}
[2.831237] (service_114514) StdoutLine: {'line': b'[7/36] Building C object CMakeFiles/service_114514__rosidl_generator_c.dir/rosidl_generator_c/service_114514/srv/detail/add_two_ints__description.c.o\x1b[K\n'}
[2.831466] (service_114514) StdoutLine: {'line': b'[8/36] Building C object CMakeFiles/service_114514__rosidl_generator_c.dir/rosidl_generator_c/service_114514/srv/detail/add_two_ints__functions.c.o\x1b[K\n'}
[2.850704] (service_114514) StdoutLine: {'line': b'[8/36] Linking C shared library libservice_114514__rosidl_generator_c.so\x1b[K\n'}
[2.850859] (service_114514) StdoutLine: {'line': b'[9/36] Linking C shared library libservice_114514__rosidl_generator_c.so\x1b[K\n'}
[2.851184] (service_114514) StdoutLine: {'line': b'[9/36] Generating C type support for eProsima Fast-RTPS\x1b[K\n'}
[2.851434] (service_114514) StdoutLine: {'line': b'[9/36] Generating C introspection for ROS interfaces\x1b[K\n'}
[2.851837] (service_114514) StdoutLine: {'line': b'[9/36] Generating C type support dispatch for ROS interfaces\x1b[K\n'}
[2.852130] (service_114514) StdoutLine: {'line': b'[9/36] Generating C++ type support for eProsima Fast-RTPS\x1b[K\n'}
[2.852341] (service_114514) StdoutLine: {'line': b'[9/36] Generating C++ introspection for ROS interfaces\x1b[K\n'}
[2.904831] (-) TimerEvent: {}
[2.983050] (service_114514) StdoutLine: {'line': b'[9/36] Generating C++ type support dispatch for ROS interfaces\x1b[K\n'}
[2.983255] (service_114514) StdoutLine: {'line': b'[10/36] Generating C++ type support dispatch for ROS interfaces\x1b[K\n'}
[2.986389] (service_114514) StdoutLine: {'line': b'[10/36] Building CXX object CMakeFiles/service_114514__rosidl_typesupport_cpp.dir/rosidl_typesupport_cpp/service_114514/srv/add_two_ints__type_support.cpp.o\x1b[K\n'}
[2.986621] (service_114514) StdoutLine: {'line': b'[11/36] Generating C type support dispatch for ROS interfaces\x1b[K\n'}
[2.991135] (service_114514) StdoutLine: {'line': b'[11/36] Building CXX object CMakeFiles/service_114514__rosidl_typesupport_c.dir/rosidl_typesupport_c/service_114514/srv/add_two_ints__type_support.cpp.o\x1b[K\n'}
[2.991247] (service_114514) StdoutLine: {'line': b'[12/36] Generating C++ introspection for ROS interfaces\x1b[K\n'}
[3.004974] (-) TimerEvent: {}
[3.012759] (service_114514) StdoutLine: {'line': b'[12/36] Building CXX object CMakeFiles/service_114514__rosidl_typesupport_introspection_cpp.dir/rosidl_typesupport_introspection_cpp/service_114514/srv/detail/add_two_ints__type_support.cpp.o\x1b[K\n'}
[3.012972] (service_114514) StdoutLine: {'line': b'[13/36] Building CXX object CMakeFiles/service_114514__rosidl_typesupport_c.dir/rosidl_typesupport_c/service_114514/srv/add_two_ints__type_support.cpp.o\x1b[K\n'}
[3.020610] (service_114514) StdoutLine: {'line': b'[13/36] Linking CXX shared library libservice_114514__rosidl_typesupport_c.so\x1b[K\n'}
[3.020767] (service_114514) StdoutLine: {'line': b'[14/36] Generating C type support for eProsima Fast-RTPS\x1b[K\n'}
[3.029572] (service_114514) StdoutLine: {'line': b'[14/36] Building CXX object CMakeFiles/service_114514__rosidl_typesupport_fastrtps_c.dir/rosidl_typesupport_fastrtps_c/service_114514/srv/detail/add_two_ints__type_support_c.cpp.o\x1b[K\n'}
[3.059515] (service_114514) StdoutLine: {'line': b'[15/36] Linking CXX shared library libservice_114514__rosidl_typesupport_c.so\x1b[K\n'}
[3.059754] (service_114514) StdoutLine: {'line': b'[16/36] Generating C introspection for ROS interfaces\x1b[K\n'}
[3.099141] (service_114514) StdoutLine: {'line': b'[16/36] Building C object CMakeFiles/service_114514__rosidl_typesupport_introspection_c.dir/rosidl_typesupport_introspection_c/service_114514/srv/detail/add_two_ints__type_support.c.o\x1b[K\n'}
[3.099350] (service_114514) StdoutLine: {'line': b'[17/36] Building C object CMakeFiles/service_114514__rosidl_typesupport_introspection_c.dir/rosidl_typesupport_introspection_c/service_114514/srv/detail/add_two_ints__type_support.c.o\x1b[K\n'}
[3.105075] (-) TimerEvent: {}
[3.110200] (service_114514) StdoutLine: {'line': b'[17/36] Linking C shared library libservice_114514__rosidl_typesupport_introspection_c.so\x1b[K\n'}
[3.110411] (service_114514) StdoutLine: {'line': b'[18/36] Generating C++ type support for eProsima Fast-RTPS\x1b[K\n'}
[3.113422] (service_114514) StdoutLine: {'line': b'[18/36] Building CXX object CMakeFiles/service_114514__rosidl_typesupport_fastrtps_cpp.dir/rosidl_typesupport_fastrtps_cpp/service_114514/srv/detail/dds_fastrtps/add_two_ints__type_support.cpp.o\x1b[K\n'}
[3.205232] (-) TimerEvent: {}
[3.222329] (service_114514) StdoutLine: {'line': b'[19/36] Linking C shared library libservice_114514__rosidl_typesupport_introspection_c.so\x1b[K\n'}
[3.222575] (service_114514) StdoutLine: {'line': b'[20/36] Building CXX object CMakeFiles/service_114514__rosidl_typesupport_cpp.dir/rosidl_typesupport_cpp/service_114514/srv/add_two_ints__type_support.cpp.o\x1b[K\n'}
[3.228350] (service_114514) StdoutLine: {'line': b'[20/36] Linking CXX shared library libservice_114514__rosidl_typesupport_cpp.so\x1b[K\n'}
[3.228575] (service_114514) StdoutLine: {'line': b'[21/36] Building CXX object CMakeFiles/service_114514__rosidl_typesupport_introspection_cpp.dir/rosidl_typesupport_introspection_cpp/service_114514/srv/detail/add_two_ints__type_support.cpp.o\x1b[K\n'}
[3.265681] (service_114514) StdoutLine: {'line': b'[21/36] Linking CXX shared library libservice_114514__rosidl_typesupport_introspection_cpp.so\x1b[K\n'}
[3.272835] (service_114514) StdoutLine: {'line': b'[22/36] Linking CXX shared library libservice_114514__rosidl_typesupport_cpp.so\x1b[K\n'}
[3.302620] (service_114514) StdoutLine: {'line': b'[23/36] Linking CXX shared library libservice_114514__rosidl_typesupport_introspection_cpp.so\x1b[K\n'}
[3.302890] (service_114514) StdoutLine: {'line': b'[24/36] Building CXX object CMakeFiles/service_114514__rosidl_typesupport_fastrtps_c.dir/rosidl_typesupport_fastrtps_c/service_114514/srv/detail/add_two_ints__type_support_c.cpp.o\x1b[K\n'}
[3.305343] (-) TimerEvent: {}
[3.329066] (service_114514) StdoutLine: {'line': b'[24/36] Linking CXX shared library libservice_114514__rosidl_typesupport_fastrtps_c.so\x1b[K\n'}
[3.405505] (-) TimerEvent: {}
[3.464221] (service_114514) StdoutLine: {'line': b'[25/36] Linking CXX shared library libservice_114514__rosidl_typesupport_fastrtps_c.so\x1b[K\n'}
[3.464463] (service_114514) StdoutLine: {'line': b'[26/36] Building CXX object CMakeFiles/service_114514__rosidl_typesupport_fastrtps_cpp.dir/rosidl_typesupport_fastrtps_cpp/service_114514/srv/detail/dds_fastrtps/add_two_ints__type_support.cpp.o\x1b[K\n'}
[3.505605] (-) TimerEvent: {}
[3.508462] (service_114514) StdoutLine: {'line': b'[26/36] Linking CXX shared library libservice_114514__rosidl_typesupport_fastrtps_cpp.so\x1b[K\n'}
[3.508692] (service_114514) StdoutLine: {'line': b'[27/36] Linking CXX shared library libservice_114514__rosidl_typesupport_fastrtps_cpp.so\x1b[K\n'}
[3.564759] (cpp_pubsub) StdoutLine: {'line': b'[0/8] Building CXX object CMakeFiles/subscriber_114514.dir/src/subscriber_114514.cpp.o\x1b[K\n'}
[3.565238] (cpp_pubsub) StdoutLine: {'line': b'[1/8] Building CXX object CMakeFiles/publisher_114514.dir/src/publisher_114514.cpp.o\x1b[K\n'}
[3.571364] (cpp_pubsub) StdoutLine: {'line': b'[1/8] Linking CXX executable publisher_114514\x1b[K\n'}
[3.571789] (cpp_pubsub) StdoutLine: {'line': b'[2/8] Building CXX object CMakeFiles/talker.dir/src/publisher_lambda_function.cpp.o\x1b[K\n'}
[3.605778] (-) TimerEvent: {}
[3.660908] (cpp_pubsub) StdoutLine: {'line': b'[2/8] Linking CXX executable talker\x1b[K\n'}
[3.676465] (cpp_pubsub) StdoutLine: {'line': b'[3/8] Linking CXX executable publisher_114514\x1b[K\n'}
[3.705899] (-) TimerEvent: {}
[3.717636] (service_114514) StdoutLine: {'line': b'[27/36] Generating Python code for ROS interfaces\x1b[K\n'}
[3.717789] (service_114514) StdoutLine: {'line': b'[28/36] Generating Python code for ROS interfaces\x1b[K\n'}
[3.718321] (service_114514) StdoutLine: {'line': b'[28/36] Building C object CMakeFiles/service_114514__rosidl_generator_py.dir/rosidl_generator_py/service_114514/srv/_add_two_ints_s.c.o\x1b[K\n'}
[3.718436] (service_114514) StdoutLine: {'line': b'[28/36] Building C object CMakeFiles/service_114514_s__rosidl_typesupport_fastrtps_c.dir/rosidl_generator_py/service_114514/_service_114514_s.ep.rosidl_typesupport_fastrtps_c.c.o\x1b[K\n'}
[3.718793] (service_114514) StdoutLine: {'line': b'[28/36] Building C object CMakeFiles/service_114514_s__rosidl_typesupport_introspection_c.dir/rosidl_generator_py/service_114514/_service_114514_s.ep.rosidl_typesupport_introspection_c.c.o\x1b[K\n'}
[3.787078] (service_114514) StdoutLine: {'line': b'[28/36] Building C object CMakeFiles/service_114514_s__rosidl_typesupport_c.dir/rosidl_generator_py/service_114514/_service_114514_s.ep.rosidl_typesupport_c.c.o\x1b[K\n'}
[3.789942] (service_114514) StdoutLine: {'line': b'[29/36] Building C object CMakeFiles/service_114514_s__rosidl_typesupport_introspection_c.dir/rosidl_generator_py/service_114514/_service_114514_s.ep.rosidl_typesupport_introspection_c.c.o\x1b[K\n'}
[3.801629] (service_114514) StdoutLine: {'line': b'[30/36] Building C object CMakeFiles/service_114514_s__rosidl_typesupport_c.dir/rosidl_generator_py/service_114514/_service_114514_s.ep.rosidl_typesupport_c.c.o\x1b[K\n'}
[3.806007] (-) TimerEvent: {}
[3.817453] (service_114514) StdoutLine: {'line': b'[31/36] Building C object CMakeFiles/service_114514_s__rosidl_typesupport_fastrtps_c.dir/rosidl_generator_py/service_114514/_service_114514_s.ep.rosidl_typesupport_fastrtps_c.c.o\x1b[K\n'}
[3.817705] (service_114514) StdoutLine: {'line': b'[32/36] Building C object CMakeFiles/service_114514__rosidl_generator_py.dir/rosidl_generator_py/service_114514/srv/_add_two_ints_s.c.o\x1b[K\n'}
[3.839808] (service_114514) StdoutLine: {'line': b'[32/36] Linking C shared library libservice_114514__rosidl_generator_py.so\x1b[K\n'}
[3.839900] (service_114514) StdoutLine: {'line': b'[33/36] Linking C shared library libservice_114514__rosidl_generator_py.so\x1b[K\n'}
[3.840138] (service_114514) StdoutLine: {'line': b'[33/36] Linking C shared module rosidl_generator_py/service_114514/service_114514_s__rosidl_typesupport_fastrtps_c.so\x1b[K\n'}
[3.840499] (service_114514) StdoutLine: {'line': b'[33/36] Linking C shared module rosidl_generator_py/service_114514/service_114514_s__rosidl_typesupport_introspection_c.so\x1b[K\n'}
[3.852562] (service_114514) StdoutLine: {'line': b'[33/36] Linking C shared module rosidl_generator_py/service_114514/service_114514_s__rosidl_typesupport_c.so\x1b[K\n'}
[3.853138] (service_114514) StdoutLine: {'line': b'[34/36] Linking C shared module rosidl_generator_py/service_114514/service_114514_s__rosidl_typesupport_fastrtps_c.so\x1b[K\n'}
[3.854165] (service_114514) StdoutLine: {'line': b'[35/36] Linking C shared module rosidl_generator_py/service_114514/service_114514_s__rosidl_typesupport_introspection_c.so\x1b[K\n'}
[3.854206] (service_114514) StdoutLine: {'line': b'[36/36] Linking C shared module rosidl_generator_py/service_114514/service_114514_s__rosidl_typesupport_c.so\x1b[K\n'}
[3.856599] (service_114514) CommandEnded: {'returncode': 0}
[3.857147] (service_114514) JobProgress: {'identifier': 'service_114514', 'progress': 'install'}
[3.864689] (service_114514) Command: {'cmd': ['/usr/bin/cmake', '--install', '/home/cyberkanjousen/CLionProjects/ROS2_1/build/service_114514'], 'cwd': '/home/cyberkanjousen/CLionProjects/ROS2_1/build/service_114514', 'env': OrderedDict({'TERM_SESSION_ID': '63c909e5-d298-4cc9-832e-4a5012225e58', 'GJS_DEBUG_TOPICS': 'JS ERROR;JS LOG', 'XDG_ACTIVATION_TOKEN': 'gnome-shell/CLion/3210-0-cyberkanjousen-Legion-Y7000P-IRX10_TIME51333', 'LESSOPEN': '| /usr/bin/lesspipe %s', 'SNAP_INSTANCE_KEY': '', 'USER': 'cyberkanjousen', 'SNAP_COMMON': '/var/snap/clion/common', 'socks_host': 'socks://127.0.0.1:10808', 'XDG_SESSION_TYPE': 'x11', 'SNAP_UID': '1000', 'CLUTTER_DISABLE_MIPMAPPED_TEXT': '1', 'SHLVL': '1', 'LD_LIBRARY_PATH': '/opt/ros/jazzy/opt/rviz_ogre_vendor/lib:/opt/ros/jazzy/lib/x86_64-linux-gnu:/opt/ros/jazzy/opt/gz_math_vendor/lib:/opt/ros/jazzy/opt/gz_utils_vendor/lib:/opt/ros/jazzy/opt/gz_cmake_vendor/lib:/opt/ros/jazzy/lib', 'HOME': '/home/cyberkanjousen', 'SNAP_LIBRARY_PATH': '/var/lib/snapd/lib/gl:/var/lib/snapd/lib/gl32:/var/lib/snapd/void', 'DESKTOP_SESSION': 'ubuntu', 'SNAP_USER_DATA': '/home/cyberkanjousen/snap/clion/393', 'TERMINAL_EMULATOR': 'JetBrains-JediTerm', 'GIO_LAUNCHED_DESKTOP_FILE': '/var/lib/snapd/desktop/applications/clion_clion.desktop', 'ROS_PYTHON_VERSION': '3', 'GNOME_SHELL_SESSION_MODE': 'ubuntu', 'GTK_MODULES': 'gail:atk-bridge', 'MANAGERPID': '2765', 'SYSTEMD_EXEC_PID': '3210', 'GSM_SKIP_SSH_AGENT_WORKAROUND': 'true', 'DBUS_SESSION_BUS_ADDRESS': 'unix:path=/run/user/1000/bus', 'SNAP_REVISION': '393', 'GIO_LAUNCHED_DESKTOP_FILE_PID': '4290', 'DEBUGINFOD_URLS': 'https://debuginfod.ubuntu.com', 'https_proxy': 'http://127.0.0.1:10808', 'ROS_DISTRO': 'jazzy', 'LOGNAME': 'cyberkanjousen', 'SNAP_CONTEXT': '7cMq18PPvE0GyoauddMEMHLsazMvDF3aF-ApkkrArLYzdt8gAxjQ', 'http_proxy': 'http://127.0.0.1:10808', 'JOURNAL_STREAM': '9:40206', '_': '/usr/bin/colcon', 'ROS_VERSION': '2', 'MEMORY_PRESSURE_WATCH': '/sys/fs/cgroup/user.slice/user-1000.slice/user@1000.service/session.slice/org.gnome.Shell@x11.service/memory.pressure', 'XDG_SESSION_CLASS': 'user', 'SNAP_VERSION': '2025.2.4', 'USERNAME': 'cyberkanjousen', 'TERM': 'xterm-256color', 'GNOME_DESKTOP_SESSION_ID': 'this-is-deprecated', 'SNAP_INSTANCE_NAME': 'clion', 'WINDOWPATH': '2', 'PATH': '/opt/ros/jazzy/bin:/home/cyberkanjousen/.local/bin:/usr/local/sbin:/usr/local/bin:/usr/sbin:/usr/bin:/sbin:/bin:/usr/games:/usr/local/games:/snap/bin:/snap/bin:/home/cyberkanjousen/.local/bin:/home/cyberkanjousen/.local/bin', 'SESSION_MANAGER': 'local/cyberkanjousen-Legion-Y7000P-IRX10:@/tmp/.ICE-unix/3111,unix/cyberkanjousen-Legion-Y7000P-IRX10:/tmp/.ICE-unix/3111', 'INVOCATION_ID': 'e7fea1e9eb6f4e17a61b475e3444d22f', 'XDG_MENU_PREFIX': 'gnome-', 'ftp_proxy': 'ftp://127.0.0.1:10808', 'SNAP_DATA': '/var/snap/clion/393', 'XDG_RUNTIME_DIR': '/run/user/1000', 'DISPLAY': ':1', 'DESKTOP_STARTUP_ID': 'gnome-shell/CLion/3210-0-cyberkanjousen-Legion-Y7000P-IRX10_TIME51333', 'LANG': 'zh_CN.UTF-8', 'XDG_CURRENT_DESKTOP': 'ubuntu:GNOME', 'XMODIFIERS': '@im=ibus', 'XDG_SESSION_DESKTOP': 'ubuntu', 'XAUTHORITY': '/run/user/1000/gdm/Xauthority', 'LS_COLORS': 'rs=0:di=01;34:ln=01;36:mh=00:pi=40;33:so=01;35:do=01;35:bd=40;33;01:cd=40;33;01:or=40;31;01:mi=00:su=37;41:sg=30;43:ca=00:tw=30;42:ow=34;42:st=37;44:ex=01;32:*.tar=01;31:*.tgz=01;31:*.arc=01;31:*.arj=01;31:*.taz=01;31:*.lha=01;31:*.lz4=01;31:*.lzh=01;31:*.lzma=01;31:*.tlz=01;31:*.txz=01;31:*.tzo=01;31:*.t7z=01;31:*.zip=01;31:*.z=01;31:*.dz=01;31:*.gz=01;31:*.lrz=01;31:*.lz=01;31:*.lzo=01;31:*.xz=01;31:*.zst=01;31:*.tzst=01;31:*.bz2=01;31:*.bz=01;31:*.tbz=01;31:*.tbz2=01;31:*.tz=01;31:*.deb=01;31:*.rpm=01;31:*.jar=01;31:*.war=01;31:*.ear=01;31:*.sar=01;31:*.rar=01;31:*.alz=01;31:*.ace=01;31:*.zoo=01;31:*.cpio=01;31:*.7z=01;31:*.rz=01;31:*.cab=01;31:*.wim=01;31:*.swm=01;31:*.dwm=01;31:*.esd=01;31:*.avif=01;35:*.jpg=01;35:*.jpeg=01;35:*.mjpg=01;35:*.mjpeg=01;35:*.gif=01;35:*.bmp=01;35:*.pbm=01;35:*.pgm=01;35:*.ppm=01;35:*.tga=01;35:*.xbm=01;35:*.xpm=01;35:*.tif=01;35:*.tiff=01;35:*.png=01;35:*.svg=01;35:*.svgz=01;35:*.mng=01;35:*.pcx=01;35:*.mov=01;35:*.mpg=01;35:*.mpeg=01;35:*.m2v=01;35:*.mkv=01;35:*.webm=01;35:*.webp=01;35:*.ogm=01;35:*.mp4=01;35:*.m4v=01;35:*.mp4v=01;35:*.vob=01;35:*.qt=01;35:*.nuv=01;35:*.wmv=01;35:*.asf=01;35:*.rm=01;35:*.rmvb=01;35:*.flc=01;35:*.avi=01;35:*.fli=01;35:*.flv=01;35:*.gl=01;35:*.dl=01;35:*.xcf=01;35:*.xwd=01;35:*.yuv=01;35:*.cgm=01;35:*.emf=01;35:*.ogv=01;35:*.ogx=01;35:*.aac=00;36:*.au=00;36:*.flac=00;36:*.m4a=00;36:*.mid=00;36:*.midi=00;36:*.mka=00;36:*.mp3=00;36:*.mpc=00;36:*.ogg=00;36:*.ra=00;36:*.wav=00;36:*.oga=00;36:*.opus=00;36:*.spx=00;36:*.xspf=00;36:*~=00;90:*#=00;90:*.bak=00;90:*.crdownload=00;90:*.dpkg-dist=00;90:*.dpkg-new=00;90:*.dpkg-old=00;90:*.dpkg-tmp=00;90:*.old=00;90:*.orig=00;90:*.part=00;90:*.rej=00;90:*.rpmnew=00;90:*.rpmorig=00;90:*.rpmsave=00;90:*.swp=00;90:*.tmp=00;90:*.ucf-dist=00;90:*.ucf-new=00;90:*.ucf-old=00;90:', 'SNAP_USER_COMMON': '/home/cyberkanjousen/snap/clion/common', 'SSH_AUTH_SOCK': '/run/user/1000/keyring/ssh', 'SNAP_ARCH': 'amd64', 'AMENT_PREFIX_PATH': '/opt/ros/jazzy', 'SNAP_COOKIE': '7cMq18PPvE0GyoauddMEMHLsazMvDF3aF-ApkkrArLYzdt8gAxjQ', 'SHELL': '/bin/bash', 'QT_ACCESSIBILITY': '1', 'SNAP_REEXEC': '', 'GDMSESSION': 'ubuntu', 'LESSCLOSE': '/usr/bin/lesspipe %s %s', 'SNAP_NAME': 'clion', 'GPG_AGENT_INFO': '/run/user/1000/gnupg/S.gpg-agent:0:1', 'GJS_DEBUG_OUTPUT': 'stderr', 'ROS_AUTOMATIC_DISCOVERY_RANGE': 'SUBNET', 'QT_IM_MODULE': 'ibus', 'PWD': '/home/cyberkanjousen/CLionProjects/ROS2_1/build/service_114514', 'XDG_CONFIG_DIRS': '/etc/xdg/xdg-ubuntu:/etc/xdg', 'SNAP_REAL_HOME': '/home/cyberkanjousen', 'XDG_DATA_DIRS': '/usr/share/ubuntu:/usr/share/gnome:/usr/local/share/:/usr/share/:/var/lib/snapd/desktop', 'SNAP_EUID': '1000', 'QTWEBENGINE_DICTIONARIES_PATH': '/usr/share/hunspell-bdic/', 'PYTHONPATH': '/opt/ros/jazzy/lib/python3.12/site-packages', 'SNAP': '/snap/clion/393', 'COLCON': '1', 'MEMORY_PRESSURE_WRITE': 'c29tZSAyMDAwMDAgMjAwMDAwMAA=', 'JM_OPTION_PATH': '/home/cyberkanjousen/下载', 'CMAKE_PREFIX_PATH': '/opt/ros/jazzy/opt/gz_math_vendor:/opt/ros/jazzy/opt/gz_utils_vendor:/opt/ros/jazzy/opt/gz_cmake_vendor:/opt/ros/jazzy'}), 'shell': False}
[3.871142] (service_114514) StdoutLine: {'line': b'-- Install configuration: ""\n'}
[3.871213] (service_114514) StdoutLine: {'line': b'-- Installing: /home/cyberkanjousen/CLionProjects/ROS2_1/install/service_114514/share/ament_index/resource_index/rosidl_interfaces/service_114514\n'}
[3.871284] (service_114514) StdoutLine: {'line': b'-- Installing: /home/cyberkanjousen/CLionProjects/ROS2_1/install/service_114514/share/service_114514/srv/AddTwoInts.json\n'}
[3.871361] (service_114514) StdoutLine: {'line': b'-- Up-to-date: /home/cyberkanjousen/CLionProjects/ROS2_1/install/service_114514/include/service_114514/service_114514\n'}
[3.871409] (service_114514) StdoutLine: {'line': b'-- Up-to-date: /home/cyberkanjousen/CLionProjects/ROS2_1/install/service_114514/include/service_114514/service_114514/msg\n'}
[3.871449] (service_114514) StdoutLine: {'line': b'-- Installing: /home/cyberkanjousen/CLionProjects/ROS2_1/install/service_114514/include/service_114514/service_114514/msg/rosidl_generator_c__visibility_control.h\n'}
[3.871543] (service_114514) StdoutLine: {'line': b'-- Up-to-date: /home/cyberkanjousen/CLionProjects/ROS2_1/install/service_114514/include/service_114514/service_114514/srv\n'}
[3.871614] (service_114514) StdoutLine: {'line': b'-- Up-to-date: /home/cyberkanjousen/CLionProjects/ROS2_1/install/service_114514/include/service_114514/service_114514/srv/detail\n'}
[3.871652] (service_114514) StdoutLine: {'line': b'-- Installing: /home/cyberkanjousen/CLionProjects/ROS2_1/install/service_114514/include/service_114514/service_114514/srv/detail/add_two_ints__functions.c\n'}
[3.871690] (service_114514) StdoutLine: {'line': b'-- Installing: /home/cyberkanjousen/CLionProjects/ROS2_1/install/service_114514/include/service_114514/service_114514/srv/detail/add_two_ints__type_support.c\n'}
[3.871727] (service_114514) StdoutLine: {'line': b'-- Installing: /home/cyberkanjousen/CLionProjects/ROS2_1/install/service_114514/include/service_114514/service_114514/srv/detail/add_two_ints__functions.h\n'}
[3.871777] (service_114514) StdoutLine: {'line': b'-- Installing: /home/cyberkanjousen/CLionProjects/ROS2_1/install/service_114514/include/service_114514/service_114514/srv/detail/add_two_ints__type_support.h\n'}
[3.871814] (service_114514) StdoutLine: {'line': b'-- Installing: /home/cyberkanjousen/CLionProjects/ROS2_1/install/service_114514/include/service_114514/service_114514/srv/detail/add_two_ints__description.c\n'}
[3.871862] (service_114514) StdoutLine: {'line': b'-- Installing: /home/cyberkanjousen/CLionProjects/ROS2_1/install/service_114514/include/service_114514/service_114514/srv/detail/add_two_ints__struct.h\n'}
[3.871912] (service_114514) StdoutLine: {'line': b'-- Installing: /home/cyberkanjousen/CLionProjects/ROS2_1/install/service_114514/include/service_114514/service_114514/srv/add_two_ints.h\n'}
[3.871960] (service_114514) StdoutLine: {'line': b'-- Up-to-date: /home/cyberkanjousen/CLionProjects/ROS2_1/install/service_114514/share/service_114514/environment/library_path.sh\n'}
[3.872008] (service_114514) StdoutLine: {'line': b'-- Installing: /home/cyberkanjousen/CLionProjects/ROS2_1/install/service_114514/share/service_114514/environment/library_path.dsv\n'}
[3.872125] (service_114514) StdoutLine: {'line': b'-- Installing: /home/cyberkanjousen/CLionProjects/ROS2_1/install/service_114514/lib/libservice_114514__rosidl_generator_c.so\n'}
[3.872304] (service_114514) StdoutLine: {'line': b'-- Set non-toolchain portion of runtime path of "/home/cyberkanjousen/CLionProjects/ROS2_1/install/service_114514/lib/libservice_114514__rosidl_generator_c.so" to ""\n'}
[3.872378] (service_114514) StdoutLine: {'line': b'-- Up-to-date: /home/cyberkanjousen/CLionProjects/ROS2_1/install/service_114514/include/service_114514/service_114514\n'}
[3.872439] (service_114514) StdoutLine: {'line': b'-- Up-to-date: /home/cyberkanjousen/CLionProjects/ROS2_1/install/service_114514/include/service_114514/service_114514/msg\n'}
[3.872501] (service_114514) StdoutLine: {'line': b'-- Installing: /home/cyberkanjousen/CLionProjects/ROS2_1/install/service_114514/include/service_114514/service_114514/msg/rosidl_typesupport_fastrtps_c__visibility_control.h\n'}
[3.872564] (service_114514) StdoutLine: {'line': b'-- Up-to-date: /home/cyberkanjousen/CLionProjects/ROS2_1/install/service_114514/include/service_114514/service_114514/srv\n'}
[3.872600] (service_114514) StdoutLine: {'line': b'-- Up-to-date: /home/cyberkanjousen/CLionProjects/ROS2_1/install/service_114514/include/service_114514/service_114514/srv/detail\n'}
[3.872634] (service_114514) StdoutLine: {'line': b'-- Installing: /home/cyberkanjousen/CLionProjects/ROS2_1/install/service_114514/include/service_114514/service_114514/srv/detail/add_two_ints__rosidl_typesupport_fastrtps_c.h\n'}
[3.872687] (service_114514) StdoutLine: {'line': b'-- Installing: /home/cyberkanjousen/CLionProjects/ROS2_1/install/service_114514/lib/libservice_114514__rosidl_typesupport_fastrtps_c.so\n'}
[3.872821] (service_114514) StdoutLine: {'line': b'-- Set non-toolchain portion of runtime path of "/home/cyberkanjousen/CLionProjects/ROS2_1/install/service_114514/lib/libservice_114514__rosidl_typesupport_fastrtps_c.so" to ""\n'}
[3.872887] (service_114514) StdoutLine: {'line': b'-- Up-to-date: /home/cyberkanjousen/CLionProjects/ROS2_1/install/service_114514/include/service_114514/service_114514\n'}
[3.872927] (service_114514) StdoutLine: {'line': b'-- Up-to-date: /home/cyberkanjousen/CLionProjects/ROS2_1/install/service_114514/include/service_114514/service_114514/msg\n'}
[3.872992] (service_114514) StdoutLine: {'line': b'-- Installing: /home/cyberkanjousen/CLionProjects/ROS2_1/install/service_114514/include/service_114514/service_114514/msg/rosidl_typesupport_introspection_c__visibility_control.h\n'}
[3.873032] (service_114514) StdoutLine: {'line': b'-- Up-to-date: /home/cyberkanjousen/CLionProjects/ROS2_1/install/service_114514/include/service_114514/service_114514/srv\n'}
[3.873071] (service_114514) StdoutLine: {'line': b'-- Up-to-date: /home/cyberkanjousen/CLionProjects/ROS2_1/install/service_114514/include/service_114514/service_114514/srv/detail\n'}
[3.873135] (service_114514) StdoutLine: {'line': b'-- Up-to-date: /home/cyberkanjousen/CLionProjects/ROS2_1/install/service_114514/include/service_114514/service_114514/srv/detail/add_two_ints__type_support.c\n'}
[3.873171] (service_114514) StdoutLine: {'line': b'-- Installing: /home/cyberkanjousen/CLionProjects/ROS2_1/install/service_114514/include/service_114514/service_114514/srv/detail/add_two_ints__rosidl_typesupport_introspection_c.h\n'}
[3.873227] (service_114514) StdoutLine: {'line': b'-- Installing: /home/cyberkanjousen/CLionProjects/ROS2_1/install/service_114514/lib/libservice_114514__rosidl_typesupport_introspection_c.so\n'}
[3.873317] (service_114514) StdoutLine: {'line': b'-- Set non-toolchain portion of runtime path of "/home/cyberkanjousen/CLionProjects/ROS2_1/install/service_114514/lib/libservice_114514__rosidl_typesupport_introspection_c.so" to ""\n'}
[3.873386] (service_114514) StdoutLine: {'line': b'-- Installing: /home/cyberkanjousen/CLionProjects/ROS2_1/install/service_114514/lib/libservice_114514__rosidl_typesupport_c.so\n'}
[3.873542] (service_114514) StdoutLine: {'line': b'-- Set non-toolchain portion of runtime path of "/home/cyberkanjousen/CLionProjects/ROS2_1/install/service_114514/lib/libservice_114514__rosidl_typesupport_c.so" to ""\n'}
[3.873615] (service_114514) StdoutLine: {'line': b'-- Up-to-date: /home/cyberkanjousen/CLionProjects/ROS2_1/install/service_114514/include/service_114514/service_114514\n'}
[3.873654] (service_114514) StdoutLine: {'line': b'-- Up-to-date: /home/cyberkanjousen/CLionProjects/ROS2_1/install/service_114514/include/service_114514/service_114514/msg\n'}
[3.873704] (service_114514) StdoutLine: {'line': b'-- Installing: /home/cyberkanjousen/CLionProjects/ROS2_1/install/service_114514/include/service_114514/service_114514/msg/rosidl_generator_cpp__visibility_control.hpp\n'}
[3.873740] (service_114514) StdoutLine: {'line': b'-- Up-to-date: /home/cyberkanjousen/CLionProjects/ROS2_1/install/service_114514/include/service_114514/service_114514/srv\n'}
[3.873825] (service_114514) StdoutLine: {'line': b'-- Up-to-date: /home/cyberkanjousen/CLionProjects/ROS2_1/install/service_114514/include/service_114514/service_114514/srv/detail\n'}
[3.873863] (service_114514) StdoutLine: {'line': b'-- Installing: /home/cyberkanjousen/CLionProjects/ROS2_1/install/service_114514/include/service_114514/service_114514/srv/detail/add_two_ints__struct.hpp\n'}
[3.873903] (service_114514) StdoutLine: {'line': b'-- Installing: /home/cyberkanjousen/CLionProjects/ROS2_1/install/service_114514/include/service_114514/service_114514/srv/detail/add_two_ints__builder.hpp\n'}
[3.873956] (service_114514) StdoutLine: {'line': b'-- Installing: /home/cyberkanjousen/CLionProjects/ROS2_1/install/service_114514/include/service_114514/service_114514/srv/detail/add_two_ints__traits.hpp\n'}
[3.874009] (service_114514) StdoutLine: {'line': b'-- Installing: /home/cyberkanjousen/CLionProjects/ROS2_1/install/service_114514/include/service_114514/service_114514/srv/detail/add_two_ints__type_support.hpp\n'}
[3.874142] (service_114514) StdoutLine: {'line': b'-- Installing: /home/cyberkanjousen/CLionProjects/ROS2_1/install/service_114514/include/service_114514/service_114514/srv/add_two_ints.hpp\n'}
[3.874181] (service_114514) StdoutLine: {'line': b'-- Up-to-date: /home/cyberkanjousen/CLionProjects/ROS2_1/install/service_114514/include/service_114514/service_114514\n'}
[3.874216] (service_114514) StdoutLine: {'line': b'-- Up-to-date: /home/cyberkanjousen/CLionProjects/ROS2_1/install/service_114514/include/service_114514/service_114514/msg\n'}
[3.874272] (service_114514) StdoutLine: {'line': b'-- Installing: /home/cyberkanjousen/CLionProjects/ROS2_1/install/service_114514/include/service_114514/service_114514/msg/rosidl_typesupport_fastrtps_cpp__visibility_control.h\n'}
[3.874311] (service_114514) StdoutLine: {'line': b'-- Up-to-date: /home/cyberkanjousen/CLionProjects/ROS2_1/install/service_114514/include/service_114514/service_114514/srv\n'}
[3.874350] (service_114514) StdoutLine: {'line': b'-- Up-to-date: /home/cyberkanjousen/CLionProjects/ROS2_1/install/service_114514/include/service_114514/service_114514/srv/detail\n'}
[3.874407] (service_114514) StdoutLine: {'line': b'-- Up-to-date: /home/cyberkanjousen/CLionProjects/ROS2_1/install/service_114514/include/service_114514/service_114514/srv/detail/dds_fastrtps\n'}
[3.874446] (service_114514) StdoutLine: {'line': b'-- Installing: /home/cyberkanjousen/CLionProjects/ROS2_1/install/service_114514/include/service_114514/service_114514/srv/detail/add_two_ints__rosidl_typesupport_fastrtps_cpp.hpp\n'}
[3.874505] (service_114514) StdoutLine: {'line': b'-- Installing: /home/cyberkanjousen/CLionProjects/ROS2_1/install/service_114514/lib/libservice_114514__rosidl_typesupport_fastrtps_cpp.so\n'}
[3.874848] (service_114514) StdoutLine: {'line': b'-- Set non-toolchain portion of runtime path of "/home/cyberkanjousen/CLionProjects/ROS2_1/install/service_114514/lib/libservice_114514__rosidl_typesupport_fastrtps_cpp.so" to ""\n'}
[3.874944] (service_114514) StdoutLine: {'line': b'-- Up-to-date: /home/cyberkanjousen/CLionProjects/ROS2_1/install/service_114514/include/service_114514/service_114514\n'}
[3.874990] (service_114514) StdoutLine: {'line': b'-- Up-to-date: /home/cyberkanjousen/CLionProjects/ROS2_1/install/service_114514/include/service_114514/service_114514/srv\n'}
[3.875032] (service_114514) StdoutLine: {'line': b'-- Up-to-date: /home/cyberkanjousen/CLionProjects/ROS2_1/install/service_114514/include/service_114514/service_114514/srv/detail\n'}
[3.875070] (service_114514) StdoutLine: {'line': b'-- Installing: /home/cyberkanjousen/CLionProjects/ROS2_1/install/service_114514/include/service_114514/service_114514/srv/detail/add_two_ints__rosidl_typesupport_introspection_cpp.hpp\n'}
[3.875108] (service_114514) StdoutLine: {'line': b'-- Installing: /home/cyberkanjousen/CLionProjects/ROS2_1/install/service_114514/include/service_114514/service_114514/srv/detail/add_two_ints__type_support.cpp\n'}
[3.875164] (service_114514) StdoutLine: {'line': b'-- Installing: /home/cyberkanjousen/CLionProjects/ROS2_1/install/service_114514/lib/libservice_114514__rosidl_typesupport_introspection_cpp.so\n'}
[3.875231] (service_114514) StdoutLine: {'line': b'-- Set non-toolchain portion of runtime path of "/home/cyberkanjousen/CLionProjects/ROS2_1/install/service_114514/lib/libservice_114514__rosidl_typesupport_introspection_cpp.so" to ""\n'}
[3.875267] (service_114514) StdoutLine: {'line': b'-- Installing: /home/cyberkanjousen/CLionProjects/ROS2_1/install/service_114514/lib/libservice_114514__rosidl_typesupport_cpp.so\n'}
[3.875424] (service_114514) StdoutLine: {'line': b'-- Set non-toolchain portion of runtime path of "/home/cyberkanjousen/CLionProjects/ROS2_1/install/service_114514/lib/libservice_114514__rosidl_typesupport_cpp.so" to ""\n'}
[3.875483] (service_114514) StdoutLine: {'line': b'-- Installing: /home/cyberkanjousen/CLionProjects/ROS2_1/install/service_114514/share/service_114514/environment/pythonpath.sh\n'}
[3.875543] (service_114514) StdoutLine: {'line': b'-- Installing: /home/cyberkanjousen/CLionProjects/ROS2_1/install/service_114514/share/service_114514/environment/pythonpath.dsv\n'}
[3.875606] (service_114514) StdoutLine: {'line': b'-- Up-to-date: /home/cyberkanjousen/CLionProjects/ROS2_1/install/service_114514/lib/python3.12/site-packages/service_114514-0.0.0-py3.12.egg-info\n'}
[3.875664] (service_114514) StdoutLine: {'line': b'-- Installing: /home/cyberkanjousen/CLionProjects/ROS2_1/install/service_114514/lib/python3.12/site-packages/service_114514-0.0.0-py3.12.egg-info/PKG-INFO\n'}
[3.875721] (service_114514) StdoutLine: {'line': b'-- Installing: /home/cyberkanjousen/CLionProjects/ROS2_1/install/service_114514/lib/python3.12/site-packages/service_114514-0.0.0-py3.12.egg-info/top_level.txt\n'}
[3.875776] (service_114514) StdoutLine: {'line': b'-- Installing: /home/cyberkanjousen/CLionProjects/ROS2_1/install/service_114514/lib/python3.12/site-packages/service_114514-0.0.0-py3.12.egg-info/SOURCES.txt\n'}
[3.875834] (service_114514) StdoutLine: {'line': b'-- Installing: /home/cyberkanjousen/CLionProjects/ROS2_1/install/service_114514/lib/python3.12/site-packages/service_114514-0.0.0-py3.12.egg-info/dependency_links.txt\n'}
[3.875909] (service_114514) StdoutLine: {'line': b'-- Up-to-date: /home/cyberkanjousen/CLionProjects/ROS2_1/install/service_114514/lib/python3.12/site-packages/service_114514\n'}
[3.875967] (service_114514) StdoutLine: {'line': b'-- Installing: /home/cyberkanjousen/CLionProjects/ROS2_1/install/service_114514/lib/python3.12/site-packages/service_114514/service_114514_s__rosidl_typesupport_introspection_c.so\n'}
[3.876022] (service_114514) StdoutLine: {'line': b'-- Installing: /home/cyberkanjousen/CLionProjects/ROS2_1/install/service_114514/lib/python3.12/site-packages/service_114514/_service_114514_s.ep.rosidl_typesupport_fastrtps_c.c\n'}
[3.876093] (service_114514) StdoutLine: {'line': b'-- Installing: /home/cyberkanjousen/CLionProjects/ROS2_1/install/service_114514/lib/python3.12/site-packages/service_114514/__init__.py\n'}
[3.876152] (service_114514) StdoutLine: {'line': b'-- Installing: /home/cyberkanjousen/CLionProjects/ROS2_1/install/service_114514/lib/python3.12/site-packages/service_114514/service_114514_s__rosidl_typesupport_c.so\n'}
[3.876227] (service_114514) StdoutLine: {'line': b'-- Installing: /home/cyberkanjousen/CLionProjects/ROS2_1/install/service_114514/lib/python3.12/site-packages/service_114514/_service_114514_s.ep.rosidl_typesupport_introspection_c.c\n'}
[3.876305] (service_114514) StdoutLine: {'line': b'-- Installing: /home/cyberkanjousen/CLionProjects/ROS2_1/install/service_114514/lib/python3.12/site-packages/service_114514/service_114514_s__rosidl_typesupport_fastrtps_c.so\n'}
[3.876382] (service_114514) StdoutLine: {'line': b'-- Installing: /home/cyberkanjousen/CLionProjects/ROS2_1/install/service_114514/lib/python3.12/site-packages/service_114514/_service_114514_s.ep.rosidl_typesupport_c.c\n'}
[3.876457] (service_114514) StdoutLine: {'line': b'-- Up-to-date: /home/cyberkanjousen/CLionProjects/ROS2_1/install/service_114514/lib/python3.12/site-packages/service_114514/srv\n'}
[3.876517] (service_114514) StdoutLine: {'line': b'-- Installing: /home/cyberkanjousen/CLionProjects/ROS2_1/install/service_114514/lib/python3.12/site-packages/service_114514/srv/_add_two_ints.py\n'}
[3.876572] (service_114514) StdoutLine: {'line': b'-- Installing: /home/cyberkanjousen/CLionProjects/ROS2_1/install/service_114514/lib/python3.12/site-packages/service_114514/srv/__init__.py\n'}
[3.876629] (service_114514) StdoutLine: {'line': b'-- Installing: /home/cyberkanjousen/CLionProjects/ROS2_1/install/service_114514/lib/python3.12/site-packages/service_114514/srv/_add_two_ints_s.c\n'}
[3.905531] (service_114514) StdoutLine: {'line': b"Listing '/home/cyberkanjousen/CLionProjects/ROS2_1/install/service_114514/lib/python3.12/site-packages/service_114514'...\n"}
[3.905653] (service_114514) StdoutLine: {'line': b"Compiling '/home/cyberkanjousen/CLionProjects/ROS2_1/install/service_114514/lib/python3.12/site-packages/service_114514/__init__.py'...\n"}
[3.905705] (service_114514) StdoutLine: {'line': b"Listing '/home/cyberkanjousen/CLionProjects/ROS2_1/install/service_114514/lib/python3.12/site-packages/service_114514/srv'...\n"}
[3.905752] (service_114514) StdoutLine: {'line': b"Compiling '/home/cyberkanjousen/CLionProjects/ROS2_1/install/service_114514/lib/python3.12/site-packages/service_114514/srv/__init__.py'...\n"}
[3.905796] (service_114514) StdoutLine: {'line': b"Compiling '/home/cyberkanjousen/CLionProjects/ROS2_1/install/service_114514/lib/python3.12/site-packages/service_114514/srv/_add_two_ints.py'...\n"}
[3.906067] (-) TimerEvent: {}
[3.909236] (service_114514) StdoutLine: {'line': b'-- Installing: /home/cyberkanjousen/CLionProjects/ROS2_1/install/service_114514/lib/python3.12/site-packages/service_114514/service_114514_s__rosidl_typesupport_fastrtps_c.so\n'}
[3.909377] (service_114514) StdoutLine: {'line': b'-- Set non-toolchain portion of runtime path of "/home/cyberkanjousen/CLionProjects/ROS2_1/install/service_114514/lib/python3.12/site-packages/service_114514/service_114514_s__rosidl_typesupport_fastrtps_c.so" to ""\n'}
[3.909451] (service_114514) StdoutLine: {'line': b'-- Installing: /home/cyberkanjousen/CLionProjects/ROS2_1/install/service_114514/lib/python3.12/site-packages/service_114514/service_114514_s__rosidl_typesupport_introspection_c.so\n'}
[3.909535] (service_114514) StdoutLine: {'line': b'-- Set non-toolchain portion of runtime path of "/home/cyberkanjousen/CLionProjects/ROS2_1/install/service_114514/lib/python3.12/site-packages/service_114514/service_114514_s__rosidl_typesupport_introspection_c.so" to ""\n'}
[3.909732] (service_114514) StdoutLine: {'line': b'-- Installing: /home/cyberkanjousen/CLionProjects/ROS2_1/install/service_114514/lib/python3.12/site-packages/service_114514/service_114514_s__rosidl_typesupport_c.so\n'}
[3.909866] (service_114514) StdoutLine: {'line': b'-- Set non-toolchain portion of runtime path of "/home/cyberkanjousen/CLionProjects/ROS2_1/install/service_114514/lib/python3.12/site-packages/service_114514/service_114514_s__rosidl_typesupport_c.so" to ""\n'}
[3.909950] (service_114514) StdoutLine: {'line': b'-- Installing: /home/cyberkanjousen/CLionProjects/ROS2_1/install/service_114514/lib/libservice_114514__rosidl_generator_py.so\n'}
[3.910016] (service_114514) StdoutLine: {'line': b'-- Set non-toolchain portion of runtime path of "/home/cyberkanjousen/CLionProjects/ROS2_1/install/service_114514/lib/libservice_114514__rosidl_generator_py.so" to ""\n'}
[3.910082] (service_114514) StdoutLine: {'line': b'-- Installing: /home/cyberkanjousen/CLionProjects/ROS2_1/install/service_114514/share/service_114514/srv/AddTwoInts.idl\n'}
[3.910158] (service_114514) StdoutLine: {'line': b'-- Up-to-date: /home/cyberkanjousen/CLionProjects/ROS2_1/install/service_114514/share/service_114514/srv/AddTwoInts.srv\n'}
[3.910202] (service_114514) StdoutLine: {'line': b'-- Installing: /home/cyberkanjousen/CLionProjects/ROS2_1/install/service_114514/share/ament_index/resource_index/package_run_dependencies/service_114514\n'}
[3.910256] (service_114514) StdoutLine: {'line': b'-- Installing: /home/cyberkanjousen/CLionProjects/ROS2_1/install/service_114514/share/ament_index/resource_index/parent_prefix_path/service_114514\n'}
[3.910322] (service_114514) StdoutLine: {'line': b'-- Up-to-date: /home/cyberkanjousen/CLionProjects/ROS2_1/install/service_114514/share/service_114514/environment/ament_prefix_path.sh\n'}
[3.910388] (service_114514) StdoutLine: {'line': b'-- Installing: /home/cyberkanjousen/CLionProjects/ROS2_1/install/service_114514/share/service_114514/environment/ament_prefix_path.dsv\n'}
[3.910461] (service_114514) StdoutLine: {'line': b'-- Up-to-date: /home/cyberkanjousen/CLionProjects/ROS2_1/install/service_114514/share/service_114514/environment/path.sh\n'}
[3.910512] (service_114514) StdoutLine: {'line': b'-- Installing: /home/cyberkanjousen/CLionProjects/ROS2_1/install/service_114514/share/service_114514/environment/path.dsv\n'}
[3.910573] (service_114514) StdoutLine: {'line': b'-- Installing: /home/cyberkanjousen/CLionProjects/ROS2_1/install/service_114514/share/service_114514/local_setup.bash\n'}
[3.910639] (service_114514) StdoutLine: {'line': b'-- Installing: /home/cyberkanjousen/CLionProjects/ROS2_1/install/service_114514/share/service_114514/local_setup.sh\n'}
[3.910693] (service_114514) StdoutLine: {'line': b'-- Installing: /home/cyberkanjousen/CLionProjects/ROS2_1/install/service_114514/share/service_114514/local_setup.zsh\n'}
[3.910750] (service_114514) StdoutLine: {'line': b'-- Installing: /home/cyberkanjousen/CLionProjects/ROS2_1/install/service_114514/share/service_114514/local_setup.dsv\n'}
[3.910823] (service_114514) StdoutLine: {'line': b'-- Installing: /home/cyberkanjousen/CLionProjects/ROS2_1/install/service_114514/share/service_114514/package.dsv\n'}
[3.910902] (service_114514) StdoutLine: {'line': b'-- Installing: /home/cyberkanjousen/CLionProjects/ROS2_1/install/service_114514/share/ament_index/resource_index/packages/service_114514\n'}
[3.911015] (service_114514) StdoutLine: {'line': b'-- Installing: /home/cyberkanjousen/CLionProjects/ROS2_1/install/service_114514/share/service_114514/cmake/export_service_114514__rosidl_generator_cExport.cmake\n'}
[3.911098] (service_114514) StdoutLine: {'line': b'-- Installing: /home/cyberkanjousen/CLionProjects/ROS2_1/install/service_114514/share/service_114514/cmake/export_service_114514__rosidl_generator_cExport-noconfig.cmake\n'}
[3.911208] (service_114514) StdoutLine: {'line': b'-- Installing: /home/cyberkanjousen/CLionProjects/ROS2_1/install/service_114514/share/service_114514/cmake/export_service_114514__rosidl_typesupport_fastrtps_cExport.cmake\n'}
[3.911290] (service_114514) StdoutLine: {'line': b'-- Installing: /home/cyberkanjousen/CLionProjects/ROS2_1/install/service_114514/share/service_114514/cmake/export_service_114514__rosidl_typesupport_fastrtps_cExport-noconfig.cmake\n'}
[3.911398] (service_114514) StdoutLine: {'line': b'-- Installing: /home/cyberkanjousen/CLionProjects/ROS2_1/install/service_114514/share/service_114514/cmake/service_114514__rosidl_typesupport_introspection_cExport.cmake\n'}
[3.911476] (service_114514) StdoutLine: {'line': b'-- Installing: /home/cyberkanjousen/CLionProjects/ROS2_1/install/service_114514/share/service_114514/cmake/service_114514__rosidl_typesupport_introspection_cExport-noconfig.cmake\n'}
[3.911585] (service_114514) StdoutLine: {'line': b'-- Installing: /home/cyberkanjousen/CLionProjects/ROS2_1/install/service_114514/share/service_114514/cmake/service_114514__rosidl_typesupport_cExport.cmake\n'}
[3.911672] (service_114514) StdoutLine: {'line': b'-- Installing: /home/cyberkanjousen/CLionProjects/ROS2_1/install/service_114514/share/service_114514/cmake/service_114514__rosidl_typesupport_cExport-noconfig.cmake\n'}
[3.911774] (service_114514) StdoutLine: {'line': b'-- Installing: /home/cyberkanjousen/CLionProjects/ROS2_1/install/service_114514/share/service_114514/cmake/export_service_114514__rosidl_generator_cppExport.cmake\n'}
[3.911883] (service_114514) StdoutLine: {'line': b'-- Installing: /home/cyberkanjousen/CLionProjects/ROS2_1/install/service_114514/share/service_114514/cmake/export_service_114514__rosidl_typesupport_fastrtps_cppExport.cmake\n'}
[3.911965] (service_114514) StdoutLine: {'line': b'-- Installing: /home/cyberkanjousen/CLionProjects/ROS2_1/install/service_114514/share/service_114514/cmake/export_service_114514__rosidl_typesupport_fastrtps_cppExport-noconfig.cmake\n'}
[3.912068] (service_114514) StdoutLine: {'line': b'-- Installing: /home/cyberkanjousen/CLionProjects/ROS2_1/install/service_114514/share/service_114514/cmake/service_114514__rosidl_typesupport_introspection_cppExport.cmake\n'}
[3.912155] (service_114514) StdoutLine: {'line': b'-- Installing: /home/cyberkanjousen/CLionProjects/ROS2_1/install/service_114514/share/service_114514/cmake/service_114514__rosidl_typesupport_introspection_cppExport-noconfig.cmake\n'}
[3.912254] (service_114514) StdoutLine: {'line': b'-- Installing: /home/cyberkanjousen/CLionProjects/ROS2_1/install/service_114514/share/service_114514/cmake/service_114514__rosidl_typesupport_cppExport.cmake\n'}
[3.912332] (service_114514) StdoutLine: {'line': b'-- Installing: /home/cyberkanjousen/CLionProjects/ROS2_1/install/service_114514/share/service_114514/cmake/service_114514__rosidl_typesupport_cppExport-noconfig.cmake\n'}
[3.912442] (service_114514) StdoutLine: {'line': b'-- Installing: /home/cyberkanjousen/CLionProjects/ROS2_1/install/service_114514/share/service_114514/cmake/export_service_114514__rosidl_generator_pyExport.cmake\n'}
[3.912523] (service_114514) StdoutLine: {'line': b'-- Installing: /home/cyberkanjousen/CLionProjects/ROS2_1/install/service_114514/share/service_114514/cmake/export_service_114514__rosidl_generator_pyExport-noconfig.cmake\n'}
[3.912601] (service_114514) StdoutLine: {'line': b'-- Installing: /home/cyberkanjousen/CLionProjects/ROS2_1/install/service_114514/share/service_114514/cmake/rosidl_cmake-extras.cmake\n'}
[3.912679] (service_114514) StdoutLine: {'line': b'-- Installing: /home/cyberkanjousen/CLionProjects/ROS2_1/install/service_114514/share/service_114514/cmake/ament_cmake_export_dependencies-extras.cmake\n'}
[3.912761] (service_114514) StdoutLine: {'line': b'-- Installing: /home/cyberkanjousen/CLionProjects/ROS2_1/install/service_114514/share/service_114514/cmake/ament_cmake_export_include_directories-extras.cmake\n'}
[3.912838] (service_114514) StdoutLine: {'line': b'-- Installing: /home/cyberkanjousen/CLionProjects/ROS2_1/install/service_114514/share/service_114514/cmake/ament_cmake_export_libraries-extras.cmake\n'}
[3.912916] (service_114514) StdoutLine: {'line': b'-- Installing: /home/cyberkanjousen/CLionProjects/ROS2_1/install/service_114514/share/service_114514/cmake/ament_cmake_export_targets-extras.cmake\n'}
[3.912996] (service_114514) StdoutLine: {'line': b'-- Installing: /home/cyberkanjousen/CLionProjects/ROS2_1/install/service_114514/share/service_114514/cmake/rosidl_cmake_export_typesupport_targets-extras.cmake\n'}
[3.913070] (service_114514) StdoutLine: {'line': b'-- Installing: /home/cyberkanjousen/CLionProjects/ROS2_1/install/service_114514/share/service_114514/cmake/rosidl_cmake_export_typesupport_libraries-extras.cmake\n'}
[3.913152] (service_114514) StdoutLine: {'line': b'-- Installing: /home/cyberkanjousen/CLionProjects/ROS2_1/install/service_114514/share/service_114514/cmake/service_114514Config.cmake\n'}
[3.913217] (service_114514) StdoutLine: {'line': b'-- Installing: /home/cyberkanjousen/CLionProjects/ROS2_1/install/service_114514/share/service_114514/cmake/service_114514Config-version.cmake\n'}
[3.913298] (service_114514) StdoutLine: {'line': b'-- Up-to-date: /home/cyberkanjousen/CLionProjects/ROS2_1/install/service_114514/share/service_114514/package.xml\n'}
[3.914856] (service_114514) CommandEnded: {'returncode': 0}
[3.927933] (service_114514) JobEnded: {'identifier': 'service_114514', 'rc': 0}
[3.928247] (cpp_srvcli) JobStarted: {'identifier': 'cpp_srvcli'}
[3.935163] (cpp_srvcli) JobProgress: {'identifier': 'cpp_srvcli', 'progress': 'cmake'}
[3.935866] (cpp_srvcli) Command: {'cmd': ['/usr/bin/cmake', '/home/cyberkanjousen/CLionProjects/ROS2_1/src/cpp_srvcli', '-DCMAKE_EXPORT_COMPILE_COMMANDS=ON', '-G', 'Ninja', '-DCMAKE_INSTALL_PREFIX=/home/cyberkanjousen/CLionProjects/ROS2_1/install/cpp_srvcli'], 'cwd': '/home/cyberkanjousen/CLionProjects/ROS2_1/build/cpp_srvcli', 'env': OrderedDict({'TERM_SESSION_ID': '63c909e5-d298-4cc9-832e-4a5012225e58', 'GJS_DEBUG_TOPICS': 'JS ERROR;JS LOG', 'XDG_ACTIVATION_TOKEN': 'gnome-shell/CLion/3210-0-cyberkanjousen-Legion-Y7000P-IRX10_TIME51333', 'LESSOPEN': '| /usr/bin/lesspipe %s', 'SNAP_INSTANCE_KEY': '', 'USER': 'cyberkanjousen', 'SNAP_COMMON': '/var/snap/clion/common', 'socks_host': 'socks://127.0.0.1:10808', 'XDG_SESSION_TYPE': 'x11', 'SNAP_UID': '1000', 'CLUTTER_DISABLE_MIPMAPPED_TEXT': '1', 'SHLVL': '1', 'LD_LIBRARY_PATH': '/home/cyberkanjousen/CLionProjects/ROS2_1/install/service_114514/lib:/opt/ros/jazzy/opt/rviz_ogre_vendor/lib:/opt/ros/jazzy/lib/x86_64-linux-gnu:/opt/ros/jazzy/opt/gz_math_vendor/lib:/opt/ros/jazzy/opt/gz_utils_vendor/lib:/opt/ros/jazzy/opt/gz_cmake_vendor/lib:/opt/ros/jazzy/lib', 'HOME': '/home/cyberkanjousen', 'SNAP_LIBRARY_PATH': '/var/lib/snapd/lib/gl:/var/lib/snapd/lib/gl32:/var/lib/snapd/void', 'DESKTOP_SESSION': 'ubuntu', 'SNAP_USER_DATA': '/home/cyberkanjousen/snap/clion/393', 'TERMINAL_EMULATOR': 'JetBrains-JediTerm', 'GIO_LAUNCHED_DESKTOP_FILE': '/var/lib/snapd/desktop/applications/clion_clion.desktop', 'ROS_PYTHON_VERSION': '3', 'GNOME_SHELL_SESSION_MODE': 'ubuntu', 'GTK_MODULES': 'gail:atk-bridge', 'MANAGERPID': '2765', 'SYSTEMD_EXEC_PID': '3210', 'GSM_SKIP_SSH_AGENT_WORKAROUND': 'true', 'DBUS_SESSION_BUS_ADDRESS': 'unix:path=/run/user/1000/bus', 'SNAP_REVISION': '393', 'GIO_LAUNCHED_DESKTOP_FILE_PID': '4290', 'DEBUGINFOD_URLS': 'https://debuginfod.ubuntu.com', 'https_proxy': 'http://127.0.0.1:10808', 'ROS_DISTRO': 'jazzy', 'LOGNAME': 'cyberkanjousen', 'SNAP_CONTEXT': '7cMq18PPvE0GyoauddMEMHLsazMvDF3aF-ApkkrArLYzdt8gAxjQ', 'http_proxy': 'http://127.0.0.1:10808', 'JOURNAL_STREAM': '9:40206', '_': '/usr/bin/colcon', 'ROS_VERSION': '2', 'MEMORY_PRESSURE_WATCH': '/sys/fs/cgroup/user.slice/user-1000.slice/user@1000.service/session.slice/org.gnome.Shell@x11.service/memory.pressure', 'XDG_SESSION_CLASS': 'user', 'SNAP_VERSION': '2025.2.4', 'USERNAME': 'cyberkanjousen', 'TERM': 'xterm-256color', 'GNOME_DESKTOP_SESSION_ID': 'this-is-deprecated', 'SNAP_INSTANCE_NAME': 'clion', 'WINDOWPATH': '2', 'PATH': '/opt/ros/jazzy/bin:/home/cyberkanjousen/.local/bin:/usr/local/sbin:/usr/local/bin:/usr/sbin:/usr/bin:/sbin:/bin:/usr/games:/usr/local/games:/snap/bin:/snap/bin:/home/cyberkanjousen/.local/bin:/home/cyberkanjousen/.local/bin', 'SESSION_MANAGER': 'local/cyberkanjousen-Legion-Y7000P-IRX10:@/tmp/.ICE-unix/3111,unix/cyberkanjousen-Legion-Y7000P-IRX10:/tmp/.ICE-unix/3111', 'INVOCATION_ID': 'e7fea1e9eb6f4e17a61b475e3444d22f', 'XDG_MENU_PREFIX': 'gnome-', 'ftp_proxy': 'ftp://127.0.0.1:10808', 'SNAP_DATA': '/var/snap/clion/393', 'XDG_RUNTIME_DIR': '/run/user/1000', 'DISPLAY': ':1', 'DESKTOP_STARTUP_ID': 'gnome-shell/CLion/3210-0-cyberkanjousen-Legion-Y7000P-IRX10_TIME51333', 'LANG': 'zh_CN.UTF-8', 'XDG_CURRENT_DESKTOP': 'ubuntu:GNOME', 'XMODIFIERS': '@im=ibus', 'XDG_SESSION_DESKTOP': 'ubuntu', 'XAUTHORITY': '/run/user/1000/gdm/Xauthority', 'LS_COLORS': 'rs=0:di=01;34:ln=01;36:mh=00:pi=40;33:so=01;35:do=01;35:bd=40;33;01:cd=40;33;01:or=40;31;01:mi=00:su=37;41:sg=30;43:ca=00:tw=30;42:ow=34;42:st=37;44:ex=01;32:*.tar=01;31:*.tgz=01;31:*.arc=01;31:*.arj=01;31:*.taz=01;31:*.lha=01;31:*.lz4=01;31:*.lzh=01;31:*.lzma=01;31:*.tlz=01;31:*.txz=01;31:*.tzo=01;31:*.t7z=01;31:*.zip=01;31:*.z=01;31:*.dz=01;31:*.gz=01;31:*.lrz=01;31:*.lz=01;31:*.lzo=01;31:*.xz=01;31:*.zst=01;31:*.tzst=01;31:*.bz2=01;31:*.bz=01;31:*.tbz=01;31:*.tbz2=01;31:*.tz=01;31:*.deb=01;31:*.rpm=01;31:*.jar=01;31:*.war=01;31:*.ear=01;31:*.sar=01;31:*.rar=01;31:*.alz=01;31:*.ace=01;31:*.zoo=01;31:*.cpio=01;31:*.7z=01;31:*.rz=01;31:*.cab=01;31:*.wim=01;31:*.swm=01;31:*.dwm=01;31:*.esd=01;31:*.avif=01;35:*.jpg=01;35:*.jpeg=01;35:*.mjpg=01;35:*.mjpeg=01;35:*.gif=01;35:*.bmp=01;35:*.pbm=01;35:*.pgm=01;35:*.ppm=01;35:*.tga=01;35:*.xbm=01;35:*.xpm=01;35:*.tif=01;35:*.tiff=01;35:*.png=01;35:*.svg=01;35:*.svgz=01;35:*.mng=01;35:*.pcx=01;35:*.mov=01;35:*.mpg=01;35:*.mpeg=01;35:*.m2v=01;35:*.mkv=01;35:*.webm=01;35:*.webp=01;35:*.ogm=01;35:*.mp4=01;35:*.m4v=01;35:*.mp4v=01;35:*.vob=01;35:*.qt=01;35:*.nuv=01;35:*.wmv=01;35:*.asf=01;35:*.rm=01;35:*.rmvb=01;35:*.flc=01;35:*.avi=01;35:*.fli=01;35:*.flv=01;35:*.gl=01;35:*.dl=01;35:*.xcf=01;35:*.xwd=01;35:*.yuv=01;35:*.cgm=01;35:*.emf=01;35:*.ogv=01;35:*.ogx=01;35:*.aac=00;36:*.au=00;36:*.flac=00;36:*.m4a=00;36:*.mid=00;36:*.midi=00;36:*.mka=00;36:*.mp3=00;36:*.mpc=00;36:*.ogg=00;36:*.ra=00;36:*.wav=00;36:*.oga=00;36:*.opus=00;36:*.spx=00;36:*.xspf=00;36:*~=00;90:*#=00;90:*.bak=00;90:*.crdownload=00;90:*.dpkg-dist=00;90:*.dpkg-new=00;90:*.dpkg-old=00;90:*.dpkg-tmp=00;90:*.old=00;90:*.orig=00;90:*.part=00;90:*.rej=00;90:*.rpmnew=00;90:*.rpmorig=00;90:*.rpmsave=00;90:*.swp=00;90:*.tmp=00;90:*.ucf-dist=00;90:*.ucf-new=00;90:*.ucf-old=00;90:', 'SNAP_USER_COMMON': '/home/cyberkanjousen/snap/clion/common', 'SSH_AUTH_SOCK': '/run/user/1000/keyring/ssh', 'SNAP_ARCH': 'amd64', 'AMENT_PREFIX_PATH': '/home/cyberkanjousen/CLionProjects/ROS2_1/install/service_114514:/opt/ros/jazzy', 'SNAP_COOKIE': '7cMq18PPvE0GyoauddMEMHLsazMvDF3aF-ApkkrArLYzdt8gAxjQ', 'SHELL': '/bin/bash', 'QT_ACCESSIBILITY': '1', 'SNAP_REEXEC': '', 'GDMSESSION': 'ubuntu', 'LESSCLOSE': '/usr/bin/lesspipe %s %s', 'SNAP_NAME': 'clion', 'GPG_AGENT_INFO': '/run/user/1000/gnupg/S.gpg-agent:0:1', 'GJS_DEBUG_OUTPUT': 'stderr', 'ROS_AUTOMATIC_DISCOVERY_RANGE': 'SUBNET', 'QT_IM_MODULE': 'ibus', 'PWD': '/home/cyberkanjousen/CLionProjects/ROS2_1/build/cpp_srvcli', 'XDG_CONFIG_DIRS': '/etc/xdg/xdg-ubuntu:/etc/xdg', 'SNAP_REAL_HOME': '/home/cyberkanjousen', 'XDG_DATA_DIRS': '/usr/share/ubuntu:/usr/share/gnome:/usr/local/share/:/usr/share/:/var/lib/snapd/desktop', 'SNAP_EUID': '1000', 'QTWEBENGINE_DICTIONARIES_PATH': '/usr/share/hunspell-bdic/', 'PYTHONPATH': '/home/cyberkanjousen/CLionProjects/ROS2_1/install/service_114514/lib/python3.12/site-packages:/opt/ros/jazzy/lib/python3.12/site-packages', 'SNAP': '/snap/clion/393', 'COLCON': '1', 'MEMORY_PRESSURE_WRITE': 'c29tZSAyMDAwMDAgMjAwMDAwMAA=', 'JM_OPTION_PATH': '/home/cyberkanjousen/下载', 'CMAKE_PREFIX_PATH': '/home/cyberkanjousen/CLionProjects/ROS2_1/install/service_114514:/opt/ros/jazzy/opt/gz_math_vendor:/opt/ros/jazzy/opt/gz_utils_vendor:/opt/ros/jazzy/opt/gz_cmake_vendor:/opt/ros/jazzy'}), 'shell': False}
[3.981091] (cpp_srvcli) StdoutLine: {'line': b'-- The C compiler identification is GNU 13.3.0\n'}
[4.006216] (-) TimerEvent: {}
[4.024310] (cpp_srvcli) StdoutLine: {'line': b'-- The CXX compiler identification is GNU 13.3.0\n'}
[4.041503] (cpp_srvcli) StdoutLine: {'line': b'-- Detecting C compiler ABI info\n'}
[4.095215] (cpp_srvcli) StdoutLine: {'line': b'-- Detecting C compiler ABI info - done\n'}
[4.101412] (cpp_srvcli) StdoutLine: {'line': b'-- Check for working C compiler: /usr/bin/cc - skipped\n'}
[4.101657] (cpp_srvcli) StdoutLine: {'line': b'-- Detecting C compile features\n'}
[4.101907] (cpp_srvcli) StdoutLine: {'line': b'-- Detecting C compile features - done\n'}
[4.106315] (-) TimerEvent: {}
[4.112787] (cpp_srvcli) StdoutLine: {'line': b'-- Detecting CXX compiler ABI info\n'}
[4.177945] (cpp_srvcli) StdoutLine: {'line': b'-- Detecting CXX compiler ABI info - done\n'}
[4.184257] (cpp_srvcli) StdoutLine: {'line': b'-- Check for working CXX compiler: /usr/bin/c++ - skipped\n'}
[4.184350] (cpp_srvcli) StdoutLine: {'line': b'-- Detecting CXX compile features\n'}
[4.184627] (cpp_srvcli) StdoutLine: {'line': b'-- Detecting CXX compile features - done\n'}
[4.186351] (cpp_srvcli) StdoutLine: {'line': b'-- Found ament_cmake: 2.5.4 (/opt/ros/jazzy/share/ament_cmake/cmake)\n'}
[4.206504] (-) TimerEvent: {}
[4.306678] (-) TimerEvent: {}
[4.309028] (cpp_srvcli) StdoutLine: {'line': b'-- Found Python3: /usr/bin/python3 (found version "3.12.3") found components: Interpreter \n'}
[4.383568] (cpp_srvcli) StdoutLine: {'line': b'-- Found rclcpp: 28.1.12 (/opt/ros/jazzy/share/rclcpp/cmake)\n'}
[4.406782] (-) TimerEvent: {}
[4.414153] (cpp_srvcli) StdoutLine: {'line': b'-- Found rosidl_generator_c: 4.6.6 (/opt/ros/jazzy/share/rosidl_generator_c/cmake)\n'}
[4.422840] (cpp_srvcli) StdoutLine: {'line': b'-- Found rosidl_generator_cpp: 4.6.6 (/opt/ros/jazzy/share/rosidl_generator_cpp/cmake)\n'}
[4.433386] (cpp_srvcli) StdoutLine: {'line': b'-- Using all available rosidl_typesupport_c: rosidl_typesupport_fastrtps_c;rosidl_typesupport_introspection_c\n'}
[4.445189] (cpp_srvcli) StdoutLine: {'line': b'-- Using all available rosidl_typesupport_cpp: rosidl_typesupport_fastrtps_cpp;rosidl_typesupport_introspection_cpp\n'}
[4.497219] (cpp_srvcli) StdoutLine: {'line': b'-- Found rmw_implementation_cmake: 7.3.2 (/opt/ros/jazzy/share/rmw_implementation_cmake/cmake)\n'}
[4.498975] (cpp_srvcli) StdoutLine: {'line': b'-- Found rmw_fastrtps_cpp: 8.4.3 (/opt/ros/jazzy/share/rmw_fastrtps_cpp/cmake)\n'}
[4.506837] (-) TimerEvent: {}
[4.565754] (cpp_srvcli) StdoutLine: {'line': b'-- Found OpenSSL: /usr/lib/x86_64-linux-gnu/libcrypto.so (found version "3.0.13")  \n'}
[4.585463] (cpp_srvcli) StdoutLine: {'line': b'-- Found FastRTPS: /opt/ros/jazzy/include (Required is at least version "2.13") \n'}
[4.606990] (-) TimerEvent: {}
[4.607331] (cpp_srvcli) StdoutLine: {'line': b"-- Using RMW implementation 'rmw_fastrtps_cpp' as default\n"}
[4.661523] (cpp_srvcli) StdoutLine: {'line': b'-- Found service_114514: 0.0.0 (/home/cyberkanjousen/CLionProjects/ROS2_1/install/service_114514/share/service_114514/cmake)\n'}
[4.672700] (cpp_srvcli) StdoutLine: {'line': b'-- Found ament_lint_auto: 0.17.3 (/opt/ros/jazzy/share/ament_lint_auto/cmake)\n'}
[4.707193] (-) TimerEvent: {}
[4.748143] (cpp_srvcli) StdoutLine: {'line': b"-- Added test 'cppcheck' to perform static code analysis on C / C++ code\n"}
[4.752894] (cpp_srvcli) StdoutLine: {'line': b'-- Configured cppcheck include dirs: \n'}
[4.753034] (cpp_srvcli) StdoutLine: {'line': b'-- Configured cppcheck exclude dirs and/or files: \n'}
[4.753151] (cpp_srvcli) StdoutLine: {'line': b"-- Added test 'lint_cmake' to check CMake code style\n"}
[4.753250] (cpp_srvcli) StdoutLine: {'line': b"-- Added test 'uncrustify' to check C / C++ code style\n"}
[4.753344] (cpp_srvcli) StdoutLine: {'line': b'-- Configured uncrustify additional arguments: \n'}
[4.753435] (cpp_srvcli) StdoutLine: {'line': b"-- Added test 'xmllint' to check XML markup files\n"}
[4.753713] (cpp_srvcli) StdoutLine: {'line': b'-- Configuring done (0.8s)\n'}
[4.761021] (cpp_srvcli) StdoutLine: {'line': b'-- Generating done (0.0s)\n'}
[4.771914] (cpp_srvcli) StdoutLine: {'line': b'-- Build files have been written to: /home/cyberkanjousen/CLionProjects/ROS2_1/build/cpp_srvcli\n'}
[4.779481] (cpp_srvcli) CommandEnded: {'returncode': 0}
[4.779882] (cpp_srvcli) JobProgress: {'identifier': 'cpp_srvcli', 'progress': 'build'}
[4.779908] (cpp_srvcli) Command: {'cmd': ['/usr/bin/cmake', '--build', '/home/cyberkanjousen/CLionProjects/ROS2_1/build/cpp_srvcli', '--', '-j32', '-l32'], 'cwd': '/home/cyberkanjousen/CLionProjects/ROS2_1/build/cpp_srvcli', 'env': OrderedDict({'TERM_SESSION_ID': '63c909e5-d298-4cc9-832e-4a5012225e58', 'GJS_DEBUG_TOPICS': 'JS ERROR;JS LOG', 'XDG_ACTIVATION_TOKEN': 'gnome-shell/CLion/3210-0-cyberkanjousen-Legion-Y7000P-IRX10_TIME51333', 'LESSOPEN': '| /usr/bin/lesspipe %s', 'SNAP_INSTANCE_KEY': '', 'USER': 'cyberkanjousen', 'SNAP_COMMON': '/var/snap/clion/common', 'socks_host': 'socks://127.0.0.1:10808', 'XDG_SESSION_TYPE': 'x11', 'SNAP_UID': '1000', 'CLUTTER_DISABLE_MIPMAPPED_TEXT': '1', 'SHLVL': '1', 'LD_LIBRARY_PATH': '/home/cyberkanjousen/CLionProjects/ROS2_1/install/service_114514/lib:/opt/ros/jazzy/opt/rviz_ogre_vendor/lib:/opt/ros/jazzy/lib/x86_64-linux-gnu:/opt/ros/jazzy/opt/gz_math_vendor/lib:/opt/ros/jazzy/opt/gz_utils_vendor/lib:/opt/ros/jazzy/opt/gz_cmake_vendor/lib:/opt/ros/jazzy/lib', 'HOME': '/home/cyberkanjousen', 'SNAP_LIBRARY_PATH': '/var/lib/snapd/lib/gl:/var/lib/snapd/lib/gl32:/var/lib/snapd/void', 'DESKTOP_SESSION': 'ubuntu', 'SNAP_USER_DATA': '/home/cyberkanjousen/snap/clion/393', 'TERMINAL_EMULATOR': 'JetBrains-JediTerm', 'GIO_LAUNCHED_DESKTOP_FILE': '/var/lib/snapd/desktop/applications/clion_clion.desktop', 'ROS_PYTHON_VERSION': '3', 'GNOME_SHELL_SESSION_MODE': 'ubuntu', 'GTK_MODULES': 'gail:atk-bridge', 'MANAGERPID': '2765', 'SYSTEMD_EXEC_PID': '3210', 'GSM_SKIP_SSH_AGENT_WORKAROUND': 'true', 'DBUS_SESSION_BUS_ADDRESS': 'unix:path=/run/user/1000/bus', 'SNAP_REVISION': '393', 'GIO_LAUNCHED_DESKTOP_FILE_PID': '4290', 'DEBUGINFOD_URLS': 'https://debuginfod.ubuntu.com', 'https_proxy': 'http://127.0.0.1:10808', 'ROS_DISTRO': 'jazzy', 'LOGNAME': 'cyberkanjousen', 'SNAP_CONTEXT': '7cMq18PPvE0GyoauddMEMHLsazMvDF3aF-ApkkrArLYzdt8gAxjQ', 'http_proxy': 'http://127.0.0.1:10808', 'JOURNAL_STREAM': '9:40206', '_': '/usr/bin/colcon', 'ROS_VERSION': '2', 'MEMORY_PRESSURE_WATCH': '/sys/fs/cgroup/user.slice/user-1000.slice/user@1000.service/session.slice/org.gnome.Shell@x11.service/memory.pressure', 'XDG_SESSION_CLASS': 'user', 'SNAP_VERSION': '2025.2.4', 'USERNAME': 'cyberkanjousen', 'TERM': 'xterm-256color', 'GNOME_DESKTOP_SESSION_ID': 'this-is-deprecated', 'SNAP_INSTANCE_NAME': 'clion', 'WINDOWPATH': '2', 'PATH': '/opt/ros/jazzy/bin:/home/cyberkanjousen/.local/bin:/usr/local/sbin:/usr/local/bin:/usr/sbin:/usr/bin:/sbin:/bin:/usr/games:/usr/local/games:/snap/bin:/snap/bin:/home/cyberkanjousen/.local/bin:/home/cyberkanjousen/.local/bin', 'SESSION_MANAGER': 'local/cyberkanjousen-Legion-Y7000P-IRX10:@/tmp/.ICE-unix/3111,unix/cyberkanjousen-Legion-Y7000P-IRX10:/tmp/.ICE-unix/3111', 'INVOCATION_ID': 'e7fea1e9eb6f4e17a61b475e3444d22f', 'XDG_MENU_PREFIX': 'gnome-', 'ftp_proxy': 'ftp://127.0.0.1:10808', 'SNAP_DATA': '/var/snap/clion/393', 'XDG_RUNTIME_DIR': '/run/user/1000', 'DISPLAY': ':1', 'DESKTOP_STARTUP_ID': 'gnome-shell/CLion/3210-0-cyberkanjousen-Legion-Y7000P-IRX10_TIME51333', 'LANG': 'zh_CN.UTF-8', 'XDG_CURRENT_DESKTOP': 'ubuntu:GNOME', 'XMODIFIERS': '@im=ibus', 'XDG_SESSION_DESKTOP': 'ubuntu', 'XAUTHORITY': '/run/user/1000/gdm/Xauthority', 'LS_COLORS': 'rs=0:di=01;34:ln=01;36:mh=00:pi=40;33:so=01;35:do=01;35:bd=40;33;01:cd=40;33;01:or=40;31;01:mi=00:su=37;41:sg=30;43:ca=00:tw=30;42:ow=34;42:st=37;44:ex=01;32:*.tar=01;31:*.tgz=01;31:*.arc=01;31:*.arj=01;31:*.taz=01;31:*.lha=01;31:*.lz4=01;31:*.lzh=01;31:*.lzma=01;31:*.tlz=01;31:*.txz=01;31:*.tzo=01;31:*.t7z=01;31:*.zip=01;31:*.z=01;31:*.dz=01;31:*.gz=01;31:*.lrz=01;31:*.lz=01;31:*.lzo=01;31:*.xz=01;31:*.zst=01;31:*.tzst=01;31:*.bz2=01;31:*.bz=01;31:*.tbz=01;31:*.tbz2=01;31:*.tz=01;31:*.deb=01;31:*.rpm=01;31:*.jar=01;31:*.war=01;31:*.ear=01;31:*.sar=01;31:*.rar=01;31:*.alz=01;31:*.ace=01;31:*.zoo=01;31:*.cpio=01;31:*.7z=01;31:*.rz=01;31:*.cab=01;31:*.wim=01;31:*.swm=01;31:*.dwm=01;31:*.esd=01;31:*.avif=01;35:*.jpg=01;35:*.jpeg=01;35:*.mjpg=01;35:*.mjpeg=01;35:*.gif=01;35:*.bmp=01;35:*.pbm=01;35:*.pgm=01;35:*.ppm=01;35:*.tga=01;35:*.xbm=01;35:*.xpm=01;35:*.tif=01;35:*.tiff=01;35:*.png=01;35:*.svg=01;35:*.svgz=01;35:*.mng=01;35:*.pcx=01;35:*.mov=01;35:*.mpg=01;35:*.mpeg=01;35:*.m2v=01;35:*.mkv=01;35:*.webm=01;35:*.webp=01;35:*.ogm=01;35:*.mp4=01;35:*.m4v=01;35:*.mp4v=01;35:*.vob=01;35:*.qt=01;35:*.nuv=01;35:*.wmv=01;35:*.asf=01;35:*.rm=01;35:*.rmvb=01;35:*.flc=01;35:*.avi=01;35:*.fli=01;35:*.flv=01;35:*.gl=01;35:*.dl=01;35:*.xcf=01;35:*.xwd=01;35:*.yuv=01;35:*.cgm=01;35:*.emf=01;35:*.ogv=01;35:*.ogx=01;35:*.aac=00;36:*.au=00;36:*.flac=00;36:*.m4a=00;36:*.mid=00;36:*.midi=00;36:*.mka=00;36:*.mp3=00;36:*.mpc=00;36:*.ogg=00;36:*.ra=00;36:*.wav=00;36:*.oga=00;36:*.opus=00;36:*.spx=00;36:*.xspf=00;36:*~=00;90:*#=00;90:*.bak=00;90:*.crdownload=00;90:*.dpkg-dist=00;90:*.dpkg-new=00;90:*.dpkg-old=00;90:*.dpkg-tmp=00;90:*.old=00;90:*.orig=00;90:*.part=00;90:*.rej=00;90:*.rpmnew=00;90:*.rpmorig=00;90:*.rpmsave=00;90:*.swp=00;90:*.tmp=00;90:*.ucf-dist=00;90:*.ucf-new=00;90:*.ucf-old=00;90:', 'SNAP_USER_COMMON': '/home/cyberkanjousen/snap/clion/common', 'SSH_AUTH_SOCK': '/run/user/1000/keyring/ssh', 'SNAP_ARCH': 'amd64', 'AMENT_PREFIX_PATH': '/home/cyberkanjousen/CLionProjects/ROS2_1/install/service_114514:/opt/ros/jazzy', 'SNAP_COOKIE': '7cMq18PPvE0GyoauddMEMHLsazMvDF3aF-ApkkrArLYzdt8gAxjQ', 'SHELL': '/bin/bash', 'QT_ACCESSIBILITY': '1', 'SNAP_REEXEC': '', 'GDMSESSION': 'ubuntu', 'LESSCLOSE': '/usr/bin/lesspipe %s %s', 'SNAP_NAME': 'clion', 'GPG_AGENT_INFO': '/run/user/1000/gnupg/S.gpg-agent:0:1', 'GJS_DEBUG_OUTPUT': 'stderr', 'ROS_AUTOMATIC_DISCOVERY_RANGE': 'SUBNET', 'QT_IM_MODULE': 'ibus', 'PWD': '/home/cyberkanjousen/CLionProjects/ROS2_1/build/cpp_srvcli', 'XDG_CONFIG_DIRS': '/etc/xdg/xdg-ubuntu:/etc/xdg', 'SNAP_REAL_HOME': '/home/cyberkanjousen', 'XDG_DATA_DIRS': '/usr/share/ubuntu:/usr/share/gnome:/usr/local/share/:/usr/share/:/var/lib/snapd/desktop', 'SNAP_EUID': '1000', 'QTWEBENGINE_DICTIONARIES_PATH': '/usr/share/hunspell-bdic/', 'PYTHONPATH': '/home/cyberkanjousen/CLionProjects/ROS2_1/install/service_114514/lib/python3.12/site-packages:/opt/ros/jazzy/lib/python3.12/site-packages', 'SNAP': '/snap/clion/393', 'COLCON': '1', 'MEMORY_PRESSURE_WRITE': 'c29tZSAyMDAwMDAgMjAwMDAwMAA=', 'JM_OPTION_PATH': '/home/cyberkanjousen/下载', 'CMAKE_PREFIX_PATH': '/home/cyberkanjousen/CLionProjects/ROS2_1/install/service_114514:/opt/ros/jazzy/opt/gz_math_vendor:/opt/ros/jazzy/opt/gz_utils_vendor:/opt/ros/jazzy/opt/gz_cmake_vendor:/opt/ros/jazzy'}), 'shell': False}
[4.792383] (cpp_srvcli) StdoutLine: {'line': b'\n'}
[4.792724] (cpp_srvcli) StdoutLine: {'line': b'[0/4] Building CXX object CMakeFiles/server_114514.dir/src/server_114514.cpp.o\x1b[K\n'}
[4.807321] (-) TimerEvent: {}
[4.907623] (-) TimerEvent: {}
[4.936538] (cpp_srvcli) StdoutLine: {'line': b'[0/4] Building CXX object CMakeFiles/client_114514.dir/src/client_114514.cpp.o\x1b[K\n'}
[4.936753] (cpp_srvcli) StdoutLine: {'line': b'[1/4] Building CXX object CMakeFiles/client_114514.dir/src/client_114514.cpp.o\x1b[K\n'}
[4.936852] (cpp_srvcli) StdoutLine: {'line': b'\x1b[31mFAILED: \x1b[0mCMakeFiles/client_114514.dir/src/client_114514.cpp.o \n'}
[4.936939] (cpp_srvcli) StdoutLine: {'line': b'/usr/bin/c++ -DDEFAULT_RMW_IMPLEMENTATION=rmw_fastrtps_cpp -DFASTCDR_DYN_LINK -isystem /home/cyberkanjousen/CLionProjects/ROS2_1/install/service_114514/include/service_114514 -isystem /opt/ros/jazzy/include/rclcpp -isystem /opt/ros/jazzy/include/builtin_interfaces -isystem /opt/ros/jazzy/include/rosidl_runtime_c -isystem /opt/ros/jazzy/include/rcutils -isystem /opt/ros/jazzy/include/rosidl_typesupport_interface -isystem /opt/ros/jazzy/include/fastcdr -isystem /opt/ros/jazzy/include/rosidl_runtime_cpp -isystem /opt/ros/jazzy/include/rosidl_typesupport_fastrtps_cpp -isystem /opt/ros/jazzy/include/rmw -isystem /opt/ros/jazzy/include/rosidl_dynamic_typesupport -isystem /opt/ros/jazzy/include/rosidl_typesupport_fastrtps_c -isystem /opt/ros/jazzy/include/rosidl_typesupport_introspection_c -isystem /opt/ros/jazzy/include/rosidl_typesupport_introspection_cpp -isystem /opt/ros/jazzy/include/libstatistics_collector -isystem /opt/ros/jazzy/include/rcl -isystem /opt/ros/jazzy/include/rcl_interfaces -isystem /opt/ros/jazzy/include/service_msgs -isystem /opt/ros/jazzy/include/rcl_logging_interface -isystem /opt/ros/jazzy/include/rcl_yaml_param_parser -isystem /opt/ros/jazzy/include/type_description_interfaces -isystem /opt/ros/jazzy/include/rcpputils -isystem /opt/ros/jazzy/include/statistics_msgs -isystem /opt/ros/jazzy/include/rosgraph_msgs -isystem /opt/ros/jazzy/include/rosidl_typesupport_cpp -isystem /opt/ros/jazzy/include/rosidl_typesupport_c -isystem /opt/ros/jazzy/include/tracetools -Wall -Wextra -Wpedantic -MD -MT CMakeFiles/client_114514.dir/src/client_114514.cpp.o -MF CMakeFiles/client_114514.dir/src/client_114514.cpp.o.d -o CMakeFiles/client_114514.dir/src/client_114514.cpp.o -c /home/cyberkanjousen/CLionProjects/ROS2_1/src/cpp_srvcli/src/client_114514.cpp\n'}
[4.937051] (cpp_srvcli) StdoutLine: {'line': b'/home/cyberkanjousen/CLionProjects/ROS2_1/src/cpp_srvcli/src/client_114514.cpp:6:10: fatal error: example_interfaces/srv/add_two_ints.hpp: \xe6\xb2\xa1\xe6\x9c\x89\xe9\x82\xa3\xe4\xb8\xaa\xe6\x96\x87\xe4\xbb\xb6\xe6\x88\x96\xe7\x9b\xae\xe5\xbd\x95\n'}
[4.937137] (cpp_srvcli) StdoutLine: {'line': b'    6 | #include "example_interfaces/srv/add_two_ints.hpp"\n'}
[4.937220] (cpp_srvcli) StdoutLine: {'line': b'      |          ^~~~~~~~~~~~~~~~~~~~~~~~~~~~~~~~~~~~~~~~~\n'}
[4.937300] (cpp_srvcli) StdoutLine: {'line': b'compilation terminated.\n'}
[5.007797] (-) TimerEvent: {}
[5.108152] (-) TimerEvent: {}
[5.208541] (-) TimerEvent: {}
[5.308881] (-) TimerEvent: {}
[5.409231] (-) TimerEvent: {}
[5.509566] (-) TimerEvent: {}
[5.539051] (cpp_pubsub) StdoutLine: {'line': b'[4/8] Linking CXX executable talker\x1b[K\n'}
[5.539271] (cpp_pubsub) StdoutLine: {'line': b'[5/8] Building CXX object CMakeFiles/listener.dir/src/subscriber_lambda_function.cpp.o\x1b[K\n'}
[5.540216] (cpp_pubsub) StdoutLine: {'line': b'[5/8] Linking CXX executable listener\x1b[K\n'}
[5.540423] (cpp_pubsub) StdoutLine: {'line': b'[6/8] Building CXX object CMakeFiles/subscriber_114514.dir/src/subscriber_114514.cpp.o\x1b[K\n'}
[5.609801] (-) TimerEvent: {}
[5.692145] (cpp_pubsub) StdoutLine: {'line': b'[6/8] Linking CXX executable subscriber_114514\x1b[K\n'}
[5.696739] (cpp_pubsub) StdoutLine: {'line': b'[7/8] Linking CXX executable listener\x1b[K\n'}
[5.696944] (cpp_pubsub) StdoutLine: {'line': b'[8/8] Linking CXX executable subscriber_114514\x1b[K\n'}
[5.698762] (cpp_pubsub) CommandEnded: {'returncode': 0}
[5.699085] (cpp_pubsub) JobProgress: {'identifier': 'cpp_pubsub', 'progress': 'install'}
[5.699100] (cpp_pubsub) Command: {'cmd': ['/usr/bin/cmake', '--install', '/home/cyberkanjousen/CLionProjects/ROS2_1/build/cpp_pubsub'], 'cwd': '/home/cyberkanjousen/CLionProjects/ROS2_1/build/cpp_pubsub', 'env': OrderedDict({'TERM_SESSION_ID': '63c909e5-d298-4cc9-832e-4a5012225e58', 'GJS_DEBUG_TOPICS': 'JS ERROR;JS LOG', 'XDG_ACTIVATION_TOKEN': 'gnome-shell/CLion/3210-0-cyberkanjousen-Legion-Y7000P-IRX10_TIME51333', 'LESSOPEN': '| /usr/bin/lesspipe %s', 'SNAP_INSTANCE_KEY': '', 'USER': 'cyberkanjousen', 'SNAP_COMMON': '/var/snap/clion/common', 'socks_host': 'socks://127.0.0.1:10808', 'XDG_SESSION_TYPE': 'x11', 'SNAP_UID': '1000', 'CLUTTER_DISABLE_MIPMAPPED_TEXT': '1', 'SHLVL': '1', 'LD_LIBRARY_PATH': '/opt/ros/jazzy/opt/rviz_ogre_vendor/lib:/opt/ros/jazzy/lib/x86_64-linux-gnu:/opt/ros/jazzy/opt/gz_math_vendor/lib:/opt/ros/jazzy/opt/gz_utils_vendor/lib:/opt/ros/jazzy/opt/gz_cmake_vendor/lib:/opt/ros/jazzy/lib', 'HOME': '/home/cyberkanjousen', 'SNAP_LIBRARY_PATH': '/var/lib/snapd/lib/gl:/var/lib/snapd/lib/gl32:/var/lib/snapd/void', 'DESKTOP_SESSION': 'ubuntu', 'SNAP_USER_DATA': '/home/cyberkanjousen/snap/clion/393', 'TERMINAL_EMULATOR': 'JetBrains-JediTerm', 'GIO_LAUNCHED_DESKTOP_FILE': '/var/lib/snapd/desktop/applications/clion_clion.desktop', 'ROS_PYTHON_VERSION': '3', 'GNOME_SHELL_SESSION_MODE': 'ubuntu', 'GTK_MODULES': 'gail:atk-bridge', 'MANAGERPID': '2765', 'SYSTEMD_EXEC_PID': '3210', 'GSM_SKIP_SSH_AGENT_WORKAROUND': 'true', 'DBUS_SESSION_BUS_ADDRESS': 'unix:path=/run/user/1000/bus', 'SNAP_REVISION': '393', 'GIO_LAUNCHED_DESKTOP_FILE_PID': '4290', 'DEBUGINFOD_URLS': 'https://debuginfod.ubuntu.com', 'https_proxy': 'http://127.0.0.1:10808', 'ROS_DISTRO': 'jazzy', 'LOGNAME': 'cyberkanjousen', 'SNAP_CONTEXT': '7cMq18PPvE0GyoauddMEMHLsazMvDF3aF-ApkkrArLYzdt8gAxjQ', 'http_proxy': 'http://127.0.0.1:10808', 'JOURNAL_STREAM': '9:40206', '_': '/usr/bin/colcon', 'ROS_VERSION': '2', 'MEMORY_PRESSURE_WATCH': '/sys/fs/cgroup/user.slice/user-1000.slice/user@1000.service/session.slice/org.gnome.Shell@x11.service/memory.pressure', 'XDG_SESSION_CLASS': 'user', 'SNAP_VERSION': '2025.2.4', 'USERNAME': 'cyberkanjousen', 'TERM': 'xterm-256color', 'GNOME_DESKTOP_SESSION_ID': 'this-is-deprecated', 'SNAP_INSTANCE_NAME': 'clion', 'WINDOWPATH': '2', 'PATH': '/opt/ros/jazzy/bin:/home/cyberkanjousen/.local/bin:/usr/local/sbin:/usr/local/bin:/usr/sbin:/usr/bin:/sbin:/bin:/usr/games:/usr/local/games:/snap/bin:/snap/bin:/home/cyberkanjousen/.local/bin:/home/cyberkanjousen/.local/bin', 'SESSION_MANAGER': 'local/cyberkanjousen-Legion-Y7000P-IRX10:@/tmp/.ICE-unix/3111,unix/cyberkanjousen-Legion-Y7000P-IRX10:/tmp/.ICE-unix/3111', 'INVOCATION_ID': 'e7fea1e9eb6f4e17a61b475e3444d22f', 'XDG_MENU_PREFIX': 'gnome-', 'ftp_proxy': 'ftp://127.0.0.1:10808', 'SNAP_DATA': '/var/snap/clion/393', 'XDG_RUNTIME_DIR': '/run/user/1000', 'DISPLAY': ':1', 'DESKTOP_STARTUP_ID': 'gnome-shell/CLion/3210-0-cyberkanjousen-Legion-Y7000P-IRX10_TIME51333', 'LANG': 'zh_CN.UTF-8', 'XDG_CURRENT_DESKTOP': 'ubuntu:GNOME', 'XMODIFIERS': '@im=ibus', 'XDG_SESSION_DESKTOP': 'ubuntu', 'XAUTHORITY': '/run/user/1000/gdm/Xauthority', 'LS_COLORS': 'rs=0:di=01;34:ln=01;36:mh=00:pi=40;33:so=01;35:do=01;35:bd=40;33;01:cd=40;33;01:or=40;31;01:mi=00:su=37;41:sg=30;43:ca=00:tw=30;42:ow=34;42:st=37;44:ex=01;32:*.tar=01;31:*.tgz=01;31:*.arc=01;31:*.arj=01;31:*.taz=01;31:*.lha=01;31:*.lz4=01;31:*.lzh=01;31:*.lzma=01;31:*.tlz=01;31:*.txz=01;31:*.tzo=01;31:*.t7z=01;31:*.zip=01;31:*.z=01;31:*.dz=01;31:*.gz=01;31:*.lrz=01;31:*.lz=01;31:*.lzo=01;31:*.xz=01;31:*.zst=01;31:*.tzst=01;31:*.bz2=01;31:*.bz=01;31:*.tbz=01;31:*.tbz2=01;31:*.tz=01;31:*.deb=01;31:*.rpm=01;31:*.jar=01;31:*.war=01;31:*.ear=01;31:*.sar=01;31:*.rar=01;31:*.alz=01;31:*.ace=01;31:*.zoo=01;31:*.cpio=01;31:*.7z=01;31:*.rz=01;31:*.cab=01;31:*.wim=01;31:*.swm=01;31:*.dwm=01;31:*.esd=01;31:*.avif=01;35:*.jpg=01;35:*.jpeg=01;35:*.mjpg=01;35:*.mjpeg=01;35:*.gif=01;35:*.bmp=01;35:*.pbm=01;35:*.pgm=01;35:*.ppm=01;35:*.tga=01;35:*.xbm=01;35:*.xpm=01;35:*.tif=01;35:*.tiff=01;35:*.png=01;35:*.svg=01;35:*.svgz=01;35:*.mng=01;35:*.pcx=01;35:*.mov=01;35:*.mpg=01;35:*.mpeg=01;35:*.m2v=01;35:*.mkv=01;35:*.webm=01;35:*.webp=01;35:*.ogm=01;35:*.mp4=01;35:*.m4v=01;35:*.mp4v=01;35:*.vob=01;35:*.qt=01;35:*.nuv=01;35:*.wmv=01;35:*.asf=01;35:*.rm=01;35:*.rmvb=01;35:*.flc=01;35:*.avi=01;35:*.fli=01;35:*.flv=01;35:*.gl=01;35:*.dl=01;35:*.xcf=01;35:*.xwd=01;35:*.yuv=01;35:*.cgm=01;35:*.emf=01;35:*.ogv=01;35:*.ogx=01;35:*.aac=00;36:*.au=00;36:*.flac=00;36:*.m4a=00;36:*.mid=00;36:*.midi=00;36:*.mka=00;36:*.mp3=00;36:*.mpc=00;36:*.ogg=00;36:*.ra=00;36:*.wav=00;36:*.oga=00;36:*.opus=00;36:*.spx=00;36:*.xspf=00;36:*~=00;90:*#=00;90:*.bak=00;90:*.crdownload=00;90:*.dpkg-dist=00;90:*.dpkg-new=00;90:*.dpkg-old=00;90:*.dpkg-tmp=00;90:*.old=00;90:*.orig=00;90:*.part=00;90:*.rej=00;90:*.rpmnew=00;90:*.rpmorig=00;90:*.rpmsave=00;90:*.swp=00;90:*.tmp=00;90:*.ucf-dist=00;90:*.ucf-new=00;90:*.ucf-old=00;90:', 'SNAP_USER_COMMON': '/home/cyberkanjousen/snap/clion/common', 'SSH_AUTH_SOCK': '/run/user/1000/keyring/ssh', 'SNAP_ARCH': 'amd64', 'AMENT_PREFIX_PATH': '/opt/ros/jazzy', 'SNAP_COOKIE': '7cMq18PPvE0GyoauddMEMHLsazMvDF3aF-ApkkrArLYzdt8gAxjQ', 'SHELL': '/bin/bash', 'QT_ACCESSIBILITY': '1', 'SNAP_REEXEC': '', 'GDMSESSION': 'ubuntu', 'LESSCLOSE': '/usr/bin/lesspipe %s %s', 'SNAP_NAME': 'clion', 'GPG_AGENT_INFO': '/run/user/1000/gnupg/S.gpg-agent:0:1', 'GJS_DEBUG_OUTPUT': 'stderr', 'ROS_AUTOMATIC_DISCOVERY_RANGE': 'SUBNET', 'QT_IM_MODULE': 'ibus', 'PWD': '/home/cyberkanjousen/CLionProjects/ROS2_1/build/cpp_pubsub', 'XDG_CONFIG_DIRS': '/etc/xdg/xdg-ubuntu:/etc/xdg', 'SNAP_REAL_HOME': '/home/cyberkanjousen', 'XDG_DATA_DIRS': '/usr/share/ubuntu:/usr/share/gnome:/usr/local/share/:/usr/share/:/var/lib/snapd/desktop', 'SNAP_EUID': '1000', 'QTWEBENGINE_DICTIONARIES_PATH': '/usr/share/hunspell-bdic/', 'PYTHONPATH': '/opt/ros/jazzy/lib/python3.12/site-packages', 'SNAP': '/snap/clion/393', 'COLCON': '1', 'MEMORY_PRESSURE_WRITE': 'c29tZSAyMDAwMDAgMjAwMDAwMAA=', 'JM_OPTION_PATH': '/home/cyberkanjousen/下载', 'CMAKE_PREFIX_PATH': '/opt/ros/jazzy/opt/gz_math_vendor:/opt/ros/jazzy/opt/gz_utils_vendor:/opt/ros/jazzy/opt/gz_cmake_vendor:/opt/ros/jazzy'}), 'shell': False}
[5.704716] (cpp_pubsub) StdoutLine: {'line': b'-- Install configuration: ""\n'}
[5.704843] (cpp_pubsub) StdoutLine: {'line': b'-- Installing: /home/cyberkanjousen/CLionProjects/ROS2_1/install/cpp_pubsub/lib/cpp_pubsub/talker\n'}
[5.705664] (cpp_pubsub) StdoutLine: {'line': b'-- Set non-toolchain portion of runtime path of "/home/cyberkanjousen/CLionProjects/ROS2_1/install/cpp_pubsub/lib/cpp_pubsub/talker" to ""\n'}
[5.705706] (cpp_pubsub) StdoutLine: {'line': b'-- Installing: /home/cyberkanjousen/CLionProjects/ROS2_1/install/cpp_pubsub/lib/cpp_pubsub/listener\n'}
[5.708103] (cpp_pubsub) StdoutLine: {'line': b'-- Set non-toolchain portion of runtime path of "/home/cyberkanjousen/CLionProjects/ROS2_1/install/cpp_pubsub/lib/cpp_pubsub/listener" to ""\n'}
[5.708163] (cpp_pubsub) StdoutLine: {'line': b'-- Installing: /home/cyberkanjousen/CLionProjects/ROS2_1/install/cpp_pubsub/lib/cpp_pubsub/publisher_114514\n'}
[5.708920] (cpp_pubsub) StdoutLine: {'line': b'-- Set non-toolchain portion of runtime path of "/home/cyberkanjousen/CLionProjects/ROS2_1/install/cpp_pubsub/lib/cpp_pubsub/publisher_114514" to ""\n'}
[5.708988] (cpp_pubsub) StdoutLine: {'line': b'-- Installing: /home/cyberkanjousen/CLionProjects/ROS2_1/install/cpp_pubsub/lib/cpp_pubsub/subscriber_114514\n'}
[5.709877] (-) TimerEvent: {}
[5.711405] (cpp_pubsub) StdoutLine: {'line': b'-- Set non-toolchain portion of runtime path of "/home/cyberkanjousen/CLionProjects/ROS2_1/install/cpp_pubsub/lib/cpp_pubsub/subscriber_114514" to ""\n'}
[5.711490] (cpp_pubsub) StdoutLine: {'line': b'-- Installing: /home/cyberkanjousen/CLionProjects/ROS2_1/install/cpp_pubsub/share/ament_index/resource_index/package_run_dependencies/cpp_pubsub\n'}
[5.711551] (cpp_pubsub) StdoutLine: {'line': b'-- Installing: /home/cyberkanjousen/CLionProjects/ROS2_1/install/cpp_pubsub/share/ament_index/resource_index/parent_prefix_path/cpp_pubsub\n'}
[5.711731] (cpp_pubsub) StdoutLine: {'line': b'-- Up-to-date: /home/cyberkanjousen/CLionProjects/ROS2_1/install/cpp_pubsub/share/cpp_pubsub/environment/ament_prefix_path.sh\n'}
[5.711791] (cpp_pubsub) StdoutLine: {'line': b'-- Installing: /home/cyberkanjousen/CLionProjects/ROS2_1/install/cpp_pubsub/share/cpp_pubsub/environment/ament_prefix_path.dsv\n'}
[5.711836] (cpp_pubsub) StdoutLine: {'line': b'-- Up-to-date: /home/cyberkanjousen/CLionProjects/ROS2_1/install/cpp_pubsub/share/cpp_pubsub/environment/path.sh\n'}
[5.711878] (cpp_pubsub) StdoutLine: {'line': b'-- Installing: /home/cyberkanjousen/CLionProjects/ROS2_1/install/cpp_pubsub/share/cpp_pubsub/environment/path.dsv\n'}
[5.711933] (cpp_pubsub) StdoutLine: {'line': b'-- Installing: /home/cyberkanjousen/CLionProjects/ROS2_1/install/cpp_pubsub/share/cpp_pubsub/local_setup.bash\n'}
[5.712007] (cpp_pubsub) StdoutLine: {'line': b'-- Installing: /home/cyberkanjousen/CLionProjects/ROS2_1/install/cpp_pubsub/share/cpp_pubsub/local_setup.sh\n'}
[5.712076] (cpp_pubsub) StdoutLine: {'line': b'-- Installing: /home/cyberkanjousen/CLionProjects/ROS2_1/install/cpp_pubsub/share/cpp_pubsub/local_setup.zsh\n'}
[5.712128] (cpp_pubsub) StdoutLine: {'line': b'-- Installing: /home/cyberkanjousen/CLionProjects/ROS2_1/install/cpp_pubsub/share/cpp_pubsub/local_setup.dsv\n'}
[5.712179] (cpp_pubsub) StdoutLine: {'line': b'-- Installing: /home/cyberkanjousen/CLionProjects/ROS2_1/install/cpp_pubsub/share/cpp_pubsub/package.dsv\n'}
[5.712235] (cpp_pubsub) StdoutLine: {'line': b'-- Installing: /home/cyberkanjousen/CLionProjects/ROS2_1/install/cpp_pubsub/share/ament_index/resource_index/packages/cpp_pubsub\n'}
[5.712308] (cpp_pubsub) StdoutLine: {'line': b'-- Installing: /home/cyberkanjousen/CLionProjects/ROS2_1/install/cpp_pubsub/share/cpp_pubsub/cmake/cpp_pubsubConfig.cmake\n'}
[5.712371] (cpp_pubsub) StdoutLine: {'line': b'-- Installing: /home/cyberkanjousen/CLionProjects/ROS2_1/install/cpp_pubsub/share/cpp_pubsub/cmake/cpp_pubsubConfig-version.cmake\n'}
[5.712442] (cpp_pubsub) StdoutLine: {'line': b'-- Up-to-date: /home/cyberkanjousen/CLionProjects/ROS2_1/install/cpp_pubsub/share/cpp_pubsub/package.xml\n'}
[5.713546] (cpp_pubsub) CommandEnded: {'returncode': 0}
[5.721469] (cpp_pubsub) JobEnded: {'identifier': 'cpp_pubsub', 'rc': 0}
[5.810014] (-) TimerEvent: {}
[5.910326] (-) TimerEvent: {}
[6.010537] (-) TimerEvent: {}
[6.110755] (-) TimerEvent: {}
[6.210979] (-) TimerEvent: {}
[6.311262] (-) TimerEvent: {}
[6.411554] (-) TimerEvent: {}
[6.511802] (-) TimerEvent: {}
[6.612067] (-) TimerEvent: {}
[6.712309] (-) TimerEvent: {}
[6.812619] (-) TimerEvent: {}
[6.887224] (cpp_srvcli) StdoutLine: {'line': b'\n'}
[6.887666] (cpp_srvcli) StdoutLine: {'line': b'[2/4] Building CXX object CMakeFiles/server_114514.dir/src/server_114514.cpp.o\x1b[K\n'}
[6.887783] (cpp_srvcli) StdoutLine: {'line': b'ninja: build stopped: subcommand failed.\n'}
[6.889805] (cpp_srvcli) CommandEnded: {'returncode': 1}
[6.894607] (cpp_srvcli) JobEnded: {'identifier': 'cpp_srvcli', 'rc': 1}
[6.905218] (-) EventReactorShutdown: {}
