[0.015s] Invoking command in '/home/cyberkanjousen/CLionProjects/ROS2_1/build/ros_gz_interfaces': CMAKE_PREFIX_PATH=${CMAKE_PREFIX_PATH}:/opt/ros/jazzy DEBUGINFOD_URLS=https://debuginfod.ubuntu.com /usr/bin/cmake /home/cyberkanjousen/CLionProjects/ROS2_1/src/ros_gz_interfaces -DCMAKE_EXPORT_COMPILE_COMMANDS=ON -G Ninja -DCMAKE_INSTALL_PREFIX=/home/cyberkanjousen/CLionProjects/ROS2_1/install/ros_gz_interfaces
[0.060s] -- The C compiler identification is GNU 13.3.0
[0.103s] -- The CXX compiler identification is GNU 13.3.0
[0.119s] -- Detecting C compiler ABI info
[0.201s] -- Detecting C compiler ABI info - done
[0.210s] -- Check for working C compiler: /usr/bin/cc - skipped
[0.210s] -- Detecting C compile features
[0.210s] -- Detecting C compile features - done
[0.220s] -- Detecting CXX compiler ABI info
[0.278s] -- Detecting CXX compiler ABI info - done
[0.284s] -- Check for working CXX compiler: /usr/bin/c++ - skipped
[0.284s] -- Detecting CXX compile features
[0.285s] -- Detecting CXX compile features - done
[0.288s] -- Found ament_cmake: 2.5.4 (/opt/ros/jazzy/share/ament_cmake/cmake)
[0.412s] -- Found Python3: /usr/bin/python3 (found version "3.12.3") found components: Interpreter 
[0.490s] -- Found builtin_interfaces: 2.0.3 (/opt/ros/jazzy/share/builtin_interfaces/cmake)
[0.515s] -- Found rosidl_generator_c: 4.6.6 (/opt/ros/jazzy/share/rosidl_generator_c/cmake)
[0.524s] -- Found rosidl_generator_cpp: 4.6.6 (/opt/ros/jazzy/share/rosidl_generator_cpp/cmake)
[0.536s] -- Using all available rosidl_typesupport_c: rosidl_typesupport_fastrtps_c;rosidl_typesupport_introspection_c
[0.548s] -- Using all available rosidl_typesupport_cpp: rosidl_typesupport_fastrtps_cpp;rosidl_typesupport_introspection_cpp
[0.560s] -- Found rcl_interfaces: 2.0.3 (/opt/ros/jazzy/share/rcl_interfaces/cmake)
[0.589s] -- Found std_msgs: 5.3.6 (/opt/ros/jazzy/share/std_msgs/cmake)
[0.601s] -- Found geometry_msgs: 5.3.6 (/opt/ros/jazzy/share/geometry_msgs/cmake)
[0.612s] -- Found rosidl_default_generators: 1.6.0 (/opt/ros/jazzy/share/rosidl_default_generators/cmake)
[0.622s] -- Found rosidl_adapter: 4.6.6 (/opt/ros/jazzy/share/rosidl_adapter/cmake)
[1.227s] -- Found ament_cmake_cppcheck: 0.17.3 (/opt/ros/jazzy/share/ament_cmake_cppcheck/cmake)
[1.230s] -- Found ament_cmake_cpplint: 0.17.3 (/opt/ros/jazzy/share/ament_cmake_cpplint/cmake)
[1.233s] -- Found ament_cmake_uncrustify: 0.17.3 (/opt/ros/jazzy/share/ament_cmake_uncrustify/cmake)
[1.235s] -- Found ament_cmake_ros: 0.12.0 (/opt/ros/jazzy/share/ament_cmake_ros/cmake)
[2.087s] -- Using all available rosidl_typesupport_c: rosidl_typesupport_fastrtps_c;rosidl_typesupport_introspection_c
[2.392s] -- Using all available rosidl_typesupport_cpp: rosidl_typesupport_fastrtps_cpp;rosidl_typesupport_introspection_cpp
[2.395s] -- Found python_cmake_module: 0.11.1 (/opt/ros/jazzy/share/python_cmake_module/cmake)
[2.518s] -- Found PythonExtra: /usr/bin/python3  
[2.922s] -- Found Python3: /usr/bin/python3 (found version "3.12.3") found components: Interpreter Development NumPy Development.Module Development.Embed 
[2.982s] -- Found ament_cmake_flake8: 0.17.3 (/opt/ros/jazzy/share/ament_cmake_flake8/cmake)
[2.985s] -- Found ament_cmake_pep257: 0.17.3 (/opt/ros/jazzy/share/ament_cmake_pep257/cmake)
[2.994s] -- Configuring done (3.0s)
[3.062s] -- Generating done (0.0s)
[3.092s] -- Build files have been written to: /home/cyberkanjousen/CLionProjects/ROS2_1/build/ros_gz_interfaces
[3.106s] Invoked command in '/home/cyberkanjousen/CLionProjects/ROS2_1/build/ros_gz_interfaces' returned '0': CMAKE_PREFIX_PATH=${CMAKE_PREFIX_PATH}:/opt/ros/jazzy DEBUGINFOD_URLS=https://debuginfod.ubuntu.com /usr/bin/cmake /home/cyberkanjousen/CLionProjects/ROS2_1/src/ros_gz_interfaces -DCMAKE_EXPORT_COMPILE_COMMANDS=ON -G Ninja -DCMAKE_INSTALL_PREFIX=/home/cyberkanjousen/CLionProjects/ROS2_1/install/ros_gz_interfaces
[3.107s] Invoking command in '/home/cyberkanjousen/CLionProjects/ROS2_1/build/ros_gz_interfaces': CMAKE_PREFIX_PATH=${CMAKE_PREFIX_PATH}:/opt/ros/jazzy DEBUGINFOD_URLS=https://debuginfod.ubuntu.com /usr/bin/cmake --build /home/cyberkanjousen/CLionProjects/ROS2_1/build/ros_gz_interfaces -- -j32 -l32
[3.126s] 
[3.127s] [0/276] Generating type hashes for ROS interfaces[K
[3.136s] [0/276] cd /home/cyberkanjousen/CLionProjects/ROS2_1/build/ros_gz_interfaces && /usr/bin/cmake -E copy_directory /home/cyberkanjousen/CLionProjects/ROS2_1/build/ros_gz_interfaces/rosidl_generator_py/ros_gz_interfaces /home/cyberkanjousen/CLionProjects/ROS2_1/build/ros_gz_interfaces/ament_cmake_python/ros_gz_interfaces/ros_gz_interfaces[K
[3.136s] [1/276] cd /home/cyberkanjousen/CLionProjects/ROS2_1/build/ros_gz_interfaces && /usr/bin/cmake -E copy_directory /home/cyberkanjousen/CLionProjects/ROS2_1/build/ros_gz_interfaces/rosidl_generator_py/ros_gz_interfaces /home/cyberkanjousen/CLionProjects/ROS2_1/build/ros_gz_interfaces/ament_cmake_python/ros_gz_interfaces/ros_gz_interfaces[K
[3.334s] [1/276] cd /home/cyberkanjousen/CLionProjects/ROS2_1/build/ros_gz_interfaces/ament_cmake_python/ros_gz_interfaces && /usr/bin/python3 setup.py egg_info[K
[3.334s] [2/276] cd /home/cyberkanjousen/CLionProjects/ROS2_1/build/ros_gz_interfaces/ament_cmake_python/ros_gz_interfaces && /usr/bin/python3 setup.py egg_info[K
[3.334s] running egg_info
[3.334s] creating ros_gz_interfaces.egg-info
[3.334s] writing ros_gz_interfaces.egg-info/PKG-INFO
[3.334s] writing dependency_links to ros_gz_interfaces.egg-info/dependency_links.txt
[3.334s] writing top-level names to ros_gz_interfaces.egg-info/top_level.txt
[3.334s] writing manifest file 'ros_gz_interfaces.egg-info/SOURCES.txt'
[3.334s] reading manifest file 'ros_gz_interfaces.egg-info/SOURCES.txt'
[3.334s] writing manifest file 'ros_gz_interfaces.egg-info/SOURCES.txt'
[4.050s] 
[4.050s] [3/276] Generating type hashes for ROS interfaces[K
[4.051s] [3/276] Generating C code for ROS interfaces[K
[5.459s] [3/276] Generating C++ code for ROS interfaces[K
[5.659s] [4/276] Generating C++ code for ROS interfaces[K
[5.661s] [5/276] Generating C code for ROS interfaces[K
[5.662s] [5/276] Building C object CMakeFiles/ros_gz_interfaces__rosidl_generator_c.dir/rosidl_generator_c/ros_gz_interfaces/msg/detail/altimeter__description.c.o[K
[5.662s] [5/276] Building C object CMakeFiles/ros_gz_interfaces__rosidl_generator_c.dir/rosidl_generator_c/ros_gz_interfaces/msg/detail/altimeter__functions.c.o[K
[5.662s] [5/276] Building C object CMakeFiles/ros_gz_interfaces__rosidl_generator_c.dir/rosidl_generator_c/ros_gz_interfaces/msg/detail/altimeter__type_support.c.o[K
[5.662s] [5/276] Building C object CMakeFiles/ros_gz_interfaces__rosidl_generator_c.dir/rosidl_generator_c/ros_gz_interfaces/msg/detail/contact__description.c.o[K
[5.663s] [5/276] Building C object CMakeFiles/ros_gz_interfaces__rosidl_generator_c.dir/rosidl_generator_c/ros_gz_interfaces/msg/detail/contact__functions.c.o[K
[5.663s] [5/276] Building C object CMakeFiles/ros_gz_interfaces__rosidl_generator_c.dir/rosidl_generator_c/ros_gz_interfaces/msg/detail/contact__type_support.c.o[K
[5.663s] [5/276] Building C object CMakeFiles/ros_gz_interfaces__rosidl_generator_c.dir/rosidl_generator_c/ros_gz_interfaces/msg/detail/contacts__description.c.o[K
[5.663s] [5/276] Building C object CMakeFiles/ros_gz_interfaces__rosidl_generator_c.dir/rosidl_generator_c/ros_gz_interfaces/msg/detail/contacts__functions.c.o[K
[5.664s] [5/276] Building C object CMakeFiles/ros_gz_interfaces__rosidl_generator_c.dir/rosidl_generator_c/ros_gz_interfaces/msg/detail/contacts__type_support.c.o[K
[5.664s] [5/276] Building C object CMakeFiles/ros_gz_interfaces__rosidl_generator_c.dir/rosidl_generator_c/ros_gz_interfaces/msg/detail/dataframe__description.c.o[K
[5.664s] [5/276] Building C object CMakeFiles/ros_gz_interfaces__rosidl_generator_c.dir/rosidl_generator_c/ros_gz_interfaces/msg/detail/dataframe__functions.c.o[K
[5.664s] [5/276] Building C object CMakeFiles/ros_gz_interfaces__rosidl_generator_c.dir/rosidl_generator_c/ros_gz_interfaces/msg/detail/dataframe__type_support.c.o[K
[5.664s] [5/276] Building C object CMakeFiles/ros_gz_interfaces__rosidl_generator_c.dir/rosidl_generator_c/ros_gz_interfaces/msg/detail/entity__description.c.o[K
[5.664s] [5/276] Building C object CMakeFiles/ros_gz_interfaces__rosidl_generator_c.dir/rosidl_generator_c/ros_gz_interfaces/msg/detail/entity__functions.c.o[K
[5.665s] [5/276] Building C object CMakeFiles/ros_gz_interfaces__rosidl_generator_c.dir/rosidl_generator_c/ros_gz_interfaces/msg/detail/entity__type_support.c.o[K
[5.665s] [5/276] Building C object CMakeFiles/ros_gz_interfaces__rosidl_generator_c.dir/rosidl_generator_c/ros_gz_interfaces/msg/detail/entity_factory__description.c.o[K
[5.665s] [5/276] Building C object CMakeFiles/ros_gz_interfaces__rosidl_generator_c.dir/rosidl_generator_c/ros_gz_interfaces/msg/detail/entity_factory__functions.c.o[K
[5.665s] [5/276] Building C object CMakeFiles/ros_gz_interfaces__rosidl_generator_c.dir/rosidl_generator_c/ros_gz_interfaces/msg/detail/entity_factory__type_support.c.o[K
[5.665s] [5/276] Building C object CMakeFiles/ros_gz_interfaces__rosidl_generator_c.dir/rosidl_generator_c/ros_gz_interfaces/msg/detail/entity_wrench__description.c.o[K
[5.666s] [5/276] Building C object CMakeFiles/ros_gz_interfaces__rosidl_generator_c.dir/rosidl_generator_c/ros_gz_interfaces/msg/detail/entity_wrench__functions.c.o[K
[5.666s] [5/276] Building C object CMakeFiles/ros_gz_interfaces__rosidl_generator_c.dir/rosidl_generator_c/ros_gz_interfaces/msg/detail/entity_wrench__type_support.c.o[K
[5.666s] [5/276] Building C object CMakeFiles/ros_gz_interfaces__rosidl_generator_c.dir/rosidl_generator_c/ros_gz_interfaces/msg/detail/float32_array__description.c.o[K
[5.666s] [5/276] Building C object CMakeFiles/ros_gz_interfaces__rosidl_generator_c.dir/rosidl_generator_c/ros_gz_interfaces/msg/detail/float32_array__functions.c.o[K
[5.666s] [5/276] Building C object CMakeFiles/ros_gz_interfaces__rosidl_generator_c.dir/rosidl_generator_c/ros_gz_interfaces/msg/detail/float32_array__type_support.c.o[K
[5.666s] [5/276] Building C object CMakeFiles/ros_gz_interfaces__rosidl_generator_c.dir/rosidl_generator_c/ros_gz_interfaces/msg/detail/gui_camera__description.c.o[K
[5.668s] [5/276] Building C object CMakeFiles/ros_gz_interfaces__rosidl_generator_c.dir/rosidl_generator_c/ros_gz_interfaces/msg/detail/gui_camera__functions.c.o[K
[5.668s] [5/276] Building C object CMakeFiles/ros_gz_interfaces__rosidl_generator_c.dir/rosidl_generator_c/ros_gz_interfaces/msg/detail/gui_camera__type_support.c.o[K
[5.668s] [5/276] Building C object CMakeFiles/ros_gz_interfaces__rosidl_generator_c.dir/rosidl_generator_c/ros_gz_interfaces/msg/detail/joint_wrench__description.c.o[K
[5.668s] [5/276] Building C object CMakeFiles/ros_gz_interfaces__rosidl_generator_c.dir/rosidl_generator_c/ros_gz_interfaces/msg/detail/joint_wrench__functions.c.o[K
[5.668s] [5/276] Building C object CMakeFiles/ros_gz_interfaces__rosidl_generator_c.dir/rosidl_generator_c/ros_gz_interfaces/msg/detail/joint_wrench__type_support.c.o[K
[5.669s] [5/276] Building C object CMakeFiles/ros_gz_interfaces__rosidl_generator_c.dir/rosidl_generator_c/ros_gz_interfaces/msg/detail/light__description.c.o[K
[5.687s] [5/276] Building C object CMakeFiles/ros_gz_interfaces__rosidl_generator_c.dir/rosidl_generator_c/ros_gz_interfaces/msg/detail/light__functions.c.o[K
[5.687s] [6/276] Building C object CMakeFiles/ros_gz_interfaces__rosidl_generator_c.dir/rosidl_generator_c/ros_gz_interfaces/msg/detail/contacts__type_support.c.o[K
[5.691s] [6/276] Building C object CMakeFiles/ros_gz_interfaces__rosidl_generator_c.dir/rosidl_generator_c/ros_gz_interfaces/msg/detail/light__type_support.c.o[K
[5.691s] [7/276] Building C object CMakeFiles/ros_gz_interfaces__rosidl_generator_c.dir/rosidl_generator_c/ros_gz_interfaces/msg/detail/entity__type_support.c.o[K
[5.692s] [7/276] Building C object CMakeFiles/ros_gz_interfaces__rosidl_generator_c.dir/rosidl_generator_c/ros_gz_interfaces/msg/detail/logical_camera_image__description.c.o[K
[5.692s] [8/276] Building C object CMakeFiles/ros_gz_interfaces__rosidl_generator_c.dir/rosidl_generator_c/ros_gz_interfaces/msg/detail/altimeter__type_support.c.o[K
[5.694s] [8/276] Building C object CMakeFiles/ros_gz_interfaces__rosidl_generator_c.dir/rosidl_generator_c/ros_gz_interfaces/msg/detail/logical_camera_image__functions.c.o[K
[5.694s] [9/276] Building C object CMakeFiles/ros_gz_interfaces__rosidl_generator_c.dir/rosidl_generator_c/ros_gz_interfaces/msg/detail/contact__type_support.c.o[K
[5.701s] [9/276] Building C object CMakeFiles/ros_gz_interfaces__rosidl_generator_c.dir/rosidl_generator_c/ros_gz_interfaces/msg/detail/logical_camera_image__type_support.c.o[K
[5.701s] [10/276] Building C object CMakeFiles/ros_gz_interfaces__rosidl_generator_c.dir/rosidl_generator_c/ros_gz_interfaces/msg/detail/entity_factory__type_support.c.o[K
[5.701s] [10/276] Building C object CMakeFiles/ros_gz_interfaces__rosidl_generator_c.dir/rosidl_generator_c/ros_gz_interfaces/msg/detail/logical_camera_image_model__description.c.o[K
[5.701s] [11/276] Building C object CMakeFiles/ros_gz_interfaces__rosidl_generator_c.dir/rosidl_generator_c/ros_gz_interfaces/msg/detail/entity_wrench__type_support.c.o[K
[5.701s] [11/276] Building C object CMakeFiles/ros_gz_interfaces__rosidl_generator_c.dir/rosidl_generator_c/ros_gz_interfaces/msg/detail/logical_camera_image_model__functions.c.o[K
[5.701s] [12/276] Building C object CMakeFiles/ros_gz_interfaces__rosidl_generator_c.dir/rosidl_generator_c/ros_gz_interfaces/msg/detail/float32_array__type_support.c.o[K
[5.701s] [12/276] Building C object CMakeFiles/ros_gz_interfaces__rosidl_generator_c.dir/rosidl_generator_c/ros_gz_interfaces/msg/detail/logical_camera_image_model__type_support.c.o[K
[5.701s] [13/276] Building C object CMakeFiles/ros_gz_interfaces__rosidl_generator_c.dir/rosidl_generator_c/ros_gz_interfaces/msg/detail/gui_camera__type_support.c.o[K
[5.701s] [13/276] Building C object CMakeFiles/ros_gz_interfaces__rosidl_generator_c.dir/rosidl_generator_c/ros_gz_interfaces/msg/detail/material_color__description.c.o[K
[5.701s] [14/276] Building C object CMakeFiles/ros_gz_interfaces__rosidl_generator_c.dir/rosidl_generator_c/ros_gz_interfaces/msg/detail/altimeter__description.c.o[K
[5.701s] [14/276] Building C object CMakeFiles/ros_gz_interfaces__rosidl_generator_c.dir/rosidl_generator_c/ros_gz_interfaces/msg/detail/material_color__functions.c.o[K
[5.701s] [15/276] Building C object CMakeFiles/ros_gz_interfaces__rosidl_generator_c.dir/rosidl_generator_c/ros_gz_interfaces/msg/detail/dataframe__description.c.o[K
[5.702s] [15/276] Building C object CMakeFiles/ros_gz_interfaces__rosidl_generator_c.dir/rosidl_generator_c/ros_gz_interfaces/msg/detail/material_color__type_support.c.o[K
[5.702s] [16/276] Building C object CMakeFiles/ros_gz_interfaces__rosidl_generator_c.dir/rosidl_generator_c/ros_gz_interfaces/msg/detail/dataframe__type_support.c.o[K
[5.702s] [16/276] Building C object CMakeFiles/ros_gz_interfaces__rosidl_generator_c.dir/rosidl_generator_c/ros_gz_interfaces/msg/detail/param_vec__description.c.o[K
[5.702s] [17/276] Building C object CMakeFiles/ros_gz_interfaces__rosidl_generator_c.dir/rosidl_generator_c/ros_gz_interfaces/msg/detail/entity__description.c.o[K
[5.702s] [17/276] Building C object CMakeFiles/ros_gz_interfaces__rosidl_generator_c.dir/rosidl_generator_c/ros_gz_interfaces/msg/detail/param_vec__functions.c.o[K
[5.702s] [18/276] Building C object CMakeFiles/ros_gz_interfaces__rosidl_generator_c.dir/rosidl_generator_c/ros_gz_interfaces/msg/detail/contact__description.c.o[K
[5.703s] [18/276] Building C object CMakeFiles/ros_gz_interfaces__rosidl_generator_c.dir/rosidl_generator_c/ros_gz_interfaces/msg/detail/param_vec__type_support.c.o[K
[5.703s] [19/276] Building C object CMakeFiles/ros_gz_interfaces__rosidl_generator_c.dir/rosidl_generator_c/ros_gz_interfaces/msg/detail/joint_wrench__description.c.o[K
[5.705s] [19/276] Building C object CMakeFiles/ros_gz_interfaces__rosidl_generator_c.dir/rosidl_generator_c/ros_gz_interfaces/msg/detail/sensor_noise__description.c.o[K
[5.705s] [20/276] Building C object CMakeFiles/ros_gz_interfaces__rosidl_generator_c.dir/rosidl_generator_c/ros_gz_interfaces/msg/detail/contacts__description.c.o[K
[5.707s] [20/276] Building C object CMakeFiles/ros_gz_interfaces__rosidl_generator_c.dir/rosidl_generator_c/ros_gz_interfaces/msg/detail/sensor_noise__functions.c.o[K
[5.707s] [21/276] Building C object CMakeFiles/ros_gz_interfaces__rosidl_generator_c.dir/rosidl_generator_c/ros_gz_interfaces/msg/detail/contacts__functions.c.o[K
[5.708s] [21/276] Building C object CMakeFiles/ros_gz_interfaces__rosidl_generator_c.dir/rosidl_generator_c/ros_gz_interfaces/msg/detail/sensor_noise__type_support.c.o[K
[5.708s] [22/276] Building C object CMakeFiles/ros_gz_interfaces__rosidl_generator_c.dir/rosidl_generator_c/ros_gz_interfaces/msg/detail/float32_array__description.c.o[K
[5.708s] [22/276] Building C object CMakeFiles/ros_gz_interfaces__rosidl_generator_c.dir/rosidl_generator_c/ros_gz_interfaces/msg/detail/string_vec__description.c.o[K
[5.708s] [23/276] Building C object CMakeFiles/ros_gz_interfaces__rosidl_generator_c.dir/rosidl_generator_c/ros_gz_interfaces/msg/detail/gui_camera__description.c.o[K
[5.708s] [23/276] Building C object CMakeFiles/ros_gz_interfaces__rosidl_generator_c.dir/rosidl_generator_c/ros_gz_interfaces/msg/detail/string_vec__functions.c.o[K
[5.708s] [24/276] Building C object CMakeFiles/ros_gz_interfaces__rosidl_generator_c.dir/rosidl_generator_c/ros_gz_interfaces/msg/detail/joint_wrench__type_support.c.o[K
[5.708s] [24/276] Building C object CMakeFiles/ros_gz_interfaces__rosidl_generator_c.dir/rosidl_generator_c/ros_gz_interfaces/msg/detail/string_vec__type_support.c.o[K
[5.709s] [25/276] Building C object CMakeFiles/ros_gz_interfaces__rosidl_generator_c.dir/rosidl_generator_c/ros_gz_interfaces/msg/detail/entity__functions.c.o[K
[5.709s] [25/276] Building C object CMakeFiles/ros_gz_interfaces__rosidl_generator_c.dir/rosidl_generator_c/ros_gz_interfaces/msg/detail/track_visual__description.c.o[K
[5.709s] [26/276] Building C object CMakeFiles/ros_gz_interfaces__rosidl_generator_c.dir/rosidl_generator_c/ros_gz_interfaces/msg/detail/entity_factory__description.c.o[K
[5.710s] [26/276] Building C object CMakeFiles/ros_gz_interfaces__rosidl_generator_c.dir/rosidl_generator_c/ros_gz_interfaces/msg/detail/track_visual__functions.c.o[K
[5.710s] [27/276] Building C object CMakeFiles/ros_gz_interfaces__rosidl_generator_c.dir/rosidl_generator_c/ros_gz_interfaces/msg/detail/contact__functions.c.o[K
[5.710s] [27/276] Building C object CMakeFiles/ros_gz_interfaces__rosidl_generator_c.dir/rosidl_generator_c/ros_gz_interfaces/msg/detail/track_visual__type_support.c.o[K
[5.710s] [28/276] Building C object CMakeFiles/ros_gz_interfaces__rosidl_generator_c.dir/rosidl_generator_c/ros_gz_interfaces/msg/detail/dataframe__functions.c.o[K
[5.711s] [28/276] Building C object CMakeFiles/ros_gz_interfaces__rosidl_generator_c.dir/rosidl_generator_c/ros_gz_interfaces/msg/detail/video_record__description.c.o[K
[5.712s] [29/276] Building C object CMakeFiles/ros_gz_interfaces__rosidl_generator_c.dir/rosidl_generator_c/ros_gz_interfaces/msg/detail/entity_wrench__functions.c.o[K
[5.712s] [29/276] Building C object CMakeFiles/ros_gz_interfaces__rosidl_generator_c.dir/rosidl_generator_c/ros_gz_interfaces/msg/detail/video_record__functions.c.o[K
[5.712s] [30/276] Building C object CMakeFiles/ros_gz_interfaces__rosidl_generator_c.dir/rosidl_generator_c/ros_gz_interfaces/msg/detail/entity_factory__functions.c.o[K
[5.713s] [30/276] Building C object CMakeFiles/ros_gz_interfaces__rosidl_generator_c.dir/rosidl_generator_c/ros_gz_interfaces/msg/detail/video_record__type_support.c.o[K
[5.713s] [31/276] Building C object CMakeFiles/ros_gz_interfaces__rosidl_generator_c.dir/rosidl_generator_c/ros_gz_interfaces/msg/detail/altimeter__functions.c.o[K
[5.714s] [31/276] Building C object CMakeFiles/ros_gz_interfaces__rosidl_generator_c.dir/rosidl_generator_c/ros_gz_interfaces/msg/detail/world_control__description.c.o[K
[5.714s] [32/276] Building C object CMakeFiles/ros_gz_interfaces__rosidl_generator_c.dir/rosidl_generator_c/ros_gz_interfaces/msg/detail/light__type_support.c.o[K
[5.714s] [32/276] Building C object CMakeFiles/ros_gz_interfaces__rosidl_generator_c.dir/rosidl_generator_c/ros_gz_interfaces/msg/detail/world_control__functions.c.o[K
[5.715s] [33/276] Building C object CMakeFiles/ros_gz_interfaces__rosidl_generator_c.dir/rosidl_generator_c/ros_gz_interfaces/msg/detail/entity_wrench__description.c.o[K
[5.719s] [33/276] Building C object CMakeFiles/ros_gz_interfaces__rosidl_generator_c.dir/rosidl_generator_c/ros_gz_interfaces/msg/detail/world_control__type_support.c.o[K
[5.719s] [34/276] Building C object CMakeFiles/ros_gz_interfaces__rosidl_generator_c.dir/rosidl_generator_c/ros_gz_interfaces/msg/detail/float32_array__functions.c.o[K
[5.720s] [34/276] Building C object CMakeFiles/ros_gz_interfaces__rosidl_generator_c.dir/rosidl_generator_c/ros_gz_interfaces/msg/detail/world_reset__description.c.o[K
[5.720s] [35/276] Building C object CMakeFiles/ros_gz_interfaces__rosidl_generator_c.dir/rosidl_generator_c/ros_gz_interfaces/msg/detail/gui_camera__functions.c.o[K
[5.720s] [35/276] Building C object CMakeFiles/ros_gz_interfaces__rosidl_generator_c.dir/rosidl_generator_c/ros_gz_interfaces/msg/detail/world_reset__functions.c.o[K
[5.720s] [36/276] Building C object CMakeFiles/ros_gz_interfaces__rosidl_generator_c.dir/rosidl_generator_c/ros_gz_interfaces/msg/detail/light__description.c.o[K
[5.722s] [36/276] Building C object CMakeFiles/ros_gz_interfaces__rosidl_generator_c.dir/rosidl_generator_c/ros_gz_interfaces/msg/detail/world_reset__type_support.c.o[K
[5.723s] [37/276] Building C object CMakeFiles/ros_gz_interfaces__rosidl_generator_c.dir/rosidl_generator_c/ros_gz_interfaces/msg/detail/logical_camera_image__type_support.c.o[K
[5.723s] [37/276] Building C object CMakeFiles/ros_gz_interfaces__rosidl_generator_c.dir/rosidl_generator_c/ros_gz_interfaces/srv/detail/control_world__description.c.o[K
[5.724s] [38/276] Building C object CMakeFiles/ros_gz_interfaces__rosidl_generator_c.dir/rosidl_generator_c/ros_gz_interfaces/msg/detail/material_color__type_support.c.o[K
[5.726s] [38/276] Building C object CMakeFiles/ros_gz_interfaces__rosidl_generator_c.dir/rosidl_generator_c/ros_gz_interfaces/srv/detail/control_world__functions.c.o[K
[5.726s] [39/276] Building C object CMakeFiles/ros_gz_interfaces__rosidl_generator_c.dir/rosidl_generator_c/ros_gz_interfaces/msg/detail/joint_wrench__functions.c.o[K
[5.726s] [39/276] Building C object CMakeFiles/ros_gz_interfaces__rosidl_generator_c.dir/rosidl_generator_c/ros_gz_interfaces/srv/detail/control_world__type_support.c.o[K
[5.726s] [40/276] Building C object CMakeFiles/ros_gz_interfaces__rosidl_generator_c.dir/rosidl_generator_c/ros_gz_interfaces/msg/detail/logical_camera_image_model__type_support.c.o[K
[5.728s] [40/276] Building C object CMakeFiles/ros_gz_interfaces__rosidl_generator_c.dir/rosidl_generator_c/ros_gz_interfaces/srv/detail/delete_entity__description.c.o[K
[5.728s] [41/276] Building C object CMakeFiles/ros_gz_interfaces__rosidl_generator_c.dir/rosidl_generator_c/ros_gz_interfaces/msg/detail/param_vec__type_support.c.o[K
[5.729s] [41/276] Building C object CMakeFiles/ros_gz_interfaces__rosidl_generator_c.dir/rosidl_generator_c/ros_gz_interfaces/srv/detail/delete_entity__functions.c.o[K
[5.729s] [42/276] Building C object CMakeFiles/ros_gz_interfaces__rosidl_generator_c.dir/rosidl_generator_c/ros_gz_interfaces/msg/detail/light__functions.c.o[K
[5.730s] [42/276] Building C object CMakeFiles/ros_gz_interfaces__rosidl_generator_c.dir/rosidl_generator_c/ros_gz_interfaces/srv/detail/delete_entity__type_support.c.o[K
[5.730s] [43/276] Building C object CMakeFiles/ros_gz_interfaces__rosidl_generator_c.dir/rosidl_generator_c/ros_gz_interfaces/msg/detail/logical_camera_image__description.c.o[K
[5.730s] [43/276] Building C object CMakeFiles/ros_gz_interfaces__rosidl_generator_c.dir/rosidl_generator_c/ros_gz_interfaces/srv/detail/set_entity_pose__description.c.o[K
[5.732s] [44/276] Building C object CMakeFiles/ros_gz_interfaces__rosidl_generator_c.dir/rosidl_generator_c/ros_gz_interfaces/msg/detail/sensor_noise__type_support.c.o[K
[5.733s] [44/276] Building C object CMakeFiles/ros_gz_interfaces__rosidl_generator_c.dir/rosidl_generator_c/ros_gz_interfaces/srv/detail/set_entity_pose__functions.c.o[K
[5.733s] [45/276] Building C object CMakeFiles/ros_gz_interfaces__rosidl_generator_c.dir/rosidl_generator_c/ros_gz_interfaces/msg/detail/material_color__description.c.o[K
[5.734s] [45/276] Building C object CMakeFiles/ros_gz_interfaces__rosidl_generator_c.dir/rosidl_generator_c/ros_gz_interfaces/srv/detail/set_entity_pose__type_support.c.o[K
[5.736s] [46/276] Building C object CMakeFiles/ros_gz_interfaces__rosidl_generator_c.dir/rosidl_generator_c/ros_gz_interfaces/msg/detail/track_visual__type_support.c.o[K
[5.736s] [46/276] Building C object CMakeFiles/ros_gz_interfaces__rosidl_generator_c.dir/rosidl_generator_c/ros_gz_interfaces/srv/detail/spawn_entity__description.c.o[K
[5.736s] [47/276] Building C object CMakeFiles/ros_gz_interfaces__rosidl_generator_c.dir/rosidl_generator_c/ros_gz_interfaces/msg/detail/sensor_noise__description.c.o[K
[5.736s] [47/276] Building C object CMakeFiles/ros_gz_interfaces__rosidl_generator_c.dir/rosidl_generator_c/ros_gz_interfaces/srv/detail/spawn_entity__functions.c.o[K
[5.736s] [48/276] Building C object CMakeFiles/ros_gz_interfaces__rosidl_generator_c.dir/rosidl_generator_c/ros_gz_interfaces/msg/detail/video_record__type_support.c.o[K
[5.738s] [48/276] Building C object CMakeFiles/ros_gz_interfaces__rosidl_generator_c.dir/rosidl_generator_c/ros_gz_interfaces/srv/detail/spawn_entity__type_support.c.o[K
[5.738s] [49/276] Building C object CMakeFiles/ros_gz_interfaces__rosidl_generator_c.dir/rosidl_generator_c/ros_gz_interfaces/msg/detail/string_vec__type_support.c.o[K
[5.740s] [50/276] Building C object CMakeFiles/ros_gz_interfaces__rosidl_generator_c.dir/rosidl_generator_c/ros_gz_interfaces/msg/detail/string_vec__description.c.o[K
[5.740s] [51/276] Building C object CMakeFiles/ros_gz_interfaces__rosidl_generator_c.dir/rosidl_generator_c/ros_gz_interfaces/msg/detail/logical_camera_image__functions.c.o[K
[5.742s] [52/276] Building C object CMakeFiles/ros_gz_interfaces__rosidl_generator_c.dir/rosidl_generator_c/ros_gz_interfaces/msg/detail/world_control__type_support.c.o[K
[5.742s] [53/276] Building C object CMakeFiles/ros_gz_interfaces__rosidl_generator_c.dir/rosidl_generator_c/ros_gz_interfaces/msg/detail/track_visual__description.c.o[K
[5.742s] [54/276] Building C object CMakeFiles/ros_gz_interfaces__rosidl_generator_c.dir/rosidl_generator_c/ros_gz_interfaces/msg/detail/logical_camera_image_model__description.c.o[K
[5.742s] [55/276] Building C object CMakeFiles/ros_gz_interfaces__rosidl_generator_c.dir/rosidl_generator_c/ros_gz_interfaces/msg/detail/material_color__functions.c.o[K
[5.743s] [56/276] Building C object CMakeFiles/ros_gz_interfaces__rosidl_generator_c.dir/rosidl_generator_c/ros_gz_interfaces/msg/detail/param_vec__functions.c.o[K
[5.743s] [57/276] Building C object CMakeFiles/ros_gz_interfaces__rosidl_generator_c.dir/rosidl_generator_c/ros_gz_interfaces/msg/detail/logical_camera_image_model__functions.c.o[K
[5.744s] [58/276] Building C object CMakeFiles/ros_gz_interfaces__rosidl_generator_c.dir/rosidl_generator_c/ros_gz_interfaces/msg/detail/video_record__description.c.o[K
[5.746s] [59/276] Building C object CMakeFiles/ros_gz_interfaces__rosidl_generator_c.dir/rosidl_generator_c/ros_gz_interfaces/msg/detail/world_reset__type_support.c.o[K
[5.751s] [60/276] Building C object CMakeFiles/ros_gz_interfaces__rosidl_generator_c.dir/rosidl_generator_c/ros_gz_interfaces/msg/detail/param_vec__description.c.o[K
[5.751s] [61/276] Building C object CMakeFiles/ros_gz_interfaces__rosidl_generator_c.dir/rosidl_generator_c/ros_gz_interfaces/srv/detail/control_world__type_support.c.o[K
[5.752s] [62/276] Building C object CMakeFiles/ros_gz_interfaces__rosidl_generator_c.dir/rosidl_generator_c/ros_gz_interfaces/msg/detail/world_control__description.c.o[K
[5.752s] [63/276] Building C object CMakeFiles/ros_gz_interfaces__rosidl_generator_c.dir/rosidl_generator_c/ros_gz_interfaces/msg/detail/string_vec__functions.c.o[K
[5.752s] [64/276] Building C object CMakeFiles/ros_gz_interfaces__rosidl_generator_c.dir/rosidl_generator_c/ros_gz_interfaces/msg/detail/sensor_noise__functions.c.o[K
[5.753s] [65/276] Building C object CMakeFiles/ros_gz_interfaces__rosidl_generator_c.dir/rosidl_generator_c/ros_gz_interfaces/msg/detail/video_record__functions.c.o[K
[5.756s] [66/276] Building C object CMakeFiles/ros_gz_interfaces__rosidl_generator_c.dir/rosidl_generator_c/ros_gz_interfaces/msg/detail/world_reset__description.c.o[K
[5.757s] [67/276] Building C object CMakeFiles/ros_gz_interfaces__rosidl_generator_c.dir/rosidl_generator_c/ros_gz_interfaces/msg/detail/world_control__functions.c.o[K
[5.757s] [68/276] Building C object CMakeFiles/ros_gz_interfaces__rosidl_generator_c.dir/rosidl_generator_c/ros_gz_interfaces/msg/detail/world_reset__functions.c.o[K
[5.758s] [69/276] Building C object CMakeFiles/ros_gz_interfaces__rosidl_generator_c.dir/rosidl_generator_c/ros_gz_interfaces/msg/detail/track_visual__functions.c.o[K
[5.759s] [70/276] Building C object CMakeFiles/ros_gz_interfaces__rosidl_generator_c.dir/rosidl_generator_c/ros_gz_interfaces/srv/detail/spawn_entity__type_support.c.o[K
[5.767s] [71/276] Building C object CMakeFiles/ros_gz_interfaces__rosidl_generator_c.dir/rosidl_generator_c/ros_gz_interfaces/srv/detail/delete_entity__type_support.c.o[K
[5.768s] [72/276] Building C object CMakeFiles/ros_gz_interfaces__rosidl_generator_c.dir/rosidl_generator_c/ros_gz_interfaces/srv/detail/set_entity_pose__type_support.c.o[K
[5.768s] [73/276] Building C object CMakeFiles/ros_gz_interfaces__rosidl_generator_c.dir/rosidl_generator_c/ros_gz_interfaces/srv/detail/control_world__description.c.o[K
[5.774s] [74/276] Building C object CMakeFiles/ros_gz_interfaces__rosidl_generator_c.dir/rosidl_generator_c/ros_gz_interfaces/srv/detail/delete_entity__description.c.o[K
[5.777s] [75/276] Building C object CMakeFiles/ros_gz_interfaces__rosidl_generator_c.dir/rosidl_generator_c/ros_gz_interfaces/srv/detail/spawn_entity__description.c.o[K
[5.781s] [76/276] Building C object CMakeFiles/ros_gz_interfaces__rosidl_generator_c.dir/rosidl_generator_c/ros_gz_interfaces/srv/detail/control_world__functions.c.o[K
[5.782s] [77/276] Building C object CMakeFiles/ros_gz_interfaces__rosidl_generator_c.dir/rosidl_generator_c/ros_gz_interfaces/srv/detail/delete_entity__functions.c.o[K
[5.787s] [78/276] Building C object CMakeFiles/ros_gz_interfaces__rosidl_generator_c.dir/rosidl_generator_c/ros_gz_interfaces/srv/detail/set_entity_pose__description.c.o[K
[5.800s] [79/276] Building C object CMakeFiles/ros_gz_interfaces__rosidl_generator_c.dir/rosidl_generator_c/ros_gz_interfaces/srv/detail/set_entity_pose__functions.c.o[K
[5.800s] [80/276] Building C object CMakeFiles/ros_gz_interfaces__rosidl_generator_c.dir/rosidl_generator_c/ros_gz_interfaces/srv/detail/spawn_entity__functions.c.o[K
[5.825s] [80/276] Linking C shared library libros_gz_interfaces__rosidl_generator_c.so[K
[5.826s] [81/276] Linking C shared library libros_gz_interfaces__rosidl_generator_c.so[K
[5.826s] [81/276] Generating C type support for eProsima Fast-RTPS[K
[5.827s] [81/276] Generating C++ type support for eProsima Fast-RTPS[K
[5.828s] [81/276] Generating C introspection for ROS interfaces[K
[5.828s] [81/276] Generating C type support dispatch for ROS interfaces[K
[5.828s] [81/276] Generating C++ introspection for ROS interfaces[K
[6.868s] [81/276] Generating C++ type support dispatch for ROS interfaces[K
[6.868s] [82/276] Generating C++ type support dispatch for ROS interfaces[K
[6.869s] [82/276] Building CXX object CMakeFiles/ros_gz_interfaces__rosidl_typesupport_cpp.dir/rosidl_typesupport_cpp/ros_gz_interfaces/msg/altimeter__type_support.cpp.o[K
[6.869s] [82/276] Building CXX object CMakeFiles/ros_gz_interfaces__rosidl_typesupport_cpp.dir/rosidl_typesupport_cpp/ros_gz_interfaces/msg/contact__type_support.cpp.o[K
[6.869s] [82/276] Building CXX object CMakeFiles/ros_gz_interfaces__rosidl_typesupport_cpp.dir/rosidl_typesupport_cpp/ros_gz_interfaces/msg/contacts__type_support.cpp.o[K
[6.869s] [82/276] Building CXX object CMakeFiles/ros_gz_interfaces__rosidl_typesupport_cpp.dir/rosidl_typesupport_cpp/ros_gz_interfaces/msg/dataframe__type_support.cpp.o[K
[6.870s] [82/276] Building CXX object CMakeFiles/ros_gz_interfaces__rosidl_typesupport_cpp.dir/rosidl_typesupport_cpp/ros_gz_interfaces/msg/entity__type_support.cpp.o[K
[6.870s] [82/276] Building CXX object CMakeFiles/ros_gz_interfaces__rosidl_typesupport_cpp.dir/rosidl_typesupport_cpp/ros_gz_interfaces/msg/entity_factory__type_support.cpp.o[K
[6.870s] [82/276] Building CXX object CMakeFiles/ros_gz_interfaces__rosidl_typesupport_cpp.dir/rosidl_typesupport_cpp/ros_gz_interfaces/msg/entity_wrench__type_support.cpp.o[K
[6.870s] [82/276] Building CXX object CMakeFiles/ros_gz_interfaces__rosidl_typesupport_cpp.dir/rosidl_typesupport_cpp/ros_gz_interfaces/msg/float32_array__type_support.cpp.o[K
[6.870s] [82/276] Building CXX object CMakeFiles/ros_gz_interfaces__rosidl_typesupport_cpp.dir/rosidl_typesupport_cpp/ros_gz_interfaces/msg/gui_camera__type_support.cpp.o[K
[6.871s] [82/276] Building CXX object CMakeFiles/ros_gz_interfaces__rosidl_typesupport_cpp.dir/rosidl_typesupport_cpp/ros_gz_interfaces/msg/joint_wrench__type_support.cpp.o[K
[6.871s] [82/276] Building CXX object CMakeFiles/ros_gz_interfaces__rosidl_typesupport_cpp.dir/rosidl_typesupport_cpp/ros_gz_interfaces/msg/light__type_support.cpp.o[K
[6.871s] [82/276] Building CXX object CMakeFiles/ros_gz_interfaces__rosidl_typesupport_cpp.dir/rosidl_typesupport_cpp/ros_gz_interfaces/msg/logical_camera_image__type_support.cpp.o[K
[6.871s] [82/276] Building CXX object CMakeFiles/ros_gz_interfaces__rosidl_typesupport_cpp.dir/rosidl_typesupport_cpp/ros_gz_interfaces/msg/logical_camera_image_model__type_support.cpp.o[K
[6.872s] [82/276] Building CXX object CMakeFiles/ros_gz_interfaces__rosidl_typesupport_cpp.dir/rosidl_typesupport_cpp/ros_gz_interfaces/msg/material_color__type_support.cpp.o[K
[6.872s] [82/276] Building CXX object CMakeFiles/ros_gz_interfaces__rosidl_typesupport_cpp.dir/rosidl_typesupport_cpp/ros_gz_interfaces/msg/param_vec__type_support.cpp.o[K
[6.872s] [82/276] Building CXX object CMakeFiles/ros_gz_interfaces__rosidl_typesupport_cpp.dir/rosidl_typesupport_cpp/ros_gz_interfaces/msg/sensor_noise__type_support.cpp.o[K
[6.872s] [82/276] Building CXX object CMakeFiles/ros_gz_interfaces__rosidl_typesupport_cpp.dir/rosidl_typesupport_cpp/ros_gz_interfaces/msg/string_vec__type_support.cpp.o[K
[6.872s] [82/276] Building CXX object CMakeFiles/ros_gz_interfaces__rosidl_typesupport_cpp.dir/rosidl_typesupport_cpp/ros_gz_interfaces/msg/track_visual__type_support.cpp.o[K
[6.872s] [82/276] Building CXX object CMakeFiles/ros_gz_interfaces__rosidl_typesupport_cpp.dir/rosidl_typesupport_cpp/ros_gz_interfaces/msg/video_record__type_support.cpp.o[K
[6.872s] [82/276] Building CXX object CMakeFiles/ros_gz_interfaces__rosidl_typesupport_cpp.dir/rosidl_typesupport_cpp/ros_gz_interfaces/msg/world_control__type_support.cpp.o[K
[6.872s] [82/276] Building CXX object CMakeFiles/ros_gz_interfaces__rosidl_typesupport_cpp.dir/rosidl_typesupport_cpp/ros_gz_interfaces/msg/world_reset__type_support.cpp.o[K
[6.873s] [82/276] Building CXX object CMakeFiles/ros_gz_interfaces__rosidl_typesupport_cpp.dir/rosidl_typesupport_cpp/ros_gz_interfaces/srv/control_world__type_support.cpp.o[K
[6.873s] [82/276] Building CXX object CMakeFiles/ros_gz_interfaces__rosidl_typesupport_cpp.dir/rosidl_typesupport_cpp/ros_gz_interfaces/srv/delete_entity__type_support.cpp.o[K
[6.874s] [82/276] Building CXX object CMakeFiles/ros_gz_interfaces__rosidl_typesupport_cpp.dir/rosidl_typesupport_cpp/ros_gz_interfaces/srv/set_entity_pose__type_support.cpp.o[K
[6.879s] [82/276] Building CXX object CMakeFiles/ros_gz_interfaces__rosidl_typesupport_cpp.dir/rosidl_typesupport_cpp/ros_gz_interfaces/srv/spawn_entity__type_support.cpp.o[K
[6.880s] [83/276] Generating C type support dispatch for ROS interfaces[K
[6.883s] [83/276] Building CXX object CMakeFiles/ros_gz_interfaces__rosidl_typesupport_c.dir/rosidl_typesupport_c/ros_gz_interfaces/msg/altimeter__type_support.cpp.o[K
[6.884s] [83/276] Building CXX object CMakeFiles/ros_gz_interfaces__rosidl_typesupport_c.dir/rosidl_typesupport_c/ros_gz_interfaces/msg/contact__type_support.cpp.o[K
[6.949s] [83/276] Building CXX object CMakeFiles/ros_gz_interfaces__rosidl_typesupport_c.dir/rosidl_typesupport_c/ros_gz_interfaces/msg/contacts__type_support.cpp.o[K
[6.949s] [84/276] Building CXX object CMakeFiles/ros_gz_interfaces__rosidl_typesupport_c.dir/rosidl_typesupport_c/ros_gz_interfaces/msg/contact__type_support.cpp.o[K
[6.952s] [84/276] Building CXX object CMakeFiles/ros_gz_interfaces__rosidl_typesupport_c.dir/rosidl_typesupport_c/ros_gz_interfaces/msg/dataframe__type_support.cpp.o[K
[6.952s] [85/276] Building CXX object CMakeFiles/ros_gz_interfaces__rosidl_typesupport_c.dir/rosidl_typesupport_c/ros_gz_interfaces/msg/altimeter__type_support.cpp.o[K
[6.959s] [85/276] Building CXX object CMakeFiles/ros_gz_interfaces__rosidl_typesupport_c.dir/rosidl_typesupport_c/ros_gz_interfaces/msg/entity__type_support.cpp.o[K
[6.959s] [86/276] Building CXX object CMakeFiles/ros_gz_interfaces__rosidl_typesupport_c.dir/rosidl_typesupport_c/ros_gz_interfaces/msg/contacts__type_support.cpp.o[K
[7.020s] [86/276] Building CXX object CMakeFiles/ros_gz_interfaces__rosidl_typesupport_c.dir/rosidl_typesupport_c/ros_gz_interfaces/msg/entity_factory__type_support.cpp.o[K
[7.020s] [87/276] Building CXX object CMakeFiles/ros_gz_interfaces__rosidl_typesupport_c.dir/rosidl_typesupport_c/ros_gz_interfaces/msg/dataframe__type_support.cpp.o[K
[7.020s] [87/276] Building CXX object CMakeFiles/ros_gz_interfaces__rosidl_typesupport_c.dir/rosidl_typesupport_c/ros_gz_interfaces/msg/entity_wrench__type_support.cpp.o[K
[7.020s] [88/276] Building CXX object CMakeFiles/ros_gz_interfaces__rosidl_typesupport_c.dir/rosidl_typesupport_c/ros_gz_interfaces/msg/entity__type_support.cpp.o[K
[7.025s] [88/276] Building CXX object CMakeFiles/ros_gz_interfaces__rosidl_typesupport_c.dir/rosidl_typesupport_c/ros_gz_interfaces/msg/float32_array__type_support.cpp.o[K
[7.025s] [89/276] Building CXX object CMakeFiles/ros_gz_interfaces__rosidl_typesupport_c.dir/rosidl_typesupport_c/ros_gz_interfaces/msg/entity_factory__type_support.cpp.o[K
[7.062s] [89/276] Building CXX object CMakeFiles/ros_gz_interfaces__rosidl_typesupport_c.dir/rosidl_typesupport_c/ros_gz_interfaces/msg/gui_camera__type_support.cpp.o[K
[7.062s] [90/276] Building CXX object CMakeFiles/ros_gz_interfaces__rosidl_typesupport_c.dir/rosidl_typesupport_c/ros_gz_interfaces/msg/float32_array__type_support.cpp.o[K
[7.076s] [90/276] Building CXX object CMakeFiles/ros_gz_interfaces__rosidl_typesupport_c.dir/rosidl_typesupport_c/ros_gz_interfaces/msg/joint_wrench__type_support.cpp.o[K
[7.077s] [91/276] Generating C++ introspection for ROS interfaces[K
[7.078s] [91/276] Building CXX object CMakeFiles/ros_gz_interfaces__rosidl_typesupport_c.dir/rosidl_typesupport_c/ros_gz_interfaces/msg/light__type_support.cpp.o[K
[7.079s] [92/276] Building CXX object CMakeFiles/ros_gz_interfaces__rosidl_typesupport_c.dir/rosidl_typesupport_c/ros_gz_interfaces/msg/gui_camera__type_support.cpp.o[K
[7.087s] [92/276] Building CXX object CMakeFiles/ros_gz_interfaces__rosidl_typesupport_c.dir/rosidl_typesupport_c/ros_gz_interfaces/msg/logical_camera_image__type_support.cpp.o[K
[7.087s] [93/276] Building CXX object CMakeFiles/ros_gz_interfaces__rosidl_typesupport_c.dir/rosidl_typesupport_c/ros_gz_interfaces/msg/entity_wrench__type_support.cpp.o[K
[7.118s] [93/276] Building CXX object CMakeFiles/ros_gz_interfaces__rosidl_typesupport_c.dir/rosidl_typesupport_c/ros_gz_interfaces/msg/logical_camera_image_model__type_support.cpp.o[K
[7.120s] [94/276] Building CXX object CMakeFiles/ros_gz_interfaces__rosidl_typesupport_c.dir/rosidl_typesupport_c/ros_gz_interfaces/msg/light__type_support.cpp.o[K
[7.123s] [94/276] Building CXX object CMakeFiles/ros_gz_interfaces__rosidl_typesupport_c.dir/rosidl_typesupport_c/ros_gz_interfaces/msg/material_color__type_support.cpp.o[K
[7.123s] [95/276] Building CXX object CMakeFiles/ros_gz_interfaces__rosidl_typesupport_c.dir/rosidl_typesupport_c/ros_gz_interfaces/msg/logical_camera_image_model__type_support.cpp.o[K
[7.134s] [95/276] Building CXX object CMakeFiles/ros_gz_interfaces__rosidl_typesupport_c.dir/rosidl_typesupport_c/ros_gz_interfaces/msg/param_vec__type_support.cpp.o[K
[7.138s] [96/276] Building CXX object CMakeFiles/ros_gz_interfaces__rosidl_typesupport_c.dir/rosidl_typesupport_c/ros_gz_interfaces/msg/logical_camera_image__type_support.cpp.o[K
[7.139s] [96/276] Building CXX object CMakeFiles/ros_gz_interfaces__rosidl_typesupport_c.dir/rosidl_typesupport_c/ros_gz_interfaces/msg/sensor_noise__type_support.cpp.o[K
[7.140s] [97/276] Building CXX object CMakeFiles/ros_gz_interfaces__rosidl_typesupport_c.dir/rosidl_typesupport_c/ros_gz_interfaces/msg/joint_wrench__type_support.cpp.o[K
[7.162s] [97/276] Building CXX object CMakeFiles/ros_gz_interfaces__rosidl_typesupport_c.dir/rosidl_typesupport_c/ros_gz_interfaces/msg/string_vec__type_support.cpp.o[K
[7.162s] [98/276] Building CXX object CMakeFiles/ros_gz_interfaces__rosidl_typesupport_c.dir/rosidl_typesupport_c/ros_gz_interfaces/msg/param_vec__type_support.cpp.o[K
[7.162s] [98/276] Building CXX object CMakeFiles/ros_gz_interfaces__rosidl_typesupport_c.dir/rosidl_typesupport_c/ros_gz_interfaces/msg/track_visual__type_support.cpp.o[K
[7.166s] [99/276] Building CXX object CMakeFiles/ros_gz_interfaces__rosidl_typesupport_cpp.dir/rosidl_typesupport_cpp/ros_gz_interfaces/msg/logical_camera_image_model__type_support.cpp.o[K
[7.166s] [99/276] Building CXX object CMakeFiles/ros_gz_interfaces__rosidl_typesupport_c.dir/rosidl_typesupport_c/ros_gz_interfaces/msg/video_record__type_support.cpp.o[K
[7.167s] [100/276] Building CXX object CMakeFiles/ros_gz_interfaces__rosidl_typesupport_cpp.dir/rosidl_typesupport_cpp/ros_gz_interfaces/msg/track_visual__type_support.cpp.o[K
[7.171s] [100/276] Building CXX object CMakeFiles/ros_gz_interfaces__rosidl_typesupport_c.dir/rosidl_typesupport_c/ros_gz_interfaces/msg/world_control__type_support.cpp.o[K
[7.171s] [101/276] Building CXX object CMakeFiles/ros_gz_interfaces__rosidl_typesupport_cpp.dir/rosidl_typesupport_cpp/ros_gz_interfaces/msg/world_control__type_support.cpp.o[K
[7.174s] [101/276] Building CXX object CMakeFiles/ros_gz_interfaces__rosidl_typesupport_c.dir/rosidl_typesupport_c/ros_gz_interfaces/msg/world_reset__type_support.cpp.o[K
[7.175s] [102/276] Building CXX object CMakeFiles/ros_gz_interfaces__rosidl_typesupport_c.dir/rosidl_typesupport_c/ros_gz_interfaces/msg/material_color__type_support.cpp.o[K
[7.180s] [102/276] Building CXX object CMakeFiles/ros_gz_interfaces__rosidl_typesupport_c.dir/rosidl_typesupport_c/ros_gz_interfaces/srv/control_world__type_support.cpp.o[K
[7.180s] [103/276] Building CXX object CMakeFiles/ros_gz_interfaces__rosidl_typesupport_c.dir/rosidl_typesupport_c/ros_gz_interfaces/msg/sensor_noise__type_support.cpp.o[K
[7.180s] [103/276] Building CXX object CMakeFiles/ros_gz_interfaces__rosidl_typesupport_c.dir/rosidl_typesupport_c/ros_gz_interfaces/srv/delete_entity__type_support.cpp.o[K
[7.181s] [104/276] Building CXX object CMakeFiles/ros_gz_interfaces__rosidl_typesupport_cpp.dir/rosidl_typesupport_cpp/ros_gz_interfaces/msg/material_color__type_support.cpp.o[K
[7.190s] [104/276] Building CXX object CMakeFiles/ros_gz_interfaces__rosidl_typesupport_c.dir/rosidl_typesupport_c/ros_gz_interfaces/srv/set_entity_pose__type_support.cpp.o[K
[7.190s] [105/276] Building CXX object CMakeFiles/ros_gz_interfaces__rosidl_typesupport_cpp.dir/rosidl_typesupport_cpp/ros_gz_interfaces/msg/entity__type_support.cpp.o[K
[7.191s] [105/276] Building CXX object CMakeFiles/ros_gz_interfaces__rosidl_typesupport_c.dir/rosidl_typesupport_c/ros_gz_interfaces/srv/spawn_entity__type_support.cpp.o[K
[7.191s] [106/276] Building CXX object CMakeFiles/ros_gz_interfaces__rosidl_typesupport_cpp.dir/rosidl_typesupport_cpp/ros_gz_interfaces/msg/float32_array__type_support.cpp.o[K
[7.194s] [106/276] Building CXX object CMakeFiles/ros_gz_interfaces__rosidl_typesupport_introspection_cpp.dir/rosidl_typesupport_introspection_cpp/ros_gz_interfaces/msg/detail/altimeter__type_support.cpp.o[K
[7.194s] [107/276] Building CXX object CMakeFiles/ros_gz_interfaces__rosidl_typesupport_cpp.dir/rosidl_typesupport_cpp/ros_gz_interfaces/msg/world_reset__type_support.cpp.o[K
[7.195s] [107/276] Building CXX object CMakeFiles/ros_gz_interfaces__rosidl_typesupport_introspection_cpp.dir/rosidl_typesupport_introspection_cpp/ros_gz_interfaces/msg/detail/contact__type_support.cpp.o[K
[7.195s] [108/276] Building CXX object CMakeFiles/ros_gz_interfaces__rosidl_typesupport_cpp.dir/rosidl_typesupport_cpp/ros_gz_interfaces/msg/video_record__type_support.cpp.o[K
[7.195s] [108/276] Building CXX object CMakeFiles/ros_gz_interfaces__rosidl_typesupport_introspection_cpp.dir/rosidl_typesupport_introspection_cpp/ros_gz_interfaces/msg/detail/contacts__type_support.cpp.o[K
[7.196s] [109/276] Building CXX object CMakeFiles/ros_gz_interfaces__rosidl_typesupport_cpp.dir/rosidl_typesupport_cpp/ros_gz_interfaces/msg/logical_camera_image__type_support.cpp.o[K
[7.196s] [109/276] Building CXX object CMakeFiles/ros_gz_interfaces__rosidl_typesupport_introspection_cpp.dir/rosidl_typesupport_introspection_cpp/ros_gz_interfaces/msg/detail/dataframe__type_support.cpp.o[K
[7.196s] [110/276] Building CXX object CMakeFiles/ros_gz_interfaces__rosidl_typesupport_cpp.dir/rosidl_typesupport_cpp/ros_gz_interfaces/msg/string_vec__type_support.cpp.o[K
[7.196s] [110/276] Building CXX object CMakeFiles/ros_gz_interfaces__rosidl_typesupport_introspection_cpp.dir/rosidl_typesupport_introspection_cpp/ros_gz_interfaces/msg/detail/entity__type_support.cpp.o[K
[7.196s] [111/276] Building CXX object CMakeFiles/ros_gz_interfaces__rosidl_typesupport_cpp.dir/rosidl_typesupport_cpp/ros_gz_interfaces/msg/dataframe__type_support.cpp.o[K
[7.196s] [111/276] Building CXX object CMakeFiles/ros_gz_interfaces__rosidl_typesupport_introspection_cpp.dir/rosidl_typesupport_introspection_cpp/ros_gz_interfaces/msg/detail/entity_factory__type_support.cpp.o[K
[7.197s] [112/276] Building CXX object CMakeFiles/ros_gz_interfaces__rosidl_typesupport_cpp.dir/rosidl_typesupport_cpp/ros_gz_interfaces/msg/entity_factory__type_support.cpp.o[K
[7.197s] [112/276] Building CXX object CMakeFiles/ros_gz_interfaces__rosidl_typesupport_introspection_cpp.dir/rosidl_typesupport_introspection_cpp/ros_gz_interfaces/msg/detail/entity_wrench__type_support.cpp.o[K
[7.197s] [113/276] Building CXX object CMakeFiles/ros_gz_interfaces__rosidl_typesupport_c.dir/rosidl_typesupport_c/ros_gz_interfaces/msg/string_vec__type_support.cpp.o[K
[7.197s] [113/276] Building CXX object CMakeFiles/ros_gz_interfaces__rosidl_typesupport_introspection_cpp.dir/rosidl_typesupport_introspection_cpp/ros_gz_interfaces/msg/detail/float32_array__type_support.cpp.o[K
[7.197s] [114/276] Building CXX object CMakeFiles/ros_gz_interfaces__rosidl_typesupport_cpp.dir/rosidl_typesupport_cpp/ros_gz_interfaces/msg/altimeter__type_support.cpp.o[K
[7.198s] [114/276] Building CXX object CMakeFiles/ros_gz_interfaces__rosidl_typesupport_introspection_cpp.dir/rosidl_typesupport_introspection_cpp/ros_gz_interfaces/msg/detail/gui_camera__type_support.cpp.o[K
[7.198s] [115/276] Building CXX object CMakeFiles/ros_gz_interfaces__rosidl_typesupport_cpp.dir/rosidl_typesupport_cpp/ros_gz_interfaces/msg/contact__type_support.cpp.o[K
[7.198s] [115/276] Building CXX object CMakeFiles/ros_gz_interfaces__rosidl_typesupport_introspection_cpp.dir/rosidl_typesupport_introspection_cpp/ros_gz_interfaces/msg/detail/joint_wrench__type_support.cpp.o[K
[7.198s] [116/276] Building CXX object CMakeFiles/ros_gz_interfaces__rosidl_typesupport_c.dir/rosidl_typesupport_c/ros_gz_interfaces/msg/video_record__type_support.cpp.o[K
[7.198s] [116/276] Building CXX object CMakeFiles/ros_gz_interfaces__rosidl_typesupport_introspection_cpp.dir/rosidl_typesupport_introspection_cpp/ros_gz_interfaces/msg/detail/light__type_support.cpp.o[K
[7.198s] [117/276] Building CXX object CMakeFiles/ros_gz_interfaces__rosidl_typesupport_c.dir/rosidl_typesupport_c/ros_gz_interfaces/msg/track_visual__type_support.cpp.o[K
[7.202s] [117/276] Building CXX object CMakeFiles/ros_gz_interfaces__rosidl_typesupport_introspection_cpp.dir/rosidl_typesupport_introspection_cpp/ros_gz_interfaces/msg/detail/logical_camera_image__type_support.cpp.o[K
[7.202s] [118/276] Building CXX object CMakeFiles/ros_gz_interfaces__rosidl_typesupport_cpp.dir/rosidl_typesupport_cpp/ros_gz_interfaces/msg/joint_wrench__type_support.cpp.o[K
[7.205s] [118/276] Building CXX object CMakeFiles/ros_gz_interfaces__rosidl_typesupport_introspection_cpp.dir/rosidl_typesupport_introspection_cpp/ros_gz_interfaces/msg/detail/logical_camera_image_model__type_support.cpp.o[K
[7.211s] [119/276] Building CXX object CMakeFiles/ros_gz_interfaces__rosidl_typesupport_c.dir/rosidl_typesupport_c/ros_gz_interfaces/msg/world_control__type_support.cpp.o[K
[7.211s] [119/276] Building CXX object CMakeFiles/ros_gz_interfaces__rosidl_typesupport_introspection_cpp.dir/rosidl_typesupport_introspection_cpp/ros_gz_interfaces/msg/detail/material_color__type_support.cpp.o[K
[7.211s] [120/276] Building CXX object CMakeFiles/ros_gz_interfaces__rosidl_typesupport_c.dir/rosidl_typesupport_c/ros_gz_interfaces/msg/world_reset__type_support.cpp.o[K
[7.213s] [120/276] Building CXX object CMakeFiles/ros_gz_interfaces__rosidl_typesupport_introspection_cpp.dir/rosidl_typesupport_introspection_cpp/ros_gz_interfaces/msg/detail/param_vec__type_support.cpp.o[K
[7.213s] [121/276] Building CXX object CMakeFiles/ros_gz_interfaces__rosidl_typesupport_c.dir/rosidl_typesupport_c/ros_gz_interfaces/srv/control_world__type_support.cpp.o[K
[7.217s] [121/276] Building CXX object CMakeFiles/ros_gz_interfaces__rosidl_typesupport_introspection_cpp.dir/rosidl_typesupport_introspection_cpp/ros_gz_interfaces/msg/detail/sensor_noise__type_support.cpp.o[K
[7.217s] [122/276] Building CXX object CMakeFiles/ros_gz_interfaces__rosidl_typesupport_cpp.dir/rosidl_typesupport_cpp/ros_gz_interfaces/msg/sensor_noise__type_support.cpp.o[K
[7.217s] [122/276] Building CXX object CMakeFiles/ros_gz_interfaces__rosidl_typesupport_introspection_cpp.dir/rosidl_typesupport_introspection_cpp/ros_gz_interfaces/msg/detail/string_vec__type_support.cpp.o[K
[7.218s] [123/276] Generating C introspection for ROS interfaces[K
[7.219s] [123/276] Building C object CMakeFiles/ros_gz_interfaces__rosidl_typesupport_introspection_c.dir/rosidl_typesupport_introspection_c/ros_gz_interfaces/msg/detail/altimeter__type_support.c.o[K
[7.220s] [124/276] Building CXX object CMakeFiles/ros_gz_interfaces__rosidl_typesupport_cpp.dir/rosidl_typesupport_cpp/ros_gz_interfaces/msg/light__type_support.cpp.o[K
[7.220s] [124/276] Building C object CMakeFiles/ros_gz_interfaces__rosidl_typesupport_introspection_c.dir/rosidl_typesupport_introspection_c/ros_gz_interfaces/msg/detail/contact__type_support.c.o[K
[7.220s] [125/276] Building CXX object CMakeFiles/ros_gz_interfaces__rosidl_typesupport_cpp.dir/rosidl_typesupport_cpp/ros_gz_interfaces/msg/param_vec__type_support.cpp.o[K
[7.224s] [125/276] Building C object CMakeFiles/ros_gz_interfaces__rosidl_typesupport_introspection_c.dir/rosidl_typesupport_introspection_c/ros_gz_interfaces/msg/detail/contacts__type_support.c.o[K
[7.225s] [126/276] Building CXX object CMakeFiles/ros_gz_interfaces__rosidl_typesupport_cpp.dir/rosidl_typesupport_cpp/ros_gz_interfaces/msg/contacts__type_support.cpp.o[K
[7.225s] [126/276] Building C object CMakeFiles/ros_gz_interfaces__rosidl_typesupport_introspection_c.dir/rosidl_typesupport_introspection_c/ros_gz_interfaces/msg/detail/dataframe__type_support.c.o[K
[7.225s] [127/276] Building CXX object CMakeFiles/ros_gz_interfaces__rosidl_typesupport_cpp.dir/rosidl_typesupport_cpp/ros_gz_interfaces/msg/gui_camera__type_support.cpp.o[K
[7.227s] [127/276] Building C object CMakeFiles/ros_gz_interfaces__rosidl_typesupport_introspection_c.dir/rosidl_typesupport_introspection_c/ros_gz_interfaces/msg/detail/entity__type_support.c.o[K
[7.227s] [128/276] Building CXX object CMakeFiles/ros_gz_interfaces__rosidl_typesupport_cpp.dir/rosidl_typesupport_cpp/ros_gz_interfaces/msg/entity_wrench__type_support.cpp.o[K
[7.236s] [128/276] Building C object CMakeFiles/ros_gz_interfaces__rosidl_typesupport_introspection_c.dir/rosidl_typesupport_introspection_c/ros_gz_interfaces/msg/detail/entity_factory__type_support.c.o[K
[7.236s] [129/276] Building CXX object CMakeFiles/ros_gz_interfaces__rosidl_typesupport_c.dir/rosidl_typesupport_c/ros_gz_interfaces/srv/spawn_entity__type_support.cpp.o[K
[7.247s] [129/276] Building C object CMakeFiles/ros_gz_interfaces__rosidl_typesupport_introspection_c.dir/rosidl_typesupport_introspection_c/ros_gz_interfaces/msg/detail/entity_wrench__type_support.c.o[K
[7.247s] [130/276] Building C object CMakeFiles/ros_gz_interfaces__rosidl_typesupport_introspection_c.dir/rosidl_typesupport_introspection_c/ros_gz_interfaces/msg/detail/altimeter__type_support.c.o[K
[7.249s] [130/276] Building C object CMakeFiles/ros_gz_interfaces__rosidl_typesupport_introspection_c.dir/rosidl_typesupport_introspection_c/ros_gz_interfaces/msg/detail/float32_array__type_support.c.o[K
[7.249s] [131/276] Building CXX object CMakeFiles/ros_gz_interfaces__rosidl_typesupport_cpp.dir/rosidl_typesupport_cpp/ros_gz_interfaces/srv/control_world__type_support.cpp.o[K
[7.253s] [131/276] Building C object CMakeFiles/ros_gz_interfaces__rosidl_typesupport_introspection_c.dir/rosidl_typesupport_introspection_c/ros_gz_interfaces/msg/detail/gui_camera__type_support.c.o[K
[7.253s] [132/276] Building C object CMakeFiles/ros_gz_interfaces__rosidl_typesupport_introspection_c.dir/rosidl_typesupport_introspection_c/ros_gz_interfaces/msg/detail/entity__type_support.c.o[K
[7.255s] [132/276] Building C object CMakeFiles/ros_gz_interfaces__rosidl_typesupport_introspection_c.dir/rosidl_typesupport_introspection_c/ros_gz_interfaces/msg/detail/joint_wrench__type_support.c.o[K
[7.255s] [133/276] Building C object CMakeFiles/ros_gz_interfaces__rosidl_typesupport_introspection_c.dir/rosidl_typesupport_introspection_c/ros_gz_interfaces/msg/detail/contacts__type_support.c.o[K
[7.258s] [133/276] Building C object CMakeFiles/ros_gz_interfaces__rosidl_typesupport_introspection_c.dir/rosidl_typesupport_introspection_c/ros_gz_interfaces/msg/detail/light__type_support.c.o[K
[7.258s] [134/276] Building C object CMakeFiles/ros_gz_interfaces__rosidl_typesupport_introspection_c.dir/rosidl_typesupport_introspection_c/ros_gz_interfaces/msg/detail/dataframe__type_support.c.o[K
[7.260s] [134/276] Building C object CMakeFiles/ros_gz_interfaces__rosidl_typesupport_introspection_c.dir/rosidl_typesupport_introspection_c/ros_gz_interfaces/msg/detail/logical_camera_image__type_support.c.o[K
[7.260s] [135/276] Building CXX object CMakeFiles/ros_gz_interfaces__rosidl_typesupport_cpp.dir/rosidl_typesupport_cpp/ros_gz_interfaces/srv/set_entity_pose__type_support.cpp.o[K
[7.261s] [135/276] Building C object CMakeFiles/ros_gz_interfaces__rosidl_typesupport_introspection_c.dir/rosidl_typesupport_introspection_c/ros_gz_interfaces/msg/detail/logical_camera_image_model__type_support.c.o[K
[7.261s] [136/276] Building CXX object CMakeFiles/ros_gz_interfaces__rosidl_typesupport_c.dir/rosidl_typesupport_c/ros_gz_interfaces/srv/delete_entity__type_support.cpp.o[K
[7.262s] [136/276] Building C object CMakeFiles/ros_gz_interfaces__rosidl_typesupport_introspection_c.dir/rosidl_typesupport_introspection_c/ros_gz_interfaces/msg/detail/material_color__type_support.c.o[K
[7.262s] [137/276] Building CXX object CMakeFiles/ros_gz_interfaces__rosidl_typesupport_c.dir/rosidl_typesupport_c/ros_gz_interfaces/srv/set_entity_pose__type_support.cpp.o[K
[7.262s] [137/276] Building C object CMakeFiles/ros_gz_interfaces__rosidl_typesupport_introspection_c.dir/rosidl_typesupport_introspection_c/ros_gz_interfaces/msg/detail/param_vec__type_support.c.o[K
[7.262s] [138/276] Building C object CMakeFiles/ros_gz_interfaces__rosidl_typesupport_introspection_c.dir/rosidl_typesupport_introspection_c/ros_gz_interfaces/msg/detail/contact__type_support.c.o[K
[7.273s] [138/276] Building C object CMakeFiles/ros_gz_interfaces__rosidl_typesupport_introspection_c.dir/rosidl_typesupport_introspection_c/ros_gz_interfaces/msg/detail/sensor_noise__type_support.c.o[K
[7.273s] [139/276] Building C object CMakeFiles/ros_gz_interfaces__rosidl_typesupport_introspection_c.dir/rosidl_typesupport_introspection_c/ros_gz_interfaces/msg/detail/entity_wrench__type_support.c.o[K
[7.274s] [139/276] Building C object CMakeFiles/ros_gz_interfaces__rosidl_typesupport_introspection_c.dir/rosidl_typesupport_introspection_c/ros_gz_interfaces/msg/detail/string_vec__type_support.c.o[K
[7.274s] [140/276] Building CXX object CMakeFiles/ros_gz_interfaces__rosidl_typesupport_cpp.dir/rosidl_typesupport_cpp/ros_gz_interfaces/srv/delete_entity__type_support.cpp.o[K
[7.278s] [140/276] Building C object CMakeFiles/ros_gz_interfaces__rosidl_typesupport_introspection_c.dir/rosidl_typesupport_introspection_c/ros_gz_interfaces/msg/detail/track_visual__type_support.c.o[K
[7.278s] [141/276] Building C object CMakeFiles/ros_gz_interfaces__rosidl_typesupport_introspection_c.dir/rosidl_typesupport_introspection_c/ros_gz_interfaces/msg/detail/entity_factory__type_support.c.o[K
[7.280s] [141/276] Building C object CMakeFiles/ros_gz_interfaces__rosidl_typesupport_introspection_c.dir/rosidl_typesupport_introspection_c/ros_gz_interfaces/msg/detail/video_record__type_support.c.o[K
[7.281s] [142/276] Building C object CMakeFiles/ros_gz_interfaces__rosidl_typesupport_introspection_c.dir/rosidl_typesupport_introspection_c/ros_gz_interfaces/msg/detail/gui_camera__type_support.c.o[K
[7.291s] [142/276] Building C object CMakeFiles/ros_gz_interfaces__rosidl_typesupport_introspection_c.dir/rosidl_typesupport_introspection_c/ros_gz_interfaces/msg/detail/world_control__type_support.c.o[K
[7.291s] [143/276] Building C object CMakeFiles/ros_gz_interfaces__rosidl_typesupport_introspection_c.dir/rosidl_typesupport_introspection_c/ros_gz_interfaces/msg/detail/joint_wrench__type_support.c.o[K
[7.292s] [143/276] Building C object CMakeFiles/ros_gz_interfaces__rosidl_typesupport_introspection_c.dir/rosidl_typesupport_introspection_c/ros_gz_interfaces/msg/detail/world_reset__type_support.c.o[K
[7.292s] [144/276] Building C object CMakeFiles/ros_gz_interfaces__rosidl_typesupport_introspection_c.dir/rosidl_typesupport_introspection_c/ros_gz_interfaces/msg/detail/float32_array__type_support.c.o[K
[7.296s] [144/276] Building C object CMakeFiles/ros_gz_interfaces__rosidl_typesupport_introspection_c.dir/rosidl_typesupport_introspection_c/ros_gz_interfaces/srv/detail/control_world__type_support.c.o[K
[7.296s] [145/276] Building C object CMakeFiles/ros_gz_interfaces__rosidl_typesupport_introspection_c.dir/rosidl_typesupport_introspection_c/ros_gz_interfaces/msg/detail/logical_camera_image_model__type_support.c.o[K
[7.296s] [145/276] Building C object CMakeFiles/ros_gz_interfaces__rosidl_typesupport_introspection_c.dir/rosidl_typesupport_introspection_c/ros_gz_interfaces/srv/detail/delete_entity__type_support.c.o[K
[7.296s] [146/276] Building C object CMakeFiles/ros_gz_interfaces__rosidl_typesupport_introspection_c.dir/rosidl_typesupport_introspection_c/ros_gz_interfaces/msg/detail/light__type_support.c.o[K
[7.297s] [146/276] Building C object CMakeFiles/ros_gz_interfaces__rosidl_typesupport_introspection_c.dir/rosidl_typesupport_introspection_c/ros_gz_interfaces/srv/detail/set_entity_pose__type_support.c.o[K
[7.297s] [147/276] Building C object CMakeFiles/ros_gz_interfaces__rosidl_typesupport_introspection_c.dir/rosidl_typesupport_introspection_c/ros_gz_interfaces/msg/detail/material_color__type_support.c.o[K
[7.301s] [147/276] Building C object CMakeFiles/ros_gz_interfaces__rosidl_typesupport_introspection_c.dir/rosidl_typesupport_introspection_c/ros_gz_interfaces/srv/detail/spawn_entity__type_support.c.o[K
[7.301s] [148/276] Building C object CMakeFiles/ros_gz_interfaces__rosidl_typesupport_introspection_c.dir/rosidl_typesupport_introspection_c/ros_gz_interfaces/msg/detail/sensor_noise__type_support.c.o[K
[7.305s] [148/276] Linking CXX shared library libros_gz_interfaces__rosidl_typesupport_c.so[K
[7.306s] [149/276] Building C object CMakeFiles/ros_gz_interfaces__rosidl_typesupport_introspection_c.dir/rosidl_typesupport_introspection_c/ros_gz_interfaces/msg/detail/logical_camera_image__type_support.c.o[K
[7.308s] [149/276] Building CXX object CMakeFiles/ros_gz_interfaces__rosidl_typesupport_introspection_cpp.dir/rosidl_typesupport_introspection_cpp/ros_gz_interfaces/msg/detail/track_visual__type_support.cpp.o[K
[7.308s] [150/276] Building C object CMakeFiles/ros_gz_interfaces__rosidl_typesupport_introspection_c.dir/rosidl_typesupport_introspection_c/ros_gz_interfaces/msg/detail/string_vec__type_support.c.o[K
[7.308s] [150/276] Building CXX object CMakeFiles/ros_gz_interfaces__rosidl_typesupport_introspection_cpp.dir/rosidl_typesupport_introspection_cpp/ros_gz_interfaces/msg/detail/video_record__type_support.cpp.o[K
[7.309s] [151/276] Building C object CMakeFiles/ros_gz_interfaces__rosidl_typesupport_introspection_c.dir/rosidl_typesupport_introspection_c/ros_gz_interfaces/msg/detail/video_record__type_support.c.o[K
[7.312s] [151/276] Building CXX object CMakeFiles/ros_gz_interfaces__rosidl_typesupport_introspection_cpp.dir/rosidl_typesupport_introspection_cpp/ros_gz_interfaces/msg/detail/world_control__type_support.cpp.o[K
[7.312s] [152/276] Building C object CMakeFiles/ros_gz_interfaces__rosidl_typesupport_introspection_c.dir/rosidl_typesupport_introspection_c/ros_gz_interfaces/msg/detail/param_vec__type_support.c.o[K
[7.313s] [152/276] Building CXX object CMakeFiles/ros_gz_interfaces__rosidl_typesupport_introspection_cpp.dir/rosidl_typesupport_introspection_cpp/ros_gz_interfaces/msg/detail/world_reset__type_support.cpp.o[K
[7.314s] [153/276] Building C object CMakeFiles/ros_gz_interfaces__rosidl_typesupport_introspection_c.dir/rosidl_typesupport_introspection_c/ros_gz_interfaces/msg/detail/world_control__type_support.c.o[K
[7.314s] [153/276] Building CXX object CMakeFiles/ros_gz_interfaces__rosidl_typesupport_introspection_cpp.dir/rosidl_typesupport_introspection_cpp/ros_gz_interfaces/srv/detail/control_world__type_support.cpp.o[K
[7.314s] [154/276] Building C object CMakeFiles/ros_gz_interfaces__rosidl_typesupport_introspection_c.dir/rosidl_typesupport_introspection_c/ros_gz_interfaces/msg/detail/track_visual__type_support.c.o[K
[7.317s] [154/276] Building CXX object CMakeFiles/ros_gz_interfaces__rosidl_typesupport_introspection_cpp.dir/rosidl_typesupport_introspection_cpp/ros_gz_interfaces/srv/detail/delete_entity__type_support.cpp.o[K
[7.319s] [155/276] Building C object CMakeFiles/ros_gz_interfaces__rosidl_typesupport_introspection_c.dir/rosidl_typesupport_introspection_c/ros_gz_interfaces/msg/detail/world_reset__type_support.c.o[K
[7.319s] [155/276] Building CXX object CMakeFiles/ros_gz_interfaces__rosidl_typesupport_introspection_cpp.dir/rosidl_typesupport_introspection_cpp/ros_gz_interfaces/srv/detail/set_entity_pose__type_support.cpp.o[K
[7.319s] [156/276] Building CXX object CMakeFiles/ros_gz_interfaces__rosidl_typesupport_cpp.dir/rosidl_typesupport_cpp/ros_gz_interfaces/srv/spawn_entity__type_support.cpp.o[K
[7.333s] [156/276] Building CXX object CMakeFiles/ros_gz_interfaces__rosidl_typesupport_introspection_cpp.dir/rosidl_typesupport_introspection_cpp/ros_gz_interfaces/srv/detail/spawn_entity__type_support.cpp.o[K
[7.333s] [157/276] Building C object CMakeFiles/ros_gz_interfaces__rosidl_typesupport_introspection_c.dir/rosidl_typesupport_introspection_c/ros_gz_interfaces/srv/detail/control_world__type_support.c.o[K
[7.340s] [157/276] Linking CXX shared library libros_gz_interfaces__rosidl_typesupport_cpp.so[K
[7.343s] [158/276] Linking CXX shared library libros_gz_interfaces__rosidl_typesupport_c.so[K
[7.343s] [159/276] Building C object CMakeFiles/ros_gz_interfaces__rosidl_typesupport_introspection_c.dir/rosidl_typesupport_introspection_c/ros_gz_interfaces/srv/detail/set_entity_pose__type_support.c.o[K
[7.355s] [160/276] Building C object CMakeFiles/ros_gz_interfaces__rosidl_typesupport_introspection_c.dir/rosidl_typesupport_introspection_c/ros_gz_interfaces/srv/detail/spawn_entity__type_support.c.o[K
[7.355s] [161/276] Building C object CMakeFiles/ros_gz_interfaces__rosidl_typesupport_introspection_c.dir/rosidl_typesupport_introspection_c/ros_gz_interfaces/srv/detail/delete_entity__type_support.c.o[K
[7.379s] [161/276] Linking C shared library libros_gz_interfaces__rosidl_typesupport_introspection_c.so[K
[7.413s] [162/276] Linking C shared library libros_gz_interfaces__rosidl_typesupport_introspection_c.so[K
[7.482s] [163/276] Linking CXX shared library libros_gz_interfaces__rosidl_typesupport_cpp.so[K
[7.506s] [164/276] Building CXX object CMakeFiles/ros_gz_interfaces__rosidl_typesupport_introspection_cpp.dir/rosidl_typesupport_introspection_cpp/ros_gz_interfaces/msg/detail/material_color__type_support.cpp.o[K
[7.506s] [165/276] Building CXX object CMakeFiles/ros_gz_interfaces__rosidl_typesupport_introspection_cpp.dir/rosidl_typesupport_introspection_cpp/ros_gz_interfaces/msg/detail/logical_camera_image_model__type_support.cpp.o[K
[7.514s] [166/276] Building CXX object CMakeFiles/ros_gz_interfaces__rosidl_typesupport_introspection_cpp.dir/rosidl_typesupport_introspection_cpp/ros_gz_interfaces/msg/detail/dataframe__type_support.cpp.o[K
[7.515s] [167/276] Building CXX object CMakeFiles/ros_gz_interfaces__rosidl_typesupport_introspection_cpp.dir/rosidl_typesupport_introspection_cpp/ros_gz_interfaces/msg/detail/sensor_noise__type_support.cpp.o[K
[7.515s] [168/276] Building CXX object CMakeFiles/ros_gz_interfaces__rosidl_typesupport_introspection_cpp.dir/rosidl_typesupport_introspection_cpp/ros_gz_interfaces/msg/detail/entity_factory__type_support.cpp.o[K
[7.516s] [169/276] Building CXX object CMakeFiles/ros_gz_interfaces__rosidl_typesupport_introspection_cpp.dir/rosidl_typesupport_introspection_cpp/ros_gz_interfaces/msg/detail/altimeter__type_support.cpp.o[K
[7.521s] [170/276] Building CXX object CMakeFiles/ros_gz_interfaces__rosidl_typesupport_introspection_cpp.dir/rosidl_typesupport_introspection_cpp/ros_gz_interfaces/msg/detail/float32_array__type_support.cpp.o[K
[7.524s] [171/276] Building CXX object CMakeFiles/ros_gz_interfaces__rosidl_typesupport_introspection_cpp.dir/rosidl_typesupport_introspection_cpp/ros_gz_interfaces/msg/detail/joint_wrench__type_support.cpp.o[K
[7.531s] [172/276] Building CXX object CMakeFiles/ros_gz_interfaces__rosidl_typesupport_introspection_cpp.dir/rosidl_typesupport_introspection_cpp/ros_gz_interfaces/msg/detail/entity__type_support.cpp.o[K
[7.539s] [173/276] Building CXX object CMakeFiles/ros_gz_interfaces__rosidl_typesupport_introspection_cpp.dir/rosidl_typesupport_introspection_cpp/ros_gz_interfaces/msg/detail/video_record__type_support.cpp.o[K
[7.544s] [174/276] Building CXX object CMakeFiles/ros_gz_interfaces__rosidl_typesupport_introspection_cpp.dir/rosidl_typesupport_introspection_cpp/ros_gz_interfaces/msg/detail/gui_camera__type_support.cpp.o[K
[7.550s] [175/276] Building CXX object CMakeFiles/ros_gz_interfaces__rosidl_typesupport_introspection_cpp.dir/rosidl_typesupport_introspection_cpp/ros_gz_interfaces/msg/detail/light__type_support.cpp.o[K
[7.552s] [176/276] Building CXX object CMakeFiles/ros_gz_interfaces__rosidl_typesupport_introspection_cpp.dir/rosidl_typesupport_introspection_cpp/ros_gz_interfaces/msg/detail/logical_camera_image__type_support.cpp.o[K
[7.571s] [177/276] Building CXX object CMakeFiles/ros_gz_interfaces__rosidl_typesupport_introspection_cpp.dir/rosidl_typesupport_introspection_cpp/ros_gz_interfaces/msg/detail/entity_wrench__type_support.cpp.o[K
[7.589s] [178/276] Building CXX object CMakeFiles/ros_gz_interfaces__rosidl_typesupport_introspection_cpp.dir/rosidl_typesupport_introspection_cpp/ros_gz_interfaces/msg/detail/world_reset__type_support.cpp.o[K
[7.613s] [179/276] Building CXX object CMakeFiles/ros_gz_interfaces__rosidl_typesupport_introspection_cpp.dir/rosidl_typesupport_introspection_cpp/ros_gz_interfaces/msg/detail/string_vec__type_support.cpp.o[K
[7.613s] [180/276] Building CXX object CMakeFiles/ros_gz_interfaces__rosidl_typesupport_introspection_cpp.dir/rosidl_typesupport_introspection_cpp/ros_gz_interfaces/srv/detail/control_world__type_support.cpp.o[K
[7.613s] [181/276] Building CXX object CMakeFiles/ros_gz_interfaces__rosidl_typesupport_introspection_cpp.dir/rosidl_typesupport_introspection_cpp/ros_gz_interfaces/msg/detail/contact__type_support.cpp.o[K
[7.613s] [182/276] Generating C++ type support for eProsima Fast-RTPS[K
[7.614s] [182/276] Building CXX object CMakeFiles/ros_gz_interfaces__rosidl_typesupport_fastrtps_cpp.dir/rosidl_typesupport_fastrtps_cpp/ros_gz_interfaces/msg/detail/dds_fastrtps/altimeter__type_support.cpp.o[K
[7.614s] [182/276] Building CXX object CMakeFiles/ros_gz_interfaces__rosidl_typesupport_fastrtps_cpp.dir/rosidl_typesupport_fastrtps_cpp/ros_gz_interfaces/msg/detail/dds_fastrtps/contact__type_support.cpp.o[K
[7.614s] [182/276] Building CXX object CMakeFiles/ros_gz_interfaces__rosidl_typesupport_fastrtps_cpp.dir/rosidl_typesupport_fastrtps_cpp/ros_gz_interfaces/msg/detail/dds_fastrtps/contacts__type_support.cpp.o[K
[7.614s] [182/276] Building CXX object CMakeFiles/ros_gz_interfaces__rosidl_typesupport_fastrtps_cpp.dir/rosidl_typesupport_fastrtps_cpp/ros_gz_interfaces/msg/detail/dds_fastrtps/dataframe__type_support.cpp.o[K
[7.614s] [182/276] Building CXX object CMakeFiles/ros_gz_interfaces__rosidl_typesupport_fastrtps_cpp.dir/rosidl_typesupport_fastrtps_cpp/ros_gz_interfaces/msg/detail/dds_fastrtps/entity__type_support.cpp.o[K
[7.615s] [182/276] Building CXX object CMakeFiles/ros_gz_interfaces__rosidl_typesupport_fastrtps_cpp.dir/rosidl_typesupport_fastrtps_cpp/ros_gz_interfaces/msg/detail/dds_fastrtps/entity_factory__type_support.cpp.o[K
[7.615s] [182/276] Building CXX object CMakeFiles/ros_gz_interfaces__rosidl_typesupport_fastrtps_cpp.dir/rosidl_typesupport_fastrtps_cpp/ros_gz_interfaces/msg/detail/dds_fastrtps/entity_wrench__type_support.cpp.o[K
[7.615s] [182/276] Building CXX object CMakeFiles/ros_gz_interfaces__rosidl_typesupport_fastrtps_cpp.dir/rosidl_typesupport_fastrtps_cpp/ros_gz_interfaces/msg/detail/dds_fastrtps/float32_array__type_support.cpp.o[K
[7.615s] [182/276] Building CXX object CMakeFiles/ros_gz_interfaces__rosidl_typesupport_fastrtps_cpp.dir/rosidl_typesupport_fastrtps_cpp/ros_gz_interfaces/msg/detail/dds_fastrtps/gui_camera__type_support.cpp.o[K
[7.615s] [182/276] Building CXX object CMakeFiles/ros_gz_interfaces__rosidl_typesupport_fastrtps_cpp.dir/rosidl_typesupport_fastrtps_cpp/ros_gz_interfaces/msg/detail/dds_fastrtps/joint_wrench__type_support.cpp.o[K
[7.615s] [182/276] Building CXX object CMakeFiles/ros_gz_interfaces__rosidl_typesupport_fastrtps_cpp.dir/rosidl_typesupport_fastrtps_cpp/ros_gz_interfaces/msg/detail/dds_fastrtps/light__type_support.cpp.o[K
[7.615s] [182/276] Building CXX object CMakeFiles/ros_gz_interfaces__rosidl_typesupport_fastrtps_cpp.dir/rosidl_typesupport_fastrtps_cpp/ros_gz_interfaces/msg/detail/dds_fastrtps/logical_camera_image__type_support.cpp.o[K
[7.615s] [182/276] Building CXX object CMakeFiles/ros_gz_interfaces__rosidl_typesupport_fastrtps_cpp.dir/rosidl_typesupport_fastrtps_cpp/ros_gz_interfaces/msg/detail/dds_fastrtps/logical_camera_image_model__type_support.cpp.o[K
[7.616s] [182/276] Building CXX object CMakeFiles/ros_gz_interfaces__rosidl_typesupport_fastrtps_cpp.dir/rosidl_typesupport_fastrtps_cpp/ros_gz_interfaces/msg/detail/dds_fastrtps/material_color__type_support.cpp.o[K
[7.616s] [182/276] Building CXX object CMakeFiles/ros_gz_interfaces__rosidl_typesupport_fastrtps_cpp.dir/rosidl_typesupport_fastrtps_cpp/ros_gz_interfaces/msg/detail/dds_fastrtps/param_vec__type_support.cpp.o[K
[7.616s] [182/276] Building CXX object CMakeFiles/ros_gz_interfaces__rosidl_typesupport_fastrtps_cpp.dir/rosidl_typesupport_fastrtps_cpp/ros_gz_interfaces/msg/detail/dds_fastrtps/sensor_noise__type_support.cpp.o[K
[7.616s] [182/276] Building CXX object CMakeFiles/ros_gz_interfaces__rosidl_typesupport_fastrtps_cpp.dir/rosidl_typesupport_fastrtps_cpp/ros_gz_interfaces/msg/detail/dds_fastrtps/string_vec__type_support.cpp.o[K
[7.616s] [182/276] Building CXX object CMakeFiles/ros_gz_interfaces__rosidl_typesupport_fastrtps_cpp.dir/rosidl_typesupport_fastrtps_cpp/ros_gz_interfaces/msg/detail/dds_fastrtps/track_visual__type_support.cpp.o[K
[7.617s] [182/276] Building CXX object CMakeFiles/ros_gz_interfaces__rosidl_typesupport_fastrtps_cpp.dir/rosidl_typesupport_fastrtps_cpp/ros_gz_interfaces/msg/detail/dds_fastrtps/video_record__type_support.cpp.o[K
[7.617s] [182/276] Building CXX object CMakeFiles/ros_gz_interfaces__rosidl_typesupport_fastrtps_cpp.dir/rosidl_typesupport_fastrtps_cpp/ros_gz_interfaces/msg/detail/dds_fastrtps/world_control__type_support.cpp.o[K
[7.618s] [182/276] Building CXX object CMakeFiles/ros_gz_interfaces__rosidl_typesupport_fastrtps_cpp.dir/rosidl_typesupport_fastrtps_cpp/ros_gz_interfaces/msg/detail/dds_fastrtps/world_reset__type_support.cpp.o[K
[7.618s] [182/276] Building CXX object CMakeFiles/ros_gz_interfaces__rosidl_typesupport_fastrtps_cpp.dir/rosidl_typesupport_fastrtps_cpp/ros_gz_interfaces/srv/detail/dds_fastrtps/control_world__type_support.cpp.o[K
[7.622s] [182/276] Building CXX object CMakeFiles/ros_gz_interfaces__rosidl_typesupport_fastrtps_cpp.dir/rosidl_typesupport_fastrtps_cpp/ros_gz_interfaces/srv/detail/dds_fastrtps/delete_entity__type_support.cpp.o[K
[7.622s] [182/276] Building CXX object CMakeFiles/ros_gz_interfaces__rosidl_typesupport_fastrtps_cpp.dir/rosidl_typesupport_fastrtps_cpp/ros_gz_interfaces/srv/detail/dds_fastrtps/set_entity_pose__type_support.cpp.o[K
[7.623s] [183/276] Building CXX object CMakeFiles/ros_gz_interfaces__rosidl_typesupport_introspection_cpp.dir/rosidl_typesupport_introspection_cpp/ros_gz_interfaces/msg/detail/track_visual__type_support.cpp.o[K
[7.636s] [183/276] Building CXX object CMakeFiles/ros_gz_interfaces__rosidl_typesupport_fastrtps_cpp.dir/rosidl_typesupport_fastrtps_cpp/ros_gz_interfaces/srv/detail/dds_fastrtps/spawn_entity__type_support.cpp.o[K
[7.646s] [184/276] Building CXX object CMakeFiles/ros_gz_interfaces__rosidl_typesupport_introspection_cpp.dir/rosidl_typesupport_introspection_cpp/ros_gz_interfaces/msg/detail/world_control__type_support.cpp.o[K
[7.704s] [185/276] Building CXX object CMakeFiles/ros_gz_interfaces__rosidl_typesupport_introspection_cpp.dir/rosidl_typesupport_introspection_cpp/ros_gz_interfaces/srv/detail/set_entity_pose__type_support.cpp.o[K
[7.712s] [186/276] Building CXX object CMakeFiles/ros_gz_interfaces__rosidl_typesupport_introspection_cpp.dir/rosidl_typesupport_introspection_cpp/ros_gz_interfaces/srv/detail/spawn_entity__type_support.cpp.o[K
[7.712s] [187/276] Generating C type support for eProsima Fast-RTPS[K
[7.712s] [187/276] Building CXX object CMakeFiles/ros_gz_interfaces__rosidl_typesupport_fastrtps_c.dir/rosidl_typesupport_fastrtps_c/ros_gz_interfaces/msg/detail/altimeter__type_support_c.cpp.o[K
[7.712s] [187/276] Building CXX object CMakeFiles/ros_gz_interfaces__rosidl_typesupport_fastrtps_c.dir/rosidl_typesupport_fastrtps_c/ros_gz_interfaces/msg/detail/contact__type_support_c.cpp.o[K
[7.713s] [187/276] Building CXX object CMakeFiles/ros_gz_interfaces__rosidl_typesupport_fastrtps_c.dir/rosidl_typesupport_fastrtps_c/ros_gz_interfaces/msg/detail/contacts__type_support_c.cpp.o[K
[7.726s] [187/276] Building CXX object CMakeFiles/ros_gz_interfaces__rosidl_typesupport_fastrtps_c.dir/rosidl_typesupport_fastrtps_c/ros_gz_interfaces/msg/detail/dataframe__type_support_c.cpp.o[K
[7.726s] [188/276] Building CXX object CMakeFiles/ros_gz_interfaces__rosidl_typesupport_introspection_cpp.dir/rosidl_typesupport_introspection_cpp/ros_gz_interfaces/srv/detail/delete_entity__type_support.cpp.o[K
[7.742s] [188/276] Building CXX object CMakeFiles/ros_gz_interfaces__rosidl_typesupport_fastrtps_c.dir/rosidl_typesupport_fastrtps_c/ros_gz_interfaces/msg/detail/entity__type_support_c.cpp.o[K
[7.742s] [189/276] Building CXX object CMakeFiles/ros_gz_interfaces__rosidl_typesupport_introspection_cpp.dir/rosidl_typesupport_introspection_cpp/ros_gz_interfaces/msg/detail/contacts__type_support.cpp.o[K
[7.833s] [189/276] Building CXX object CMakeFiles/ros_gz_interfaces__rosidl_typesupport_fastrtps_c.dir/rosidl_typesupport_fastrtps_c/ros_gz_interfaces/msg/detail/entity_factory__type_support_c.cpp.o[K
[7.833s] [190/276] Building CXX object CMakeFiles/ros_gz_interfaces__rosidl_typesupport_introspection_cpp.dir/rosidl_typesupport_introspection_cpp/ros_gz_interfaces/msg/detail/param_vec__type_support.cpp.o[K
[8.042s] [190/276] Building CXX object CMakeFiles/ros_gz_interfaces__rosidl_typesupport_fastrtps_c.dir/rosidl_typesupport_fastrtps_c/ros_gz_interfaces/msg/detail/entity_wrench__type_support_c.cpp.o[K
[8.042s] [191/276] Building CXX object CMakeFiles/ros_gz_interfaces__rosidl_typesupport_fastrtps_cpp.dir/rosidl_typesupport_fastrtps_cpp/ros_gz_interfaces/msg/detail/dds_fastrtps/logical_camera_image_model__type_support.cpp.o[K
[8.059s] [191/276] Building CXX object CMakeFiles/ros_gz_interfaces__rosidl_typesupport_fastrtps_c.dir/rosidl_typesupport_fastrtps_c/ros_gz_interfaces/msg/detail/float32_array__type_support_c.cpp.o[K
[8.060s] [192/276] Building CXX object CMakeFiles/ros_gz_interfaces__rosidl_typesupport_fastrtps_cpp.dir/rosidl_typesupport_fastrtps_cpp/ros_gz_interfaces/msg/detail/dds_fastrtps/joint_wrench__type_support.cpp.o[K
[8.074s] [192/276] Building CXX object CMakeFiles/ros_gz_interfaces__rosidl_typesupport_fastrtps_c.dir/rosidl_typesupport_fastrtps_c/ros_gz_interfaces/msg/detail/gui_camera__type_support_c.cpp.o[K
[8.074s] [193/276] Building CXX object CMakeFiles/ros_gz_interfaces__rosidl_typesupport_fastrtps_cpp.dir/rosidl_typesupport_fastrtps_cpp/ros_gz_interfaces/msg/detail/dds_fastrtps/gui_camera__type_support.cpp.o[K
[8.079s] [193/276] Building CXX object CMakeFiles/ros_gz_interfaces__rosidl_typesupport_fastrtps_c.dir/rosidl_typesupport_fastrtps_c/ros_gz_interfaces/msg/detail/joint_wrench__type_support_c.cpp.o[K
[8.080s] [194/276] Building CXX object CMakeFiles/ros_gz_interfaces__rosidl_typesupport_fastrtps_cpp.dir/rosidl_typesupport_fastrtps_cpp/ros_gz_interfaces/msg/detail/dds_fastrtps/entity__type_support.cpp.o[K
[8.089s] [194/276] Building CXX object CMakeFiles/ros_gz_interfaces__rosidl_typesupport_fastrtps_c.dir/rosidl_typesupport_fastrtps_c/ros_gz_interfaces/msg/detail/light__type_support_c.cpp.o[K
[8.090s] [195/276] Building CXX object CMakeFiles/ros_gz_interfaces__rosidl_typesupport_fastrtps_cpp.dir/rosidl_typesupport_fastrtps_cpp/ros_gz_interfaces/msg/detail/dds_fastrtps/track_visual__type_support.cpp.o[K
[8.095s] [195/276] Building CXX object CMakeFiles/ros_gz_interfaces__rosidl_typesupport_fastrtps_c.dir/rosidl_typesupport_fastrtps_c/ros_gz_interfaces/msg/detail/logical_camera_image__type_support_c.cpp.o[K
[8.095s] [196/276] Building CXX object CMakeFiles/ros_gz_interfaces__rosidl_typesupport_fastrtps_cpp.dir/rosidl_typesupport_fastrtps_cpp/ros_gz_interfaces/msg/detail/dds_fastrtps/float32_array__type_support.cpp.o[K
[8.110s] [196/276] Building CXX object CMakeFiles/ros_gz_interfaces__rosidl_typesupport_fastrtps_c.dir/rosidl_typesupport_fastrtps_c/ros_gz_interfaces/msg/detail/logical_camera_image_model__type_support_c.cpp.o[K
[8.112s] [197/276] Building CXX object CMakeFiles/ros_gz_interfaces__rosidl_typesupport_fastrtps_cpp.dir/rosidl_typesupport_fastrtps_cpp/ros_gz_interfaces/msg/detail/dds_fastrtps/entity_wrench__type_support.cpp.o[K
[8.112s] [197/276] Building CXX object CMakeFiles/ros_gz_interfaces__rosidl_typesupport_fastrtps_c.dir/rosidl_typesupport_fastrtps_c/ros_gz_interfaces/msg/detail/material_color__type_support_c.cpp.o[K
[8.112s] [198/276] Building CXX object CMakeFiles/ros_gz_interfaces__rosidl_typesupport_fastrtps_cpp.dir/rosidl_typesupport_fastrtps_cpp/ros_gz_interfaces/msg/detail/dds_fastrtps/altimeter__type_support.cpp.o[K
[8.115s] [198/276] Building CXX object CMakeFiles/ros_gz_interfaces__rosidl_typesupport_fastrtps_c.dir/rosidl_typesupport_fastrtps_c/ros_gz_interfaces/msg/detail/param_vec__type_support_c.cpp.o[K
[8.115s] [199/276] Building CXX object CMakeFiles/ros_gz_interfaces__rosidl_typesupport_fastrtps_cpp.dir/rosidl_typesupport_fastrtps_cpp/ros_gz_interfaces/msg/detail/dds_fastrtps/world_reset__type_support.cpp.o[K
[8.122s] [199/276] Building CXX object CMakeFiles/ros_gz_interfaces__rosidl_typesupport_fastrtps_c.dir/rosidl_typesupport_fastrtps_c/ros_gz_interfaces/msg/detail/sensor_noise__type_support_c.cpp.o[K
[8.122s] [200/276] Building CXX object CMakeFiles/ros_gz_interfaces__rosidl_typesupport_fastrtps_cpp.dir/rosidl_typesupport_fastrtps_cpp/ros_gz_interfaces/msg/detail/dds_fastrtps/light__type_support.cpp.o[K
[8.122s] [200/276] Building CXX object CMakeFiles/ros_gz_interfaces__rosidl_typesupport_fastrtps_c.dir/rosidl_typesupport_fastrtps_c/ros_gz_interfaces/msg/detail/string_vec__type_support_c.cpp.o[K
[8.122s] [201/276] Building CXX object CMakeFiles/ros_gz_interfaces__rosidl_typesupport_fastrtps_cpp.dir/rosidl_typesupport_fastrtps_cpp/ros_gz_interfaces/msg/detail/dds_fastrtps/dataframe__type_support.cpp.o[K
[8.122s] [201/276] Building CXX object CMakeFiles/ros_gz_interfaces__rosidl_typesupport_fastrtps_c.dir/rosidl_typesupport_fastrtps_c/ros_gz_interfaces/msg/detail/track_visual__type_support_c.cpp.o[K
[8.122s] [202/276] Building CXX object CMakeFiles/ros_gz_interfaces__rosidl_typesupport_fastrtps_cpp.dir/rosidl_typesupport_fastrtps_cpp/ros_gz_interfaces/msg/detail/dds_fastrtps/sensor_noise__type_support.cpp.o[K
[8.123s] [202/276] Building CXX object CMakeFiles/ros_gz_interfaces__rosidl_typesupport_fastrtps_c.dir/rosidl_typesupport_fastrtps_c/ros_gz_interfaces/msg/detail/video_record__type_support_c.cpp.o[K
[8.123s] [203/276] Building CXX object CMakeFiles/ros_gz_interfaces__rosidl_typesupport_fastrtps_cpp.dir/rosidl_typesupport_fastrtps_cpp/ros_gz_interfaces/msg/detail/dds_fastrtps/entity_factory__type_support.cpp.o[K
[8.130s] [203/276] Building CXX object CMakeFiles/ros_gz_interfaces__rosidl_typesupport_fastrtps_c.dir/rosidl_typesupport_fastrtps_c/ros_gz_interfaces/msg/detail/world_control__type_support_c.cpp.o[K
[8.130s] [204/276] Building CXX object CMakeFiles/ros_gz_interfaces__rosidl_typesupport_fastrtps_cpp.dir/rosidl_typesupport_fastrtps_cpp/ros_gz_interfaces/msg/detail/dds_fastrtps/material_color__type_support.cpp.o[K
[8.134s] [204/276] Building CXX object CMakeFiles/ros_gz_interfaces__rosidl_typesupport_fastrtps_c.dir/rosidl_typesupport_fastrtps_c/ros_gz_interfaces/msg/detail/world_reset__type_support_c.cpp.o[K
[8.134s] [205/276] Building CXX object CMakeFiles/ros_gz_interfaces__rosidl_typesupport_fastrtps_cpp.dir/rosidl_typesupport_fastrtps_cpp/ros_gz_interfaces/msg/detail/dds_fastrtps/world_control__type_support.cpp.o[K
[8.154s] [205/276] Building CXX object CMakeFiles/ros_gz_interfaces__rosidl_typesupport_fastrtps_c.dir/rosidl_typesupport_fastrtps_c/ros_gz_interfaces/srv/detail/control_world__type_support_c.cpp.o[K
[8.154s] [206/276] Building CXX object CMakeFiles/ros_gz_interfaces__rosidl_typesupport_fastrtps_cpp.dir/rosidl_typesupport_fastrtps_cpp/ros_gz_interfaces/msg/detail/dds_fastrtps/string_vec__type_support.cpp.o[K
[8.160s] [206/276] Building CXX object CMakeFiles/ros_gz_interfaces__rosidl_typesupport_fastrtps_c.dir/rosidl_typesupport_fastrtps_c/ros_gz_interfaces/srv/detail/delete_entity__type_support_c.cpp.o[K
[8.160s] [207/276] Building CXX object CMakeFiles/ros_gz_interfaces__rosidl_typesupport_fastrtps_c.dir/rosidl_typesupport_fastrtps_c/ros_gz_interfaces/msg/detail/altimeter__type_support_c.cpp.o[K
[8.164s] [207/276] Building CXX object CMakeFiles/ros_gz_interfaces__rosidl_typesupport_fastrtps_c.dir/rosidl_typesupport_fastrtps_c/ros_gz_interfaces/srv/detail/set_entity_pose__type_support_c.cpp.o[K
[8.166s] [208/276] Building CXX object CMakeFiles/ros_gz_interfaces__rosidl_typesupport_fastrtps_cpp.dir/rosidl_typesupport_fastrtps_cpp/ros_gz_interfaces/msg/detail/dds_fastrtps/logical_camera_image__type_support.cpp.o[K
[8.175s] [208/276] Building CXX object CMakeFiles/ros_gz_interfaces__rosidl_typesupport_fastrtps_c.dir/rosidl_typesupport_fastrtps_c/ros_gz_interfaces/srv/detail/spawn_entity__type_support_c.cpp.o[K
[8.175s] [209/276] Building CXX object CMakeFiles/ros_gz_interfaces__rosidl_typesupport_fastrtps_c.dir/rosidl_typesupport_fastrtps_c/ros_gz_interfaces/msg/detail/contacts__type_support_c.cpp.o[K
[8.178s] [209/276] Linking CXX shared library libros_gz_interfaces__rosidl_typesupport_introspection_cpp.so[K
[8.181s] [210/276] Building CXX object CMakeFiles/ros_gz_interfaces__rosidl_typesupport_fastrtps_cpp.dir/rosidl_typesupport_fastrtps_cpp/ros_gz_interfaces/msg/detail/dds_fastrtps/param_vec__type_support.cpp.o[K
[8.182s] [211/276] Building CXX object CMakeFiles/ros_gz_interfaces__rosidl_typesupport_fastrtps_c.dir/rosidl_typesupport_fastrtps_c/ros_gz_interfaces/msg/detail/contact__type_support_c.cpp.o[K
[8.202s] [212/276] Building CXX object CMakeFiles/ros_gz_interfaces__rosidl_typesupport_fastrtps_cpp.dir/rosidl_typesupport_fastrtps_cpp/ros_gz_interfaces/msg/detail/dds_fastrtps/video_record__type_support.cpp.o[K
[8.207s] [213/276] Building CXX object CMakeFiles/ros_gz_interfaces__rosidl_typesupport_fastrtps_c.dir/rosidl_typesupport_fastrtps_c/ros_gz_interfaces/msg/detail/dataframe__type_support_c.cpp.o[K
[8.226s] [214/276] Building CXX object CMakeFiles/ros_gz_interfaces__rosidl_typesupport_fastrtps_cpp.dir/rosidl_typesupport_fastrtps_cpp/ros_gz_interfaces/msg/detail/dds_fastrtps/contacts__type_support.cpp.o[K
[8.230s] [215/276] Building CXX object CMakeFiles/ros_gz_interfaces__rosidl_typesupport_fastrtps_c.dir/rosidl_typesupport_fastrtps_c/ros_gz_interfaces/msg/detail/entity__type_support_c.cpp.o[K
[8.239s] [216/276] Building CXX object CMakeFiles/ros_gz_interfaces__rosidl_typesupport_fastrtps_cpp.dir/rosidl_typesupport_fastrtps_cpp/ros_gz_interfaces/srv/detail/dds_fastrtps/control_world__type_support.cpp.o[K
[8.240s] [217/276] Building CXX object CMakeFiles/ros_gz_interfaces__rosidl_typesupport_fastrtps_c.dir/rosidl_typesupport_fastrtps_c/ros_gz_interfaces/msg/detail/entity_factory__type_support_c.cpp.o[K
[8.243s] [218/276] Building CXX object CMakeFiles/ros_gz_interfaces__rosidl_typesupport_fastrtps_cpp.dir/rosidl_typesupport_fastrtps_cpp/ros_gz_interfaces/msg/detail/dds_fastrtps/contact__type_support.cpp.o[K
[8.243s] [219/276] Building CXX object CMakeFiles/ros_gz_interfaces__rosidl_typesupport_fastrtps_cpp.dir/rosidl_typesupport_fastrtps_cpp/ros_gz_interfaces/srv/detail/dds_fastrtps/spawn_entity__type_support.cpp.o[K
[8.284s] [220/276] Linking CXX shared library libros_gz_interfaces__rosidl_typesupport_introspection_cpp.so[K
[8.301s] [221/276] Building CXX object CMakeFiles/ros_gz_interfaces__rosidl_typesupport_fastrtps_cpp.dir/rosidl_typesupport_fastrtps_cpp/ros_gz_interfaces/srv/detail/dds_fastrtps/delete_entity__type_support.cpp.o[K
[8.315s] [222/276] Building CXX object CMakeFiles/ros_gz_interfaces__rosidl_typesupport_fastrtps_c.dir/rosidl_typesupport_fastrtps_c/ros_gz_interfaces/msg/detail/entity_wrench__type_support_c.cpp.o[K
[8.316s] [223/276] Building CXX object CMakeFiles/ros_gz_interfaces__rosidl_typesupport_fastrtps_cpp.dir/rosidl_typesupport_fastrtps_cpp/ros_gz_interfaces/srv/detail/dds_fastrtps/set_entity_pose__type_support.cpp.o[K
[8.371s] [223/276] Linking CXX shared library libros_gz_interfaces__rosidl_typesupport_fastrtps_cpp.so[K
[8.408s] [224/276] Building CXX object CMakeFiles/ros_gz_interfaces__rosidl_typesupport_fastrtps_c.dir/rosidl_typesupport_fastrtps_c/ros_gz_interfaces/msg/detail/float32_array__type_support_c.cpp.o[K
[8.409s] [225/276] Linking CXX shared library libros_gz_interfaces__rosidl_typesupport_fastrtps_cpp.so[K
[8.411s] [226/276] Building CXX object CMakeFiles/ros_gz_interfaces__rosidl_typesupport_fastrtps_c.dir/rosidl_typesupport_fastrtps_c/ros_gz_interfaces/msg/detail/joint_wrench__type_support_c.cpp.o[K
[8.416s] [227/276] Building CXX object CMakeFiles/ros_gz_interfaces__rosidl_typesupport_fastrtps_c.dir/rosidl_typesupport_fastrtps_c/ros_gz_interfaces/msg/detail/gui_camera__type_support_c.cpp.o[K
[8.424s] [228/276] Building CXX object CMakeFiles/ros_gz_interfaces__rosidl_typesupport_fastrtps_c.dir/rosidl_typesupport_fastrtps_c/ros_gz_interfaces/msg/detail/logical_camera_image_model__type_support_c.cpp.o[K
[8.444s] [229/276] Building CXX object CMakeFiles/ros_gz_interfaces__rosidl_typesupport_fastrtps_c.dir/rosidl_typesupport_fastrtps_c/ros_gz_interfaces/msg/detail/world_reset__type_support_c.cpp.o[K
[8.463s] [230/276] Building CXX object CMakeFiles/ros_gz_interfaces__rosidl_typesupport_fastrtps_c.dir/rosidl_typesupport_fastrtps_c/ros_gz_interfaces/msg/detail/light__type_support_c.cpp.o[K
[8.472s] [231/276] Building CXX object CMakeFiles/ros_gz_interfaces__rosidl_typesupport_fastrtps_c.dir/rosidl_typesupport_fastrtps_c/ros_gz_interfaces/srv/detail/control_world__type_support_c.cpp.o[K
[8.511s] [232/276] Building CXX object CMakeFiles/ros_gz_interfaces__rosidl_typesupport_fastrtps_c.dir/rosidl_typesupport_fastrtps_c/ros_gz_interfaces/msg/detail/track_visual__type_support_c.cpp.o[K
[8.513s] [233/276] Building CXX object CMakeFiles/ros_gz_interfaces__rosidl_typesupport_fastrtps_c.dir/rosidl_typesupport_fastrtps_c/ros_gz_interfaces/msg/detail/video_record__type_support_c.cpp.o[K
[8.536s] [234/276] Building CXX object CMakeFiles/ros_gz_interfaces__rosidl_typesupport_fastrtps_c.dir/rosidl_typesupport_fastrtps_c/ros_gz_interfaces/msg/detail/material_color__type_support_c.cpp.o[K
[8.536s] [235/276] Building CXX object CMakeFiles/ros_gz_interfaces__rosidl_typesupport_fastrtps_c.dir/rosidl_typesupport_fastrtps_c/ros_gz_interfaces/msg/detail/world_control__type_support_c.cpp.o[K
[8.542s] [236/276] Building CXX object CMakeFiles/ros_gz_interfaces__rosidl_typesupport_fastrtps_c.dir/rosidl_typesupport_fastrtps_c/ros_gz_interfaces/msg/detail/string_vec__type_support_c.cpp.o[K
[8.546s] [237/276] Building CXX object CMakeFiles/ros_gz_interfaces__rosidl_typesupport_fastrtps_c.dir/rosidl_typesupport_fastrtps_c/ros_gz_interfaces/msg/detail/param_vec__type_support_c.cpp.o[K
[8.567s] [238/276] Building CXX object CMakeFiles/ros_gz_interfaces__rosidl_typesupport_fastrtps_c.dir/rosidl_typesupport_fastrtps_c/ros_gz_interfaces/msg/detail/logical_camera_image__type_support_c.cpp.o[K
[8.569s] [239/276] Building CXX object CMakeFiles/ros_gz_interfaces__rosidl_typesupport_fastrtps_c.dir/rosidl_typesupport_fastrtps_c/ros_gz_interfaces/srv/detail/set_entity_pose__type_support_c.cpp.o[K
[8.581s] [240/276] Building CXX object CMakeFiles/ros_gz_interfaces__rosidl_typesupport_fastrtps_c.dir/rosidl_typesupport_fastrtps_c/ros_gz_interfaces/srv/detail/delete_entity__type_support_c.cpp.o[K
[8.590s] [241/276] Building CXX object CMakeFiles/ros_gz_interfaces__rosidl_typesupport_fastrtps_c.dir/rosidl_typesupport_fastrtps_c/ros_gz_interfaces/msg/detail/sensor_noise__type_support_c.cpp.o[K
[8.590s] [242/276] Building CXX object CMakeFiles/ros_gz_interfaces__rosidl_typesupport_fastrtps_c.dir/rosidl_typesupport_fastrtps_c/ros_gz_interfaces/srv/detail/spawn_entity__type_support_c.cpp.o[K
[8.638s] [242/276] Linking CXX shared library libros_gz_interfaces__rosidl_typesupport_fastrtps_c.so[K
[8.639s] [243/276] Linking CXX shared library libros_gz_interfaces__rosidl_typesupport_fastrtps_c.so[K
[11.225s] [243/276] Generating Python code for ROS interfaces[K
[11.226s] [244/276] Generating Python code for ROS interfaces[K
[11.226s] [244/276] Building C object CMakeFiles/ros_gz_interfaces__rosidl_generator_py.dir/rosidl_generator_py/ros_gz_interfaces/msg/_altimeter_s.c.o[K
[11.227s] [244/276] Building C object CMakeFiles/ros_gz_interfaces__rosidl_generator_py.dir/rosidl_generator_py/ros_gz_interfaces/msg/_contact_s.c.o[K
[11.227s] [244/276] Building C object CMakeFiles/ros_gz_interfaces__rosidl_generator_py.dir/rosidl_generator_py/ros_gz_interfaces/msg/_contacts_s.c.o[K
[11.227s] [244/276] Building C object CMakeFiles/ros_gz_interfaces__rosidl_generator_py.dir/rosidl_generator_py/ros_gz_interfaces/msg/_dataframe_s.c.o[K
[11.227s] [244/276] Building C object CMakeFiles/ros_gz_interfaces__rosidl_generator_py.dir/rosidl_generator_py/ros_gz_interfaces/msg/_entity_s.c.o[K
[11.227s] [244/276] Building C object CMakeFiles/ros_gz_interfaces__rosidl_generator_py.dir/rosidl_generator_py/ros_gz_interfaces/msg/_entity_factory_s.c.o[K
[11.227s] [244/276] Building C object CMakeFiles/ros_gz_interfaces__rosidl_generator_py.dir/rosidl_generator_py/ros_gz_interfaces/msg/_entity_wrench_s.c.o[K
[11.227s] [244/276] Building C object CMakeFiles/ros_gz_interfaces__rosidl_generator_py.dir/rosidl_generator_py/ros_gz_interfaces/msg/_float32_array_s.c.o[K
[11.228s] [244/276] Building C object CMakeFiles/ros_gz_interfaces__rosidl_generator_py.dir/rosidl_generator_py/ros_gz_interfaces/msg/_gui_camera_s.c.o[K
[11.228s] [244/276] Building C object CMakeFiles/ros_gz_interfaces__rosidl_generator_py.dir/rosidl_generator_py/ros_gz_interfaces/msg/_joint_wrench_s.c.o[K
[11.228s] [244/276] Building C object CMakeFiles/ros_gz_interfaces__rosidl_generator_py.dir/rosidl_generator_py/ros_gz_interfaces/msg/_light_s.c.o[K
[11.228s] [244/276] Building C object CMakeFiles/ros_gz_interfaces__rosidl_generator_py.dir/rosidl_generator_py/ros_gz_interfaces/msg/_logical_camera_image_s.c.o[K
[11.229s] [244/276] Building C object CMakeFiles/ros_gz_interfaces__rosidl_generator_py.dir/rosidl_generator_py/ros_gz_interfaces/msg/_logical_camera_image_model_s.c.o[K
[11.229s] [244/276] Building C object CMakeFiles/ros_gz_interfaces__rosidl_generator_py.dir/rosidl_generator_py/ros_gz_interfaces/msg/_material_color_s.c.o[K
[11.229s] [244/276] Building C object CMakeFiles/ros_gz_interfaces__rosidl_generator_py.dir/rosidl_generator_py/ros_gz_interfaces/msg/_param_vec_s.c.o[K
[11.229s] [244/276] Building C object CMakeFiles/ros_gz_interfaces__rosidl_generator_py.dir/rosidl_generator_py/ros_gz_interfaces/msg/_sensor_noise_s.c.o[K
[11.229s] [244/276] Building C object CMakeFiles/ros_gz_interfaces__rosidl_generator_py.dir/rosidl_generator_py/ros_gz_interfaces/msg/_string_vec_s.c.o[K
[11.229s] [244/276] Building C object CMakeFiles/ros_gz_interfaces__rosidl_generator_py.dir/rosidl_generator_py/ros_gz_interfaces/msg/_track_visual_s.c.o[K
[11.230s] [244/276] Building C object CMakeFiles/ros_gz_interfaces__rosidl_generator_py.dir/rosidl_generator_py/ros_gz_interfaces/msg/_video_record_s.c.o[K
[11.230s] [244/276] Building C object CMakeFiles/ros_gz_interfaces__rosidl_generator_py.dir/rosidl_generator_py/ros_gz_interfaces/msg/_world_control_s.c.o[K
[11.230s] [244/276] Building C object CMakeFiles/ros_gz_interfaces__rosidl_generator_py.dir/rosidl_generator_py/ros_gz_interfaces/msg/_world_reset_s.c.o[K
[11.230s] [244/276] Building C object CMakeFiles/ros_gz_interfaces__rosidl_generator_py.dir/rosidl_generator_py/ros_gz_interfaces/srv/_control_world_s.c.o[K
[11.230s] [244/276] Building C object CMakeFiles/ros_gz_interfaces__rosidl_generator_py.dir/rosidl_generator_py/ros_gz_interfaces/srv/_delete_entity_s.c.o[K
[11.230s] [244/276] Building C object CMakeFiles/ros_gz_interfaces__rosidl_generator_py.dir/rosidl_generator_py/ros_gz_interfaces/srv/_set_entity_pose_s.c.o[K
[11.230s] [244/276] Building C object CMakeFiles/ros_gz_interfaces__rosidl_generator_py.dir/rosidl_generator_py/ros_gz_interfaces/srv/_spawn_entity_s.c.o[K
[11.231s] [244/276] Building C object CMakeFiles/ros_gz_interfaces_s__rosidl_typesupport_fastrtps_c.dir/rosidl_generator_py/ros_gz_interfaces/_ros_gz_interfaces_s.ep.rosidl_typesupport_fastrtps_c.c.o[K
[11.231s] [244/276] Building C object CMakeFiles/ros_gz_interfaces_s__rosidl_typesupport_introspection_c.dir/rosidl_generator_py/ros_gz_interfaces/_ros_gz_interfaces_s.ep.rosidl_typesupport_introspection_c.c.o[K
[11.321s] [244/276] Building C object CMakeFiles/ros_gz_interfaces_s__rosidl_typesupport_c.dir/rosidl_generator_py/ros_gz_interfaces/_ros_gz_interfaces_s.ep.rosidl_typesupport_c.c.o[K
[11.321s] [245/276] Building C object CMakeFiles/ros_gz_interfaces__rosidl_generator_py.dir/rosidl_generator_py/ros_gz_interfaces/msg/_logical_camera_image_model_s.c.o[K
[11.323s] [246/276] Building C object CMakeFiles/ros_gz_interfaces__rosidl_generator_py.dir/rosidl_generator_py/ros_gz_interfaces/msg/_material_color_s.c.o[K
[11.324s] [247/276] Building C object CMakeFiles/ros_gz_interfaces__rosidl_generator_py.dir/rosidl_generator_py/ros_gz_interfaces/srv/_spawn_entity_s.c.o[K
[11.339s] [248/276] Building C object CMakeFiles/ros_gz_interfaces__rosidl_generator_py.dir/rosidl_generator_py/ros_gz_interfaces/srv/_set_entity_pose_s.c.o[K
[11.339s] [249/276] Building C object CMakeFiles/ros_gz_interfaces__rosidl_generator_py.dir/rosidl_generator_py/ros_gz_interfaces/msg/_gui_camera_s.c.o[K
[11.342s] [250/276] Building C object CMakeFiles/ros_gz_interfaces__rosidl_generator_py.dir/rosidl_generator_py/ros_gz_interfaces/msg/_entity_wrench_s.c.o[K
[11.343s] [251/276] Building C object CMakeFiles/ros_gz_interfaces__rosidl_generator_py.dir/rosidl_generator_py/ros_gz_interfaces/msg/_track_visual_s.c.o[K
[11.344s] [252/276] Building C object CMakeFiles/ros_gz_interfaces__rosidl_generator_py.dir/rosidl_generator_py/ros_gz_interfaces/msg/_world_control_s.c.o[K
[11.345s] [253/276] Building C object CMakeFiles/ros_gz_interfaces__rosidl_generator_py.dir/rosidl_generator_py/ros_gz_interfaces/msg/_video_record_s.c.o[K
[11.346s] [254/276] Building C object CMakeFiles/ros_gz_interfaces__rosidl_generator_py.dir/rosidl_generator_py/ros_gz_interfaces/msg/_string_vec_s.c.o[K
[11.346s] [255/276] Building C object CMakeFiles/ros_gz_interfaces__rosidl_generator_py.dir/rosidl_generator_py/ros_gz_interfaces/msg/_entity_s.c.o[K
[11.353s] [256/276] Building C object CMakeFiles/ros_gz_interfaces__rosidl_generator_py.dir/rosidl_generator_py/ros_gz_interfaces/msg/_world_reset_s.c.o[K
[11.353s] [257/276] Building C object CMakeFiles/ros_gz_interfaces__rosidl_generator_py.dir/rosidl_generator_py/ros_gz_interfaces/msg/_altimeter_s.c.o[K
[11.354s] [258/276] Building C object CMakeFiles/ros_gz_interfaces__rosidl_generator_py.dir/rosidl_generator_py/ros_gz_interfaces/msg/_contacts_s.c.o[K
[11.354s] [259/276] Building C object CMakeFiles/ros_gz_interfaces__rosidl_generator_py.dir/rosidl_generator_py/ros_gz_interfaces/msg/_joint_wrench_s.c.o[K
[11.355s] [260/276] Building C object CMakeFiles/ros_gz_interfaces__rosidl_generator_py.dir/rosidl_generator_py/ros_gz_interfaces/msg/_dataframe_s.c.o[K
[11.356s] [261/276] Building C object CMakeFiles/ros_gz_interfaces__rosidl_generator_py.dir/rosidl_generator_py/ros_gz_interfaces/msg/_logical_camera_image_s.c.o[K
[11.356s] [262/276] Building C object CMakeFiles/ros_gz_interfaces__rosidl_generator_py.dir/rosidl_generator_py/ros_gz_interfaces/msg/_entity_factory_s.c.o[K
[11.358s] [263/276] Building C object CMakeFiles/ros_gz_interfaces__rosidl_generator_py.dir/rosidl_generator_py/ros_gz_interfaces/msg/_param_vec_s.c.o[K
[11.358s] [264/276] Building C object CMakeFiles/ros_gz_interfaces__rosidl_generator_py.dir/rosidl_generator_py/ros_gz_interfaces/msg/_sensor_noise_s.c.o[K
[11.366s] [265/276] Building C object CMakeFiles/ros_gz_interfaces__rosidl_generator_py.dir/rosidl_generator_py/ros_gz_interfaces/msg/_float32_array_s.c.o[K
[11.370s] [266/276] Building C object CMakeFiles/ros_gz_interfaces__rosidl_generator_py.dir/rosidl_generator_py/ros_gz_interfaces/msg/_light_s.c.o[K
[11.374s] [267/276] Building C object CMakeFiles/ros_gz_interfaces__rosidl_generator_py.dir/rosidl_generator_py/ros_gz_interfaces/srv/_control_world_s.c.o[K
[11.375s] [268/276] Building C object CMakeFiles/ros_gz_interfaces__rosidl_generator_py.dir/rosidl_generator_py/ros_gz_interfaces/srv/_delete_entity_s.c.o[K
[11.375s] [269/276] Building C object CMakeFiles/ros_gz_interfaces__rosidl_generator_py.dir/rosidl_generator_py/ros_gz_interfaces/msg/_contact_s.c.o[K
[11.393s] [269/276] Linking C shared library libros_gz_interfaces__rosidl_generator_py.so[K
[11.407s] [270/276] Building C object CMakeFiles/ros_gz_interfaces_s__rosidl_typesupport_introspection_c.dir/rosidl_generator_py/ros_gz_interfaces/_ros_gz_interfaces_s.ep.rosidl_typesupport_introspection_c.c.o[K
[11.407s] [271/276] Linking C shared library libros_gz_interfaces__rosidl_generator_py.so[K
[11.408s] [271/276] Linking C shared module rosidl_generator_py/ros_gz_interfaces/ros_gz_interfaces_s__rosidl_typesupport_introspection_c.so[K
[11.408s] [272/276] Building C object CMakeFiles/ros_gz_interfaces_s__rosidl_typesupport_fastrtps_c.dir/rosidl_generator_py/ros_gz_interfaces/_ros_gz_interfaces_s.ep.rosidl_typesupport_fastrtps_c.c.o[K
[11.417s] [272/276] Linking C shared module rosidl_generator_py/ros_gz_interfaces/ros_gz_interfaces_s__rosidl_typesupport_fastrtps_c.so[K
[11.417s] [273/276] Building C object CMakeFiles/ros_gz_interfaces_s__rosidl_typesupport_c.dir/rosidl_generator_py/ros_gz_interfaces/_ros_gz_interfaces_s.ep.rosidl_typesupport_c.c.o[K
[11.425s] [273/276] Linking C shared module rosidl_generator_py/ros_gz_interfaces/ros_gz_interfaces_s__rosidl_typesupport_c.so[K
[11.426s] [274/276] Linking C shared module rosidl_generator_py/ros_gz_interfaces/ros_gz_interfaces_s__rosidl_typesupport_introspection_c.so[K
[11.431s] [275/276] Linking C shared module rosidl_generator_py/ros_gz_interfaces/ros_gz_interfaces_s__rosidl_typesupport_fastrtps_c.so[K
[11.431s] [276/276] Linking C shared module rosidl_generator_py/ros_gz_interfaces/ros_gz_interfaces_s__rosidl_typesupport_c.so[K
[11.433s] Invoked command in '/home/cyberkanjousen/CLionProjects/ROS2_1/build/ros_gz_interfaces' returned '0': CMAKE_PREFIX_PATH=${CMAKE_PREFIX_PATH}:/opt/ros/jazzy DEBUGINFOD_URLS=https://debuginfod.ubuntu.com /usr/bin/cmake --build /home/cyberkanjousen/CLionProjects/ROS2_1/build/ros_gz_interfaces -- -j32 -l32
[11.434s] Invoking command in '/home/cyberkanjousen/CLionProjects/ROS2_1/build/ros_gz_interfaces': CMAKE_PREFIX_PATH=${CMAKE_PREFIX_PATH}:/opt/ros/jazzy DEBUGINFOD_URLS=https://debuginfod.ubuntu.com /usr/bin/cmake --install /home/cyberkanjousen/CLionProjects/ROS2_1/build/ros_gz_interfaces
[11.449s] -- Install configuration: ""
[11.449s] -- Installing: /home/cyberkanjousen/CLionProjects/ROS2_1/install/ros_gz_interfaces/share/ament_index/resource_index/rosidl_interfaces/ros_gz_interfaces
[11.449s] -- Installing: /home/cyberkanjousen/CLionProjects/ROS2_1/install/ros_gz_interfaces/share/ros_gz_interfaces/msg/Altimeter.json
[11.450s] -- Installing: /home/cyberkanjousen/CLionProjects/ROS2_1/install/ros_gz_interfaces/share/ros_gz_interfaces/msg/Contact.json
[11.450s] -- Installing: /home/cyberkanjousen/CLionProjects/ROS2_1/install/ros_gz_interfaces/share/ros_gz_interfaces/msg/Contacts.json
[11.450s] -- Installing: /home/cyberkanjousen/CLionProjects/ROS2_1/install/ros_gz_interfaces/share/ros_gz_interfaces/msg/Dataframe.json
[11.450s] -- Installing: /home/cyberkanjousen/CLionProjects/ROS2_1/install/ros_gz_interfaces/share/ros_gz_interfaces/msg/Entity.json
[11.450s] -- Installing: /home/cyberkanjousen/CLionProjects/ROS2_1/install/ros_gz_interfaces/share/ros_gz_interfaces/msg/EntityFactory.json
[11.450s] -- Installing: /home/cyberkanjousen/CLionProjects/ROS2_1/install/ros_gz_interfaces/share/ros_gz_interfaces/msg/EntityWrench.json
[11.450s] -- Installing: /home/cyberkanjousen/CLionProjects/ROS2_1/install/ros_gz_interfaces/share/ros_gz_interfaces/msg/Float32Array.json
[11.450s] -- Installing: /home/cyberkanjousen/CLionProjects/ROS2_1/install/ros_gz_interfaces/share/ros_gz_interfaces/msg/GuiCamera.json
[11.450s] -- Installing: /home/cyberkanjousen/CLionProjects/ROS2_1/install/ros_gz_interfaces/share/ros_gz_interfaces/msg/JointWrench.json
[11.450s] -- Installing: /home/cyberkanjousen/CLionProjects/ROS2_1/install/ros_gz_interfaces/share/ros_gz_interfaces/msg/Light.json
[11.451s] -- Installing: /home/cyberkanjousen/CLionProjects/ROS2_1/install/ros_gz_interfaces/share/ros_gz_interfaces/msg/LogicalCameraImage.json
[11.451s] -- Installing: /home/cyberkanjousen/CLionProjects/ROS2_1/install/ros_gz_interfaces/share/ros_gz_interfaces/msg/LogicalCameraImageModel.json
[11.451s] -- Installing: /home/cyberkanjousen/CLionProjects/ROS2_1/install/ros_gz_interfaces/share/ros_gz_interfaces/msg/MaterialColor.json
[11.451s] -- Installing: /home/cyberkanjousen/CLionProjects/ROS2_1/install/ros_gz_interfaces/share/ros_gz_interfaces/msg/ParamVec.json
[11.451s] -- Installing: /home/cyberkanjousen/CLionProjects/ROS2_1/install/ros_gz_interfaces/share/ros_gz_interfaces/msg/SensorNoise.json
[11.451s] -- Installing: /home/cyberkanjousen/CLionProjects/ROS2_1/install/ros_gz_interfaces/share/ros_gz_interfaces/msg/StringVec.json
[11.452s] -- Installing: /home/cyberkanjousen/CLionProjects/ROS2_1/install/ros_gz_interfaces/share/ros_gz_interfaces/msg/TrackVisual.json
[11.452s] -- Installing: /home/cyberkanjousen/CLionProjects/ROS2_1/install/ros_gz_interfaces/share/ros_gz_interfaces/msg/VideoRecord.json
[11.452s] -- Installing: /home/cyberkanjousen/CLionProjects/ROS2_1/install/ros_gz_interfaces/share/ros_gz_interfaces/msg/WorldControl.json
[11.452s] -- Installing: /home/cyberkanjousen/CLionProjects/ROS2_1/install/ros_gz_interfaces/share/ros_gz_interfaces/msg/WorldReset.json
[11.452s] -- Installing: /home/cyberkanjousen/CLionProjects/ROS2_1/install/ros_gz_interfaces/share/ros_gz_interfaces/srv/ControlWorld.json
[11.452s] -- Installing: /home/cyberkanjousen/CLionProjects/ROS2_1/install/ros_gz_interfaces/share/ros_gz_interfaces/srv/DeleteEntity.json
[11.453s] -- Installing: /home/cyberkanjousen/CLionProjects/ROS2_1/install/ros_gz_interfaces/share/ros_gz_interfaces/srv/SetEntityPose.json
[11.453s] -- Installing: /home/cyberkanjousen/CLionProjects/ROS2_1/install/ros_gz_interfaces/share/ros_gz_interfaces/srv/SpawnEntity.json
[11.453s] -- Up-to-date: /home/cyberkanjousen/CLionProjects/ROS2_1/install/ros_gz_interfaces/include/ros_gz_interfaces/ros_gz_interfaces
[11.453s] -- Up-to-date: /home/cyberkanjousen/CLionProjects/ROS2_1/install/ros_gz_interfaces/include/ros_gz_interfaces/ros_gz_interfaces/msg
[11.453s] -- Installing: /home/cyberkanjousen/CLionProjects/ROS2_1/install/ros_gz_interfaces/include/ros_gz_interfaces/ros_gz_interfaces/msg/altimeter.h
[11.453s] -- Installing: /home/cyberkanjousen/CLionProjects/ROS2_1/install/ros_gz_interfaces/include/ros_gz_interfaces/ros_gz_interfaces/msg/joint_wrench.h
[11.453s] -- Installing: /home/cyberkanjousen/CLionProjects/ROS2_1/install/ros_gz_interfaces/include/ros_gz_interfaces/ros_gz_interfaces/msg/entity_factory.h
[11.453s] -- Installing: /home/cyberkanjousen/CLionProjects/ROS2_1/install/ros_gz_interfaces/include/ros_gz_interfaces/ros_gz_interfaces/msg/string_vec.h
[11.454s] -- Up-to-date: /home/cyberkanjousen/CLionProjects/ROS2_1/install/ros_gz_interfaces/include/ros_gz_interfaces/ros_gz_interfaces/msg/detail
[11.454s] -- Installing: /home/cyberkanjousen/CLionProjects/ROS2_1/install/ros_gz_interfaces/include/ros_gz_interfaces/ros_gz_interfaces/msg/detail/contact__type_support.h
[11.454s] -- Installing: /home/cyberkanjousen/CLionProjects/ROS2_1/install/ros_gz_interfaces/include/ros_gz_interfaces/ros_gz_interfaces/msg/detail/float32_array__description.c
[11.454s] -- Installing: /home/cyberkanjousen/CLionProjects/ROS2_1/install/ros_gz_interfaces/include/ros_gz_interfaces/ros_gz_interfaces/msg/detail/gui_camera__type_support.c
[11.454s] -- Installing: /home/cyberkanjousen/CLionProjects/ROS2_1/install/ros_gz_interfaces/include/ros_gz_interfaces/ros_gz_interfaces/msg/detail/entity__type_support.c
[11.454s] -- Installing: /home/cyberkanjousen/CLionProjects/ROS2_1/install/ros_gz_interfaces/include/ros_gz_interfaces/ros_gz_interfaces/msg/detail/contact__description.c
[11.454s] -- Installing: /home/cyberkanjousen/CLionProjects/ROS2_1/install/ros_gz_interfaces/include/ros_gz_interfaces/ros_gz_interfaces/msg/detail/logical_camera_image_model__type_support.c
[11.454s] -- Installing: /home/cyberkanjousen/CLionProjects/ROS2_1/install/ros_gz_interfaces/include/ros_gz_interfaces/ros_gz_interfaces/msg/detail/world_reset__functions.h
[11.455s] -- Installing: /home/cyberkanjousen/CLionProjects/ROS2_1/install/ros_gz_interfaces/include/ros_gz_interfaces/ros_gz_interfaces/msg/detail/sensor_noise__type_support.h
[11.455s] -- Installing: /home/cyberkanjousen/CLionProjects/ROS2_1/install/ros_gz_interfaces/include/ros_gz_interfaces/ros_gz_interfaces/msg/detail/entity_wrench__functions.c
[11.455s] -- Installing: /home/cyberkanjousen/CLionProjects/ROS2_1/install/ros_gz_interfaces/include/ros_gz_interfaces/ros_gz_interfaces/msg/detail/entity_wrench__functions.h
[11.455s] -- Installing: /home/cyberkanjousen/CLionProjects/ROS2_1/install/ros_gz_interfaces/include/ros_gz_interfaces/ros_gz_interfaces/msg/detail/logical_camera_image__functions.c
[11.455s] -- Installing: /home/cyberkanjousen/CLionProjects/ROS2_1/install/ros_gz_interfaces/include/ros_gz_interfaces/ros_gz_interfaces/msg/detail/track_visual__struct.h
[11.455s] -- Installing: /home/cyberkanjousen/CLionProjects/ROS2_1/install/ros_gz_interfaces/include/ros_gz_interfaces/ros_gz_interfaces/msg/detail/sensor_noise__type_support.c
[11.455s] -- Installing: /home/cyberkanjousen/CLionProjects/ROS2_1/install/ros_gz_interfaces/include/ros_gz_interfaces/ros_gz_interfaces/msg/detail/light__description.c
[11.455s] -- Installing: /home/cyberkanjousen/CLionProjects/ROS2_1/install/ros_gz_interfaces/include/ros_gz_interfaces/ros_gz_interfaces/msg/detail/world_reset__type_support.c
[11.456s] -- Installing: /home/cyberkanjousen/CLionProjects/ROS2_1/install/ros_gz_interfaces/include/ros_gz_interfaces/ros_gz_interfaces/msg/detail/logical_camera_image__functions.h
[11.456s] -- Installing: /home/cyberkanjousen/CLionProjects/ROS2_1/install/ros_gz_interfaces/include/ros_gz_interfaces/ros_gz_interfaces/msg/detail/altimeter__struct.h
[11.456s] -- Installing: /home/cyberkanjousen/CLionProjects/ROS2_1/install/ros_gz_interfaces/include/ros_gz_interfaces/ros_gz_interfaces/msg/detail/joint_wrench__functions.h
[11.456s] -- Installing: /home/cyberkanjousen/CLionProjects/ROS2_1/install/ros_gz_interfaces/include/ros_gz_interfaces/ros_gz_interfaces/msg/detail/light__type_support.h
[11.456s] -- Installing: /home/cyberkanjousen/CLionProjects/ROS2_1/install/ros_gz_interfaces/include/ros_gz_interfaces/ros_gz_interfaces/msg/detail/param_vec__functions.c
[11.456s] -- Installing: /home/cyberkanjousen/CLionProjects/ROS2_1/install/ros_gz_interfaces/include/ros_gz_interfaces/ros_gz_interfaces/msg/detail/world_reset__description.c
[11.456s] -- Installing: /home/cyberkanjousen/CLionProjects/ROS2_1/install/ros_gz_interfaces/include/ros_gz_interfaces/ros_gz_interfaces/msg/detail/joint_wrench__type_support.h
[11.456s] -- Installing: /home/cyberkanjousen/CLionProjects/ROS2_1/install/ros_gz_interfaces/include/ros_gz_interfaces/ros_gz_interfaces/msg/detail/dataframe__type_support.h
[11.456s] -- Installing: /home/cyberkanjousen/CLionProjects/ROS2_1/install/ros_gz_interfaces/include/ros_gz_interfaces/ros_gz_interfaces/msg/detail/logical_camera_image__struct.h
[11.457s] -- Installing: /home/cyberkanjousen/CLionProjects/ROS2_1/install/ros_gz_interfaces/include/ros_gz_interfaces/ros_gz_interfaces/msg/detail/string_vec__type_support.c
[11.457s] -- Installing: /home/cyberkanjousen/CLionProjects/ROS2_1/install/ros_gz_interfaces/include/ros_gz_interfaces/ros_gz_interfaces/msg/detail/entity_wrench__type_support.h
[11.457s] -- Installing: /home/cyberkanjousen/CLionProjects/ROS2_1/install/ros_gz_interfaces/include/ros_gz_interfaces/ros_gz_interfaces/msg/detail/float32_array__type_support.h
[11.457s] -- Installing: /home/cyberkanjousen/CLionProjects/ROS2_1/install/ros_gz_interfaces/include/ros_gz_interfaces/ros_gz_interfaces/msg/detail/param_vec__functions.h
[11.457s] -- Installing: /home/cyberkanjousen/CLionProjects/ROS2_1/install/ros_gz_interfaces/include/ros_gz_interfaces/ros_gz_interfaces/msg/detail/material_color__functions.h
[11.457s] -- Installing: /home/cyberkanjousen/CLionProjects/ROS2_1/install/ros_gz_interfaces/include/ros_gz_interfaces/ros_gz_interfaces/msg/detail/logical_camera_image__type_support.c
[11.457s] -- Installing: /home/cyberkanjousen/CLionProjects/ROS2_1/install/ros_gz_interfaces/include/ros_gz_interfaces/ros_gz_interfaces/msg/detail/material_color__description.c
[11.457s] -- Installing: /home/cyberkanjousen/CLionProjects/ROS2_1/install/ros_gz_interfaces/include/ros_gz_interfaces/ros_gz_interfaces/msg/detail/dataframe__struct.h
[11.457s] -- Installing: /home/cyberkanjousen/CLionProjects/ROS2_1/install/ros_gz_interfaces/include/ros_gz_interfaces/ros_gz_interfaces/msg/detail/entity__type_support.h
[11.457s] -- Installing: /home/cyberkanjousen/CLionProjects/ROS2_1/install/ros_gz_interfaces/include/ros_gz_interfaces/ros_gz_interfaces/msg/detail/track_visual__description.c
[11.457s] -- Installing: /home/cyberkanjousen/CLionProjects/ROS2_1/install/ros_gz_interfaces/include/ros_gz_interfaces/ros_gz_interfaces/msg/detail/param_vec__description.c
[11.457s] -- Installing: /home/cyberkanjousen/CLionProjects/ROS2_1/install/ros_gz_interfaces/include/ros_gz_interfaces/ros_gz_interfaces/msg/detail/entity_factory__type_support.h
[11.457s] -- Installing: /home/cyberkanjousen/CLionProjects/ROS2_1/install/ros_gz_interfaces/include/ros_gz_interfaces/ros_gz_interfaces/msg/detail/logical_camera_image__type_support.h
[11.457s] -- Installing: /home/cyberkanjousen/CLionProjects/ROS2_1/install/ros_gz_interfaces/include/ros_gz_interfaces/ros_gz_interfaces/msg/detail/entity__functions.c
[11.458s] -- Installing: /home/cyberkanjousen/CLionProjects/ROS2_1/install/ros_gz_interfaces/include/ros_gz_interfaces/ros_gz_interfaces/msg/detail/world_reset__functions.c
[11.458s] -- Installing: /home/cyberkanjousen/CLionProjects/ROS2_1/install/ros_gz_interfaces/include/ros_gz_interfaces/ros_gz_interfaces/msg/detail/logical_camera_image_model__struct.h
[11.458s] -- Installing: /home/cyberkanjousen/CLionProjects/ROS2_1/install/ros_gz_interfaces/include/ros_gz_interfaces/ros_gz_interfaces/msg/detail/string_vec__functions.h
[11.458s] -- Installing: /home/cyberkanjousen/CLionProjects/ROS2_1/install/ros_gz_interfaces/include/ros_gz_interfaces/ros_gz_interfaces/msg/detail/float32_array__type_support.c
[11.458s] -- Installing: /home/cyberkanjousen/CLionProjects/ROS2_1/install/ros_gz_interfaces/include/ros_gz_interfaces/ros_gz_interfaces/msg/detail/altimeter__type_support.c
[11.458s] -- Installing: /home/cyberkanjousen/CLionProjects/ROS2_1/install/ros_gz_interfaces/include/ros_gz_interfaces/ros_gz_interfaces/msg/detail/sensor_noise__description.c
[11.458s] -- Installing: /home/cyberkanjousen/CLionProjects/ROS2_1/install/ros_gz_interfaces/include/ros_gz_interfaces/ros_gz_interfaces/msg/detail/contacts__type_support.h
[11.458s] -- Installing: /home/cyberkanjousen/CLionProjects/ROS2_1/install/ros_gz_interfaces/include/ros_gz_interfaces/ros_gz_interfaces/msg/detail/contact__struct.h
[11.458s] -- Installing: /home/cyberkanjousen/CLionProjects/ROS2_1/install/ros_gz_interfaces/include/ros_gz_interfaces/ros_gz_interfaces/msg/detail/video_record__type_support.h
[11.458s] -- Installing: /home/cyberkanjousen/CLionProjects/ROS2_1/install/ros_gz_interfaces/include/ros_gz_interfaces/ros_gz_interfaces/msg/detail/contact__functions.h
[11.458s] -- Installing: /home/cyberkanjousen/CLionProjects/ROS2_1/install/ros_gz_interfaces/include/ros_gz_interfaces/ros_gz_interfaces/msg/detail/logical_camera_image__description.c
[11.458s] -- Installing: /home/cyberkanjousen/CLionProjects/ROS2_1/install/ros_gz_interfaces/include/ros_gz_interfaces/ros_gz_interfaces/msg/detail/logical_camera_image_model__type_support.h
[11.458s] -- Installing: /home/cyberkanjousen/CLionProjects/ROS2_1/install/ros_gz_interfaces/include/ros_gz_interfaces/ros_gz_interfaces/msg/detail/material_color__type_support.h
[11.458s] -- Installing: /home/cyberkanjousen/CLionProjects/ROS2_1/install/ros_gz_interfaces/include/ros_gz_interfaces/ros_gz_interfaces/msg/detail/gui_camera__struct.h
[11.458s] -- Installing: /home/cyberkanjousen/CLionProjects/ROS2_1/install/ros_gz_interfaces/include/ros_gz_interfaces/ros_gz_interfaces/msg/detail/world_control__type_support.h
[11.458s] -- Installing: /home/cyberkanjousen/CLionProjects/ROS2_1/install/ros_gz_interfaces/include/ros_gz_interfaces/ros_gz_interfaces/msg/detail/contacts__struct.h
[11.458s] -- Installing: /home/cyberkanjousen/CLionProjects/ROS2_1/install/ros_gz_interfaces/include/ros_gz_interfaces/ros_gz_interfaces/msg/detail/param_vec__type_support.c
[11.458s] -- Installing: /home/cyberkanjousen/CLionProjects/ROS2_1/install/ros_gz_interfaces/include/ros_gz_interfaces/ros_gz_interfaces/msg/detail/dataframe__description.c
[11.458s] -- Installing: /home/cyberkanjousen/CLionProjects/ROS2_1/install/ros_gz_interfaces/include/ros_gz_interfaces/ros_gz_interfaces/msg/detail/world_reset__struct.h
[11.458s] -- Installing: /home/cyberkanjousen/CLionProjects/ROS2_1/install/ros_gz_interfaces/include/ros_gz_interfaces/ros_gz_interfaces/msg/detail/dataframe__type_support.c
[11.458s] -- Installing: /home/cyberkanjousen/CLionProjects/ROS2_1/install/ros_gz_interfaces/include/ros_gz_interfaces/ros_gz_interfaces/msg/detail/world_control__struct.h
[11.458s] -- Installing: /home/cyberkanjousen/CLionProjects/ROS2_1/install/ros_gz_interfaces/include/ros_gz_interfaces/ros_gz_interfaces/msg/detail/world_control__functions.h
[11.458s] -- Installing: /home/cyberkanjousen/CLionProjects/ROS2_1/install/ros_gz_interfaces/include/ros_gz_interfaces/ros_gz_interfaces/msg/detail/world_reset__type_support.h
[11.458s] -- Installing: /home/cyberkanjousen/CLionProjects/ROS2_1/install/ros_gz_interfaces/include/ros_gz_interfaces/ros_gz_interfaces/msg/detail/entity_factory__functions.h
[11.458s] -- Installing: /home/cyberkanjousen/CLionProjects/ROS2_1/install/ros_gz_interfaces/include/ros_gz_interfaces/ros_gz_interfaces/msg/detail/entity_wrench__type_support.c
[11.458s] -- Installing: /home/cyberkanjousen/CLionProjects/ROS2_1/install/ros_gz_interfaces/include/ros_gz_interfaces/ros_gz_interfaces/msg/detail/track_visual__functions.h
[11.459s] -- Installing: /home/cyberkanjousen/CLionProjects/ROS2_1/install/ros_gz_interfaces/include/ros_gz_interfaces/ros_gz_interfaces/msg/detail/video_record__functions.c
[11.459s] -- Installing: /home/cyberkanjousen/CLionProjects/ROS2_1/install/ros_gz_interfaces/include/ros_gz_interfaces/ros_gz_interfaces/msg/detail/world_control__type_support.c
[11.459s] -- Installing: /home/cyberkanjousen/CLionProjects/ROS2_1/install/ros_gz_interfaces/include/ros_gz_interfaces/ros_gz_interfaces/msg/detail/joint_wrench__functions.c
[11.459s] -- Installing: /home/cyberkanjousen/CLionProjects/ROS2_1/install/ros_gz_interfaces/include/ros_gz_interfaces/ros_gz_interfaces/msg/detail/entity_factory__functions.c
[11.459s] -- Installing: /home/cyberkanjousen/CLionProjects/ROS2_1/install/ros_gz_interfaces/include/ros_gz_interfaces/ros_gz_interfaces/msg/detail/joint_wrench__description.c
[11.459s] -- Installing: /home/cyberkanjousen/CLionProjects/ROS2_1/install/ros_gz_interfaces/include/ros_gz_interfaces/ros_gz_interfaces/msg/detail/entity__struct.h
[11.459s] -- Installing: /home/cyberkanjousen/CLionProjects/ROS2_1/install/ros_gz_interfaces/include/ros_gz_interfaces/ros_gz_interfaces/msg/detail/video_record__type_support.c
[11.459s] -- Installing: /home/cyberkanjousen/CLionProjects/ROS2_1/install/ros_gz_interfaces/include/ros_gz_interfaces/ros_gz_interfaces/msg/detail/gui_camera__description.c
[11.459s] -- Installing: /home/cyberkanjousen/CLionProjects/ROS2_1/install/ros_gz_interfaces/include/ros_gz_interfaces/ros_gz_interfaces/msg/detail/param_vec__type_support.h
[11.459s] -- Installing: /home/cyberkanjousen/CLionProjects/ROS2_1/install/ros_gz_interfaces/include/ros_gz_interfaces/ros_gz_interfaces/msg/detail/light__struct.h
[11.459s] -- Installing: /home/cyberkanjousen/CLionProjects/ROS2_1/install/ros_gz_interfaces/include/ros_gz_interfaces/ros_gz_interfaces/msg/detail/world_control__functions.c
[11.459s] -- Installing: /home/cyberkanjousen/CLionProjects/ROS2_1/install/ros_gz_interfaces/include/ros_gz_interfaces/ros_gz_interfaces/msg/detail/light__type_support.c
[11.459s] -- Installing: /home/cyberkanjousen/CLionProjects/ROS2_1/install/ros_gz_interfaces/include/ros_gz_interfaces/ros_gz_interfaces/msg/detail/entity_factory__description.c
[11.459s] -- Installing: /home/cyberkanjousen/CLionProjects/ROS2_1/install/ros_gz_interfaces/include/ros_gz_interfaces/ros_gz_interfaces/msg/detail/sensor_noise__struct.h
[11.459s] -- Installing: /home/cyberkanjousen/CLionProjects/ROS2_1/install/ros_gz_interfaces/include/ros_gz_interfaces/ros_gz_interfaces/msg/detail/float32_array__functions.c
[11.459s] -- Installing: /home/cyberkanjousen/CLionProjects/ROS2_1/install/ros_gz_interfaces/include/ros_gz_interfaces/ros_gz_interfaces/msg/detail/param_vec__struct.h
[11.459s] -- Installing: /home/cyberkanjousen/CLionProjects/ROS2_1/install/ros_gz_interfaces/include/ros_gz_interfaces/ros_gz_interfaces/msg/detail/contacts__description.c
[11.459s] -- Installing: /home/cyberkanjousen/CLionProjects/ROS2_1/install/ros_gz_interfaces/include/ros_gz_interfaces/ros_gz_interfaces/msg/detail/entity_factory__struct.h
[11.459s] -- Installing: /home/cyberkanjousen/CLionProjects/ROS2_1/install/ros_gz_interfaces/include/ros_gz_interfaces/ros_gz_interfaces/msg/detail/sensor_noise__functions.h
[11.459s] -- Installing: /home/cyberkanjousen/CLionProjects/ROS2_1/install/ros_gz_interfaces/include/ros_gz_interfaces/ros_gz_interfaces/msg/detail/material_color__struct.h
[11.459s] -- Installing: /home/cyberkanjousen/CLionProjects/ROS2_1/install/ros_gz_interfaces/include/ros_gz_interfaces/ros_gz_interfaces/msg/detail/track_visual__type_support.c
[11.459s] -- Installing: /home/cyberkanjousen/CLionProjects/ROS2_1/install/ros_gz_interfaces/include/ros_gz_interfaces/ros_gz_interfaces/msg/detail/dataframe__functions.h
[11.459s] -- Installing: /home/cyberkanjousen/CLionProjects/ROS2_1/install/ros_gz_interfaces/include/ros_gz_interfaces/ros_gz_interfaces/msg/detail/contact__functions.c
[11.460s] -- Installing: /home/cyberkanjousen/CLionProjects/ROS2_1/install/ros_gz_interfaces/include/ros_gz_interfaces/ros_gz_interfaces/msg/detail/float32_array__functions.h
[11.460s] -- Installing: /home/cyberkanjousen/CLionProjects/ROS2_1/install/ros_gz_interfaces/include/ros_gz_interfaces/ros_gz_interfaces/msg/detail/string_vec__functions.c
[11.460s] -- Installing: /home/cyberkanjousen/CLionProjects/ROS2_1/install/ros_gz_interfaces/include/ros_gz_interfaces/ros_gz_interfaces/msg/detail/track_visual__functions.c
[11.460s] -- Installing: /home/cyberkanjousen/CLionProjects/ROS2_1/install/ros_gz_interfaces/include/ros_gz_interfaces/ros_gz_interfaces/msg/detail/altimeter__type_support.h
[11.460s] -- Installing: /home/cyberkanjousen/CLionProjects/ROS2_1/install/ros_gz_interfaces/include/ros_gz_interfaces/ros_gz_interfaces/msg/detail/video_record__functions.h
[11.460s] -- Installing: /home/cyberkanjousen/CLionProjects/ROS2_1/install/ros_gz_interfaces/include/ros_gz_interfaces/ros_gz_interfaces/msg/detail/float32_array__struct.h
[11.460s] -- Installing: /home/cyberkanjousen/CLionProjects/ROS2_1/install/ros_gz_interfaces/include/ros_gz_interfaces/ros_gz_interfaces/msg/detail/entity_wrench__struct.h
[11.460s] -- Installing: /home/cyberkanjousen/CLionProjects/ROS2_1/install/ros_gz_interfaces/include/ros_gz_interfaces/ros_gz_interfaces/msg/detail/world_control__description.c
[11.460s] -- Installing: /home/cyberkanjousen/CLionProjects/ROS2_1/install/ros_gz_interfaces/include/ros_gz_interfaces/ros_gz_interfaces/msg/detail/contacts__type_support.c
[11.460s] -- Installing: /home/cyberkanjousen/CLionProjects/ROS2_1/install/ros_gz_interfaces/include/ros_gz_interfaces/ros_gz_interfaces/msg/detail/contact__type_support.c
[11.460s] -- Installing: /home/cyberkanjousen/CLionProjects/ROS2_1/install/ros_gz_interfaces/include/ros_gz_interfaces/ros_gz_interfaces/msg/detail/logical_camera_image_model__functions.h
[11.460s] -- Installing: /home/cyberkanjousen/CLionProjects/ROS2_1/install/ros_gz_interfaces/include/ros_gz_interfaces/ros_gz_interfaces/msg/detail/joint_wrench__type_support.c
[11.460s] -- Installing: /home/cyberkanjousen/CLionProjects/ROS2_1/install/ros_gz_interfaces/include/ros_gz_interfaces/ros_gz_interfaces/msg/detail/contacts__functions.c
[11.460s] -- Installing: /home/cyberkanjousen/CLionProjects/ROS2_1/install/ros_gz_interfaces/include/ros_gz_interfaces/ros_gz_interfaces/msg/detail/string_vec__struct.h
[11.460s] -- Installing: /home/cyberkanjousen/CLionProjects/ROS2_1/install/ros_gz_interfaces/include/ros_gz_interfaces/ros_gz_interfaces/msg/detail/gui_camera__type_support.h
[11.460s] -- Installing: /home/cyberkanjousen/CLionProjects/ROS2_1/install/ros_gz_interfaces/include/ros_gz_interfaces/ros_gz_interfaces/msg/detail/entity__functions.h
[11.460s] -- Installing: /home/cyberkanjousen/CLionProjects/ROS2_1/install/ros_gz_interfaces/include/ros_gz_interfaces/ros_gz_interfaces/msg/detail/entity__description.c
[11.460s] -- Installing: /home/cyberkanjousen/CLionProjects/ROS2_1/install/ros_gz_interfaces/include/ros_gz_interfaces/ros_gz_interfaces/msg/detail/entity_wrench__description.c
[11.460s] -- Installing: /home/cyberkanjousen/CLionProjects/ROS2_1/install/ros_gz_interfaces/include/ros_gz_interfaces/ros_gz_interfaces/msg/detail/sensor_noise__functions.c
[11.460s] -- Installing: /home/cyberkanjousen/CLionProjects/ROS2_1/install/ros_gz_interfaces/include/ros_gz_interfaces/ros_gz_interfaces/msg/detail/light__functions.c
[11.460s] -- Installing: /home/cyberkanjousen/CLionProjects/ROS2_1/install/ros_gz_interfaces/include/ros_gz_interfaces/ros_gz_interfaces/msg/detail/altimeter__functions.h
[11.460s] -- Installing: /home/cyberkanjousen/CLionProjects/ROS2_1/install/ros_gz_interfaces/include/ros_gz_interfaces/ros_gz_interfaces/msg/detail/track_visual__type_support.h
[11.461s] -- Installing: /home/cyberkanjousen/CLionProjects/ROS2_1/install/ros_gz_interfaces/include/ros_gz_interfaces/ros_gz_interfaces/msg/detail/dataframe__functions.c
[11.461s] -- Installing: /home/cyberkanjousen/CLionProjects/ROS2_1/install/ros_gz_interfaces/include/ros_gz_interfaces/ros_gz_interfaces/msg/detail/logical_camera_image_model__description.c
[11.461s] -- Installing: /home/cyberkanjousen/CLionProjects/ROS2_1/install/ros_gz_interfaces/include/ros_gz_interfaces/ros_gz_interfaces/msg/detail/joint_wrench__struct.h
[11.461s] -- Installing: /home/cyberkanjousen/CLionProjects/ROS2_1/install/ros_gz_interfaces/include/ros_gz_interfaces/ros_gz_interfaces/msg/detail/altimeter__functions.c
[11.461s] -- Installing: /home/cyberkanjousen/CLionProjects/ROS2_1/install/ros_gz_interfaces/include/ros_gz_interfaces/ros_gz_interfaces/msg/detail/video_record__struct.h
[11.461s] -- Installing: /home/cyberkanjousen/CLionProjects/ROS2_1/install/ros_gz_interfaces/include/ros_gz_interfaces/ros_gz_interfaces/msg/detail/entity_factory__type_support.c
[11.461s] -- Installing: /home/cyberkanjousen/CLionProjects/ROS2_1/install/ros_gz_interfaces/include/ros_gz_interfaces/ros_gz_interfaces/msg/detail/logical_camera_image_model__functions.c
[11.461s] -- Installing: /home/cyberkanjousen/CLionProjects/ROS2_1/install/ros_gz_interfaces/include/ros_gz_interfaces/ros_gz_interfaces/msg/detail/string_vec__description.c
[11.461s] -- Installing: /home/cyberkanjousen/CLionProjects/ROS2_1/install/ros_gz_interfaces/include/ros_gz_interfaces/ros_gz_interfaces/msg/detail/contacts__functions.h
[11.461s] -- Installing: /home/cyberkanjousen/CLionProjects/ROS2_1/install/ros_gz_interfaces/include/ros_gz_interfaces/ros_gz_interfaces/msg/detail/material_color__functions.c
[11.461s] -- Installing: /home/cyberkanjousen/CLionProjects/ROS2_1/install/ros_gz_interfaces/include/ros_gz_interfaces/ros_gz_interfaces/msg/detail/light__functions.h
[11.461s] -- Installing: /home/cyberkanjousen/CLionProjects/ROS2_1/install/ros_gz_interfaces/include/ros_gz_interfaces/ros_gz_interfaces/msg/detail/gui_camera__functions.h
[11.461s] -- Installing: /home/cyberkanjousen/CLionProjects/ROS2_1/install/ros_gz_interfaces/include/ros_gz_interfaces/ros_gz_interfaces/msg/detail/video_record__description.c
[11.461s] -- Installing: /home/cyberkanjousen/CLionProjects/ROS2_1/install/ros_gz_interfaces/include/ros_gz_interfaces/ros_gz_interfaces/msg/detail/material_color__type_support.c
[11.462s] -- Installing: /home/cyberkanjousen/CLionProjects/ROS2_1/install/ros_gz_interfaces/include/ros_gz_interfaces/ros_gz_interfaces/msg/detail/altimeter__description.c
[11.462s] -- Installing: /home/cyberkanjousen/CLionProjects/ROS2_1/install/ros_gz_interfaces/include/ros_gz_interfaces/ros_gz_interfaces/msg/detail/string_vec__type_support.h
[11.462s] -- Installing: /home/cyberkanjousen/CLionProjects/ROS2_1/install/ros_gz_interfaces/include/ros_gz_interfaces/ros_gz_interfaces/msg/detail/gui_camera__functions.c
[11.462s] -- Installing: /home/cyberkanjousen/CLionProjects/ROS2_1/install/ros_gz_interfaces/include/ros_gz_interfaces/ros_gz_interfaces/msg/entity_wrench.h
[11.462s] -- Installing: /home/cyberkanjousen/CLionProjects/ROS2_1/install/ros_gz_interfaces/include/ros_gz_interfaces/ros_gz_interfaces/msg/float32_array.h
[11.462s] -- Installing: /home/cyberkanjousen/CLionProjects/ROS2_1/install/ros_gz_interfaces/include/ros_gz_interfaces/ros_gz_interfaces/msg/logical_camera_image_model.h
[11.462s] -- Installing: /home/cyberkanjousen/CLionProjects/ROS2_1/install/ros_gz_interfaces/include/ros_gz_interfaces/ros_gz_interfaces/msg/sensor_noise.h
[11.462s] -- Installing: /home/cyberkanjousen/CLionProjects/ROS2_1/install/ros_gz_interfaces/include/ros_gz_interfaces/ros_gz_interfaces/msg/world_reset.h
[11.462s] -- Installing: /home/cyberkanjousen/CLionProjects/ROS2_1/install/ros_gz_interfaces/include/ros_gz_interfaces/ros_gz_interfaces/msg/rosidl_generator_c__visibility_control.h
[11.462s] -- Installing: /home/cyberkanjousen/CLionProjects/ROS2_1/install/ros_gz_interfaces/include/ros_gz_interfaces/ros_gz_interfaces/msg/dataframe.h
[11.462s] -- Installing: /home/cyberkanjousen/CLionProjects/ROS2_1/install/ros_gz_interfaces/include/ros_gz_interfaces/ros_gz_interfaces/msg/track_visual.h
[11.462s] -- Installing: /home/cyberkanjousen/CLionProjects/ROS2_1/install/ros_gz_interfaces/include/ros_gz_interfaces/ros_gz_interfaces/msg/contact.h
[11.462s] -- Installing: /home/cyberkanjousen/CLionProjects/ROS2_1/install/ros_gz_interfaces/include/ros_gz_interfaces/ros_gz_interfaces/msg/video_record.h
[11.462s] -- Installing: /home/cyberkanjousen/CLionProjects/ROS2_1/install/ros_gz_interfaces/include/ros_gz_interfaces/ros_gz_interfaces/msg/contacts.h
[11.462s] -- Installing: /home/cyberkanjousen/CLionProjects/ROS2_1/install/ros_gz_interfaces/include/ros_gz_interfaces/ros_gz_interfaces/msg/gui_camera.h
[11.463s] -- Installing: /home/cyberkanjousen/CLionProjects/ROS2_1/install/ros_gz_interfaces/include/ros_gz_interfaces/ros_gz_interfaces/msg/logical_camera_image.h
[11.463s] -- Installing: /home/cyberkanjousen/CLionProjects/ROS2_1/install/ros_gz_interfaces/include/ros_gz_interfaces/ros_gz_interfaces/msg/param_vec.h
[11.463s] -- Installing: /home/cyberkanjousen/CLionProjects/ROS2_1/install/ros_gz_interfaces/include/ros_gz_interfaces/ros_gz_interfaces/msg/entity.h
[11.463s] -- Installing: /home/cyberkanjousen/CLionProjects/ROS2_1/install/ros_gz_interfaces/include/ros_gz_interfaces/ros_gz_interfaces/msg/material_color.h
[11.463s] -- Installing: /home/cyberkanjousen/CLionProjects/ROS2_1/install/ros_gz_interfaces/include/ros_gz_interfaces/ros_gz_interfaces/msg/world_control.h
[11.463s] -- Installing: /home/cyberkanjousen/CLionProjects/ROS2_1/install/ros_gz_interfaces/include/ros_gz_interfaces/ros_gz_interfaces/msg/light.h
[11.463s] -- Up-to-date: /home/cyberkanjousen/CLionProjects/ROS2_1/install/ros_gz_interfaces/include/ros_gz_interfaces/ros_gz_interfaces/srv
[11.463s] -- Installing: /home/cyberkanjousen/CLionProjects/ROS2_1/install/ros_gz_interfaces/include/ros_gz_interfaces/ros_gz_interfaces/srv/set_entity_pose.h
[11.463s] -- Installing: /home/cyberkanjousen/CLionProjects/ROS2_1/install/ros_gz_interfaces/include/ros_gz_interfaces/ros_gz_interfaces/srv/control_world.h
[11.463s] -- Up-to-date: /home/cyberkanjousen/CLionProjects/ROS2_1/install/ros_gz_interfaces/include/ros_gz_interfaces/ros_gz_interfaces/srv/detail
[11.463s] -- Installing: /home/cyberkanjousen/CLionProjects/ROS2_1/install/ros_gz_interfaces/include/ros_gz_interfaces/ros_gz_interfaces/srv/detail/delete_entity__struct.h
[11.463s] -- Installing: /home/cyberkanjousen/CLionProjects/ROS2_1/install/ros_gz_interfaces/include/ros_gz_interfaces/ros_gz_interfaces/srv/detail/spawn_entity__type_support.c
[11.463s] -- Installing: /home/cyberkanjousen/CLionProjects/ROS2_1/install/ros_gz_interfaces/include/ros_gz_interfaces/ros_gz_interfaces/srv/detail/spawn_entity__type_support.h
[11.463s] -- Installing: /home/cyberkanjousen/CLionProjects/ROS2_1/install/ros_gz_interfaces/include/ros_gz_interfaces/ros_gz_interfaces/srv/detail/control_world__type_support.h
[11.463s] -- Installing: /home/cyberkanjousen/CLionProjects/ROS2_1/install/ros_gz_interfaces/include/ros_gz_interfaces/ros_gz_interfaces/srv/detail/delete_entity__functions.h
[11.463s] -- Installing: /home/cyberkanjousen/CLionProjects/ROS2_1/install/ros_gz_interfaces/include/ros_gz_interfaces/ros_gz_interfaces/srv/detail/delete_entity__description.c
[11.464s] -- Installing: /home/cyberkanjousen/CLionProjects/ROS2_1/install/ros_gz_interfaces/include/ros_gz_interfaces/ros_gz_interfaces/srv/detail/control_world__description.c
[11.464s] -- Installing: /home/cyberkanjousen/CLionProjects/ROS2_1/install/ros_gz_interfaces/include/ros_gz_interfaces/ros_gz_interfaces/srv/detail/spawn_entity__struct.h
[11.464s] -- Installing: /home/cyberkanjousen/CLionProjects/ROS2_1/install/ros_gz_interfaces/include/ros_gz_interfaces/ros_gz_interfaces/srv/detail/control_world__type_support.c
[11.464s] -- Installing: /home/cyberkanjousen/CLionProjects/ROS2_1/install/ros_gz_interfaces/include/ros_gz_interfaces/ros_gz_interfaces/srv/detail/set_entity_pose__type_support.h
[11.464s] -- Installing: /home/cyberkanjousen/CLionProjects/ROS2_1/install/ros_gz_interfaces/include/ros_gz_interfaces/ros_gz_interfaces/srv/detail/delete_entity__type_support.h
[11.464s] -- Installing: /home/cyberkanjousen/CLionProjects/ROS2_1/install/ros_gz_interfaces/include/ros_gz_interfaces/ros_gz_interfaces/srv/detail/set_entity_pose__struct.h
[11.464s] -- Installing: /home/cyberkanjousen/CLionProjects/ROS2_1/install/ros_gz_interfaces/include/ros_gz_interfaces/ros_gz_interfaces/srv/detail/spawn_entity__functions.c
[11.464s] -- Installing: /home/cyberkanjousen/CLionProjects/ROS2_1/install/ros_gz_interfaces/include/ros_gz_interfaces/ros_gz_interfaces/srv/detail/set_entity_pose__functions.c
[11.464s] -- Installing: /home/cyberkanjousen/CLionProjects/ROS2_1/install/ros_gz_interfaces/include/ros_gz_interfaces/ros_gz_interfaces/srv/detail/control_world__functions.h
[11.464s] -- Installing: /home/cyberkanjousen/CLionProjects/ROS2_1/install/ros_gz_interfaces/include/ros_gz_interfaces/ros_gz_interfaces/srv/detail/spawn_entity__description.c
[11.464s] -- Installing: /home/cyberkanjousen/CLionProjects/ROS2_1/install/ros_gz_interfaces/include/ros_gz_interfaces/ros_gz_interfaces/srv/detail/control_world__functions.c
[11.464s] -- Installing: /home/cyberkanjousen/CLionProjects/ROS2_1/install/ros_gz_interfaces/include/ros_gz_interfaces/ros_gz_interfaces/srv/detail/spawn_entity__functions.h
[11.464s] -- Installing: /home/cyberkanjousen/CLionProjects/ROS2_1/install/ros_gz_interfaces/include/ros_gz_interfaces/ros_gz_interfaces/srv/detail/delete_entity__type_support.c
[11.465s] -- Installing: /home/cyberkanjousen/CLionProjects/ROS2_1/install/ros_gz_interfaces/include/ros_gz_interfaces/ros_gz_interfaces/srv/detail/set_entity_pose__description.c
[11.465s] -- Installing: /home/cyberkanjousen/CLionProjects/ROS2_1/install/ros_gz_interfaces/include/ros_gz_interfaces/ros_gz_interfaces/srv/detail/set_entity_pose__type_support.c
[11.465s] -- Installing: /home/cyberkanjousen/CLionProjects/ROS2_1/install/ros_gz_interfaces/include/ros_gz_interfaces/ros_gz_interfaces/srv/detail/control_world__struct.h
[11.465s] -- Installing: /home/cyberkanjousen/CLionProjects/ROS2_1/install/ros_gz_interfaces/include/ros_gz_interfaces/ros_gz_interfaces/srv/detail/delete_entity__functions.c
[11.465s] -- Installing: /home/cyberkanjousen/CLionProjects/ROS2_1/install/ros_gz_interfaces/include/ros_gz_interfaces/ros_gz_interfaces/srv/detail/set_entity_pose__functions.h
[11.465s] -- Installing: /home/cyberkanjousen/CLionProjects/ROS2_1/install/ros_gz_interfaces/include/ros_gz_interfaces/ros_gz_interfaces/srv/spawn_entity.h
[11.465s] -- Installing: /home/cyberkanjousen/CLionProjects/ROS2_1/install/ros_gz_interfaces/include/ros_gz_interfaces/ros_gz_interfaces/srv/delete_entity.h
[11.465s] -- Up-to-date: /home/cyberkanjousen/CLionProjects/ROS2_1/install/ros_gz_interfaces/share/ros_gz_interfaces/environment/library_path.sh
[11.465s] -- Installing: /home/cyberkanjousen/CLionProjects/ROS2_1/install/ros_gz_interfaces/share/ros_gz_interfaces/environment/library_path.dsv
[11.465s] -- Installing: /home/cyberkanjousen/CLionProjects/ROS2_1/install/ros_gz_interfaces/lib/libros_gz_interfaces__rosidl_generator_c.so
[11.466s] -- Set non-toolchain portion of runtime path of "/home/cyberkanjousen/CLionProjects/ROS2_1/install/ros_gz_interfaces/lib/libros_gz_interfaces__rosidl_generator_c.so" to ""
[11.466s] -- Up-to-date: /home/cyberkanjousen/CLionProjects/ROS2_1/install/ros_gz_interfaces/include/ros_gz_interfaces/ros_gz_interfaces
[11.466s] -- Up-to-date: /home/cyberkanjousen/CLionProjects/ROS2_1/install/ros_gz_interfaces/include/ros_gz_interfaces/ros_gz_interfaces/msg
[11.466s] -- Up-to-date: /home/cyberkanjousen/CLionProjects/ROS2_1/install/ros_gz_interfaces/include/ros_gz_interfaces/ros_gz_interfaces/msg/detail
[11.466s] -- Installing: /home/cyberkanjousen/CLionProjects/ROS2_1/install/ros_gz_interfaces/include/ros_gz_interfaces/ros_gz_interfaces/msg/detail/float32_array__rosidl_typesupport_fastrtps_c.h
[11.466s] -- Installing: /home/cyberkanjousen/CLionProjects/ROS2_1/install/ros_gz_interfaces/include/ros_gz_interfaces/ros_gz_interfaces/msg/detail/sensor_noise__rosidl_typesupport_fastrtps_c.h
[11.466s] -- Installing: /home/cyberkanjousen/CLionProjects/ROS2_1/install/ros_gz_interfaces/include/ros_gz_interfaces/ros_gz_interfaces/msg/detail/altimeter__rosidl_typesupport_fastrtps_c.h
[11.466s] -- Installing: /home/cyberkanjousen/CLionProjects/ROS2_1/install/ros_gz_interfaces/include/ros_gz_interfaces/ros_gz_interfaces/msg/detail/contact__rosidl_typesupport_fastrtps_c.h
[11.466s] -- Installing: /home/cyberkanjousen/CLionProjects/ROS2_1/install/ros_gz_interfaces/include/ros_gz_interfaces/ros_gz_interfaces/msg/detail/entity__rosidl_typesupport_fastrtps_c.h
[11.466s] -- Installing: /home/cyberkanjousen/CLionProjects/ROS2_1/install/ros_gz_interfaces/include/ros_gz_interfaces/ros_gz_interfaces/msg/detail/entity_factory__rosidl_typesupport_fastrtps_c.h
[11.466s] -- Installing: /home/cyberkanjousen/CLionProjects/ROS2_1/install/ros_gz_interfaces/include/ros_gz_interfaces/ros_gz_interfaces/msg/detail/string_vec__rosidl_typesupport_fastrtps_c.h
[11.466s] -- Installing: /home/cyberkanjousen/CLionProjects/ROS2_1/install/ros_gz_interfaces/include/ros_gz_interfaces/ros_gz_interfaces/msg/detail/contacts__rosidl_typesupport_fastrtps_c.h
[11.466s] -- Installing: /home/cyberkanjousen/CLionProjects/ROS2_1/install/ros_gz_interfaces/include/ros_gz_interfaces/ros_gz_interfaces/msg/detail/logical_camera_image__rosidl_typesupport_fastrtps_c.h
[11.467s] -- Installing: /home/cyberkanjousen/CLionProjects/ROS2_1/install/ros_gz_interfaces/include/ros_gz_interfaces/ros_gz_interfaces/msg/detail/gui_camera__rosidl_typesupport_fastrtps_c.h
[11.467s] -- Installing: /home/cyberkanjousen/CLionProjects/ROS2_1/install/ros_gz_interfaces/include/ros_gz_interfaces/ros_gz_interfaces/msg/detail/dataframe__rosidl_typesupport_fastrtps_c.h
[11.467s] -- Installing: /home/cyberkanjousen/CLionProjects/ROS2_1/install/ros_gz_interfaces/include/ros_gz_interfaces/ros_gz_interfaces/msg/detail/material_color__rosidl_typesupport_fastrtps_c.h
[11.467s] -- Installing: /home/cyberkanjousen/CLionProjects/ROS2_1/install/ros_gz_interfaces/include/ros_gz_interfaces/ros_gz_interfaces/msg/detail/joint_wrench__rosidl_typesupport_fastrtps_c.h
[11.467s] -- Installing: /home/cyberkanjousen/CLionProjects/ROS2_1/install/ros_gz_interfaces/include/ros_gz_interfaces/ros_gz_interfaces/msg/detail/light__rosidl_typesupport_fastrtps_c.h
[11.467s] -- Installing: /home/cyberkanjousen/CLionProjects/ROS2_1/install/ros_gz_interfaces/include/ros_gz_interfaces/ros_gz_interfaces/msg/detail/world_control__rosidl_typesupport_fastrtps_c.h
[11.467s] -- Installing: /home/cyberkanjousen/CLionProjects/ROS2_1/install/ros_gz_interfaces/include/ros_gz_interfaces/ros_gz_interfaces/msg/detail/entity_wrench__rosidl_typesupport_fastrtps_c.h
[11.467s] -- Installing: /home/cyberkanjousen/CLionProjects/ROS2_1/install/ros_gz_interfaces/include/ros_gz_interfaces/ros_gz_interfaces/msg/detail/world_reset__rosidl_typesupport_fastrtps_c.h
[11.467s] -- Installing: /home/cyberkanjousen/CLionProjects/ROS2_1/install/ros_gz_interfaces/include/ros_gz_interfaces/ros_gz_interfaces/msg/detail/track_visual__rosidl_typesupport_fastrtps_c.h
[11.467s] -- Installing: /home/cyberkanjousen/CLionProjects/ROS2_1/install/ros_gz_interfaces/include/ros_gz_interfaces/ros_gz_interfaces/msg/detail/logical_camera_image_model__rosidl_typesupport_fastrtps_c.h
[11.467s] -- Installing: /home/cyberkanjousen/CLionProjects/ROS2_1/install/ros_gz_interfaces/include/ros_gz_interfaces/ros_gz_interfaces/msg/detail/video_record__rosidl_typesupport_fastrtps_c.h
[11.467s] -- Installing: /home/cyberkanjousen/CLionProjects/ROS2_1/install/ros_gz_interfaces/include/ros_gz_interfaces/ros_gz_interfaces/msg/detail/param_vec__rosidl_typesupport_fastrtps_c.h
[11.467s] -- Installing: /home/cyberkanjousen/CLionProjects/ROS2_1/install/ros_gz_interfaces/include/ros_gz_interfaces/ros_gz_interfaces/msg/rosidl_typesupport_fastrtps_c__visibility_control.h
[11.467s] -- Up-to-date: /home/cyberkanjousen/CLionProjects/ROS2_1/install/ros_gz_interfaces/include/ros_gz_interfaces/ros_gz_interfaces/srv
[11.468s] -- Up-to-date: /home/cyberkanjousen/CLionProjects/ROS2_1/install/ros_gz_interfaces/include/ros_gz_interfaces/ros_gz_interfaces/srv/detail
[11.468s] -- Installing: /home/cyberkanjousen/CLionProjects/ROS2_1/install/ros_gz_interfaces/include/ros_gz_interfaces/ros_gz_interfaces/srv/detail/set_entity_pose__rosidl_typesupport_fastrtps_c.h
[11.468s] -- Installing: /home/cyberkanjousen/CLionProjects/ROS2_1/install/ros_gz_interfaces/include/ros_gz_interfaces/ros_gz_interfaces/srv/detail/spawn_entity__rosidl_typesupport_fastrtps_c.h
[11.468s] -- Installing: /home/cyberkanjousen/CLionProjects/ROS2_1/install/ros_gz_interfaces/include/ros_gz_interfaces/ros_gz_interfaces/srv/detail/control_world__rosidl_typesupport_fastrtps_c.h
[11.468s] -- Installing: /home/cyberkanjousen/CLionProjects/ROS2_1/install/ros_gz_interfaces/include/ros_gz_interfaces/ros_gz_interfaces/srv/detail/delete_entity__rosidl_typesupport_fastrtps_c.h
[11.468s] -- Installing: /home/cyberkanjousen/CLionProjects/ROS2_1/install/ros_gz_interfaces/lib/libros_gz_interfaces__rosidl_typesupport_fastrtps_c.so
[11.468s] -- Set non-toolchain portion of runtime path of "/home/cyberkanjousen/CLionProjects/ROS2_1/install/ros_gz_interfaces/lib/libros_gz_interfaces__rosidl_typesupport_fastrtps_c.so" to ""
[11.468s] -- Up-to-date: /home/cyberkanjousen/CLionProjects/ROS2_1/install/ros_gz_interfaces/include/ros_gz_interfaces/ros_gz_interfaces
[11.468s] -- Up-to-date: /home/cyberkanjousen/CLionProjects/ROS2_1/install/ros_gz_interfaces/include/ros_gz_interfaces/ros_gz_interfaces/msg
[11.469s] -- Installing: /home/cyberkanjousen/CLionProjects/ROS2_1/install/ros_gz_interfaces/include/ros_gz_interfaces/ros_gz_interfaces/msg/world_reset.hpp
[11.469s] -- Installing: /home/cyberkanjousen/CLionProjects/ROS2_1/install/ros_gz_interfaces/include/ros_gz_interfaces/ros_gz_interfaces/msg/param_vec.hpp
[11.469s] -- Installing: /home/cyberkanjousen/CLionProjects/ROS2_1/install/ros_gz_interfaces/include/ros_gz_interfaces/ros_gz_interfaces/msg/logical_camera_image.hpp
[11.469s] -- Installing: /home/cyberkanjousen/CLionProjects/ROS2_1/install/ros_gz_interfaces/include/ros_gz_interfaces/ros_gz_interfaces/msg/contacts.hpp
[11.469s] -- Installing: /home/cyberkanjousen/CLionProjects/ROS2_1/install/ros_gz_interfaces/include/ros_gz_interfaces/ros_gz_interfaces/msg/float32_array.hpp
[11.469s] -- Up-to-date: /home/cyberkanjousen/CLionProjects/ROS2_1/install/ros_gz_interfaces/include/ros_gz_interfaces/ros_gz_interfaces/msg/detail
[11.469s] -- Installing: /home/cyberkanjousen/CLionProjects/ROS2_1/install/ros_gz_interfaces/include/ros_gz_interfaces/ros_gz_interfaces/msg/detail/string_vec__builder.hpp
[11.469s] -- Installing: /home/cyberkanjousen/CLionProjects/ROS2_1/install/ros_gz_interfaces/include/ros_gz_interfaces/ros_gz_interfaces/msg/detail/entity_factory__struct.hpp
[11.469s] -- Installing: /home/cyberkanjousen/CLionProjects/ROS2_1/install/ros_gz_interfaces/include/ros_gz_interfaces/ros_gz_interfaces/msg/detail/material_color__struct.hpp
[11.469s] -- Installing: /home/cyberkanjousen/CLionProjects/ROS2_1/install/ros_gz_interfaces/include/ros_gz_interfaces/ros_gz_interfaces/msg/detail/entity_wrench__type_support.hpp
[11.469s] -- Installing: /home/cyberkanjousen/CLionProjects/ROS2_1/install/ros_gz_interfaces/include/ros_gz_interfaces/ros_gz_interfaces/msg/detail/altimeter__traits.hpp
[11.469s] -- Installing: /home/cyberkanjousen/CLionProjects/ROS2_1/install/ros_gz_interfaces/include/ros_gz_interfaces/ros_gz_interfaces/msg/detail/entity_factory__builder.hpp
[11.469s] -- Installing: /home/cyberkanjousen/CLionProjects/ROS2_1/install/ros_gz_interfaces/include/ros_gz_interfaces/ros_gz_interfaces/msg/detail/string_vec__type_support.hpp
[11.469s] -- Installing: /home/cyberkanjousen/CLionProjects/ROS2_1/install/ros_gz_interfaces/include/ros_gz_interfaces/ros_gz_interfaces/msg/detail/altimeter__type_support.hpp
[11.469s] -- Installing: /home/cyberkanjousen/CLionProjects/ROS2_1/install/ros_gz_interfaces/include/ros_gz_interfaces/ros_gz_interfaces/msg/detail/float32_array__struct.hpp
[11.469s] -- Installing: /home/cyberkanjousen/CLionProjects/ROS2_1/install/ros_gz_interfaces/include/ros_gz_interfaces/ros_gz_interfaces/msg/detail/sensor_noise__builder.hpp
[11.469s] -- Installing: /home/cyberkanjousen/CLionProjects/ROS2_1/install/ros_gz_interfaces/include/ros_gz_interfaces/ros_gz_interfaces/msg/detail/contact__type_support.hpp
[11.470s] -- Installing: /home/cyberkanjousen/CLionProjects/ROS2_1/install/ros_gz_interfaces/include/ros_gz_interfaces/ros_gz_interfaces/msg/detail/gui_camera__struct.hpp
[11.470s] -- Installing: /home/cyberkanjousen/CLionProjects/ROS2_1/install/ros_gz_interfaces/include/ros_gz_interfaces/ros_gz_interfaces/msg/detail/gui_camera__builder.hpp
[11.470s] -- Installing: /home/cyberkanjousen/CLionProjects/ROS2_1/install/ros_gz_interfaces/include/ros_gz_interfaces/ros_gz_interfaces/msg/detail/light__builder.hpp
[11.470s] -- Installing: /home/cyberkanjousen/CLionProjects/ROS2_1/install/ros_gz_interfaces/include/ros_gz_interfaces/ros_gz_interfaces/msg/detail/material_color__builder.hpp
[11.470s] -- Installing: /home/cyberkanjousen/CLionProjects/ROS2_1/install/ros_gz_interfaces/include/ros_gz_interfaces/ros_gz_interfaces/msg/detail/track_visual__traits.hpp
[11.470s] -- Installing: /home/cyberkanjousen/CLionProjects/ROS2_1/install/ros_gz_interfaces/include/ros_gz_interfaces/ros_gz_interfaces/msg/detail/light__struct.hpp
[11.470s] -- Installing: /home/cyberkanjousen/CLionProjects/ROS2_1/install/ros_gz_interfaces/include/ros_gz_interfaces/ros_gz_interfaces/msg/detail/material_color__traits.hpp
[11.470s] -- Installing: /home/cyberkanjousen/CLionProjects/ROS2_1/install/ros_gz_interfaces/include/ros_gz_interfaces/ros_gz_interfaces/msg/detail/logical_camera_image__builder.hpp
[11.470s] -- Installing: /home/cyberkanjousen/CLionProjects/ROS2_1/install/ros_gz_interfaces/include/ros_gz_interfaces/ros_gz_interfaces/msg/detail/track_visual__builder.hpp
[11.470s] -- Installing: /home/cyberkanjousen/CLionProjects/ROS2_1/install/ros_gz_interfaces/include/ros_gz_interfaces/ros_gz_interfaces/msg/detail/string_vec__struct.hpp
[11.470s] -- Installing: /home/cyberkanjousen/CLionProjects/ROS2_1/install/ros_gz_interfaces/include/ros_gz_interfaces/ros_gz_interfaces/msg/detail/param_vec__builder.hpp
[11.470s] -- Installing: /home/cyberkanjousen/CLionProjects/ROS2_1/install/ros_gz_interfaces/include/ros_gz_interfaces/ros_gz_interfaces/msg/detail/contacts__type_support.hpp
[11.470s] -- Installing: /home/cyberkanjousen/CLionProjects/ROS2_1/install/ros_gz_interfaces/include/ros_gz_interfaces/ros_gz_interfaces/msg/detail/contact__struct.hpp
[11.470s] -- Installing: /home/cyberkanjousen/CLionProjects/ROS2_1/install/ros_gz_interfaces/include/ros_gz_interfaces/ros_gz_interfaces/msg/detail/dataframe__type_support.hpp
[11.471s] -- Installing: /home/cyberkanjousen/CLionProjects/ROS2_1/install/ros_gz_interfaces/include/ros_gz_interfaces/ros_gz_interfaces/msg/detail/sensor_noise__type_support.hpp
[11.471s] -- Installing: /home/cyberkanjousen/CLionProjects/ROS2_1/install/ros_gz_interfaces/include/ros_gz_interfaces/ros_gz_interfaces/msg/detail/world_control__type_support.hpp
[11.471s] -- Installing: /home/cyberkanjousen/CLionProjects/ROS2_1/install/ros_gz_interfaces/include/ros_gz_interfaces/ros_gz_interfaces/msg/detail/world_control__builder.hpp
[11.471s] -- Installing: /home/cyberkanjousen/CLionProjects/ROS2_1/install/ros_gz_interfaces/include/ros_gz_interfaces/ros_gz_interfaces/msg/detail/dataframe__struct.hpp
[11.471s] -- Installing: /home/cyberkanjousen/CLionProjects/ROS2_1/install/ros_gz_interfaces/include/ros_gz_interfaces/ros_gz_interfaces/msg/detail/contacts__builder.hpp
[11.471s] -- Installing: /home/cyberkanjousen/CLionProjects/ROS2_1/install/ros_gz_interfaces/include/ros_gz_interfaces/ros_gz_interfaces/msg/detail/light__type_support.hpp
[11.471s] -- Installing: /home/cyberkanjousen/CLionProjects/ROS2_1/install/ros_gz_interfaces/include/ros_gz_interfaces/ros_gz_interfaces/msg/detail/float32_array__type_support.hpp
[11.471s] -- Installing: /home/cyberkanjousen/CLionProjects/ROS2_1/install/ros_gz_interfaces/include/ros_gz_interfaces/ros_gz_interfaces/msg/detail/world_reset__traits.hpp
[11.471s] -- Installing: /home/cyberkanjousen/CLionProjects/ROS2_1/install/ros_gz_interfaces/include/ros_gz_interfaces/ros_gz_interfaces/msg/detail/logical_camera_image_model__builder.hpp
[11.471s] -- Installing: /home/cyberkanjousen/CLionProjects/ROS2_1/install/ros_gz_interfaces/include/ros_gz_interfaces/ros_gz_interfaces/msg/detail/joint_wrench__struct.hpp
[11.471s] -- Installing: /home/cyberkanjousen/CLionProjects/ROS2_1/install/ros_gz_interfaces/include/ros_gz_interfaces/ros_gz_interfaces/msg/detail/dataframe__builder.hpp
[11.472s] -- Installing: /home/cyberkanjousen/CLionProjects/ROS2_1/install/ros_gz_interfaces/include/ros_gz_interfaces/ros_gz_interfaces/msg/detail/entity_wrench__struct.hpp
[11.472s] -- Installing: /home/cyberkanjousen/CLionProjects/ROS2_1/install/ros_gz_interfaces/include/ros_gz_interfaces/ros_gz_interfaces/msg/detail/gui_camera__type_support.hpp
[11.472s] -- Installing: /home/cyberkanjousen/CLionProjects/ROS2_1/install/ros_gz_interfaces/include/ros_gz_interfaces/ros_gz_interfaces/msg/detail/entity_wrench__builder.hpp
[11.472s] -- Installing: /home/cyberkanjousen/CLionProjects/ROS2_1/install/ros_gz_interfaces/include/ros_gz_interfaces/ros_gz_interfaces/msg/detail/logical_camera_image_model__traits.hpp
[11.472s] -- Installing: /home/cyberkanjousen/CLionProjects/ROS2_1/install/ros_gz_interfaces/include/ros_gz_interfaces/ros_gz_interfaces/msg/detail/param_vec__traits.hpp
[11.472s] -- Installing: /home/cyberkanjousen/CLionProjects/ROS2_1/install/ros_gz_interfaces/include/ros_gz_interfaces/ros_gz_interfaces/msg/detail/contact__builder.hpp
[11.472s] -- Installing: /home/cyberkanjousen/CLionProjects/ROS2_1/install/ros_gz_interfaces/include/ros_gz_interfaces/ros_gz_interfaces/msg/detail/video_record__traits.hpp
[11.472s] -- Installing: /home/cyberkanjousen/CLionProjects/ROS2_1/install/ros_gz_interfaces/include/ros_gz_interfaces/ros_gz_interfaces/msg/detail/logical_camera_image__type_support.hpp
[11.472s] -- Installing: /home/cyberkanjousen/CLionProjects/ROS2_1/install/ros_gz_interfaces/include/ros_gz_interfaces/ros_gz_interfaces/msg/detail/string_vec__traits.hpp
[11.472s] -- Installing: /home/cyberkanjousen/CLionProjects/ROS2_1/install/ros_gz_interfaces/include/ros_gz_interfaces/ros_gz_interfaces/msg/detail/joint_wrench__builder.hpp
[11.472s] -- Installing: /home/cyberkanjousen/CLionProjects/ROS2_1/install/ros_gz_interfaces/include/ros_gz_interfaces/ros_gz_interfaces/msg/detail/altimeter__struct.hpp
[11.472s] -- Installing: /home/cyberkanjousen/CLionProjects/ROS2_1/install/ros_gz_interfaces/include/ros_gz_interfaces/ros_gz_interfaces/msg/detail/world_reset__builder.hpp
[11.472s] -- Installing: /home/cyberkanjousen/CLionProjects/ROS2_1/install/ros_gz_interfaces/include/ros_gz_interfaces/ros_gz_interfaces/msg/detail/param_vec__struct.hpp
[11.472s] -- Installing: /home/cyberkanjousen/CLionProjects/ROS2_1/install/ros_gz_interfaces/include/ros_gz_interfaces/ros_gz_interfaces/msg/detail/joint_wrench__traits.hpp
[11.473s] -- Installing: /home/cyberkanjousen/CLionProjects/ROS2_1/install/ros_gz_interfaces/include/ros_gz_interfaces/ros_gz_interfaces/msg/detail/world_reset__struct.hpp
[11.473s] -- Installing: /home/cyberkanjousen/CLionProjects/ROS2_1/install/ros_gz_interfaces/include/ros_gz_interfaces/ros_gz_interfaces/msg/detail/entity_wrench__traits.hpp
[11.473s] -- Installing: /home/cyberkanjousen/CLionProjects/ROS2_1/install/ros_gz_interfaces/include/ros_gz_interfaces/ros_gz_interfaces/msg/detail/param_vec__type_support.hpp
[11.473s] -- Installing: /home/cyberkanjousen/CLionProjects/ROS2_1/install/ros_gz_interfaces/include/ros_gz_interfaces/ros_gz_interfaces/msg/detail/world_control__traits.hpp
[11.473s] -- Installing: /home/cyberkanjousen/CLionProjects/ROS2_1/install/ros_gz_interfaces/include/ros_gz_interfaces/ros_gz_interfaces/msg/detail/gui_camera__traits.hpp
[11.473s] -- Installing: /home/cyberkanjousen/CLionProjects/ROS2_1/install/ros_gz_interfaces/include/ros_gz_interfaces/ros_gz_interfaces/msg/detail/entity__struct.hpp
[11.473s] -- Installing: /home/cyberkanjousen/CLionProjects/ROS2_1/install/ros_gz_interfaces/include/ros_gz_interfaces/ros_gz_interfaces/msg/detail/contacts__traits.hpp
[11.473s] -- Installing: /home/cyberkanjousen/CLionProjects/ROS2_1/install/ros_gz_interfaces/include/ros_gz_interfaces/ros_gz_interfaces/msg/detail/entity_factory__type_support.hpp
[11.473s] -- Installing: /home/cyberkanjousen/CLionProjects/ROS2_1/install/ros_gz_interfaces/include/ros_gz_interfaces/ros_gz_interfaces/msg/detail/float32_array__builder.hpp
[11.473s] -- Installing: /home/cyberkanjousen/CLionProjects/ROS2_1/install/ros_gz_interfaces/include/ros_gz_interfaces/ros_gz_interfaces/msg/detail/contacts__struct.hpp
[11.473s] -- Installing: /home/cyberkanjousen/CLionProjects/ROS2_1/install/ros_gz_interfaces/include/ros_gz_interfaces/ros_gz_interfaces/msg/detail/entity__type_support.hpp
[11.473s] -- Installing: /home/cyberkanjousen/CLionProjects/ROS2_1/install/ros_gz_interfaces/include/ros_gz_interfaces/ros_gz_interfaces/msg/detail/entity__builder.hpp
[11.473s] -- Installing: /home/cyberkanjousen/CLionProjects/ROS2_1/install/ros_gz_interfaces/include/ros_gz_interfaces/ros_gz_interfaces/msg/detail/entity__traits.hpp
[11.473s] -- Installing: /home/cyberkanjousen/CLionProjects/ROS2_1/install/ros_gz_interfaces/include/ros_gz_interfaces/ros_gz_interfaces/msg/detail/track_visual__struct.hpp
[11.474s] -- Installing: /home/cyberkanjousen/CLionProjects/ROS2_1/install/ros_gz_interfaces/include/ros_gz_interfaces/ros_gz_interfaces/msg/detail/light__traits.hpp
[11.474s] -- Installing: /home/cyberkanjousen/CLionProjects/ROS2_1/install/ros_gz_interfaces/include/ros_gz_interfaces/ros_gz_interfaces/msg/detail/dataframe__traits.hpp
[11.474s] -- Installing: /home/cyberkanjousen/CLionProjects/ROS2_1/install/ros_gz_interfaces/include/ros_gz_interfaces/ros_gz_interfaces/msg/detail/logical_camera_image_model__struct.hpp
[11.474s] -- Installing: /home/cyberkanjousen/CLionProjects/ROS2_1/install/ros_gz_interfaces/include/ros_gz_interfaces/ros_gz_interfaces/msg/detail/world_reset__type_support.hpp
[11.474s] -- Installing: /home/cyberkanjousen/CLionProjects/ROS2_1/install/ros_gz_interfaces/include/ros_gz_interfaces/ros_gz_interfaces/msg/detail/track_visual__type_support.hpp
[11.474s] -- Installing: /home/cyberkanjousen/CLionProjects/ROS2_1/install/ros_gz_interfaces/include/ros_gz_interfaces/ros_gz_interfaces/msg/detail/entity_factory__traits.hpp
[11.474s] -- Installing: /home/cyberkanjousen/CLionProjects/ROS2_1/install/ros_gz_interfaces/include/ros_gz_interfaces/ros_gz_interfaces/msg/detail/float32_array__traits.hpp
[11.474s] -- Installing: /home/cyberkanjousen/CLionProjects/ROS2_1/install/ros_gz_interfaces/include/ros_gz_interfaces/ros_gz_interfaces/msg/detail/logical_camera_image__struct.hpp
[11.474s] -- Installing: /home/cyberkanjousen/CLionProjects/ROS2_1/install/ros_gz_interfaces/include/ros_gz_interfaces/ros_gz_interfaces/msg/detail/sensor_noise__struct.hpp
[11.474s] -- Installing: /home/cyberkanjousen/CLionProjects/ROS2_1/install/ros_gz_interfaces/include/ros_gz_interfaces/ros_gz_interfaces/msg/detail/contact__traits.hpp
[11.474s] -- Installing: /home/cyberkanjousen/CLionProjects/ROS2_1/install/ros_gz_interfaces/include/ros_gz_interfaces/ros_gz_interfaces/msg/detail/sensor_noise__traits.hpp
[11.474s] -- Installing: /home/cyberkanjousen/CLionProjects/ROS2_1/install/ros_gz_interfaces/include/ros_gz_interfaces/ros_gz_interfaces/msg/detail/world_control__struct.hpp
[11.474s] -- Installing: /home/cyberkanjousen/CLionProjects/ROS2_1/install/ros_gz_interfaces/include/ros_gz_interfaces/ros_gz_interfaces/msg/detail/joint_wrench__type_support.hpp
[11.474s] -- Installing: /home/cyberkanjousen/CLionProjects/ROS2_1/install/ros_gz_interfaces/include/ros_gz_interfaces/ros_gz_interfaces/msg/detail/altimeter__builder.hpp
[11.475s] -- Installing: /home/cyberkanjousen/CLionProjects/ROS2_1/install/ros_gz_interfaces/include/ros_gz_interfaces/ros_gz_interfaces/msg/detail/material_color__type_support.hpp
[11.475s] -- Installing: /home/cyberkanjousen/CLionProjects/ROS2_1/install/ros_gz_interfaces/include/ros_gz_interfaces/ros_gz_interfaces/msg/detail/video_record__builder.hpp
[11.475s] -- Installing: /home/cyberkanjousen/CLionProjects/ROS2_1/install/ros_gz_interfaces/include/ros_gz_interfaces/ros_gz_interfaces/msg/detail/logical_camera_image_model__type_support.hpp
[11.475s] -- Installing: /home/cyberkanjousen/CLionProjects/ROS2_1/install/ros_gz_interfaces/include/ros_gz_interfaces/ros_gz_interfaces/msg/detail/video_record__struct.hpp
[11.475s] -- Installing: /home/cyberkanjousen/CLionProjects/ROS2_1/install/ros_gz_interfaces/include/ros_gz_interfaces/ros_gz_interfaces/msg/detail/video_record__type_support.hpp
[11.475s] -- Installing: /home/cyberkanjousen/CLionProjects/ROS2_1/install/ros_gz_interfaces/include/ros_gz_interfaces/ros_gz_interfaces/msg/detail/logical_camera_image__traits.hpp
[11.475s] -- Installing: /home/cyberkanjousen/CLionProjects/ROS2_1/install/ros_gz_interfaces/include/ros_gz_interfaces/ros_gz_interfaces/msg/light.hpp
[11.475s] -- Installing: /home/cyberkanjousen/CLionProjects/ROS2_1/install/ros_gz_interfaces/include/ros_gz_interfaces/ros_gz_interfaces/msg/dataframe.hpp
[11.475s] -- Installing: /home/cyberkanjousen/CLionProjects/ROS2_1/install/ros_gz_interfaces/include/ros_gz_interfaces/ros_gz_interfaces/msg/track_visual.hpp
[11.475s] -- Installing: /home/cyberkanjousen/CLionProjects/ROS2_1/install/ros_gz_interfaces/include/ros_gz_interfaces/ros_gz_interfaces/msg/contact.hpp
[11.475s] -- Installing: /home/cyberkanjousen/CLionProjects/ROS2_1/install/ros_gz_interfaces/include/ros_gz_interfaces/ros_gz_interfaces/msg/rosidl_generator_cpp__visibility_control.hpp
[11.475s] -- Installing: /home/cyberkanjousen/CLionProjects/ROS2_1/install/ros_gz_interfaces/include/ros_gz_interfaces/ros_gz_interfaces/msg/gui_camera.hpp
[11.475s] -- Installing: /home/cyberkanjousen/CLionProjects/ROS2_1/install/ros_gz_interfaces/include/ros_gz_interfaces/ros_gz_interfaces/msg/material_color.hpp
[11.476s] -- Installing: /home/cyberkanjousen/CLionProjects/ROS2_1/install/ros_gz_interfaces/include/ros_gz_interfaces/ros_gz_interfaces/msg/altimeter.hpp
[11.476s] -- Installing: /home/cyberkanjousen/CLionProjects/ROS2_1/install/ros_gz_interfaces/include/ros_gz_interfaces/ros_gz_interfaces/msg/string_vec.hpp
[11.476s] -- Installing: /home/cyberkanjousen/CLionProjects/ROS2_1/install/ros_gz_interfaces/include/ros_gz_interfaces/ros_gz_interfaces/msg/sensor_noise.hpp
[11.476s] -- Installing: /home/cyberkanjousen/CLionProjects/ROS2_1/install/ros_gz_interfaces/include/ros_gz_interfaces/ros_gz_interfaces/msg/entity.hpp
[11.476s] -- Installing: /home/cyberkanjousen/CLionProjects/ROS2_1/install/ros_gz_interfaces/include/ros_gz_interfaces/ros_gz_interfaces/msg/entity_factory.hpp
[11.476s] -- Installing: /home/cyberkanjousen/CLionProjects/ROS2_1/install/ros_gz_interfaces/include/ros_gz_interfaces/ros_gz_interfaces/msg/entity_wrench.hpp
[11.476s] -- Installing: /home/cyberkanjousen/CLionProjects/ROS2_1/install/ros_gz_interfaces/include/ros_gz_interfaces/ros_gz_interfaces/msg/world_control.hpp
[11.476s] -- Installing: /home/cyberkanjousen/CLionProjects/ROS2_1/install/ros_gz_interfaces/include/ros_gz_interfaces/ros_gz_interfaces/msg/joint_wrench.hpp
[11.476s] -- Installing: /home/cyberkanjousen/CLionProjects/ROS2_1/install/ros_gz_interfaces/include/ros_gz_interfaces/ros_gz_interfaces/msg/logical_camera_image_model.hpp
[11.476s] -- Installing: /home/cyberkanjousen/CLionProjects/ROS2_1/install/ros_gz_interfaces/include/ros_gz_interfaces/ros_gz_interfaces/msg/video_record.hpp
[11.476s] -- Up-to-date: /home/cyberkanjousen/CLionProjects/ROS2_1/install/ros_gz_interfaces/include/ros_gz_interfaces/ros_gz_interfaces/srv
[11.476s] -- Installing: /home/cyberkanjousen/CLionProjects/ROS2_1/install/ros_gz_interfaces/include/ros_gz_interfaces/ros_gz_interfaces/srv/set_entity_pose.hpp
[11.476s] -- Up-to-date: /home/cyberkanjousen/CLionProjects/ROS2_1/install/ros_gz_interfaces/include/ros_gz_interfaces/ros_gz_interfaces/srv/detail
[11.476s] -- Installing: /home/cyberkanjousen/CLionProjects/ROS2_1/install/ros_gz_interfaces/include/ros_gz_interfaces/ros_gz_interfaces/srv/detail/spawn_entity__type_support.hpp
[11.476s] -- Installing: /home/cyberkanjousen/CLionProjects/ROS2_1/install/ros_gz_interfaces/include/ros_gz_interfaces/ros_gz_interfaces/srv/detail/control_world__builder.hpp
[11.477s] -- Installing: /home/cyberkanjousen/CLionProjects/ROS2_1/install/ros_gz_interfaces/include/ros_gz_interfaces/ros_gz_interfaces/srv/detail/spawn_entity__builder.hpp
[11.477s] -- Installing: /home/cyberkanjousen/CLionProjects/ROS2_1/install/ros_gz_interfaces/include/ros_gz_interfaces/ros_gz_interfaces/srv/detail/delete_entity__struct.hpp
[11.477s] -- Installing: /home/cyberkanjousen/CLionProjects/ROS2_1/install/ros_gz_interfaces/include/ros_gz_interfaces/ros_gz_interfaces/srv/detail/control_world__traits.hpp
[11.477s] -- Installing: /home/cyberkanjousen/CLionProjects/ROS2_1/install/ros_gz_interfaces/include/ros_gz_interfaces/ros_gz_interfaces/srv/detail/delete_entity__type_support.hpp
[11.477s] -- Installing: /home/cyberkanjousen/CLionProjects/ROS2_1/install/ros_gz_interfaces/include/ros_gz_interfaces/ros_gz_interfaces/srv/detail/spawn_entity__struct.hpp
[11.477s] -- Installing: /home/cyberkanjousen/CLionProjects/ROS2_1/install/ros_gz_interfaces/include/ros_gz_interfaces/ros_gz_interfaces/srv/detail/delete_entity__builder.hpp
[11.477s] -- Installing: /home/cyberkanjousen/CLionProjects/ROS2_1/install/ros_gz_interfaces/include/ros_gz_interfaces/ros_gz_interfaces/srv/detail/set_entity_pose__builder.hpp
[11.477s] -- Installing: /home/cyberkanjousen/CLionProjects/ROS2_1/install/ros_gz_interfaces/include/ros_gz_interfaces/ros_gz_interfaces/srv/detail/spawn_entity__traits.hpp
[11.477s] -- Installing: /home/cyberkanjousen/CLionProjects/ROS2_1/install/ros_gz_interfaces/include/ros_gz_interfaces/ros_gz_interfaces/srv/detail/set_entity_pose__traits.hpp
[11.477s] -- Installing: /home/cyberkanjousen/CLionProjects/ROS2_1/install/ros_gz_interfaces/include/ros_gz_interfaces/ros_gz_interfaces/srv/detail/delete_entity__traits.hpp
[11.477s] -- Installing: /home/cyberkanjousen/CLionProjects/ROS2_1/install/ros_gz_interfaces/include/ros_gz_interfaces/ros_gz_interfaces/srv/detail/control_world__struct.hpp
[11.477s] -- Installing: /home/cyberkanjousen/CLionProjects/ROS2_1/install/ros_gz_interfaces/include/ros_gz_interfaces/ros_gz_interfaces/srv/detail/set_entity_pose__type_support.hpp
[11.477s] -- Installing: /home/cyberkanjousen/CLionProjects/ROS2_1/install/ros_gz_interfaces/include/ros_gz_interfaces/ros_gz_interfaces/srv/detail/set_entity_pose__struct.hpp
[11.477s] -- Installing: /home/cyberkanjousen/CLionProjects/ROS2_1/install/ros_gz_interfaces/include/ros_gz_interfaces/ros_gz_interfaces/srv/detail/control_world__type_support.hpp
[11.478s] -- Installing: /home/cyberkanjousen/CLionProjects/ROS2_1/install/ros_gz_interfaces/include/ros_gz_interfaces/ros_gz_interfaces/srv/control_world.hpp
[11.478s] -- Installing: /home/cyberkanjousen/CLionProjects/ROS2_1/install/ros_gz_interfaces/include/ros_gz_interfaces/ros_gz_interfaces/srv/spawn_entity.hpp
[11.478s] -- Installing: /home/cyberkanjousen/CLionProjects/ROS2_1/install/ros_gz_interfaces/include/ros_gz_interfaces/ros_gz_interfaces/srv/delete_entity.hpp
[11.478s] -- Up-to-date: /home/cyberkanjousen/CLionProjects/ROS2_1/install/ros_gz_interfaces/include/ros_gz_interfaces/ros_gz_interfaces
[11.478s] -- Up-to-date: /home/cyberkanjousen/CLionProjects/ROS2_1/install/ros_gz_interfaces/include/ros_gz_interfaces/ros_gz_interfaces/msg
[11.478s] -- Up-to-date: /home/cyberkanjousen/CLionProjects/ROS2_1/install/ros_gz_interfaces/include/ros_gz_interfaces/ros_gz_interfaces/msg/detail
[11.478s] -- Installing: /home/cyberkanjousen/CLionProjects/ROS2_1/install/ros_gz_interfaces/include/ros_gz_interfaces/ros_gz_interfaces/msg/detail/world_reset__rosidl_typesupport_fastrtps_cpp.hpp
[11.478s] -- Installing: /home/cyberkanjousen/CLionProjects/ROS2_1/install/ros_gz_interfaces/include/ros_gz_interfaces/ros_gz_interfaces/msg/detail/altimeter__rosidl_typesupport_fastrtps_cpp.hpp
[11.478s] -- Up-to-date: /home/cyberkanjousen/CLionProjects/ROS2_1/install/ros_gz_interfaces/include/ros_gz_interfaces/ros_gz_interfaces/msg/detail/dds_fastrtps
[11.478s] -- Installing: /home/cyberkanjousen/CLionProjects/ROS2_1/install/ros_gz_interfaces/include/ros_gz_interfaces/ros_gz_interfaces/msg/detail/material_color__rosidl_typesupport_fastrtps_cpp.hpp
[11.478s] -- Installing: /home/cyberkanjousen/CLionProjects/ROS2_1/install/ros_gz_interfaces/include/ros_gz_interfaces/ros_gz_interfaces/msg/detail/dataframe__rosidl_typesupport_fastrtps_cpp.hpp
[11.478s] -- Installing: /home/cyberkanjousen/CLionProjects/ROS2_1/install/ros_gz_interfaces/include/ros_gz_interfaces/ros_gz_interfaces/msg/detail/contacts__rosidl_typesupport_fastrtps_cpp.hpp
[11.478s] -- Installing: /home/cyberkanjousen/CLionProjects/ROS2_1/install/ros_gz_interfaces/include/ros_gz_interfaces/ros_gz_interfaces/msg/detail/string_vec__rosidl_typesupport_fastrtps_cpp.hpp
[11.478s] -- Installing: /home/cyberkanjousen/CLionProjects/ROS2_1/install/ros_gz_interfaces/include/ros_gz_interfaces/ros_gz_interfaces/msg/detail/video_record__rosidl_typesupport_fastrtps_cpp.hpp
[11.478s] -- Installing: /home/cyberkanjousen/CLionProjects/ROS2_1/install/ros_gz_interfaces/include/ros_gz_interfaces/ros_gz_interfaces/msg/detail/gui_camera__rosidl_typesupport_fastrtps_cpp.hpp
[11.479s] -- Installing: /home/cyberkanjousen/CLionProjects/ROS2_1/install/ros_gz_interfaces/include/ros_gz_interfaces/ros_gz_interfaces/msg/detail/world_control__rosidl_typesupport_fastrtps_cpp.hpp
[11.479s] -- Installing: /home/cyberkanjousen/CLionProjects/ROS2_1/install/ros_gz_interfaces/include/ros_gz_interfaces/ros_gz_interfaces/msg/detail/logical_camera_image_model__rosidl_typesupport_fastrtps_cpp.hpp
[11.479s] -- Installing: /home/cyberkanjousen/CLionProjects/ROS2_1/install/ros_gz_interfaces/include/ros_gz_interfaces/ros_gz_interfaces/msg/detail/track_visual__rosidl_typesupport_fastrtps_cpp.hpp
[11.479s] -- Installing: /home/cyberkanjousen/CLionProjects/ROS2_1/install/ros_gz_interfaces/include/ros_gz_interfaces/ros_gz_interfaces/msg/detail/param_vec__rosidl_typesupport_fastrtps_cpp.hpp
[11.479s] -- Installing: /home/cyberkanjousen/CLionProjects/ROS2_1/install/ros_gz_interfaces/include/ros_gz_interfaces/ros_gz_interfaces/msg/detail/contact__rosidl_typesupport_fastrtps_cpp.hpp
[11.479s] -- Installing: /home/cyberkanjousen/CLionProjects/ROS2_1/install/ros_gz_interfaces/include/ros_gz_interfaces/ros_gz_interfaces/msg/detail/logical_camera_image__rosidl_typesupport_fastrtps_cpp.hpp
[11.479s] -- Installing: /home/cyberkanjousen/CLionProjects/ROS2_1/install/ros_gz_interfaces/include/ros_gz_interfaces/ros_gz_interfaces/msg/detail/entity__rosidl_typesupport_fastrtps_cpp.hpp
[11.479s] -- Installing: /home/cyberkanjousen/CLionProjects/ROS2_1/install/ros_gz_interfaces/include/ros_gz_interfaces/ros_gz_interfaces/msg/detail/float32_array__rosidl_typesupport_fastrtps_cpp.hpp
[11.479s] -- Installing: /home/cyberkanjousen/CLionProjects/ROS2_1/install/ros_gz_interfaces/include/ros_gz_interfaces/ros_gz_interfaces/msg/detail/entity_wrench__rosidl_typesupport_fastrtps_cpp.hpp
[11.479s] -- Installing: /home/cyberkanjousen/CLionProjects/ROS2_1/install/ros_gz_interfaces/include/ros_gz_interfaces/ros_gz_interfaces/msg/detail/entity_factory__rosidl_typesupport_fastrtps_cpp.hpp
[11.479s] -- Installing: /home/cyberkanjousen/CLionProjects/ROS2_1/install/ros_gz_interfaces/include/ros_gz_interfaces/ros_gz_interfaces/msg/detail/joint_wrench__rosidl_typesupport_fastrtps_cpp.hpp
[11.479s] -- Installing: /home/cyberkanjousen/CLionProjects/ROS2_1/install/ros_gz_interfaces/include/ros_gz_interfaces/ros_gz_interfaces/msg/detail/sensor_noise__rosidl_typesupport_fastrtps_cpp.hpp
[11.479s] -- Installing: /home/cyberkanjousen/CLionProjects/ROS2_1/install/ros_gz_interfaces/include/ros_gz_interfaces/ros_gz_interfaces/msg/detail/light__rosidl_typesupport_fastrtps_cpp.hpp
[11.480s] -- Installing: /home/cyberkanjousen/CLionProjects/ROS2_1/install/ros_gz_interfaces/include/ros_gz_interfaces/ros_gz_interfaces/msg/rosidl_typesupport_fastrtps_cpp__visibility_control.h
[11.480s] -- Up-to-date: /home/cyberkanjousen/CLionProjects/ROS2_1/install/ros_gz_interfaces/include/ros_gz_interfaces/ros_gz_interfaces/srv
[11.480s] -- Up-to-date: /home/cyberkanjousen/CLionProjects/ROS2_1/install/ros_gz_interfaces/include/ros_gz_interfaces/ros_gz_interfaces/srv/detail
[11.480s] -- Installing: /home/cyberkanjousen/CLionProjects/ROS2_1/install/ros_gz_interfaces/include/ros_gz_interfaces/ros_gz_interfaces/srv/detail/control_world__rosidl_typesupport_fastrtps_cpp.hpp
[11.480s] -- Installing: /home/cyberkanjousen/CLionProjects/ROS2_1/install/ros_gz_interfaces/include/ros_gz_interfaces/ros_gz_interfaces/srv/detail/set_entity_pose__rosidl_typesupport_fastrtps_cpp.hpp
[11.480s] -- Up-to-date: /home/cyberkanjousen/CLionProjects/ROS2_1/install/ros_gz_interfaces/include/ros_gz_interfaces/ros_gz_interfaces/srv/detail/dds_fastrtps
[11.480s] -- Installing: /home/cyberkanjousen/CLionProjects/ROS2_1/install/ros_gz_interfaces/include/ros_gz_interfaces/ros_gz_interfaces/srv/detail/delete_entity__rosidl_typesupport_fastrtps_cpp.hpp
[11.480s] -- Installing: /home/cyberkanjousen/CLionProjects/ROS2_1/install/ros_gz_interfaces/include/ros_gz_interfaces/ros_gz_interfaces/srv/detail/spawn_entity__rosidl_typesupport_fastrtps_cpp.hpp
[11.480s] -- Installing: /home/cyberkanjousen/CLionProjects/ROS2_1/install/ros_gz_interfaces/lib/libros_gz_interfaces__rosidl_typesupport_fastrtps_cpp.so
[11.481s] -- Set non-toolchain portion of runtime path of "/home/cyberkanjousen/CLionProjects/ROS2_1/install/ros_gz_interfaces/lib/libros_gz_interfaces__rosidl_typesupport_fastrtps_cpp.so" to ""
[11.481s] -- Up-to-date: /home/cyberkanjousen/CLionProjects/ROS2_1/install/ros_gz_interfaces/include/ros_gz_interfaces/ros_gz_interfaces
[11.481s] -- Up-to-date: /home/cyberkanjousen/CLionProjects/ROS2_1/install/ros_gz_interfaces/include/ros_gz_interfaces/ros_gz_interfaces/msg
[11.481s] -- Up-to-date: /home/cyberkanjousen/CLionProjects/ROS2_1/install/ros_gz_interfaces/include/ros_gz_interfaces/ros_gz_interfaces/msg/detail
[11.481s] -- Installing: /home/cyberkanjousen/CLionProjects/ROS2_1/install/ros_gz_interfaces/include/ros_gz_interfaces/ros_gz_interfaces/msg/detail/gui_camera__type_support.c
[11.481s] -- Installing: /home/cyberkanjousen/CLionProjects/ROS2_1/install/ros_gz_interfaces/include/ros_gz_interfaces/ros_gz_interfaces/msg/detail/entity__type_support.c
[11.481s] -- Installing: /home/cyberkanjousen/CLionProjects/ROS2_1/install/ros_gz_interfaces/include/ros_gz_interfaces/ros_gz_interfaces/msg/detail/logical_camera_image_model__type_support.c
[11.481s] -- Installing: /home/cyberkanjousen/CLionProjects/ROS2_1/install/ros_gz_interfaces/include/ros_gz_interfaces/ros_gz_interfaces/msg/detail/sensor_noise__type_support.c
[11.481s] -- Installing: /home/cyberkanjousen/CLionProjects/ROS2_1/install/ros_gz_interfaces/include/ros_gz_interfaces/ros_gz_interfaces/msg/detail/world_reset__type_support.c
[11.481s] -- Installing: /home/cyberkanjousen/CLionProjects/ROS2_1/install/ros_gz_interfaces/include/ros_gz_interfaces/ros_gz_interfaces/msg/detail/light__rosidl_typesupport_introspection_c.h
[11.481s] -- Installing: /home/cyberkanjousen/CLionProjects/ROS2_1/install/ros_gz_interfaces/include/ros_gz_interfaces/ros_gz_interfaces/msg/detail/gui_camera__rosidl_typesupport_introspection_c.h
[11.482s] -- Installing: /home/cyberkanjousen/CLionProjects/ROS2_1/install/ros_gz_interfaces/include/ros_gz_interfaces/ros_gz_interfaces/msg/detail/float32_array__rosidl_typesupport_introspection_c.h
[11.482s] -- Installing: /home/cyberkanjousen/CLionProjects/ROS2_1/install/ros_gz_interfaces/include/ros_gz_interfaces/ros_gz_interfaces/msg/detail/string_vec__type_support.c
[11.482s] -- Installing: /home/cyberkanjousen/CLionProjects/ROS2_1/install/ros_gz_interfaces/include/ros_gz_interfaces/ros_gz_interfaces/msg/detail/entity_wrench__rosidl_typesupport_introspection_c.h
[11.482s] -- Installing: /home/cyberkanjousen/CLionProjects/ROS2_1/install/ros_gz_interfaces/include/ros_gz_interfaces/ros_gz_interfaces/msg/detail/logical_camera_image__type_support.c
[11.482s] -- Installing: /home/cyberkanjousen/CLionProjects/ROS2_1/install/ros_gz_interfaces/include/ros_gz_interfaces/ros_gz_interfaces/msg/detail/entity_factory__rosidl_typesupport_introspection_c.h
[11.482s] -- Installing: /home/cyberkanjousen/CLionProjects/ROS2_1/install/ros_gz_interfaces/include/ros_gz_interfaces/ros_gz_interfaces/msg/detail/float32_array__type_support.c
[11.482s] -- Installing: /home/cyberkanjousen/CLionProjects/ROS2_1/install/ros_gz_interfaces/include/ros_gz_interfaces/ros_gz_interfaces/msg/detail/altimeter__type_support.c
[11.482s] -- Installing: /home/cyberkanjousen/CLionProjects/ROS2_1/install/ros_gz_interfaces/include/ros_gz_interfaces/ros_gz_interfaces/msg/detail/param_vec__type_support.c
[11.482s] -- Installing: /home/cyberkanjousen/CLionProjects/ROS2_1/install/ros_gz_interfaces/include/ros_gz_interfaces/ros_gz_interfaces/msg/detail/dataframe__type_support.c
[11.482s] -- Installing: /home/cyberkanjousen/CLionProjects/ROS2_1/install/ros_gz_interfaces/include/ros_gz_interfaces/ros_gz_interfaces/msg/detail/entity_wrench__type_support.c
[11.482s] -- Installing: /home/cyberkanjousen/CLionProjects/ROS2_1/install/ros_gz_interfaces/include/ros_gz_interfaces/ros_gz_interfaces/msg/detail/world_control__type_support.c
[11.482s] -- Installing: /home/cyberkanjousen/CLionProjects/ROS2_1/install/ros_gz_interfaces/include/ros_gz_interfaces/ros_gz_interfaces/msg/detail/entity__rosidl_typesupport_introspection_c.h
[11.482s] -- Installing: /home/cyberkanjousen/CLionProjects/ROS2_1/install/ros_gz_interfaces/include/ros_gz_interfaces/ros_gz_interfaces/msg/detail/video_record__type_support.c
[11.482s] -- Installing: /home/cyberkanjousen/CLionProjects/ROS2_1/install/ros_gz_interfaces/include/ros_gz_interfaces/ros_gz_interfaces/msg/detail/dataframe__rosidl_typesupport_introspection_c.h
[11.482s] -- Installing: /home/cyberkanjousen/CLionProjects/ROS2_1/install/ros_gz_interfaces/include/ros_gz_interfaces/ros_gz_interfaces/msg/detail/contact__rosidl_typesupport_introspection_c.h
[11.482s] -- Installing: /home/cyberkanjousen/CLionProjects/ROS2_1/install/ros_gz_interfaces/include/ros_gz_interfaces/ros_gz_interfaces/msg/detail/light__type_support.c
[11.483s] -- Installing: /home/cyberkanjousen/CLionProjects/ROS2_1/install/ros_gz_interfaces/include/ros_gz_interfaces/ros_gz_interfaces/msg/detail/material_color__rosidl_typesupport_introspection_c.h
[11.483s] -- Installing: /home/cyberkanjousen/CLionProjects/ROS2_1/install/ros_gz_interfaces/include/ros_gz_interfaces/ros_gz_interfaces/msg/detail/param_vec__rosidl_typesupport_introspection_c.h
[11.483s] -- Installing: /home/cyberkanjousen/CLionProjects/ROS2_1/install/ros_gz_interfaces/include/ros_gz_interfaces/ros_gz_interfaces/msg/detail/string_vec__rosidl_typesupport_introspection_c.h
[11.483s] -- Installing: /home/cyberkanjousen/CLionProjects/ROS2_1/install/ros_gz_interfaces/include/ros_gz_interfaces/ros_gz_interfaces/msg/detail/track_visual__type_support.c
[11.483s] -- Installing: /home/cyberkanjousen/CLionProjects/ROS2_1/install/ros_gz_interfaces/include/ros_gz_interfaces/ros_gz_interfaces/msg/detail/contacts__type_support.c
[11.483s] -- Installing: /home/cyberkanjousen/CLionProjects/ROS2_1/install/ros_gz_interfaces/include/ros_gz_interfaces/ros_gz_interfaces/msg/detail/contact__type_support.c
[11.483s] -- Installing: /home/cyberkanjousen/CLionProjects/ROS2_1/install/ros_gz_interfaces/include/ros_gz_interfaces/ros_gz_interfaces/msg/detail/joint_wrench__type_support.c
[11.483s] -- Installing: /home/cyberkanjousen/CLionProjects/ROS2_1/install/ros_gz_interfaces/include/ros_gz_interfaces/ros_gz_interfaces/msg/detail/sensor_noise__rosidl_typesupport_introspection_c.h
[11.483s] -- Installing: /home/cyberkanjousen/CLionProjects/ROS2_1/install/ros_gz_interfaces/include/ros_gz_interfaces/ros_gz_interfaces/msg/detail/world_control__rosidl_typesupport_introspection_c.h
[11.483s] -- Installing: /home/cyberkanjousen/CLionProjects/ROS2_1/install/ros_gz_interfaces/include/ros_gz_interfaces/ros_gz_interfaces/msg/detail/altimeter__rosidl_typesupport_introspection_c.h
[11.483s] -- Installing: /home/cyberkanjousen/CLionProjects/ROS2_1/install/ros_gz_interfaces/include/ros_gz_interfaces/ros_gz_interfaces/msg/detail/world_reset__rosidl_typesupport_introspection_c.h
[11.483s] -- Installing: /home/cyberkanjousen/CLionProjects/ROS2_1/install/ros_gz_interfaces/include/ros_gz_interfaces/ros_gz_interfaces/msg/detail/logical_camera_image_model__rosidl_typesupport_introspection_c.h
[11.483s] -- Installing: /home/cyberkanjousen/CLionProjects/ROS2_1/install/ros_gz_interfaces/include/ros_gz_interfaces/ros_gz_interfaces/msg/detail/logical_camera_image__rosidl_typesupport_introspection_c.h
[11.484s] -- Installing: /home/cyberkanjousen/CLionProjects/ROS2_1/install/ros_gz_interfaces/include/ros_gz_interfaces/ros_gz_interfaces/msg/detail/contacts__rosidl_typesupport_introspection_c.h
[11.484s] -- Installing: /home/cyberkanjousen/CLionProjects/ROS2_1/install/ros_gz_interfaces/include/ros_gz_interfaces/ros_gz_interfaces/msg/detail/entity_factory__type_support.c
[11.484s] -- Installing: /home/cyberkanjousen/CLionProjects/ROS2_1/install/ros_gz_interfaces/include/ros_gz_interfaces/ros_gz_interfaces/msg/detail/video_record__rosidl_typesupport_introspection_c.h
[11.484s] -- Installing: /home/cyberkanjousen/CLionProjects/ROS2_1/install/ros_gz_interfaces/include/ros_gz_interfaces/ros_gz_interfaces/msg/detail/track_visual__rosidl_typesupport_introspection_c.h
[11.484s] -- Installing: /home/cyberkanjousen/CLionProjects/ROS2_1/install/ros_gz_interfaces/include/ros_gz_interfaces/ros_gz_interfaces/msg/detail/material_color__type_support.c
[11.484s] -- Installing: /home/cyberkanjousen/CLionProjects/ROS2_1/install/ros_gz_interfaces/include/ros_gz_interfaces/ros_gz_interfaces/msg/detail/joint_wrench__rosidl_typesupport_introspection_c.h
[11.484s] -- Installing: /home/cyberkanjousen/CLionProjects/ROS2_1/install/ros_gz_interfaces/include/ros_gz_interfaces/ros_gz_interfaces/msg/rosidl_typesupport_introspection_c__visibility_control.h
[11.484s] -- Up-to-date: /home/cyberkanjousen/CLionProjects/ROS2_1/install/ros_gz_interfaces/include/ros_gz_interfaces/ros_gz_interfaces/srv
[11.484s] -- Up-to-date: /home/cyberkanjousen/CLionProjects/ROS2_1/install/ros_gz_interfaces/include/ros_gz_interfaces/ros_gz_interfaces/srv/detail
[11.484s] -- Installing: /home/cyberkanjousen/CLionProjects/ROS2_1/install/ros_gz_interfaces/include/ros_gz_interfaces/ros_gz_interfaces/srv/detail/spawn_entity__rosidl_typesupport_introspection_c.h
[11.484s] -- Installing: /home/cyberkanjousen/CLionProjects/ROS2_1/install/ros_gz_interfaces/include/ros_gz_interfaces/ros_gz_interfaces/srv/detail/spawn_entity__type_support.c
[11.484s] -- Installing: /home/cyberkanjousen/CLionProjects/ROS2_1/install/ros_gz_interfaces/include/ros_gz_interfaces/ros_gz_interfaces/srv/detail/control_world__type_support.c
[11.484s] -- Installing: /home/cyberkanjousen/CLionProjects/ROS2_1/install/ros_gz_interfaces/include/ros_gz_interfaces/ros_gz_interfaces/srv/detail/set_entity_pose__rosidl_typesupport_introspection_c.h
[11.484s] -- Installing: /home/cyberkanjousen/CLionProjects/ROS2_1/install/ros_gz_interfaces/include/ros_gz_interfaces/ros_gz_interfaces/srv/detail/control_world__rosidl_typesupport_introspection_c.h
[11.485s] -- Installing: /home/cyberkanjousen/CLionProjects/ROS2_1/install/ros_gz_interfaces/include/ros_gz_interfaces/ros_gz_interfaces/srv/detail/delete_entity__rosidl_typesupport_introspection_c.h
[11.485s] -- Installing: /home/cyberkanjousen/CLionProjects/ROS2_1/install/ros_gz_interfaces/include/ros_gz_interfaces/ros_gz_interfaces/srv/detail/delete_entity__type_support.c
[11.485s] -- Installing: /home/cyberkanjousen/CLionProjects/ROS2_1/install/ros_gz_interfaces/include/ros_gz_interfaces/ros_gz_interfaces/srv/detail/set_entity_pose__type_support.c
[11.485s] -- Installing: /home/cyberkanjousen/CLionProjects/ROS2_1/install/ros_gz_interfaces/lib/libros_gz_interfaces__rosidl_typesupport_introspection_c.so
[11.485s] -- Set non-toolchain portion of runtime path of "/home/cyberkanjousen/CLionProjects/ROS2_1/install/ros_gz_interfaces/lib/libros_gz_interfaces__rosidl_typesupport_introspection_c.so" to ""
[11.485s] -- Installing: /home/cyberkanjousen/CLionProjects/ROS2_1/install/ros_gz_interfaces/lib/libros_gz_interfaces__rosidl_typesupport_c.so
[11.485s] -- Set non-toolchain portion of runtime path of "/home/cyberkanjousen/CLionProjects/ROS2_1/install/ros_gz_interfaces/lib/libros_gz_interfaces__rosidl_typesupport_c.so" to ""
[11.486s] -- Up-to-date: /home/cyberkanjousen/CLionProjects/ROS2_1/install/ros_gz_interfaces/include/ros_gz_interfaces/ros_gz_interfaces
[11.486s] -- Up-to-date: /home/cyberkanjousen/CLionProjects/ROS2_1/install/ros_gz_interfaces/include/ros_gz_interfaces/ros_gz_interfaces/msg
[11.486s] -- Up-to-date: /home/cyberkanjousen/CLionProjects/ROS2_1/install/ros_gz_interfaces/include/ros_gz_interfaces/ros_gz_interfaces/msg/detail
[11.486s] -- Installing: /home/cyberkanjousen/CLionProjects/ROS2_1/install/ros_gz_interfaces/include/ros_gz_interfaces/ros_gz_interfaces/msg/detail/video_record__rosidl_typesupport_introspection_cpp.hpp
[11.486s] -- Installing: /home/cyberkanjousen/CLionProjects/ROS2_1/install/ros_gz_interfaces/include/ros_gz_interfaces/ros_gz_interfaces/msg/detail/track_visual__rosidl_typesupport_introspection_cpp.hpp
[11.486s] -- Installing: /home/cyberkanjousen/CLionProjects/ROS2_1/install/ros_gz_interfaces/include/ros_gz_interfaces/ros_gz_interfaces/msg/detail/contact__rosidl_typesupport_introspection_cpp.hpp
[11.486s] -- Installing: /home/cyberkanjousen/CLionProjects/ROS2_1/install/ros_gz_interfaces/include/ros_gz_interfaces/ros_gz_interfaces/msg/detail/logical_camera_image_model__type_support.cpp
[11.486s] -- Installing: /home/cyberkanjousen/CLionProjects/ROS2_1/install/ros_gz_interfaces/include/ros_gz_interfaces/ros_gz_interfaces/msg/detail/float32_array__type_support.cpp
[11.486s] -- Installing: /home/cyberkanjousen/CLionProjects/ROS2_1/install/ros_gz_interfaces/include/ros_gz_interfaces/ros_gz_interfaces/msg/detail/float32_array__rosidl_typesupport_introspection_cpp.hpp
[11.486s] -- Installing: /home/cyberkanjousen/CLionProjects/ROS2_1/install/ros_gz_interfaces/include/ros_gz_interfaces/ros_gz_interfaces/msg/detail/material_color__rosidl_typesupport_introspection_cpp.hpp
[11.486s] -- Installing: /home/cyberkanjousen/CLionProjects/ROS2_1/install/ros_gz_interfaces/include/ros_gz_interfaces/ros_gz_interfaces/msg/detail/sensor_noise__type_support.cpp
[11.486s] -- Installing: /home/cyberkanjousen/CLionProjects/ROS2_1/install/ros_gz_interfaces/include/ros_gz_interfaces/ros_gz_interfaces/msg/detail/material_color__type_support.cpp
[11.486s] -- Installing: /home/cyberkanjousen/CLionProjects/ROS2_1/install/ros_gz_interfaces/include/ros_gz_interfaces/ros_gz_interfaces/msg/detail/world_reset__rosidl_typesupport_introspection_cpp.hpp
[11.486s] -- Installing: /home/cyberkanjousen/CLionProjects/ROS2_1/install/ros_gz_interfaces/include/ros_gz_interfaces/ros_gz_interfaces/msg/detail/gui_camera__type_support.cpp
[11.486s] -- Installing: /home/cyberkanjousen/CLionProjects/ROS2_1/install/ros_gz_interfaces/include/ros_gz_interfaces/ros_gz_interfaces/msg/detail/string_vec__rosidl_typesupport_introspection_cpp.hpp
[11.487s] -- Installing: /home/cyberkanjousen/CLionProjects/ROS2_1/install/ros_gz_interfaces/include/ros_gz_interfaces/ros_gz_interfaces/msg/detail/param_vec__rosidl_typesupport_introspection_cpp.hpp
[11.487s] -- Installing: /home/cyberkanjousen/CLionProjects/ROS2_1/install/ros_gz_interfaces/include/ros_gz_interfaces/ros_gz_interfaces/msg/detail/contacts__rosidl_typesupport_introspection_cpp.hpp
[11.487s] -- Installing: /home/cyberkanjousen/CLionProjects/ROS2_1/install/ros_gz_interfaces/include/ros_gz_interfaces/ros_gz_interfaces/msg/detail/altimeter__rosidl_typesupport_introspection_cpp.hpp
[11.487s] -- Installing: /home/cyberkanjousen/CLionProjects/ROS2_1/install/ros_gz_interfaces/include/ros_gz_interfaces/ros_gz_interfaces/msg/detail/joint_wrench__type_support.cpp
[11.487s] -- Installing: /home/cyberkanjousen/CLionProjects/ROS2_1/install/ros_gz_interfaces/include/ros_gz_interfaces/ros_gz_interfaces/msg/detail/world_control__type_support.cpp
[11.487s] -- Installing: /home/cyberkanjousen/CLionProjects/ROS2_1/install/ros_gz_interfaces/include/ros_gz_interfaces/ros_gz_interfaces/msg/detail/light__rosidl_typesupport_introspection_cpp.hpp
[11.487s] -- Installing: /home/cyberkanjousen/CLionProjects/ROS2_1/install/ros_gz_interfaces/include/ros_gz_interfaces/ros_gz_interfaces/msg/detail/dataframe__rosidl_typesupport_introspection_cpp.hpp
[11.487s] -- Installing: /home/cyberkanjousen/CLionProjects/ROS2_1/install/ros_gz_interfaces/include/ros_gz_interfaces/ros_gz_interfaces/msg/detail/entity_factory__rosidl_typesupport_introspection_cpp.hpp
[11.487s] -- Installing: /home/cyberkanjousen/CLionProjects/ROS2_1/install/ros_gz_interfaces/include/ros_gz_interfaces/ros_gz_interfaces/msg/detail/logical_camera_image__type_support.cpp
[11.487s] -- Installing: /home/cyberkanjousen/CLionProjects/ROS2_1/install/ros_gz_interfaces/include/ros_gz_interfaces/ros_gz_interfaces/msg/detail/entity_factory__type_support.cpp
[11.487s] -- Installing: /home/cyberkanjousen/CLionProjects/ROS2_1/install/ros_gz_interfaces/include/ros_gz_interfaces/ros_gz_interfaces/msg/detail/dataframe__type_support.cpp
[11.487s] -- Installing: /home/cyberkanjousen/CLionProjects/ROS2_1/install/ros_gz_interfaces/include/ros_gz_interfaces/ros_gz_interfaces/msg/detail/contact__type_support.cpp
[11.487s] -- Installing: /home/cyberkanjousen/CLionProjects/ROS2_1/install/ros_gz_interfaces/include/ros_gz_interfaces/ros_gz_interfaces/msg/detail/video_record__type_support.cpp
[11.488s] -- Installing: /home/cyberkanjousen/CLionProjects/ROS2_1/install/ros_gz_interfaces/include/ros_gz_interfaces/ros_gz_interfaces/msg/detail/altimeter__type_support.cpp
[11.488s] -- Installing: /home/cyberkanjousen/CLionProjects/ROS2_1/install/ros_gz_interfaces/include/ros_gz_interfaces/ros_gz_interfaces/msg/detail/joint_wrench__rosidl_typesupport_introspection_cpp.hpp
[11.488s] -- Installing: /home/cyberkanjousen/CLionProjects/ROS2_1/install/ros_gz_interfaces/include/ros_gz_interfaces/ros_gz_interfaces/msg/detail/world_control__rosidl_typesupport_introspection_cpp.hpp
[11.488s] -- Installing: /home/cyberkanjousen/CLionProjects/ROS2_1/install/ros_gz_interfaces/include/ros_gz_interfaces/ros_gz_interfaces/msg/detail/sensor_noise__rosidl_typesupport_introspection_cpp.hpp
[11.488s] -- Installing: /home/cyberkanjousen/CLionProjects/ROS2_1/install/ros_gz_interfaces/include/ros_gz_interfaces/ros_gz_interfaces/msg/detail/logical_camera_image__rosidl_typesupport_introspection_cpp.hpp
[11.488s] -- Installing: /home/cyberkanjousen/CLionProjects/ROS2_1/install/ros_gz_interfaces/include/ros_gz_interfaces/ros_gz_interfaces/msg/detail/entity_wrench__type_support.cpp
[11.488s] -- Installing: /home/cyberkanjousen/CLionProjects/ROS2_1/install/ros_gz_interfaces/include/ros_gz_interfaces/ros_gz_interfaces/msg/detail/gui_camera__rosidl_typesupport_introspection_cpp.hpp
[11.488s] -- Installing: /home/cyberkanjousen/CLionProjects/ROS2_1/install/ros_gz_interfaces/include/ros_gz_interfaces/ros_gz_interfaces/msg/detail/string_vec__type_support.cpp
[11.488s] -- Installing: /home/cyberkanjousen/CLionProjects/ROS2_1/install/ros_gz_interfaces/include/ros_gz_interfaces/ros_gz_interfaces/msg/detail/light__type_support.cpp
[11.488s] -- Installing: /home/cyberkanjousen/CLionProjects/ROS2_1/install/ros_gz_interfaces/include/ros_gz_interfaces/ros_gz_interfaces/msg/detail/world_reset__type_support.cpp
[11.488s] -- Installing: /home/cyberkanjousen/CLionProjects/ROS2_1/install/ros_gz_interfaces/include/ros_gz_interfaces/ros_gz_interfaces/msg/detail/entity__type_support.cpp
[11.488s] -- Installing: /home/cyberkanjousen/CLionProjects/ROS2_1/install/ros_gz_interfaces/include/ros_gz_interfaces/ros_gz_interfaces/msg/detail/track_visual__type_support.cpp
[11.488s] -- Installing: /home/cyberkanjousen/CLionProjects/ROS2_1/install/ros_gz_interfaces/include/ros_gz_interfaces/ros_gz_interfaces/msg/detail/param_vec__type_support.cpp
[11.489s] -- Installing: /home/cyberkanjousen/CLionProjects/ROS2_1/install/ros_gz_interfaces/include/ros_gz_interfaces/ros_gz_interfaces/msg/detail/contacts__type_support.cpp
[11.489s] -- Installing: /home/cyberkanjousen/CLionProjects/ROS2_1/install/ros_gz_interfaces/include/ros_gz_interfaces/ros_gz_interfaces/msg/detail/entity_wrench__rosidl_typesupport_introspection_cpp.hpp
[11.489s] -- Installing: /home/cyberkanjousen/CLionProjects/ROS2_1/install/ros_gz_interfaces/include/ros_gz_interfaces/ros_gz_interfaces/msg/detail/logical_camera_image_model__rosidl_typesupport_introspection_cpp.hpp
[11.489s] -- Installing: /home/cyberkanjousen/CLionProjects/ROS2_1/install/ros_gz_interfaces/include/ros_gz_interfaces/ros_gz_interfaces/msg/detail/entity__rosidl_typesupport_introspection_cpp.hpp
[11.489s] -- Up-to-date: /home/cyberkanjousen/CLionProjects/ROS2_1/install/ros_gz_interfaces/include/ros_gz_interfaces/ros_gz_interfaces/srv
[11.489s] -- Up-to-date: /home/cyberkanjousen/CLionProjects/ROS2_1/install/ros_gz_interfaces/include/ros_gz_interfaces/ros_gz_interfaces/srv/detail
[11.489s] -- Installing: /home/cyberkanjousen/CLionProjects/ROS2_1/install/ros_gz_interfaces/include/ros_gz_interfaces/ros_gz_interfaces/srv/detail/delete_entity__type_support.cpp
[11.489s] -- Installing: /home/cyberkanjousen/CLionProjects/ROS2_1/install/ros_gz_interfaces/include/ros_gz_interfaces/ros_gz_interfaces/srv/detail/set_entity_pose__rosidl_typesupport_introspection_cpp.hpp
[11.489s] -- Installing: /home/cyberkanjousen/CLionProjects/ROS2_1/install/ros_gz_interfaces/include/ros_gz_interfaces/ros_gz_interfaces/srv/detail/control_world__rosidl_typesupport_introspection_cpp.hpp
[11.489s] -- Installing: /home/cyberkanjousen/CLionProjects/ROS2_1/install/ros_gz_interfaces/include/ros_gz_interfaces/ros_gz_interfaces/srv/detail/spawn_entity__type_support.cpp
[11.489s] -- Installing: /home/cyberkanjousen/CLionProjects/ROS2_1/install/ros_gz_interfaces/include/ros_gz_interfaces/ros_gz_interfaces/srv/detail/spawn_entity__rosidl_typesupport_introspection_cpp.hpp
[11.489s] -- Installing: /home/cyberkanjousen/CLionProjects/ROS2_1/install/ros_gz_interfaces/include/ros_gz_interfaces/ros_gz_interfaces/srv/detail/set_entity_pose__type_support.cpp
[11.489s] -- Installing: /home/cyberkanjousen/CLionProjects/ROS2_1/install/ros_gz_interfaces/include/ros_gz_interfaces/ros_gz_interfaces/srv/detail/control_world__type_support.cpp
[11.489s] -- Installing: /home/cyberkanjousen/CLionProjects/ROS2_1/install/ros_gz_interfaces/include/ros_gz_interfaces/ros_gz_interfaces/srv/detail/delete_entity__rosidl_typesupport_introspection_cpp.hpp
[11.490s] -- Installing: /home/cyberkanjousen/CLionProjects/ROS2_1/install/ros_gz_interfaces/lib/libros_gz_interfaces__rosidl_typesupport_introspection_cpp.so
[11.490s] -- Set non-toolchain portion of runtime path of "/home/cyberkanjousen/CLionProjects/ROS2_1/install/ros_gz_interfaces/lib/libros_gz_interfaces__rosidl_typesupport_introspection_cpp.so" to ""
[11.490s] -- Installing: /home/cyberkanjousen/CLionProjects/ROS2_1/install/ros_gz_interfaces/lib/libros_gz_interfaces__rosidl_typesupport_cpp.so
[11.491s] -- Set non-toolchain portion of runtime path of "/home/cyberkanjousen/CLionProjects/ROS2_1/install/ros_gz_interfaces/lib/libros_gz_interfaces__rosidl_typesupport_cpp.so" to ""
[11.491s] -- Installing: /home/cyberkanjousen/CLionProjects/ROS2_1/install/ros_gz_interfaces/share/ros_gz_interfaces/environment/pythonpath.sh
[11.491s] -- Installing: /home/cyberkanjousen/CLionProjects/ROS2_1/install/ros_gz_interfaces/share/ros_gz_interfaces/environment/pythonpath.dsv
[11.491s] -- Up-to-date: /home/cyberkanjousen/CLionProjects/ROS2_1/install/ros_gz_interfaces/lib/python3.12/site-packages/ros_gz_interfaces-3.0.4-py3.12.egg-info
[11.491s] -- Installing: /home/cyberkanjousen/CLionProjects/ROS2_1/install/ros_gz_interfaces/lib/python3.12/site-packages/ros_gz_interfaces-3.0.4-py3.12.egg-info/PKG-INFO
[11.491s] -- Installing: /home/cyberkanjousen/CLionProjects/ROS2_1/install/ros_gz_interfaces/lib/python3.12/site-packages/ros_gz_interfaces-3.0.4-py3.12.egg-info/top_level.txt
[11.491s] -- Installing: /home/cyberkanjousen/CLionProjects/ROS2_1/install/ros_gz_interfaces/lib/python3.12/site-packages/ros_gz_interfaces-3.0.4-py3.12.egg-info/SOURCES.txt
[11.491s] -- Installing: /home/cyberkanjousen/CLionProjects/ROS2_1/install/ros_gz_interfaces/lib/python3.12/site-packages/ros_gz_interfaces-3.0.4-py3.12.egg-info/dependency_links.txt
[11.491s] -- Up-to-date: /home/cyberkanjousen/CLionProjects/ROS2_1/install/ros_gz_interfaces/lib/python3.12/site-packages/ros_gz_interfaces
[11.491s] -- Installing: /home/cyberkanjousen/CLionProjects/ROS2_1/install/ros_gz_interfaces/lib/python3.12/site-packages/ros_gz_interfaces/ros_gz_interfaces_s__rosidl_typesupport_introspection_c.so
[11.492s] -- Installing: /home/cyberkanjousen/CLionProjects/ROS2_1/install/ros_gz_interfaces/lib/python3.12/site-packages/ros_gz_interfaces/_ros_gz_interfaces_s.ep.rosidl_typesupport_c.c
[11.492s] -- Installing: /home/cyberkanjousen/CLionProjects/ROS2_1/install/ros_gz_interfaces/lib/python3.12/site-packages/ros_gz_interfaces/_ros_gz_interfaces_s.ep.rosidl_typesupport_introspection_c.c
[11.492s] -- Installing: /home/cyberkanjousen/CLionProjects/ROS2_1/install/ros_gz_interfaces/lib/python3.12/site-packages/ros_gz_interfaces/ros_gz_interfaces_s__rosidl_typesupport_fastrtps_c.so
[11.492s] -- Installing: /home/cyberkanjousen/CLionProjects/ROS2_1/install/ros_gz_interfaces/lib/python3.12/site-packages/ros_gz_interfaces/ros_gz_interfaces_s__rosidl_typesupport_c.so
[11.492s] -- Up-to-date: /home/cyberkanjousen/CLionProjects/ROS2_1/install/ros_gz_interfaces/lib/python3.12/site-packages/ros_gz_interfaces/msg
[11.492s] -- Installing: /home/cyberkanjousen/CLionProjects/ROS2_1/install/ros_gz_interfaces/lib/python3.12/site-packages/ros_gz_interfaces/msg/_track_visual.py
[11.492s] -- Installing: /home/cyberkanjousen/CLionProjects/ROS2_1/install/ros_gz_interfaces/lib/python3.12/site-packages/ros_gz_interfaces/msg/_param_vec_s.c
[11.492s] -- Installing: /home/cyberkanjousen/CLionProjects/ROS2_1/install/ros_gz_interfaces/lib/python3.12/site-packages/ros_gz_interfaces/msg/_joint_wrench.py
[11.492s] -- Installing: /home/cyberkanjousen/CLionProjects/ROS2_1/install/ros_gz_interfaces/lib/python3.12/site-packages/ros_gz_interfaces/msg/_float32_array.py
[11.492s] -- Installing: /home/cyberkanjousen/CLionProjects/ROS2_1/install/ros_gz_interfaces/lib/python3.12/site-packages/ros_gz_interfaces/msg/_string_vec_s.c
[11.493s] -- Installing: /home/cyberkanjousen/CLionProjects/ROS2_1/install/ros_gz_interfaces/lib/python3.12/site-packages/ros_gz_interfaces/msg/_joint_wrench_s.c
[11.493s] -- Installing: /home/cyberkanjousen/CLionProjects/ROS2_1/install/ros_gz_interfaces/lib/python3.12/site-packages/ros_gz_interfaces/msg/_video_record.py
[11.493s] -- Installing: /home/cyberkanjousen/CLionProjects/ROS2_1/install/ros_gz_interfaces/lib/python3.12/site-packages/ros_gz_interfaces/msg/_track_visual_s.c
[11.493s] -- Installing: /home/cyberkanjousen/CLionProjects/ROS2_1/install/ros_gz_interfaces/lib/python3.12/site-packages/ros_gz_interfaces/msg/_contacts_s.c
[11.493s] -- Installing: /home/cyberkanjousen/CLionProjects/ROS2_1/install/ros_gz_interfaces/lib/python3.12/site-packages/ros_gz_interfaces/msg/_world_reset_s.c
[11.493s] -- Installing: /home/cyberkanjousen/CLionProjects/ROS2_1/install/ros_gz_interfaces/lib/python3.12/site-packages/ros_gz_interfaces/msg/_gui_camera_s.c
[11.493s] -- Installing: /home/cyberkanjousen/CLionProjects/ROS2_1/install/ros_gz_interfaces/lib/python3.12/site-packages/ros_gz_interfaces/msg/_contact_s.c
[11.493s] -- Installing: /home/cyberkanjousen/CLionProjects/ROS2_1/install/ros_gz_interfaces/lib/python3.12/site-packages/ros_gz_interfaces/msg/_string_vec.py
[11.493s] -- Installing: /home/cyberkanjousen/CLionProjects/ROS2_1/install/ros_gz_interfaces/lib/python3.12/site-packages/ros_gz_interfaces/msg/_altimeter_s.c
[11.493s] -- Installing: /home/cyberkanjousen/CLionProjects/ROS2_1/install/ros_gz_interfaces/lib/python3.12/site-packages/ros_gz_interfaces/msg/_video_record_s.c
[11.493s] -- Installing: /home/cyberkanjousen/CLionProjects/ROS2_1/install/ros_gz_interfaces/lib/python3.12/site-packages/ros_gz_interfaces/msg/_logical_camera_image_model_s.c
[11.493s] -- Installing: /home/cyberkanjousen/CLionProjects/ROS2_1/install/ros_gz_interfaces/lib/python3.12/site-packages/ros_gz_interfaces/msg/_dataframe_s.c
[11.493s] -- Installing: /home/cyberkanjousen/CLionProjects/ROS2_1/install/ros_gz_interfaces/lib/python3.12/site-packages/ros_gz_interfaces/msg/_light.py
[11.494s] -- Installing: /home/cyberkanjousen/CLionProjects/ROS2_1/install/ros_gz_interfaces/lib/python3.12/site-packages/ros_gz_interfaces/msg/_sensor_noise.py
[11.494s] -- Installing: /home/cyberkanjousen/CLionProjects/ROS2_1/install/ros_gz_interfaces/lib/python3.12/site-packages/ros_gz_interfaces/msg/_sensor_noise_s.c
[11.494s] -- Installing: /home/cyberkanjousen/CLionProjects/ROS2_1/install/ros_gz_interfaces/lib/python3.12/site-packages/ros_gz_interfaces/msg/__init__.py
[11.494s] -- Installing: /home/cyberkanjousen/CLionProjects/ROS2_1/install/ros_gz_interfaces/lib/python3.12/site-packages/ros_gz_interfaces/msg/_logical_camera_image.py
[11.494s] -- Installing: /home/cyberkanjousen/CLionProjects/ROS2_1/install/ros_gz_interfaces/lib/python3.12/site-packages/ros_gz_interfaces/msg/_light_s.c
[11.494s] -- Installing: /home/cyberkanjousen/CLionProjects/ROS2_1/install/ros_gz_interfaces/lib/python3.12/site-packages/ros_gz_interfaces/msg/_contacts.py
[11.494s] -- Installing: /home/cyberkanjousen/CLionProjects/ROS2_1/install/ros_gz_interfaces/lib/python3.12/site-packages/ros_gz_interfaces/msg/_contact.py
[11.494s] -- Installing: /home/cyberkanjousen/CLionProjects/ROS2_1/install/ros_gz_interfaces/lib/python3.12/site-packages/ros_gz_interfaces/msg/_logical_camera_image_model.py
[11.494s] -- Installing: /home/cyberkanjousen/CLionProjects/ROS2_1/install/ros_gz_interfaces/lib/python3.12/site-packages/ros_gz_interfaces/msg/_float32_array_s.c
[11.494s] -- Installing: /home/cyberkanjousen/CLionProjects/ROS2_1/install/ros_gz_interfaces/lib/python3.12/site-packages/ros_gz_interfaces/msg/_material_color.py
[11.494s] -- Installing: /home/cyberkanjousen/CLionProjects/ROS2_1/install/ros_gz_interfaces/lib/python3.12/site-packages/ros_gz_interfaces/msg/_entity_wrench_s.c
[11.494s] -- Installing: /home/cyberkanjousen/CLionProjects/ROS2_1/install/ros_gz_interfaces/lib/python3.12/site-packages/ros_gz_interfaces/msg/_param_vec.py
[11.494s] -- Installing: /home/cyberkanjousen/CLionProjects/ROS2_1/install/ros_gz_interfaces/lib/python3.12/site-packages/ros_gz_interfaces/msg/_entity_factory.py
[11.494s] -- Installing: /home/cyberkanjousen/CLionProjects/ROS2_1/install/ros_gz_interfaces/lib/python3.12/site-packages/ros_gz_interfaces/msg/_world_reset.py
[11.495s] -- Installing: /home/cyberkanjousen/CLionProjects/ROS2_1/install/ros_gz_interfaces/lib/python3.12/site-packages/ros_gz_interfaces/msg/_entity_factory_s.c
[11.495s] -- Installing: /home/cyberkanjousen/CLionProjects/ROS2_1/install/ros_gz_interfaces/lib/python3.12/site-packages/ros_gz_interfaces/msg/_entity_s.c
[11.495s] -- Installing: /home/cyberkanjousen/CLionProjects/ROS2_1/install/ros_gz_interfaces/lib/python3.12/site-packages/ros_gz_interfaces/msg/_entity.py
[11.495s] -- Installing: /home/cyberkanjousen/CLionProjects/ROS2_1/install/ros_gz_interfaces/lib/python3.12/site-packages/ros_gz_interfaces/msg/_material_color_s.c
[11.495s] -- Installing: /home/cyberkanjousen/CLionProjects/ROS2_1/install/ros_gz_interfaces/lib/python3.12/site-packages/ros_gz_interfaces/msg/_world_control.py
[11.495s] -- Installing: /home/cyberkanjousen/CLionProjects/ROS2_1/install/ros_gz_interfaces/lib/python3.12/site-packages/ros_gz_interfaces/msg/_world_control_s.c
[11.495s] -- Installing: /home/cyberkanjousen/CLionProjects/ROS2_1/install/ros_gz_interfaces/lib/python3.12/site-packages/ros_gz_interfaces/msg/_entity_wrench.py
[11.495s] -- Installing: /home/cyberkanjousen/CLionProjects/ROS2_1/install/ros_gz_interfaces/lib/python3.12/site-packages/ros_gz_interfaces/msg/_logical_camera_image_s.c
[11.495s] -- Installing: /home/cyberkanjousen/CLionProjects/ROS2_1/install/ros_gz_interfaces/lib/python3.12/site-packages/ros_gz_interfaces/msg/_altimeter.py
[11.495s] -- Installing: /home/cyberkanjousen/CLionProjects/ROS2_1/install/ros_gz_interfaces/lib/python3.12/site-packages/ros_gz_interfaces/msg/_dataframe.py
[11.495s] -- Installing: /home/cyberkanjousen/CLionProjects/ROS2_1/install/ros_gz_interfaces/lib/python3.12/site-packages/ros_gz_interfaces/msg/_gui_camera.py
[11.495s] -- Installing: /home/cyberkanjousen/CLionProjects/ROS2_1/install/ros_gz_interfaces/lib/python3.12/site-packages/ros_gz_interfaces/__init__.py
[11.495s] -- Installing: /home/cyberkanjousen/CLionProjects/ROS2_1/install/ros_gz_interfaces/lib/python3.12/site-packages/ros_gz_interfaces/_ros_gz_interfaces_s.ep.rosidl_typesupport_fastrtps_c.c
[11.496s] -- Up-to-date: /home/cyberkanjousen/CLionProjects/ROS2_1/install/ros_gz_interfaces/lib/python3.12/site-packages/ros_gz_interfaces/srv
[11.496s] -- Installing: /home/cyberkanjousen/CLionProjects/ROS2_1/install/ros_gz_interfaces/lib/python3.12/site-packages/ros_gz_interfaces/srv/_control_world_s.c
[11.496s] -- Installing: /home/cyberkanjousen/CLionProjects/ROS2_1/install/ros_gz_interfaces/lib/python3.12/site-packages/ros_gz_interfaces/srv/_spawn_entity_s.c
[11.496s] -- Installing: /home/cyberkanjousen/CLionProjects/ROS2_1/install/ros_gz_interfaces/lib/python3.12/site-packages/ros_gz_interfaces/srv/_control_world.py
[11.496s] -- Installing: /home/cyberkanjousen/CLionProjects/ROS2_1/install/ros_gz_interfaces/lib/python3.12/site-packages/ros_gz_interfaces/srv/_spawn_entity.py
[11.496s] -- Installing: /home/cyberkanjousen/CLionProjects/ROS2_1/install/ros_gz_interfaces/lib/python3.12/site-packages/ros_gz_interfaces/srv/__init__.py
[11.496s] -- Installing: /home/cyberkanjousen/CLionProjects/ROS2_1/install/ros_gz_interfaces/lib/python3.12/site-packages/ros_gz_interfaces/srv/_delete_entity_s.c
[11.496s] -- Installing: /home/cyberkanjousen/CLionProjects/ROS2_1/install/ros_gz_interfaces/lib/python3.12/site-packages/ros_gz_interfaces/srv/_set_entity_pose.py
[11.496s] -- Installing: /home/cyberkanjousen/CLionProjects/ROS2_1/install/ros_gz_interfaces/lib/python3.12/site-packages/ros_gz_interfaces/srv/_delete_entity.py
[11.496s] -- Installing: /home/cyberkanjousen/CLionProjects/ROS2_1/install/ros_gz_interfaces/lib/python3.12/site-packages/ros_gz_interfaces/srv/_set_entity_pose_s.c
[11.563s] Listing '/home/cyberkanjousen/CLionProjects/ROS2_1/install/ros_gz_interfaces/lib/python3.12/site-packages/ros_gz_interfaces'...
[11.563s] Compiling '/home/cyberkanjousen/CLionProjects/ROS2_1/install/ros_gz_interfaces/lib/python3.12/site-packages/ros_gz_interfaces/__init__.py'...
[11.563s] Listing '/home/cyberkanjousen/CLionProjects/ROS2_1/install/ros_gz_interfaces/lib/python3.12/site-packages/ros_gz_interfaces/msg'...
[11.563s] Compiling '/home/cyberkanjousen/CLionProjects/ROS2_1/install/ros_gz_interfaces/lib/python3.12/site-packages/ros_gz_interfaces/msg/__init__.py'...
[11.563s] Compiling '/home/cyberkanjousen/CLionProjects/ROS2_1/install/ros_gz_interfaces/lib/python3.12/site-packages/ros_gz_interfaces/msg/_altimeter.py'...
[11.563s] Compiling '/home/cyberkanjousen/CLionProjects/ROS2_1/install/ros_gz_interfaces/lib/python3.12/site-packages/ros_gz_interfaces/msg/_contact.py'...
[11.563s] Compiling '/home/cyberkanjousen/CLionProjects/ROS2_1/install/ros_gz_interfaces/lib/python3.12/site-packages/ros_gz_interfaces/msg/_contacts.py'...
[11.563s] Compiling '/home/cyberkanjousen/CLionProjects/ROS2_1/install/ros_gz_interfaces/lib/python3.12/site-packages/ros_gz_interfaces/msg/_dataframe.py'...
[11.563s] Compiling '/home/cyberkanjousen/CLionProjects/ROS2_1/install/ros_gz_interfaces/lib/python3.12/site-packages/ros_gz_interfaces/msg/_entity.py'...
[11.563s] Compiling '/home/cyberkanjousen/CLionProjects/ROS2_1/install/ros_gz_interfaces/lib/python3.12/site-packages/ros_gz_interfaces/msg/_entity_factory.py'...
[11.563s] Compiling '/home/cyberkanjousen/CLionProjects/ROS2_1/install/ros_gz_interfaces/lib/python3.12/site-packages/ros_gz_interfaces/msg/_entity_wrench.py'...
[11.563s] Compiling '/home/cyberkanjousen/CLionProjects/ROS2_1/install/ros_gz_interfaces/lib/python3.12/site-packages/ros_gz_interfaces/msg/_float32_array.py'...
[11.564s] Compiling '/home/cyberkanjousen/CLionProjects/ROS2_1/install/ros_gz_interfaces/lib/python3.12/site-packages/ros_gz_interfaces/msg/_gui_camera.py'...
[11.564s] Compiling '/home/cyberkanjousen/CLionProjects/ROS2_1/install/ros_gz_interfaces/lib/python3.12/site-packages/ros_gz_interfaces/msg/_joint_wrench.py'...
[11.564s] Compiling '/home/cyberkanjousen/CLionProjects/ROS2_1/install/ros_gz_interfaces/lib/python3.12/site-packages/ros_gz_interfaces/msg/_light.py'...
[11.564s] Compiling '/home/cyberkanjousen/CLionProjects/ROS2_1/install/ros_gz_interfaces/lib/python3.12/site-packages/ros_gz_interfaces/msg/_logical_camera_image.py'...
[11.564s] Compiling '/home/cyberkanjousen/CLionProjects/ROS2_1/install/ros_gz_interfaces/lib/python3.12/site-packages/ros_gz_interfaces/msg/_logical_camera_image_model.py'...
[11.564s] Compiling '/home/cyberkanjousen/CLionProjects/ROS2_1/install/ros_gz_interfaces/lib/python3.12/site-packages/ros_gz_interfaces/msg/_material_color.py'...
[11.564s] Compiling '/home/cyberkanjousen/CLionProjects/ROS2_1/install/ros_gz_interfaces/lib/python3.12/site-packages/ros_gz_interfaces/msg/_param_vec.py'...
[11.564s] Compiling '/home/cyberkanjousen/CLionProjects/ROS2_1/install/ros_gz_interfaces/lib/python3.12/site-packages/ros_gz_interfaces/msg/_sensor_noise.py'...
[11.564s] Compiling '/home/cyberkanjousen/CLionProjects/ROS2_1/install/ros_gz_interfaces/lib/python3.12/site-packages/ros_gz_interfaces/msg/_string_vec.py'...
[11.564s] Compiling '/home/cyberkanjousen/CLionProjects/ROS2_1/install/ros_gz_interfaces/lib/python3.12/site-packages/ros_gz_interfaces/msg/_track_visual.py'...
[11.564s] Compiling '/home/cyberkanjousen/CLionProjects/ROS2_1/install/ros_gz_interfaces/lib/python3.12/site-packages/ros_gz_interfaces/msg/_video_record.py'...
[11.564s] Compiling '/home/cyberkanjousen/CLionProjects/ROS2_1/install/ros_gz_interfaces/lib/python3.12/site-packages/ros_gz_interfaces/msg/_world_control.py'...
[11.564s] Compiling '/home/cyberkanjousen/CLionProjects/ROS2_1/install/ros_gz_interfaces/lib/python3.12/site-packages/ros_gz_interfaces/msg/_world_reset.py'...
[11.564s] Listing '/home/cyberkanjousen/CLionProjects/ROS2_1/install/ros_gz_interfaces/lib/python3.12/site-packages/ros_gz_interfaces/srv'...
[11.564s] Compiling '/home/cyberkanjousen/CLionProjects/ROS2_1/install/ros_gz_interfaces/lib/python3.12/site-packages/ros_gz_interfaces/srv/__init__.py'...
[11.564s] Compiling '/home/cyberkanjousen/CLionProjects/ROS2_1/install/ros_gz_interfaces/lib/python3.12/site-packages/ros_gz_interfaces/srv/_control_world.py'...
[11.564s] Compiling '/home/cyberkanjousen/CLionProjects/ROS2_1/install/ros_gz_interfaces/lib/python3.12/site-packages/ros_gz_interfaces/srv/_delete_entity.py'...
[11.564s] Compiling '/home/cyberkanjousen/CLionProjects/ROS2_1/install/ros_gz_interfaces/lib/python3.12/site-packages/ros_gz_interfaces/srv/_set_entity_pose.py'...
[11.564s] Compiling '/home/cyberkanjousen/CLionProjects/ROS2_1/install/ros_gz_interfaces/lib/python3.12/site-packages/ros_gz_interfaces/srv/_spawn_entity.py'...
[11.567s] -- Installing: /home/cyberkanjousen/CLionProjects/ROS2_1/install/ros_gz_interfaces/lib/python3.12/site-packages/ros_gz_interfaces/ros_gz_interfaces_s__rosidl_typesupport_fastrtps_c.so
[11.568s] -- Set non-toolchain portion of runtime path of "/home/cyberkanjousen/CLionProjects/ROS2_1/install/ros_gz_interfaces/lib/python3.12/site-packages/ros_gz_interfaces/ros_gz_interfaces_s__rosidl_typesupport_fastrtps_c.so" to ""
[11.568s] -- Installing: /home/cyberkanjousen/CLionProjects/ROS2_1/install/ros_gz_interfaces/lib/python3.12/site-packages/ros_gz_interfaces/ros_gz_interfaces_s__rosidl_typesupport_introspection_c.so
[11.568s] -- Set non-toolchain portion of runtime path of "/home/cyberkanjousen/CLionProjects/ROS2_1/install/ros_gz_interfaces/lib/python3.12/site-packages/ros_gz_interfaces/ros_gz_interfaces_s__rosidl_typesupport_introspection_c.so" to ""
[11.568s] -- Installing: /home/cyberkanjousen/CLionProjects/ROS2_1/install/ros_gz_interfaces/lib/python3.12/site-packages/ros_gz_interfaces/ros_gz_interfaces_s__rosidl_typesupport_c.so
[11.568s] -- Set non-toolchain portion of runtime path of "/home/cyberkanjousen/CLionProjects/ROS2_1/install/ros_gz_interfaces/lib/python3.12/site-packages/ros_gz_interfaces/ros_gz_interfaces_s__rosidl_typesupport_c.so" to ""
[11.568s] -- Installing: /home/cyberkanjousen/CLionProjects/ROS2_1/install/ros_gz_interfaces/lib/libros_gz_interfaces__rosidl_generator_py.so
[11.569s] -- Set non-toolchain portion of runtime path of "/home/cyberkanjousen/CLionProjects/ROS2_1/install/ros_gz_interfaces/lib/libros_gz_interfaces__rosidl_generator_py.so" to ""
[11.569s] -- Installing: /home/cyberkanjousen/CLionProjects/ROS2_1/install/ros_gz_interfaces/share/ros_gz_interfaces/msg/Altimeter.idl
[11.569s] -- Installing: /home/cyberkanjousen/CLionProjects/ROS2_1/install/ros_gz_interfaces/share/ros_gz_interfaces/msg/Contact.idl
[11.569s] -- Installing: /home/cyberkanjousen/CLionProjects/ROS2_1/install/ros_gz_interfaces/share/ros_gz_interfaces/msg/Contacts.idl
[11.569s] -- Installing: /home/cyberkanjousen/CLionProjects/ROS2_1/install/ros_gz_interfaces/share/ros_gz_interfaces/msg/Dataframe.idl
[11.569s] -- Installing: /home/cyberkanjousen/CLionProjects/ROS2_1/install/ros_gz_interfaces/share/ros_gz_interfaces/msg/Entity.idl
[11.569s] -- Installing: /home/cyberkanjousen/CLionProjects/ROS2_1/install/ros_gz_interfaces/share/ros_gz_interfaces/msg/EntityFactory.idl
[11.569s] -- Installing: /home/cyberkanjousen/CLionProjects/ROS2_1/install/ros_gz_interfaces/share/ros_gz_interfaces/msg/EntityWrench.idl
[11.569s] -- Installing: /home/cyberkanjousen/CLionProjects/ROS2_1/install/ros_gz_interfaces/share/ros_gz_interfaces/msg/Float32Array.idl
[11.569s] -- Installing: /home/cyberkanjousen/CLionProjects/ROS2_1/install/ros_gz_interfaces/share/ros_gz_interfaces/msg/GuiCamera.idl
[11.570s] -- Installing: /home/cyberkanjousen/CLionProjects/ROS2_1/install/ros_gz_interfaces/share/ros_gz_interfaces/msg/JointWrench.idl
[11.570s] -- Installing: /home/cyberkanjousen/CLionProjects/ROS2_1/install/ros_gz_interfaces/share/ros_gz_interfaces/msg/Light.idl
[11.570s] -- Installing: /home/cyberkanjousen/CLionProjects/ROS2_1/install/ros_gz_interfaces/share/ros_gz_interfaces/msg/LogicalCameraImage.idl
[11.570s] -- Installing: /home/cyberkanjousen/CLionProjects/ROS2_1/install/ros_gz_interfaces/share/ros_gz_interfaces/msg/LogicalCameraImageModel.idl
[11.570s] -- Installing: /home/cyberkanjousen/CLionProjects/ROS2_1/install/ros_gz_interfaces/share/ros_gz_interfaces/msg/MaterialColor.idl
[11.570s] -- Installing: /home/cyberkanjousen/CLionProjects/ROS2_1/install/ros_gz_interfaces/share/ros_gz_interfaces/msg/ParamVec.idl
[11.570s] -- Installing: /home/cyberkanjousen/CLionProjects/ROS2_1/install/ros_gz_interfaces/share/ros_gz_interfaces/msg/SensorNoise.idl
[11.570s] -- Installing: /home/cyberkanjousen/CLionProjects/ROS2_1/install/ros_gz_interfaces/share/ros_gz_interfaces/msg/StringVec.idl
[11.570s] -- Installing: /home/cyberkanjousen/CLionProjects/ROS2_1/install/ros_gz_interfaces/share/ros_gz_interfaces/msg/TrackVisual.idl
[11.570s] -- Installing: /home/cyberkanjousen/CLionProjects/ROS2_1/install/ros_gz_interfaces/share/ros_gz_interfaces/msg/VideoRecord.idl
[11.571s] -- Installing: /home/cyberkanjousen/CLionProjects/ROS2_1/install/ros_gz_interfaces/share/ros_gz_interfaces/msg/WorldControl.idl
[11.571s] -- Installing: /home/cyberkanjousen/CLionProjects/ROS2_1/install/ros_gz_interfaces/share/ros_gz_interfaces/msg/WorldReset.idl
[11.571s] -- Installing: /home/cyberkanjousen/CLionProjects/ROS2_1/install/ros_gz_interfaces/share/ros_gz_interfaces/srv/ControlWorld.idl
[11.571s] -- Installing: /home/cyberkanjousen/CLionProjects/ROS2_1/install/ros_gz_interfaces/share/ros_gz_interfaces/srv/DeleteEntity.idl
[11.571s] -- Installing: /home/cyberkanjousen/CLionProjects/ROS2_1/install/ros_gz_interfaces/share/ros_gz_interfaces/srv/SetEntityPose.idl
[11.571s] -- Installing: /home/cyberkanjousen/CLionProjects/ROS2_1/install/ros_gz_interfaces/share/ros_gz_interfaces/srv/SpawnEntity.idl
[11.571s] -- Up-to-date: /home/cyberkanjousen/CLionProjects/ROS2_1/install/ros_gz_interfaces/share/ros_gz_interfaces/msg/Altimeter.msg
[11.571s] -- Up-to-date: /home/cyberkanjousen/CLionProjects/ROS2_1/install/ros_gz_interfaces/share/ros_gz_interfaces/msg/Contact.msg
[11.571s] -- Up-to-date: /home/cyberkanjousen/CLionProjects/ROS2_1/install/ros_gz_interfaces/share/ros_gz_interfaces/msg/Contacts.msg
[11.571s] -- Up-to-date: /home/cyberkanjousen/CLionProjects/ROS2_1/install/ros_gz_interfaces/share/ros_gz_interfaces/msg/Dataframe.msg
[11.571s] -- Up-to-date: /home/cyberkanjousen/CLionProjects/ROS2_1/install/ros_gz_interfaces/share/ros_gz_interfaces/msg/Entity.msg
[11.571s] -- Up-to-date: /home/cyberkanjousen/CLionProjects/ROS2_1/install/ros_gz_interfaces/share/ros_gz_interfaces/msg/EntityFactory.msg
[11.572s] -- Up-to-date: /home/cyberkanjousen/CLionProjects/ROS2_1/install/ros_gz_interfaces/share/ros_gz_interfaces/msg/EntityWrench.msg
[11.572s] -- Up-to-date: /home/cyberkanjousen/CLionProjects/ROS2_1/install/ros_gz_interfaces/share/ros_gz_interfaces/msg/Float32Array.msg
[11.572s] -- Up-to-date: /home/cyberkanjousen/CLionProjects/ROS2_1/install/ros_gz_interfaces/share/ros_gz_interfaces/msg/GuiCamera.msg
[11.572s] -- Up-to-date: /home/cyberkanjousen/CLionProjects/ROS2_1/install/ros_gz_interfaces/share/ros_gz_interfaces/msg/JointWrench.msg
[11.572s] -- Up-to-date: /home/cyberkanjousen/CLionProjects/ROS2_1/install/ros_gz_interfaces/share/ros_gz_interfaces/msg/Light.msg
[11.572s] -- Up-to-date: /home/cyberkanjousen/CLionProjects/ROS2_1/install/ros_gz_interfaces/share/ros_gz_interfaces/msg/LogicalCameraImage.msg
[11.572s] -- Up-to-date: /home/cyberkanjousen/CLionProjects/ROS2_1/install/ros_gz_interfaces/share/ros_gz_interfaces/msg/LogicalCameraImageModel.msg
[11.572s] -- Up-to-date: /home/cyberkanjousen/CLionProjects/ROS2_1/install/ros_gz_interfaces/share/ros_gz_interfaces/msg/MaterialColor.msg
[11.572s] -- Up-to-date: /home/cyberkanjousen/CLionProjects/ROS2_1/install/ros_gz_interfaces/share/ros_gz_interfaces/msg/ParamVec.msg
[11.572s] -- Up-to-date: /home/cyberkanjousen/CLionProjects/ROS2_1/install/ros_gz_interfaces/share/ros_gz_interfaces/msg/SensorNoise.msg
[11.572s] -- Up-to-date: /home/cyberkanjousen/CLionProjects/ROS2_1/install/ros_gz_interfaces/share/ros_gz_interfaces/msg/StringVec.msg
[11.572s] -- Up-to-date: /home/cyberkanjousen/CLionProjects/ROS2_1/install/ros_gz_interfaces/share/ros_gz_interfaces/msg/TrackVisual.msg
[11.572s] -- Up-to-date: /home/cyberkanjousen/CLionProjects/ROS2_1/install/ros_gz_interfaces/share/ros_gz_interfaces/msg/VideoRecord.msg
[11.572s] -- Up-to-date: /home/cyberkanjousen/CLionProjects/ROS2_1/install/ros_gz_interfaces/share/ros_gz_interfaces/msg/WorldControl.msg
[11.572s] -- Up-to-date: /home/cyberkanjousen/CLionProjects/ROS2_1/install/ros_gz_interfaces/share/ros_gz_interfaces/msg/WorldReset.msg
[11.572s] -- Up-to-date: /home/cyberkanjousen/CLionProjects/ROS2_1/install/ros_gz_interfaces/share/ros_gz_interfaces/srv/ControlWorld.srv
[11.572s] -- Up-to-date: /home/cyberkanjousen/CLionProjects/ROS2_1/install/ros_gz_interfaces/share/ros_gz_interfaces/srv/DeleteEntity.srv
[11.572s] -- Up-to-date: /home/cyberkanjousen/CLionProjects/ROS2_1/install/ros_gz_interfaces/share/ros_gz_interfaces/srv/SetEntityPose.srv
[11.572s] -- Up-to-date: /home/cyberkanjousen/CLionProjects/ROS2_1/install/ros_gz_interfaces/share/ros_gz_interfaces/srv/SpawnEntity.srv
[11.573s] -- Installing: /home/cyberkanjousen/CLionProjects/ROS2_1/install/ros_gz_interfaces/share/ament_index/resource_index/package_run_dependencies/ros_gz_interfaces
[11.573s] -- Installing: /home/cyberkanjousen/CLionProjects/ROS2_1/install/ros_gz_interfaces/share/ament_index/resource_index/parent_prefix_path/ros_gz_interfaces
[11.573s] -- Up-to-date: /home/cyberkanjousen/CLionProjects/ROS2_1/install/ros_gz_interfaces/share/ros_gz_interfaces/environment/ament_prefix_path.sh
[11.573s] -- Installing: /home/cyberkanjousen/CLionProjects/ROS2_1/install/ros_gz_interfaces/share/ros_gz_interfaces/environment/ament_prefix_path.dsv
[11.573s] -- Up-to-date: /home/cyberkanjousen/CLionProjects/ROS2_1/install/ros_gz_interfaces/share/ros_gz_interfaces/environment/path.sh
[11.573s] -- Installing: /home/cyberkanjousen/CLionProjects/ROS2_1/install/ros_gz_interfaces/share/ros_gz_interfaces/environment/path.dsv
[11.573s] -- Installing: /home/cyberkanjousen/CLionProjects/ROS2_1/install/ros_gz_interfaces/share/ros_gz_interfaces/local_setup.bash
[11.573s] -- Installing: /home/cyberkanjousen/CLionProjects/ROS2_1/install/ros_gz_interfaces/share/ros_gz_interfaces/local_setup.sh
[11.573s] -- Installing: /home/cyberkanjousen/CLionProjects/ROS2_1/install/ros_gz_interfaces/share/ros_gz_interfaces/local_setup.zsh
[11.573s] -- Installing: /home/cyberkanjousen/CLionProjects/ROS2_1/install/ros_gz_interfaces/share/ros_gz_interfaces/local_setup.dsv
[11.573s] -- Installing: /home/cyberkanjousen/CLionProjects/ROS2_1/install/ros_gz_interfaces/share/ros_gz_interfaces/package.dsv
[11.573s] -- Installing: /home/cyberkanjousen/CLionProjects/ROS2_1/install/ros_gz_interfaces/share/ament_index/resource_index/packages/ros_gz_interfaces
[11.574s] -- Installing: /home/cyberkanjousen/CLionProjects/ROS2_1/install/ros_gz_interfaces/share/ros_gz_interfaces/cmake/export_ros_gz_interfaces__rosidl_generator_cExport.cmake
[11.574s] -- Installing: /home/cyberkanjousen/CLionProjects/ROS2_1/install/ros_gz_interfaces/share/ros_gz_interfaces/cmake/export_ros_gz_interfaces__rosidl_generator_cExport-noconfig.cmake
[11.574s] -- Installing: /home/cyberkanjousen/CLionProjects/ROS2_1/install/ros_gz_interfaces/share/ros_gz_interfaces/cmake/export_ros_gz_interfaces__rosidl_typesupport_fastrtps_cExport.cmake
[11.574s] -- Installing: /home/cyberkanjousen/CLionProjects/ROS2_1/install/ros_gz_interfaces/share/ros_gz_interfaces/cmake/export_ros_gz_interfaces__rosidl_typesupport_fastrtps_cExport-noconfig.cmake
[11.574s] -- Installing: /home/cyberkanjousen/CLionProjects/ROS2_1/install/ros_gz_interfaces/share/ros_gz_interfaces/cmake/export_ros_gz_interfaces__rosidl_generator_cppExport.cmake
[11.574s] -- Installing: /home/cyberkanjousen/CLionProjects/ROS2_1/install/ros_gz_interfaces/share/ros_gz_interfaces/cmake/export_ros_gz_interfaces__rosidl_typesupport_fastrtps_cppExport.cmake
[11.574s] -- Installing: /home/cyberkanjousen/CLionProjects/ROS2_1/install/ros_gz_interfaces/share/ros_gz_interfaces/cmake/export_ros_gz_interfaces__rosidl_typesupport_fastrtps_cppExport-noconfig.cmake
[11.575s] -- Installing: /home/cyberkanjousen/CLionProjects/ROS2_1/install/ros_gz_interfaces/share/ros_gz_interfaces/cmake/ros_gz_interfaces__rosidl_typesupport_introspection_cExport.cmake
[11.575s] -- Installing: /home/cyberkanjousen/CLionProjects/ROS2_1/install/ros_gz_interfaces/share/ros_gz_interfaces/cmake/ros_gz_interfaces__rosidl_typesupport_introspection_cExport-noconfig.cmake
[11.575s] -- Installing: /home/cyberkanjousen/CLionProjects/ROS2_1/install/ros_gz_interfaces/share/ros_gz_interfaces/cmake/ros_gz_interfaces__rosidl_typesupport_cExport.cmake
[11.575s] -- Installing: /home/cyberkanjousen/CLionProjects/ROS2_1/install/ros_gz_interfaces/share/ros_gz_interfaces/cmake/ros_gz_interfaces__rosidl_typesupport_cExport-noconfig.cmake
[11.575s] -- Installing: /home/cyberkanjousen/CLionProjects/ROS2_1/install/ros_gz_interfaces/share/ros_gz_interfaces/cmake/ros_gz_interfaces__rosidl_typesupport_introspection_cppExport.cmake
[11.575s] -- Installing: /home/cyberkanjousen/CLionProjects/ROS2_1/install/ros_gz_interfaces/share/ros_gz_interfaces/cmake/ros_gz_interfaces__rosidl_typesupport_introspection_cppExport-noconfig.cmake
[11.575s] -- Installing: /home/cyberkanjousen/CLionProjects/ROS2_1/install/ros_gz_interfaces/share/ros_gz_interfaces/cmake/ros_gz_interfaces__rosidl_typesupport_cppExport.cmake
[11.575s] -- Installing: /home/cyberkanjousen/CLionProjects/ROS2_1/install/ros_gz_interfaces/share/ros_gz_interfaces/cmake/ros_gz_interfaces__rosidl_typesupport_cppExport-noconfig.cmake
[11.576s] -- Installing: /home/cyberkanjousen/CLionProjects/ROS2_1/install/ros_gz_interfaces/share/ros_gz_interfaces/cmake/export_ros_gz_interfaces__rosidl_generator_pyExport.cmake
[11.576s] -- Installing: /home/cyberkanjousen/CLionProjects/ROS2_1/install/ros_gz_interfaces/share/ros_gz_interfaces/cmake/export_ros_gz_interfaces__rosidl_generator_pyExport-noconfig.cmake
[11.576s] -- Installing: /home/cyberkanjousen/CLionProjects/ROS2_1/install/ros_gz_interfaces/share/ros_gz_interfaces/cmake/rosidl_cmake-extras.cmake
[11.576s] -- Installing: /home/cyberkanjousen/CLionProjects/ROS2_1/install/ros_gz_interfaces/share/ros_gz_interfaces/cmake/ament_cmake_export_dependencies-extras.cmake
[11.576s] -- Installing: /home/cyberkanjousen/CLionProjects/ROS2_1/install/ros_gz_interfaces/share/ros_gz_interfaces/cmake/ament_cmake_export_include_directories-extras.cmake
[11.576s] -- Installing: /home/cyberkanjousen/CLionProjects/ROS2_1/install/ros_gz_interfaces/share/ros_gz_interfaces/cmake/ament_cmake_export_libraries-extras.cmake
[11.576s] -- Installing: /home/cyberkanjousen/CLionProjects/ROS2_1/install/ros_gz_interfaces/share/ros_gz_interfaces/cmake/ament_cmake_export_targets-extras.cmake
[11.576s] -- Installing: /home/cyberkanjousen/CLionProjects/ROS2_1/install/ros_gz_interfaces/share/ros_gz_interfaces/cmake/rosidl_cmake_export_typesupport_targets-extras.cmake
[11.576s] -- Installing: /home/cyberkanjousen/CLionProjects/ROS2_1/install/ros_gz_interfaces/share/ros_gz_interfaces/cmake/rosidl_cmake_export_typesupport_libraries-extras.cmake
[11.577s] -- Installing: /home/cyberkanjousen/CLionProjects/ROS2_1/install/ros_gz_interfaces/share/ros_gz_interfaces/cmake/ros_gz_interfacesConfig.cmake
[11.577s] -- Installing: /home/cyberkanjousen/CLionProjects/ROS2_1/install/ros_gz_interfaces/share/ros_gz_interfaces/cmake/ros_gz_interfacesConfig-version.cmake
[11.577s] -- Up-to-date: /home/cyberkanjousen/CLionProjects/ROS2_1/install/ros_gz_interfaces/share/ros_gz_interfaces/package.xml
[11.579s] Invoked command in '/home/cyberkanjousen/CLionProjects/ROS2_1/build/ros_gz_interfaces' returned '0': CMAKE_PREFIX_PATH=${CMAKE_PREFIX_PATH}:/opt/ros/jazzy DEBUGINFOD_URLS=https://debuginfod.ubuntu.com /usr/bin/cmake --install /home/cyberkanjousen/CLionProjects/ROS2_1/build/ros_gz_interfaces
