[0.017s] Invoking command in '/home/cyberkanjousen/CLionProjects/ROS2_1/build/ros_gz_interfaces': CMAKE_PREFIX_PATH=${CMAKE_PREFIX_PATH}:/opt/ros/jazzy DEBUGINFOD_URLS=https://debuginfod.ubuntu.com /usr/bin/cmake --build /home/cyberkanjousen/CLionProjects/ROS2_1/build/ros_gz_interfaces -- -j32 -l32
[0.037s] 
[0.046s] [0/2] cd /home/cyberkanjousen/CLionProjects/ROS2_1/build/ros_gz_interfaces && /usr/bin/cmake -E copy_directory /home/cyberkanjousen/CLionProjects/ROS2_1/build/ros_gz_interfaces/rosidl_generator_py/ros_gz_interfaces /home/cyberkanjousen/CLionProjects/ROS2_1/build/ros_gz_interfaces/ament_cmake_python/ros_gz_interfaces/ros_gz_interfaces[K
[0.047s] [1/2] cd /home/cyberkanjousen/CLionProjects/ROS2_1/build/ros_gz_interfaces && /usr/bin/cmake -E copy_directory /home/cyberkanjousen/CLionProjects/ROS2_1/build/ros_gz_interfaces/rosidl_generator_py/ros_gz_interfaces /home/cyberkanjousen/CLionProjects/ROS2_1/build/ros_gz_interfaces/ament_cmake_python/ros_gz_interfaces/ros_gz_interfaces[K
[0.234s] [1/2] cd /home/cyberkanjousen/CLionProjects/ROS2_1/build/ros_gz_interfaces/ament_cmake_python/ros_gz_interfaces && /usr/bin/python3 setup.py egg_info[K
[0.234s] [2/2] cd /home/cyberkanjousen/CLionProjects/ROS2_1/build/ros_gz_interfaces/ament_cmake_python/ros_gz_interfaces && /usr/bin/python3 setup.py egg_info[K
[0.235s] running egg_info
[0.235s] writing ros_gz_interfaces.egg-info/PKG-INFO
[0.235s] writing dependency_links to ros_gz_interfaces.egg-info/dependency_links.txt
[0.235s] writing top-level names to ros_gz_interfaces.egg-info/top_level.txt
[0.235s] reading manifest file 'ros_gz_interfaces.egg-info/SOURCES.txt'
[0.235s] writing manifest file 'ros_gz_interfaces.egg-info/SOURCES.txt'
[0.237s] Invoked command in '/home/cyberkanjousen/CLionProjects/ROS2_1/build/ros_gz_interfaces' returned '0': CMAKE_PREFIX_PATH=${CMAKE_PREFIX_PATH}:/opt/ros/jazzy DEBUGINFOD_URLS=https://debuginfod.ubuntu.com /usr/bin/cmake --build /home/cyberkanjousen/CLionProjects/ROS2_1/build/ros_gz_interfaces -- -j32 -l32
[0.238s] Invoking command in '/home/cyberkanjousen/CLionProjects/ROS2_1/build/ros_gz_interfaces': CMAKE_PREFIX_PATH=${CMAKE_PREFIX_PATH}:/opt/ros/jazzy DEBUGINFOD_URLS=https://debuginfod.ubuntu.com /usr/bin/cmake --install /home/cyberkanjousen/CLionProjects/ROS2_1/build/ros_gz_interfaces
[0.247s] -- Install configuration: ""
[0.247s] -- Up-to-date: /home/cyberkanjousen/CLionProjects/ROS2_1/install/ros_gz_interfaces/share/ament_index/resource_index/rosidl_interfaces/ros_gz_interfaces
[0.247s] -- Up-to-date: /home/cyberkanjousen/CLionProjects/ROS2_1/install/ros_gz_interfaces/share/ros_gz_interfaces/msg/Altimeter.json
[0.247s] -- Up-to-date: /home/cyberkanjousen/CLionProjects/ROS2_1/install/ros_gz_interfaces/share/ros_gz_interfaces/msg/Contact.json
[0.248s] -- Up-to-date: /home/cyberkanjousen/CLionProjects/ROS2_1/install/ros_gz_interfaces/share/ros_gz_interfaces/msg/Contacts.json
[0.248s] -- Up-to-date: /home/cyberkanjousen/CLionProjects/ROS2_1/install/ros_gz_interfaces/share/ros_gz_interfaces/msg/Dataframe.json
[0.248s] -- Up-to-date: /home/cyberkanjousen/CLionProjects/ROS2_1/install/ros_gz_interfaces/share/ros_gz_interfaces/msg/Entity.json
[0.248s] -- Up-to-date: /home/cyberkanjousen/CLionProjects/ROS2_1/install/ros_gz_interfaces/share/ros_gz_interfaces/msg/EntityFactory.json
[0.248s] -- Up-to-date: /home/cyberkanjousen/CLionProjects/ROS2_1/install/ros_gz_interfaces/share/ros_gz_interfaces/msg/EntityWrench.json
[0.248s] -- Up-to-date: /home/cyberkanjousen/CLionProjects/ROS2_1/install/ros_gz_interfaces/share/ros_gz_interfaces/msg/Float32Array.json
[0.248s] -- Up-to-date: /home/cyberkanjousen/CLionProjects/ROS2_1/install/ros_gz_interfaces/share/ros_gz_interfaces/msg/GuiCamera.json
[0.248s] -- Up-to-date: /home/cyberkanjousen/CLionProjects/ROS2_1/install/ros_gz_interfaces/share/ros_gz_interfaces/msg/JointWrench.json
[0.248s] -- Up-to-date: /home/cyberkanjousen/CLionProjects/ROS2_1/install/ros_gz_interfaces/share/ros_gz_interfaces/msg/Light.json
[0.248s] -- Up-to-date: /home/cyberkanjousen/CLionProjects/ROS2_1/install/ros_gz_interfaces/share/ros_gz_interfaces/msg/LogicalCameraImage.json
[0.248s] -- Up-to-date: /home/cyberkanjousen/CLionProjects/ROS2_1/install/ros_gz_interfaces/share/ros_gz_interfaces/msg/LogicalCameraImageModel.json
[0.248s] -- Up-to-date: /home/cyberkanjousen/CLionProjects/ROS2_1/install/ros_gz_interfaces/share/ros_gz_interfaces/msg/MaterialColor.json
[0.248s] -- Up-to-date: /home/cyberkanjousen/CLionProjects/ROS2_1/install/ros_gz_interfaces/share/ros_gz_interfaces/msg/ParamVec.json
[0.249s] -- Up-to-date: /home/cyberkanjousen/CLionProjects/ROS2_1/install/ros_gz_interfaces/share/ros_gz_interfaces/msg/SensorNoise.json
[0.249s] -- Up-to-date: /home/cyberkanjousen/CLionProjects/ROS2_1/install/ros_gz_interfaces/share/ros_gz_interfaces/msg/StringVec.json
[0.249s] -- Up-to-date: /home/cyberkanjousen/CLionProjects/ROS2_1/install/ros_gz_interfaces/share/ros_gz_interfaces/msg/TrackVisual.json
[0.249s] -- Up-to-date: /home/cyberkanjousen/CLionProjects/ROS2_1/install/ros_gz_interfaces/share/ros_gz_interfaces/msg/VideoRecord.json
[0.249s] -- Up-to-date: /home/cyberkanjousen/CLionProjects/ROS2_1/install/ros_gz_interfaces/share/ros_gz_interfaces/msg/WorldControl.json
[0.249s] -- Up-to-date: /home/cyberkanjousen/CLionProjects/ROS2_1/install/ros_gz_interfaces/share/ros_gz_interfaces/msg/WorldReset.json
[0.249s] -- Up-to-date: /home/cyberkanjousen/CLionProjects/ROS2_1/install/ros_gz_interfaces/share/ros_gz_interfaces/srv/ControlWorld.json
[0.249s] -- Up-to-date: /home/cyberkanjousen/CLionProjects/ROS2_1/install/ros_gz_interfaces/share/ros_gz_interfaces/srv/DeleteEntity.json
[0.249s] -- Up-to-date: /home/cyberkanjousen/CLionProjects/ROS2_1/install/ros_gz_interfaces/share/ros_gz_interfaces/srv/SetEntityPose.json
[0.249s] -- Up-to-date: /home/cyberkanjousen/CLionProjects/ROS2_1/install/ros_gz_interfaces/share/ros_gz_interfaces/srv/SpawnEntity.json
[0.249s] -- Up-to-date: /home/cyberkanjousen/CLionProjects/ROS2_1/install/ros_gz_interfaces/include/ros_gz_interfaces/ros_gz_interfaces
[0.249s] -- Up-to-date: /home/cyberkanjousen/CLionProjects/ROS2_1/install/ros_gz_interfaces/include/ros_gz_interfaces/ros_gz_interfaces/msg
[0.249s] -- Up-to-date: /home/cyberkanjousen/CLionProjects/ROS2_1/install/ros_gz_interfaces/include/ros_gz_interfaces/ros_gz_interfaces/msg/altimeter.h
[0.249s] -- Up-to-date: /home/cyberkanjousen/CLionProjects/ROS2_1/install/ros_gz_interfaces/include/ros_gz_interfaces/ros_gz_interfaces/msg/joint_wrench.h
[0.249s] -- Up-to-date: /home/cyberkanjousen/CLionProjects/ROS2_1/install/ros_gz_interfaces/include/ros_gz_interfaces/ros_gz_interfaces/msg/entity_factory.h
[0.249s] -- Up-to-date: /home/cyberkanjousen/CLionProjects/ROS2_1/install/ros_gz_interfaces/include/ros_gz_interfaces/ros_gz_interfaces/msg/string_vec.h
[0.249s] -- Up-to-date: /home/cyberkanjousen/CLionProjects/ROS2_1/install/ros_gz_interfaces/include/ros_gz_interfaces/ros_gz_interfaces/msg/detail
[0.249s] -- Up-to-date: /home/cyberkanjousen/CLionProjects/ROS2_1/install/ros_gz_interfaces/include/ros_gz_interfaces/ros_gz_interfaces/msg/detail/contact__type_support.h
[0.250s] -- Up-to-date: /home/cyberkanjousen/CLionProjects/ROS2_1/install/ros_gz_interfaces/include/ros_gz_interfaces/ros_gz_interfaces/msg/detail/float32_array__description.c
[0.250s] -- Up-to-date: /home/cyberkanjousen/CLionProjects/ROS2_1/install/ros_gz_interfaces/include/ros_gz_interfaces/ros_gz_interfaces/msg/detail/gui_camera__type_support.c
[0.250s] -- Installing: /home/cyberkanjousen/CLionProjects/ROS2_1/install/ros_gz_interfaces/include/ros_gz_interfaces/ros_gz_interfaces/msg/detail/entity__type_support.c
[0.250s] -- Up-to-date: /home/cyberkanjousen/CLionProjects/ROS2_1/install/ros_gz_interfaces/include/ros_gz_interfaces/ros_gz_interfaces/msg/detail/contact__description.c
[0.250s] -- Up-to-date: /home/cyberkanjousen/CLionProjects/ROS2_1/install/ros_gz_interfaces/include/ros_gz_interfaces/ros_gz_interfaces/msg/detail/logical_camera_image_model__type_support.c
[0.250s] -- Up-to-date: /home/cyberkanjousen/CLionProjects/ROS2_1/install/ros_gz_interfaces/include/ros_gz_interfaces/ros_gz_interfaces/msg/detail/world_reset__functions.h
[0.250s] -- Up-to-date: /home/cyberkanjousen/CLionProjects/ROS2_1/install/ros_gz_interfaces/include/ros_gz_interfaces/ros_gz_interfaces/msg/detail/sensor_noise__type_support.h
[0.250s] -- Up-to-date: /home/cyberkanjousen/CLionProjects/ROS2_1/install/ros_gz_interfaces/include/ros_gz_interfaces/ros_gz_interfaces/msg/detail/entity_wrench__functions.c
[0.250s] -- Up-to-date: /home/cyberkanjousen/CLionProjects/ROS2_1/install/ros_gz_interfaces/include/ros_gz_interfaces/ros_gz_interfaces/msg/detail/entity_wrench__functions.h
[0.250s] -- Up-to-date: /home/cyberkanjousen/CLionProjects/ROS2_1/install/ros_gz_interfaces/include/ros_gz_interfaces/ros_gz_interfaces/msg/detail/logical_camera_image__functions.c
[0.250s] -- Up-to-date: /home/cyberkanjousen/CLionProjects/ROS2_1/install/ros_gz_interfaces/include/ros_gz_interfaces/ros_gz_interfaces/msg/detail/track_visual__struct.h
[0.250s] -- Installing: /home/cyberkanjousen/CLionProjects/ROS2_1/install/ros_gz_interfaces/include/ros_gz_interfaces/ros_gz_interfaces/msg/detail/sensor_noise__type_support.c
[0.250s] -- Up-to-date: /home/cyberkanjousen/CLionProjects/ROS2_1/install/ros_gz_interfaces/include/ros_gz_interfaces/ros_gz_interfaces/msg/detail/light__description.c
[0.250s] -- Installing: /home/cyberkanjousen/CLionProjects/ROS2_1/install/ros_gz_interfaces/include/ros_gz_interfaces/ros_gz_interfaces/msg/detail/world_reset__type_support.c
[0.251s] -- Up-to-date: /home/cyberkanjousen/CLionProjects/ROS2_1/install/ros_gz_interfaces/include/ros_gz_interfaces/ros_gz_interfaces/msg/detail/logical_camera_image__functions.h
[0.251s] -- Up-to-date: /home/cyberkanjousen/CLionProjects/ROS2_1/install/ros_gz_interfaces/include/ros_gz_interfaces/ros_gz_interfaces/msg/detail/altimeter__struct.h
[0.251s] -- Up-to-date: /home/cyberkanjousen/CLionProjects/ROS2_1/install/ros_gz_interfaces/include/ros_gz_interfaces/ros_gz_interfaces/msg/detail/joint_wrench__functions.h
[0.251s] -- Up-to-date: /home/cyberkanjousen/CLionProjects/ROS2_1/install/ros_gz_interfaces/include/ros_gz_interfaces/ros_gz_interfaces/msg/detail/light__type_support.h
[0.251s] -- Up-to-date: /home/cyberkanjousen/CLionProjects/ROS2_1/install/ros_gz_interfaces/include/ros_gz_interfaces/ros_gz_interfaces/msg/detail/param_vec__functions.c
[0.251s] -- Up-to-date: /home/cyberkanjousen/CLionProjects/ROS2_1/install/ros_gz_interfaces/include/ros_gz_interfaces/ros_gz_interfaces/msg/detail/world_reset__description.c
[0.251s] -- Up-to-date: /home/cyberkanjousen/CLionProjects/ROS2_1/install/ros_gz_interfaces/include/ros_gz_interfaces/ros_gz_interfaces/msg/detail/joint_wrench__type_support.h
[0.251s] -- Up-to-date: /home/cyberkanjousen/CLionProjects/ROS2_1/install/ros_gz_interfaces/include/ros_gz_interfaces/ros_gz_interfaces/msg/detail/dataframe__type_support.h
[0.251s] -- Up-to-date: /home/cyberkanjousen/CLionProjects/ROS2_1/install/ros_gz_interfaces/include/ros_gz_interfaces/ros_gz_interfaces/msg/detail/logical_camera_image__struct.h
[0.251s] -- Installing: /home/cyberkanjousen/CLionProjects/ROS2_1/install/ros_gz_interfaces/include/ros_gz_interfaces/ros_gz_interfaces/msg/detail/string_vec__type_support.c
[0.251s] -- Up-to-date: /home/cyberkanjousen/CLionProjects/ROS2_1/install/ros_gz_interfaces/include/ros_gz_interfaces/ros_gz_interfaces/msg/detail/entity_wrench__type_support.h
[0.251s] -- Up-to-date: /home/cyberkanjousen/CLionProjects/ROS2_1/install/ros_gz_interfaces/include/ros_gz_interfaces/ros_gz_interfaces/msg/detail/float32_array__type_support.h
[0.251s] -- Up-to-date: /home/cyberkanjousen/CLionProjects/ROS2_1/install/ros_gz_interfaces/include/ros_gz_interfaces/ros_gz_interfaces/msg/detail/param_vec__functions.h
[0.251s] -- Up-to-date: /home/cyberkanjousen/CLionProjects/ROS2_1/install/ros_gz_interfaces/include/ros_gz_interfaces/ros_gz_interfaces/msg/detail/material_color__functions.h
[0.251s] -- Up-to-date: /home/cyberkanjousen/CLionProjects/ROS2_1/install/ros_gz_interfaces/include/ros_gz_interfaces/ros_gz_interfaces/msg/detail/logical_camera_image__type_support.c
[0.251s] -- Up-to-date: /home/cyberkanjousen/CLionProjects/ROS2_1/install/ros_gz_interfaces/include/ros_gz_interfaces/ros_gz_interfaces/msg/detail/material_color__description.c
[0.251s] -- Up-to-date: /home/cyberkanjousen/CLionProjects/ROS2_1/install/ros_gz_interfaces/include/ros_gz_interfaces/ros_gz_interfaces/msg/detail/dataframe__struct.h
[0.252s] -- Up-to-date: /home/cyberkanjousen/CLionProjects/ROS2_1/install/ros_gz_interfaces/include/ros_gz_interfaces/ros_gz_interfaces/msg/detail/entity__type_support.h
[0.252s] -- Up-to-date: /home/cyberkanjousen/CLionProjects/ROS2_1/install/ros_gz_interfaces/include/ros_gz_interfaces/ros_gz_interfaces/msg/detail/track_visual__description.c
[0.252s] -- Up-to-date: /home/cyberkanjousen/CLionProjects/ROS2_1/install/ros_gz_interfaces/include/ros_gz_interfaces/ros_gz_interfaces/msg/detail/param_vec__description.c
[0.252s] -- Up-to-date: /home/cyberkanjousen/CLionProjects/ROS2_1/install/ros_gz_interfaces/include/ros_gz_interfaces/ros_gz_interfaces/msg/detail/entity_factory__type_support.h
[0.252s] -- Up-to-date: /home/cyberkanjousen/CLionProjects/ROS2_1/install/ros_gz_interfaces/include/ros_gz_interfaces/ros_gz_interfaces/msg/detail/logical_camera_image__type_support.h
[0.252s] -- Up-to-date: /home/cyberkanjousen/CLionProjects/ROS2_1/install/ros_gz_interfaces/include/ros_gz_interfaces/ros_gz_interfaces/msg/detail/entity__functions.c
[0.252s] -- Up-to-date: /home/cyberkanjousen/CLionProjects/ROS2_1/install/ros_gz_interfaces/include/ros_gz_interfaces/ros_gz_interfaces/msg/detail/world_reset__functions.c
[0.252s] -- Up-to-date: /home/cyberkanjousen/CLionProjects/ROS2_1/install/ros_gz_interfaces/include/ros_gz_interfaces/ros_gz_interfaces/msg/detail/logical_camera_image_model__struct.h
[0.253s] -- Up-to-date: /home/cyberkanjousen/CLionProjects/ROS2_1/install/ros_gz_interfaces/include/ros_gz_interfaces/ros_gz_interfaces/msg/detail/string_vec__functions.h
[0.253s] -- Up-to-date: /home/cyberkanjousen/CLionProjects/ROS2_1/install/ros_gz_interfaces/include/ros_gz_interfaces/ros_gz_interfaces/msg/detail/float32_array__type_support.c
[0.253s] -- Installing: /home/cyberkanjousen/CLionProjects/ROS2_1/install/ros_gz_interfaces/include/ros_gz_interfaces/ros_gz_interfaces/msg/detail/altimeter__type_support.c
[0.254s] -- Up-to-date: /home/cyberkanjousen/CLionProjects/ROS2_1/install/ros_gz_interfaces/include/ros_gz_interfaces/ros_gz_interfaces/msg/detail/sensor_noise__description.c
[0.254s] -- Up-to-date: /home/cyberkanjousen/CLionProjects/ROS2_1/install/ros_gz_interfaces/include/ros_gz_interfaces/ros_gz_interfaces/msg/detail/contacts__type_support.h
[0.254s] -- Up-to-date: /home/cyberkanjousen/CLionProjects/ROS2_1/install/ros_gz_interfaces/include/ros_gz_interfaces/ros_gz_interfaces/msg/detail/contact__struct.h
[0.254s] -- Up-to-date: /home/cyberkanjousen/CLionProjects/ROS2_1/install/ros_gz_interfaces/include/ros_gz_interfaces/ros_gz_interfaces/msg/detail/video_record__type_support.h
[0.254s] -- Up-to-date: /home/cyberkanjousen/CLionProjects/ROS2_1/install/ros_gz_interfaces/include/ros_gz_interfaces/ros_gz_interfaces/msg/detail/contact__functions.h
[0.254s] -- Up-to-date: /home/cyberkanjousen/CLionProjects/ROS2_1/install/ros_gz_interfaces/include/ros_gz_interfaces/ros_gz_interfaces/msg/detail/logical_camera_image__description.c
[0.254s] -- Up-to-date: /home/cyberkanjousen/CLionProjects/ROS2_1/install/ros_gz_interfaces/include/ros_gz_interfaces/ros_gz_interfaces/msg/detail/logical_camera_image_model__type_support.h
[0.254s] -- Up-to-date: /home/cyberkanjousen/CLionProjects/ROS2_1/install/ros_gz_interfaces/include/ros_gz_interfaces/ros_gz_interfaces/msg/detail/material_color__type_support.h
[0.254s] -- Up-to-date: /home/cyberkanjousen/CLionProjects/ROS2_1/install/ros_gz_interfaces/include/ros_gz_interfaces/ros_gz_interfaces/msg/detail/gui_camera__struct.h
[0.254s] -- Up-to-date: /home/cyberkanjousen/CLionProjects/ROS2_1/install/ros_gz_interfaces/include/ros_gz_interfaces/ros_gz_interfaces/msg/detail/world_control__type_support.h
[0.254s] -- Up-to-date: /home/cyberkanjousen/CLionProjects/ROS2_1/install/ros_gz_interfaces/include/ros_gz_interfaces/ros_gz_interfaces/msg/detail/contacts__struct.h
[0.254s] -- Up-to-date: /home/cyberkanjousen/CLionProjects/ROS2_1/install/ros_gz_interfaces/include/ros_gz_interfaces/ros_gz_interfaces/msg/detail/param_vec__type_support.c
[0.254s] -- Up-to-date: /home/cyberkanjousen/CLionProjects/ROS2_1/install/ros_gz_interfaces/include/ros_gz_interfaces/ros_gz_interfaces/msg/detail/dataframe__description.c
[0.254s] -- Up-to-date: /home/cyberkanjousen/CLionProjects/ROS2_1/install/ros_gz_interfaces/include/ros_gz_interfaces/ros_gz_interfaces/msg/detail/world_reset__struct.h
[0.254s] -- Installing: /home/cyberkanjousen/CLionProjects/ROS2_1/install/ros_gz_interfaces/include/ros_gz_interfaces/ros_gz_interfaces/msg/detail/dataframe__type_support.c
[0.254s] -- Up-to-date: /home/cyberkanjousen/CLionProjects/ROS2_1/install/ros_gz_interfaces/include/ros_gz_interfaces/ros_gz_interfaces/msg/detail/world_control__struct.h
[0.254s] -- Up-to-date: /home/cyberkanjousen/CLionProjects/ROS2_1/install/ros_gz_interfaces/include/ros_gz_interfaces/ros_gz_interfaces/msg/detail/world_control__functions.h
[0.254s] -- Up-to-date: /home/cyberkanjousen/CLionProjects/ROS2_1/install/ros_gz_interfaces/include/ros_gz_interfaces/ros_gz_interfaces/msg/detail/world_reset__type_support.h
[0.254s] -- Up-to-date: /home/cyberkanjousen/CLionProjects/ROS2_1/install/ros_gz_interfaces/include/ros_gz_interfaces/ros_gz_interfaces/msg/detail/entity_factory__functions.h
[0.254s] -- Installing: /home/cyberkanjousen/CLionProjects/ROS2_1/install/ros_gz_interfaces/include/ros_gz_interfaces/ros_gz_interfaces/msg/detail/entity_wrench__type_support.c
[0.254s] -- Up-to-date: /home/cyberkanjousen/CLionProjects/ROS2_1/install/ros_gz_interfaces/include/ros_gz_interfaces/ros_gz_interfaces/msg/detail/track_visual__functions.h
[0.254s] -- Up-to-date: /home/cyberkanjousen/CLionProjects/ROS2_1/install/ros_gz_interfaces/include/ros_gz_interfaces/ros_gz_interfaces/msg/detail/video_record__functions.c
[0.254s] -- Installing: /home/cyberkanjousen/CLionProjects/ROS2_1/install/ros_gz_interfaces/include/ros_gz_interfaces/ros_gz_interfaces/msg/detail/world_control__type_support.c
[0.254s] -- Up-to-date: /home/cyberkanjousen/CLionProjects/ROS2_1/install/ros_gz_interfaces/include/ros_gz_interfaces/ros_gz_interfaces/msg/detail/joint_wrench__functions.c
[0.254s] -- Up-to-date: /home/cyberkanjousen/CLionProjects/ROS2_1/install/ros_gz_interfaces/include/ros_gz_interfaces/ros_gz_interfaces/msg/detail/entity_factory__functions.c
[0.254s] -- Up-to-date: /home/cyberkanjousen/CLionProjects/ROS2_1/install/ros_gz_interfaces/include/ros_gz_interfaces/ros_gz_interfaces/msg/detail/joint_wrench__description.c
[0.255s] -- Up-to-date: /home/cyberkanjousen/CLionProjects/ROS2_1/install/ros_gz_interfaces/include/ros_gz_interfaces/ros_gz_interfaces/msg/detail/entity__struct.h
[0.255s] -- Installing: /home/cyberkanjousen/CLionProjects/ROS2_1/install/ros_gz_interfaces/include/ros_gz_interfaces/ros_gz_interfaces/msg/detail/video_record__type_support.c
[0.255s] -- Up-to-date: /home/cyberkanjousen/CLionProjects/ROS2_1/install/ros_gz_interfaces/include/ros_gz_interfaces/ros_gz_interfaces/msg/detail/gui_camera__description.c
[0.255s] -- Up-to-date: /home/cyberkanjousen/CLionProjects/ROS2_1/install/ros_gz_interfaces/include/ros_gz_interfaces/ros_gz_interfaces/msg/detail/param_vec__type_support.h
[0.255s] -- Up-to-date: /home/cyberkanjousen/CLionProjects/ROS2_1/install/ros_gz_interfaces/include/ros_gz_interfaces/ros_gz_interfaces/msg/detail/light__struct.h
[0.255s] -- Up-to-date: /home/cyberkanjousen/CLionProjects/ROS2_1/install/ros_gz_interfaces/include/ros_gz_interfaces/ros_gz_interfaces/msg/detail/world_control__functions.c
[0.255s] -- Up-to-date: /home/cyberkanjousen/CLionProjects/ROS2_1/install/ros_gz_interfaces/include/ros_gz_interfaces/ros_gz_interfaces/msg/detail/light__type_support.c
[0.255s] -- Up-to-date: /home/cyberkanjousen/CLionProjects/ROS2_1/install/ros_gz_interfaces/include/ros_gz_interfaces/ros_gz_interfaces/msg/detail/entity_factory__description.c
[0.255s] -- Up-to-date: /home/cyberkanjousen/CLionProjects/ROS2_1/install/ros_gz_interfaces/include/ros_gz_interfaces/ros_gz_interfaces/msg/detail/sensor_noise__struct.h
[0.255s] -- Up-to-date: /home/cyberkanjousen/CLionProjects/ROS2_1/install/ros_gz_interfaces/include/ros_gz_interfaces/ros_gz_interfaces/msg/detail/float32_array__functions.c
[0.255s] -- Up-to-date: /home/cyberkanjousen/CLionProjects/ROS2_1/install/ros_gz_interfaces/include/ros_gz_interfaces/ros_gz_interfaces/msg/detail/param_vec__struct.h
[0.255s] -- Up-to-date: /home/cyberkanjousen/CLionProjects/ROS2_1/install/ros_gz_interfaces/include/ros_gz_interfaces/ros_gz_interfaces/msg/detail/contacts__description.c
[0.255s] -- Up-to-date: /home/cyberkanjousen/CLionProjects/ROS2_1/install/ros_gz_interfaces/include/ros_gz_interfaces/ros_gz_interfaces/msg/detail/entity_factory__struct.h
[0.256s] -- Up-to-date: /home/cyberkanjousen/CLionProjects/ROS2_1/install/ros_gz_interfaces/include/ros_gz_interfaces/ros_gz_interfaces/msg/detail/sensor_noise__functions.h
[0.256s] -- Up-to-date: /home/cyberkanjousen/CLionProjects/ROS2_1/install/ros_gz_interfaces/include/ros_gz_interfaces/ros_gz_interfaces/msg/detail/material_color__struct.h
[0.256s] -- Installing: /home/cyberkanjousen/CLionProjects/ROS2_1/install/ros_gz_interfaces/include/ros_gz_interfaces/ros_gz_interfaces/msg/detail/track_visual__type_support.c
[0.256s] -- Up-to-date: /home/cyberkanjousen/CLionProjects/ROS2_1/install/ros_gz_interfaces/include/ros_gz_interfaces/ros_gz_interfaces/msg/detail/dataframe__functions.h
[0.256s] -- Up-to-date: /home/cyberkanjousen/CLionProjects/ROS2_1/install/ros_gz_interfaces/include/ros_gz_interfaces/ros_gz_interfaces/msg/detail/contact__functions.c
[0.256s] -- Up-to-date: /home/cyberkanjousen/CLionProjects/ROS2_1/install/ros_gz_interfaces/include/ros_gz_interfaces/ros_gz_interfaces/msg/detail/float32_array__functions.h
[0.256s] -- Up-to-date: /home/cyberkanjousen/CLionProjects/ROS2_1/install/ros_gz_interfaces/include/ros_gz_interfaces/ros_gz_interfaces/msg/detail/string_vec__functions.c
[0.256s] -- Up-to-date: /home/cyberkanjousen/CLionProjects/ROS2_1/install/ros_gz_interfaces/include/ros_gz_interfaces/ros_gz_interfaces/msg/detail/track_visual__functions.c
[0.256s] -- Up-to-date: /home/cyberkanjousen/CLionProjects/ROS2_1/install/ros_gz_interfaces/include/ros_gz_interfaces/ros_gz_interfaces/msg/detail/altimeter__type_support.h
[0.256s] -- Up-to-date: /home/cyberkanjousen/CLionProjects/ROS2_1/install/ros_gz_interfaces/include/ros_gz_interfaces/ros_gz_interfaces/msg/detail/video_record__functions.h
[0.257s] -- Up-to-date: /home/cyberkanjousen/CLionProjects/ROS2_1/install/ros_gz_interfaces/include/ros_gz_interfaces/ros_gz_interfaces/msg/detail/float32_array__struct.h
[0.257s] -- Up-to-date: /home/cyberkanjousen/CLionProjects/ROS2_1/install/ros_gz_interfaces/include/ros_gz_interfaces/ros_gz_interfaces/msg/detail/entity_wrench__struct.h
[0.257s] -- Up-to-date: /home/cyberkanjousen/CLionProjects/ROS2_1/install/ros_gz_interfaces/include/ros_gz_interfaces/ros_gz_interfaces/msg/detail/world_control__description.c
[0.257s] -- Installing: /home/cyberkanjousen/CLionProjects/ROS2_1/install/ros_gz_interfaces/include/ros_gz_interfaces/ros_gz_interfaces/msg/detail/contacts__type_support.c
[0.257s] -- Installing: /home/cyberkanjousen/CLionProjects/ROS2_1/install/ros_gz_interfaces/include/ros_gz_interfaces/ros_gz_interfaces/msg/detail/contact__type_support.c
[0.257s] -- Up-to-date: /home/cyberkanjousen/CLionProjects/ROS2_1/install/ros_gz_interfaces/include/ros_gz_interfaces/ros_gz_interfaces/msg/detail/logical_camera_image_model__functions.h
[0.257s] -- Up-to-date: /home/cyberkanjousen/CLionProjects/ROS2_1/install/ros_gz_interfaces/include/ros_gz_interfaces/ros_gz_interfaces/msg/detail/joint_wrench__type_support.c
[0.257s] -- Up-to-date: /home/cyberkanjousen/CLionProjects/ROS2_1/install/ros_gz_interfaces/include/ros_gz_interfaces/ros_gz_interfaces/msg/detail/contacts__functions.c
[0.257s] -- Up-to-date: /home/cyberkanjousen/CLionProjects/ROS2_1/install/ros_gz_interfaces/include/ros_gz_interfaces/ros_gz_interfaces/msg/detail/string_vec__struct.h
[0.257s] -- Up-to-date: /home/cyberkanjousen/CLionProjects/ROS2_1/install/ros_gz_interfaces/include/ros_gz_interfaces/ros_gz_interfaces/msg/detail/gui_camera__type_support.h
[0.257s] -- Up-to-date: /home/cyberkanjousen/CLionProjects/ROS2_1/install/ros_gz_interfaces/include/ros_gz_interfaces/ros_gz_interfaces/msg/detail/entity__functions.h
[0.257s] -- Up-to-date: /home/cyberkanjousen/CLionProjects/ROS2_1/install/ros_gz_interfaces/include/ros_gz_interfaces/ros_gz_interfaces/msg/detail/entity__description.c
[0.257s] -- Up-to-date: /home/cyberkanjousen/CLionProjects/ROS2_1/install/ros_gz_interfaces/include/ros_gz_interfaces/ros_gz_interfaces/msg/detail/entity_wrench__description.c
[0.258s] -- Up-to-date: /home/cyberkanjousen/CLionProjects/ROS2_1/install/ros_gz_interfaces/include/ros_gz_interfaces/ros_gz_interfaces/msg/detail/sensor_noise__functions.c
[0.258s] -- Up-to-date: /home/cyberkanjousen/CLionProjects/ROS2_1/install/ros_gz_interfaces/include/ros_gz_interfaces/ros_gz_interfaces/msg/detail/light__functions.c
[0.258s] -- Up-to-date: /home/cyberkanjousen/CLionProjects/ROS2_1/install/ros_gz_interfaces/include/ros_gz_interfaces/ros_gz_interfaces/msg/detail/altimeter__functions.h
[0.258s] -- Up-to-date: /home/cyberkanjousen/CLionProjects/ROS2_1/install/ros_gz_interfaces/include/ros_gz_interfaces/ros_gz_interfaces/msg/detail/track_visual__type_support.h
[0.258s] -- Up-to-date: /home/cyberkanjousen/CLionProjects/ROS2_1/install/ros_gz_interfaces/include/ros_gz_interfaces/ros_gz_interfaces/msg/detail/dataframe__functions.c
[0.258s] -- Up-to-date: /home/cyberkanjousen/CLionProjects/ROS2_1/install/ros_gz_interfaces/include/ros_gz_interfaces/ros_gz_interfaces/msg/detail/logical_camera_image_model__description.c
[0.258s] -- Up-to-date: /home/cyberkanjousen/CLionProjects/ROS2_1/install/ros_gz_interfaces/include/ros_gz_interfaces/ros_gz_interfaces/msg/detail/joint_wrench__struct.h
[0.258s] -- Up-to-date: /home/cyberkanjousen/CLionProjects/ROS2_1/install/ros_gz_interfaces/include/ros_gz_interfaces/ros_gz_interfaces/msg/detail/altimeter__functions.c
[0.258s] -- Up-to-date: /home/cyberkanjousen/CLionProjects/ROS2_1/install/ros_gz_interfaces/include/ros_gz_interfaces/ros_gz_interfaces/msg/detail/video_record__struct.h
[0.258s] -- Installing: /home/cyberkanjousen/CLionProjects/ROS2_1/install/ros_gz_interfaces/include/ros_gz_interfaces/ros_gz_interfaces/msg/detail/entity_factory__type_support.c
[0.258s] -- Up-to-date: /home/cyberkanjousen/CLionProjects/ROS2_1/install/ros_gz_interfaces/include/ros_gz_interfaces/ros_gz_interfaces/msg/detail/logical_camera_image_model__functions.c
[0.259s] -- Up-to-date: /home/cyberkanjousen/CLionProjects/ROS2_1/install/ros_gz_interfaces/include/ros_gz_interfaces/ros_gz_interfaces/msg/detail/string_vec__description.c
[0.259s] -- Up-to-date: /home/cyberkanjousen/CLionProjects/ROS2_1/install/ros_gz_interfaces/include/ros_gz_interfaces/ros_gz_interfaces/msg/detail/contacts__functions.h
[0.259s] -- Up-to-date: /home/cyberkanjousen/CLionProjects/ROS2_1/install/ros_gz_interfaces/include/ros_gz_interfaces/ros_gz_interfaces/msg/detail/material_color__functions.c
[0.259s] -- Up-to-date: /home/cyberkanjousen/CLionProjects/ROS2_1/install/ros_gz_interfaces/include/ros_gz_interfaces/ros_gz_interfaces/msg/detail/light__functions.h
[0.259s] -- Up-to-date: /home/cyberkanjousen/CLionProjects/ROS2_1/install/ros_gz_interfaces/include/ros_gz_interfaces/ros_gz_interfaces/msg/detail/gui_camera__functions.h
[0.259s] -- Up-to-date: /home/cyberkanjousen/CLionProjects/ROS2_1/install/ros_gz_interfaces/include/ros_gz_interfaces/ros_gz_interfaces/msg/detail/video_record__description.c
[0.259s] -- Up-to-date: /home/cyberkanjousen/CLionProjects/ROS2_1/install/ros_gz_interfaces/include/ros_gz_interfaces/ros_gz_interfaces/msg/detail/material_color__type_support.c
[0.259s] -- Up-to-date: /home/cyberkanjousen/CLionProjects/ROS2_1/install/ros_gz_interfaces/include/ros_gz_interfaces/ros_gz_interfaces/msg/detail/altimeter__description.c
[0.259s] -- Up-to-date: /home/cyberkanjousen/CLionProjects/ROS2_1/install/ros_gz_interfaces/include/ros_gz_interfaces/ros_gz_interfaces/msg/detail/string_vec__type_support.h
[0.259s] -- Up-to-date: /home/cyberkanjousen/CLionProjects/ROS2_1/install/ros_gz_interfaces/include/ros_gz_interfaces/ros_gz_interfaces/msg/detail/gui_camera__functions.c
[0.259s] -- Up-to-date: /home/cyberkanjousen/CLionProjects/ROS2_1/install/ros_gz_interfaces/include/ros_gz_interfaces/ros_gz_interfaces/msg/entity_wrench.h
[0.259s] -- Up-to-date: /home/cyberkanjousen/CLionProjects/ROS2_1/install/ros_gz_interfaces/include/ros_gz_interfaces/ros_gz_interfaces/msg/float32_array.h
[0.259s] -- Up-to-date: /home/cyberkanjousen/CLionProjects/ROS2_1/install/ros_gz_interfaces/include/ros_gz_interfaces/ros_gz_interfaces/msg/logical_camera_image_model.h
[0.260s] -- Up-to-date: /home/cyberkanjousen/CLionProjects/ROS2_1/install/ros_gz_interfaces/include/ros_gz_interfaces/ros_gz_interfaces/msg/sensor_noise.h
[0.260s] -- Up-to-date: /home/cyberkanjousen/CLionProjects/ROS2_1/install/ros_gz_interfaces/include/ros_gz_interfaces/ros_gz_interfaces/msg/world_reset.h
[0.260s] -- Up-to-date: /home/cyberkanjousen/CLionProjects/ROS2_1/install/ros_gz_interfaces/include/ros_gz_interfaces/ros_gz_interfaces/msg/rosidl_generator_c__visibility_control.h
[0.260s] -- Up-to-date: /home/cyberkanjousen/CLionProjects/ROS2_1/install/ros_gz_interfaces/include/ros_gz_interfaces/ros_gz_interfaces/msg/dataframe.h
[0.260s] -- Up-to-date: /home/cyberkanjousen/CLionProjects/ROS2_1/install/ros_gz_interfaces/include/ros_gz_interfaces/ros_gz_interfaces/msg/track_visual.h
[0.260s] -- Up-to-date: /home/cyberkanjousen/CLionProjects/ROS2_1/install/ros_gz_interfaces/include/ros_gz_interfaces/ros_gz_interfaces/msg/contact.h
[0.260s] -- Up-to-date: /home/cyberkanjousen/CLionProjects/ROS2_1/install/ros_gz_interfaces/include/ros_gz_interfaces/ros_gz_interfaces/msg/video_record.h
[0.260s] -- Up-to-date: /home/cyberkanjousen/CLionProjects/ROS2_1/install/ros_gz_interfaces/include/ros_gz_interfaces/ros_gz_interfaces/msg/contacts.h
[0.260s] -- Up-to-date: /home/cyberkanjousen/CLionProjects/ROS2_1/install/ros_gz_interfaces/include/ros_gz_interfaces/ros_gz_interfaces/msg/gui_camera.h
[0.260s] -- Up-to-date: /home/cyberkanjousen/CLionProjects/ROS2_1/install/ros_gz_interfaces/include/ros_gz_interfaces/ros_gz_interfaces/msg/logical_camera_image.h
[0.260s] -- Up-to-date: /home/cyberkanjousen/CLionProjects/ROS2_1/install/ros_gz_interfaces/include/ros_gz_interfaces/ros_gz_interfaces/msg/param_vec.h
[0.260s] -- Up-to-date: /home/cyberkanjousen/CLionProjects/ROS2_1/install/ros_gz_interfaces/include/ros_gz_interfaces/ros_gz_interfaces/msg/entity.h
[0.261s] -- Up-to-date: /home/cyberkanjousen/CLionProjects/ROS2_1/install/ros_gz_interfaces/include/ros_gz_interfaces/ros_gz_interfaces/msg/material_color.h
[0.261s] -- Up-to-date: /home/cyberkanjousen/CLionProjects/ROS2_1/install/ros_gz_interfaces/include/ros_gz_interfaces/ros_gz_interfaces/msg/world_control.h
[0.261s] -- Up-to-date: /home/cyberkanjousen/CLionProjects/ROS2_1/install/ros_gz_interfaces/include/ros_gz_interfaces/ros_gz_interfaces/msg/light.h
[0.261s] -- Up-to-date: /home/cyberkanjousen/CLionProjects/ROS2_1/install/ros_gz_interfaces/include/ros_gz_interfaces/ros_gz_interfaces/srv
[0.261s] -- Up-to-date: /home/cyberkanjousen/CLionProjects/ROS2_1/install/ros_gz_interfaces/include/ros_gz_interfaces/ros_gz_interfaces/srv/set_entity_pose.h
[0.261s] -- Up-to-date: /home/cyberkanjousen/CLionProjects/ROS2_1/install/ros_gz_interfaces/include/ros_gz_interfaces/ros_gz_interfaces/srv/control_world.h
[0.261s] -- Up-to-date: /home/cyberkanjousen/CLionProjects/ROS2_1/install/ros_gz_interfaces/include/ros_gz_interfaces/ros_gz_interfaces/srv/detail
[0.261s] -- Up-to-date: /home/cyberkanjousen/CLionProjects/ROS2_1/install/ros_gz_interfaces/include/ros_gz_interfaces/ros_gz_interfaces/srv/detail/delete_entity__struct.h
[0.261s] -- Up-to-date: /home/cyberkanjousen/CLionProjects/ROS2_1/install/ros_gz_interfaces/include/ros_gz_interfaces/ros_gz_interfaces/srv/detail/spawn_entity__type_support.c
[0.261s] -- Up-to-date: /home/cyberkanjousen/CLionProjects/ROS2_1/install/ros_gz_interfaces/include/ros_gz_interfaces/ros_gz_interfaces/srv/detail/spawn_entity__type_support.h
[0.262s] -- Up-to-date: /home/cyberkanjousen/CLionProjects/ROS2_1/install/ros_gz_interfaces/include/ros_gz_interfaces/ros_gz_interfaces/srv/detail/control_world__type_support.h
[0.262s] -- Up-to-date: /home/cyberkanjousen/CLionProjects/ROS2_1/install/ros_gz_interfaces/include/ros_gz_interfaces/ros_gz_interfaces/srv/detail/delete_entity__functions.h
[0.262s] -- Up-to-date: /home/cyberkanjousen/CLionProjects/ROS2_1/install/ros_gz_interfaces/include/ros_gz_interfaces/ros_gz_interfaces/srv/detail/delete_entity__description.c
[0.262s] -- Up-to-date: /home/cyberkanjousen/CLionProjects/ROS2_1/install/ros_gz_interfaces/include/ros_gz_interfaces/ros_gz_interfaces/srv/detail/control_world__description.c
[0.262s] -- Up-to-date: /home/cyberkanjousen/CLionProjects/ROS2_1/install/ros_gz_interfaces/include/ros_gz_interfaces/ros_gz_interfaces/srv/detail/spawn_entity__struct.h
[0.262s] -- Installing: /home/cyberkanjousen/CLionProjects/ROS2_1/install/ros_gz_interfaces/include/ros_gz_interfaces/ros_gz_interfaces/srv/detail/control_world__type_support.c
[0.262s] -- Up-to-date: /home/cyberkanjousen/CLionProjects/ROS2_1/install/ros_gz_interfaces/include/ros_gz_interfaces/ros_gz_interfaces/srv/detail/set_entity_pose__type_support.h
[0.262s] -- Up-to-date: /home/cyberkanjousen/CLionProjects/ROS2_1/install/ros_gz_interfaces/include/ros_gz_interfaces/ros_gz_interfaces/srv/detail/delete_entity__type_support.h
[0.262s] -- Up-to-date: /home/cyberkanjousen/CLionProjects/ROS2_1/install/ros_gz_interfaces/include/ros_gz_interfaces/ros_gz_interfaces/srv/detail/set_entity_pose__struct.h
[0.262s] -- Up-to-date: /home/cyberkanjousen/CLionProjects/ROS2_1/install/ros_gz_interfaces/include/ros_gz_interfaces/ros_gz_interfaces/srv/detail/spawn_entity__functions.c
[0.262s] -- Up-to-date: /home/cyberkanjousen/CLionProjects/ROS2_1/install/ros_gz_interfaces/include/ros_gz_interfaces/ros_gz_interfaces/srv/detail/set_entity_pose__functions.c
[0.262s] -- Up-to-date: /home/cyberkanjousen/CLionProjects/ROS2_1/install/ros_gz_interfaces/include/ros_gz_interfaces/ros_gz_interfaces/srv/detail/control_world__functions.h
[0.262s] -- Up-to-date: /home/cyberkanjousen/CLionProjects/ROS2_1/install/ros_gz_interfaces/include/ros_gz_interfaces/ros_gz_interfaces/srv/detail/spawn_entity__description.c
[0.263s] -- Up-to-date: /home/cyberkanjousen/CLionProjects/ROS2_1/install/ros_gz_interfaces/include/ros_gz_interfaces/ros_gz_interfaces/srv/detail/control_world__functions.c
[0.263s] -- Up-to-date: /home/cyberkanjousen/CLionProjects/ROS2_1/install/ros_gz_interfaces/include/ros_gz_interfaces/ros_gz_interfaces/srv/detail/spawn_entity__functions.h
[0.263s] -- Installing: /home/cyberkanjousen/CLionProjects/ROS2_1/install/ros_gz_interfaces/include/ros_gz_interfaces/ros_gz_interfaces/srv/detail/delete_entity__type_support.c
[0.263s] -- Up-to-date: /home/cyberkanjousen/CLionProjects/ROS2_1/install/ros_gz_interfaces/include/ros_gz_interfaces/ros_gz_interfaces/srv/detail/set_entity_pose__description.c
[0.263s] -- Up-to-date: /home/cyberkanjousen/CLionProjects/ROS2_1/install/ros_gz_interfaces/include/ros_gz_interfaces/ros_gz_interfaces/srv/detail/set_entity_pose__type_support.c
[0.263s] -- Up-to-date: /home/cyberkanjousen/CLionProjects/ROS2_1/install/ros_gz_interfaces/include/ros_gz_interfaces/ros_gz_interfaces/srv/detail/control_world__struct.h
[0.263s] -- Up-to-date: /home/cyberkanjousen/CLionProjects/ROS2_1/install/ros_gz_interfaces/include/ros_gz_interfaces/ros_gz_interfaces/srv/detail/delete_entity__functions.c
[0.263s] -- Up-to-date: /home/cyberkanjousen/CLionProjects/ROS2_1/install/ros_gz_interfaces/include/ros_gz_interfaces/ros_gz_interfaces/srv/detail/set_entity_pose__functions.h
[0.263s] -- Up-to-date: /home/cyberkanjousen/CLionProjects/ROS2_1/install/ros_gz_interfaces/include/ros_gz_interfaces/ros_gz_interfaces/srv/spawn_entity.h
[0.263s] -- Up-to-date: /home/cyberkanjousen/CLionProjects/ROS2_1/install/ros_gz_interfaces/include/ros_gz_interfaces/ros_gz_interfaces/srv/delete_entity.h
[0.263s] -- Up-to-date: /home/cyberkanjousen/CLionProjects/ROS2_1/install/ros_gz_interfaces/share/ros_gz_interfaces/environment/library_path.sh
[0.264s] -- Up-to-date: /home/cyberkanjousen/CLionProjects/ROS2_1/install/ros_gz_interfaces/share/ros_gz_interfaces/environment/library_path.dsv
[0.264s] -- Up-to-date: /home/cyberkanjousen/CLionProjects/ROS2_1/install/ros_gz_interfaces/lib/libros_gz_interfaces__rosidl_generator_c.so
[0.264s] -- Up-to-date: /home/cyberkanjousen/CLionProjects/ROS2_1/install/ros_gz_interfaces/include/ros_gz_interfaces/ros_gz_interfaces
[0.264s] -- Up-to-date: /home/cyberkanjousen/CLionProjects/ROS2_1/install/ros_gz_interfaces/include/ros_gz_interfaces/ros_gz_interfaces/msg
[0.264s] -- Up-to-date: /home/cyberkanjousen/CLionProjects/ROS2_1/install/ros_gz_interfaces/include/ros_gz_interfaces/ros_gz_interfaces/msg/detail
[0.264s] -- Up-to-date: /home/cyberkanjousen/CLionProjects/ROS2_1/install/ros_gz_interfaces/include/ros_gz_interfaces/ros_gz_interfaces/msg/detail/float32_array__rosidl_typesupport_fastrtps_c.h
[0.264s] -- Up-to-date: /home/cyberkanjousen/CLionProjects/ROS2_1/install/ros_gz_interfaces/include/ros_gz_interfaces/ros_gz_interfaces/msg/detail/sensor_noise__rosidl_typesupport_fastrtps_c.h
[0.264s] -- Up-to-date: /home/cyberkanjousen/CLionProjects/ROS2_1/install/ros_gz_interfaces/include/ros_gz_interfaces/ros_gz_interfaces/msg/detail/altimeter__rosidl_typesupport_fastrtps_c.h
[0.264s] -- Up-to-date: /home/cyberkanjousen/CLionProjects/ROS2_1/install/ros_gz_interfaces/include/ros_gz_interfaces/ros_gz_interfaces/msg/detail/contact__rosidl_typesupport_fastrtps_c.h
[0.264s] -- Up-to-date: /home/cyberkanjousen/CLionProjects/ROS2_1/install/ros_gz_interfaces/include/ros_gz_interfaces/ros_gz_interfaces/msg/detail/entity__rosidl_typesupport_fastrtps_c.h
[0.264s] -- Up-to-date: /home/cyberkanjousen/CLionProjects/ROS2_1/install/ros_gz_interfaces/include/ros_gz_interfaces/ros_gz_interfaces/msg/detail/entity_factory__rosidl_typesupport_fastrtps_c.h
[0.264s] -- Up-to-date: /home/cyberkanjousen/CLionProjects/ROS2_1/install/ros_gz_interfaces/include/ros_gz_interfaces/ros_gz_interfaces/msg/detail/string_vec__rosidl_typesupport_fastrtps_c.h
[0.264s] -- Up-to-date: /home/cyberkanjousen/CLionProjects/ROS2_1/install/ros_gz_interfaces/include/ros_gz_interfaces/ros_gz_interfaces/msg/detail/contacts__rosidl_typesupport_fastrtps_c.h
[0.265s] -- Up-to-date: /home/cyberkanjousen/CLionProjects/ROS2_1/install/ros_gz_interfaces/include/ros_gz_interfaces/ros_gz_interfaces/msg/detail/logical_camera_image__rosidl_typesupport_fastrtps_c.h
[0.265s] -- Up-to-date: /home/cyberkanjousen/CLionProjects/ROS2_1/install/ros_gz_interfaces/include/ros_gz_interfaces/ros_gz_interfaces/msg/detail/gui_camera__rosidl_typesupport_fastrtps_c.h
[0.265s] -- Up-to-date: /home/cyberkanjousen/CLionProjects/ROS2_1/install/ros_gz_interfaces/include/ros_gz_interfaces/ros_gz_interfaces/msg/detail/dataframe__rosidl_typesupport_fastrtps_c.h
[0.265s] -- Up-to-date: /home/cyberkanjousen/CLionProjects/ROS2_1/install/ros_gz_interfaces/include/ros_gz_interfaces/ros_gz_interfaces/msg/detail/material_color__rosidl_typesupport_fastrtps_c.h
[0.265s] -- Up-to-date: /home/cyberkanjousen/CLionProjects/ROS2_1/install/ros_gz_interfaces/include/ros_gz_interfaces/ros_gz_interfaces/msg/detail/joint_wrench__rosidl_typesupport_fastrtps_c.h
[0.265s] -- Up-to-date: /home/cyberkanjousen/CLionProjects/ROS2_1/install/ros_gz_interfaces/include/ros_gz_interfaces/ros_gz_interfaces/msg/detail/light__rosidl_typesupport_fastrtps_c.h
[0.265s] -- Up-to-date: /home/cyberkanjousen/CLionProjects/ROS2_1/install/ros_gz_interfaces/include/ros_gz_interfaces/ros_gz_interfaces/msg/detail/world_control__rosidl_typesupport_fastrtps_c.h
[0.265s] -- Up-to-date: /home/cyberkanjousen/CLionProjects/ROS2_1/install/ros_gz_interfaces/include/ros_gz_interfaces/ros_gz_interfaces/msg/detail/entity_wrench__rosidl_typesupport_fastrtps_c.h
[0.265s] -- Up-to-date: /home/cyberkanjousen/CLionProjects/ROS2_1/install/ros_gz_interfaces/include/ros_gz_interfaces/ros_gz_interfaces/msg/detail/world_reset__rosidl_typesupport_fastrtps_c.h
[0.265s] -- Up-to-date: /home/cyberkanjousen/CLionProjects/ROS2_1/install/ros_gz_interfaces/include/ros_gz_interfaces/ros_gz_interfaces/msg/detail/track_visual__rosidl_typesupport_fastrtps_c.h
[0.265s] -- Up-to-date: /home/cyberkanjousen/CLionProjects/ROS2_1/install/ros_gz_interfaces/include/ros_gz_interfaces/ros_gz_interfaces/msg/detail/logical_camera_image_model__rosidl_typesupport_fastrtps_c.h
[0.266s] -- Up-to-date: /home/cyberkanjousen/CLionProjects/ROS2_1/install/ros_gz_interfaces/include/ros_gz_interfaces/ros_gz_interfaces/msg/detail/video_record__rosidl_typesupport_fastrtps_c.h
[0.266s] -- Up-to-date: /home/cyberkanjousen/CLionProjects/ROS2_1/install/ros_gz_interfaces/include/ros_gz_interfaces/ros_gz_interfaces/msg/detail/param_vec__rosidl_typesupport_fastrtps_c.h
[0.266s] -- Up-to-date: /home/cyberkanjousen/CLionProjects/ROS2_1/install/ros_gz_interfaces/include/ros_gz_interfaces/ros_gz_interfaces/msg/rosidl_typesupport_fastrtps_c__visibility_control.h
[0.266s] -- Up-to-date: /home/cyberkanjousen/CLionProjects/ROS2_1/install/ros_gz_interfaces/include/ros_gz_interfaces/ros_gz_interfaces/srv
[0.266s] -- Up-to-date: /home/cyberkanjousen/CLionProjects/ROS2_1/install/ros_gz_interfaces/include/ros_gz_interfaces/ros_gz_interfaces/srv/detail
[0.266s] -- Up-to-date: /home/cyberkanjousen/CLionProjects/ROS2_1/install/ros_gz_interfaces/include/ros_gz_interfaces/ros_gz_interfaces/srv/detail/set_entity_pose__rosidl_typesupport_fastrtps_c.h
[0.266s] -- Up-to-date: /home/cyberkanjousen/CLionProjects/ROS2_1/install/ros_gz_interfaces/include/ros_gz_interfaces/ros_gz_interfaces/srv/detail/spawn_entity__rosidl_typesupport_fastrtps_c.h
[0.266s] -- Up-to-date: /home/cyberkanjousen/CLionProjects/ROS2_1/install/ros_gz_interfaces/include/ros_gz_interfaces/ros_gz_interfaces/srv/detail/control_world__rosidl_typesupport_fastrtps_c.h
[0.266s] -- Up-to-date: /home/cyberkanjousen/CLionProjects/ROS2_1/install/ros_gz_interfaces/include/ros_gz_interfaces/ros_gz_interfaces/srv/detail/delete_entity__rosidl_typesupport_fastrtps_c.h
[0.266s] -- Up-to-date: /home/cyberkanjousen/CLionProjects/ROS2_1/install/ros_gz_interfaces/lib/libros_gz_interfaces__rosidl_typesupport_fastrtps_c.so
[0.266s] -- Up-to-date: /home/cyberkanjousen/CLionProjects/ROS2_1/install/ros_gz_interfaces/include/ros_gz_interfaces/ros_gz_interfaces
[0.266s] -- Up-to-date: /home/cyberkanjousen/CLionProjects/ROS2_1/install/ros_gz_interfaces/include/ros_gz_interfaces/ros_gz_interfaces/msg
[0.266s] -- Up-to-date: /home/cyberkanjousen/CLionProjects/ROS2_1/install/ros_gz_interfaces/include/ros_gz_interfaces/ros_gz_interfaces/msg/world_reset.hpp
[0.266s] -- Up-to-date: /home/cyberkanjousen/CLionProjects/ROS2_1/install/ros_gz_interfaces/include/ros_gz_interfaces/ros_gz_interfaces/msg/param_vec.hpp
[0.266s] -- Up-to-date: /home/cyberkanjousen/CLionProjects/ROS2_1/install/ros_gz_interfaces/include/ros_gz_interfaces/ros_gz_interfaces/msg/logical_camera_image.hpp
[0.266s] -- Up-to-date: /home/cyberkanjousen/CLionProjects/ROS2_1/install/ros_gz_interfaces/include/ros_gz_interfaces/ros_gz_interfaces/msg/contacts.hpp
[0.267s] -- Up-to-date: /home/cyberkanjousen/CLionProjects/ROS2_1/install/ros_gz_interfaces/include/ros_gz_interfaces/ros_gz_interfaces/msg/float32_array.hpp
[0.267s] -- Up-to-date: /home/cyberkanjousen/CLionProjects/ROS2_1/install/ros_gz_interfaces/include/ros_gz_interfaces/ros_gz_interfaces/msg/detail
[0.267s] -- Up-to-date: /home/cyberkanjousen/CLionProjects/ROS2_1/install/ros_gz_interfaces/include/ros_gz_interfaces/ros_gz_interfaces/msg/detail/string_vec__builder.hpp
[0.267s] -- Up-to-date: /home/cyberkanjousen/CLionProjects/ROS2_1/install/ros_gz_interfaces/include/ros_gz_interfaces/ros_gz_interfaces/msg/detail/entity_factory__struct.hpp
[0.267s] -- Up-to-date: /home/cyberkanjousen/CLionProjects/ROS2_1/install/ros_gz_interfaces/include/ros_gz_interfaces/ros_gz_interfaces/msg/detail/material_color__struct.hpp
[0.267s] -- Up-to-date: /home/cyberkanjousen/CLionProjects/ROS2_1/install/ros_gz_interfaces/include/ros_gz_interfaces/ros_gz_interfaces/msg/detail/entity_wrench__type_support.hpp
[0.267s] -- Up-to-date: /home/cyberkanjousen/CLionProjects/ROS2_1/install/ros_gz_interfaces/include/ros_gz_interfaces/ros_gz_interfaces/msg/detail/altimeter__traits.hpp
[0.267s] -- Up-to-date: /home/cyberkanjousen/CLionProjects/ROS2_1/install/ros_gz_interfaces/include/ros_gz_interfaces/ros_gz_interfaces/msg/detail/entity_factory__builder.hpp
[0.267s] -- Up-to-date: /home/cyberkanjousen/CLionProjects/ROS2_1/install/ros_gz_interfaces/include/ros_gz_interfaces/ros_gz_interfaces/msg/detail/string_vec__type_support.hpp
[0.267s] -- Up-to-date: /home/cyberkanjousen/CLionProjects/ROS2_1/install/ros_gz_interfaces/include/ros_gz_interfaces/ros_gz_interfaces/msg/detail/altimeter__type_support.hpp
[0.267s] -- Up-to-date: /home/cyberkanjousen/CLionProjects/ROS2_1/install/ros_gz_interfaces/include/ros_gz_interfaces/ros_gz_interfaces/msg/detail/float32_array__struct.hpp
[0.267s] -- Up-to-date: /home/cyberkanjousen/CLionProjects/ROS2_1/install/ros_gz_interfaces/include/ros_gz_interfaces/ros_gz_interfaces/msg/detail/sensor_noise__builder.hpp
[0.267s] -- Up-to-date: /home/cyberkanjousen/CLionProjects/ROS2_1/install/ros_gz_interfaces/include/ros_gz_interfaces/ros_gz_interfaces/msg/detail/contact__type_support.hpp
[0.267s] -- Up-to-date: /home/cyberkanjousen/CLionProjects/ROS2_1/install/ros_gz_interfaces/include/ros_gz_interfaces/ros_gz_interfaces/msg/detail/gui_camera__struct.hpp
[0.267s] -- Up-to-date: /home/cyberkanjousen/CLionProjects/ROS2_1/install/ros_gz_interfaces/include/ros_gz_interfaces/ros_gz_interfaces/msg/detail/gui_camera__builder.hpp
[0.267s] -- Up-to-date: /home/cyberkanjousen/CLionProjects/ROS2_1/install/ros_gz_interfaces/include/ros_gz_interfaces/ros_gz_interfaces/msg/detail/light__builder.hpp
[0.267s] -- Up-to-date: /home/cyberkanjousen/CLionProjects/ROS2_1/install/ros_gz_interfaces/include/ros_gz_interfaces/ros_gz_interfaces/msg/detail/material_color__builder.hpp
[0.267s] -- Up-to-date: /home/cyberkanjousen/CLionProjects/ROS2_1/install/ros_gz_interfaces/include/ros_gz_interfaces/ros_gz_interfaces/msg/detail/track_visual__traits.hpp
[0.267s] -- Up-to-date: /home/cyberkanjousen/CLionProjects/ROS2_1/install/ros_gz_interfaces/include/ros_gz_interfaces/ros_gz_interfaces/msg/detail/light__struct.hpp
[0.267s] -- Up-to-date: /home/cyberkanjousen/CLionProjects/ROS2_1/install/ros_gz_interfaces/include/ros_gz_interfaces/ros_gz_interfaces/msg/detail/material_color__traits.hpp
[0.267s] -- Up-to-date: /home/cyberkanjousen/CLionProjects/ROS2_1/install/ros_gz_interfaces/include/ros_gz_interfaces/ros_gz_interfaces/msg/detail/logical_camera_image__builder.hpp
[0.267s] -- Up-to-date: /home/cyberkanjousen/CLionProjects/ROS2_1/install/ros_gz_interfaces/include/ros_gz_interfaces/ros_gz_interfaces/msg/detail/track_visual__builder.hpp
[0.267s] -- Up-to-date: /home/cyberkanjousen/CLionProjects/ROS2_1/install/ros_gz_interfaces/include/ros_gz_interfaces/ros_gz_interfaces/msg/detail/string_vec__struct.hpp
[0.267s] -- Up-to-date: /home/cyberkanjousen/CLionProjects/ROS2_1/install/ros_gz_interfaces/include/ros_gz_interfaces/ros_gz_interfaces/msg/detail/param_vec__builder.hpp
[0.267s] -- Up-to-date: /home/cyberkanjousen/CLionProjects/ROS2_1/install/ros_gz_interfaces/include/ros_gz_interfaces/ros_gz_interfaces/msg/detail/contacts__type_support.hpp
[0.267s] -- Up-to-date: /home/cyberkanjousen/CLionProjects/ROS2_1/install/ros_gz_interfaces/include/ros_gz_interfaces/ros_gz_interfaces/msg/detail/contact__struct.hpp
[0.267s] -- Up-to-date: /home/cyberkanjousen/CLionProjects/ROS2_1/install/ros_gz_interfaces/include/ros_gz_interfaces/ros_gz_interfaces/msg/detail/dataframe__type_support.hpp
[0.267s] -- Up-to-date: /home/cyberkanjousen/CLionProjects/ROS2_1/install/ros_gz_interfaces/include/ros_gz_interfaces/ros_gz_interfaces/msg/detail/sensor_noise__type_support.hpp
[0.268s] -- Up-to-date: /home/cyberkanjousen/CLionProjects/ROS2_1/install/ros_gz_interfaces/include/ros_gz_interfaces/ros_gz_interfaces/msg/detail/world_control__type_support.hpp
[0.268s] -- Up-to-date: /home/cyberkanjousen/CLionProjects/ROS2_1/install/ros_gz_interfaces/include/ros_gz_interfaces/ros_gz_interfaces/msg/detail/world_control__builder.hpp
[0.268s] -- Up-to-date: /home/cyberkanjousen/CLionProjects/ROS2_1/install/ros_gz_interfaces/include/ros_gz_interfaces/ros_gz_interfaces/msg/detail/dataframe__struct.hpp
[0.268s] -- Up-to-date: /home/cyberkanjousen/CLionProjects/ROS2_1/install/ros_gz_interfaces/include/ros_gz_interfaces/ros_gz_interfaces/msg/detail/contacts__builder.hpp
[0.268s] -- Up-to-date: /home/cyberkanjousen/CLionProjects/ROS2_1/install/ros_gz_interfaces/include/ros_gz_interfaces/ros_gz_interfaces/msg/detail/light__type_support.hpp
[0.268s] -- Up-to-date: /home/cyberkanjousen/CLionProjects/ROS2_1/install/ros_gz_interfaces/include/ros_gz_interfaces/ros_gz_interfaces/msg/detail/float32_array__type_support.hpp
[0.268s] -- Up-to-date: /home/cyberkanjousen/CLionProjects/ROS2_1/install/ros_gz_interfaces/include/ros_gz_interfaces/ros_gz_interfaces/msg/detail/world_reset__traits.hpp
[0.268s] -- Up-to-date: /home/cyberkanjousen/CLionProjects/ROS2_1/install/ros_gz_interfaces/include/ros_gz_interfaces/ros_gz_interfaces/msg/detail/logical_camera_image_model__builder.hpp
[0.268s] -- Up-to-date: /home/cyberkanjousen/CLionProjects/ROS2_1/install/ros_gz_interfaces/include/ros_gz_interfaces/ros_gz_interfaces/msg/detail/joint_wrench__struct.hpp
[0.268s] -- Up-to-date: /home/cyberkanjousen/CLionProjects/ROS2_1/install/ros_gz_interfaces/include/ros_gz_interfaces/ros_gz_interfaces/msg/detail/dataframe__builder.hpp
[0.268s] -- Up-to-date: /home/cyberkanjousen/CLionProjects/ROS2_1/install/ros_gz_interfaces/include/ros_gz_interfaces/ros_gz_interfaces/msg/detail/entity_wrench__struct.hpp
[0.268s] -- Up-to-date: /home/cyberkanjousen/CLionProjects/ROS2_1/install/ros_gz_interfaces/include/ros_gz_interfaces/ros_gz_interfaces/msg/detail/gui_camera__type_support.hpp
[0.268s] -- Up-to-date: /home/cyberkanjousen/CLionProjects/ROS2_1/install/ros_gz_interfaces/include/ros_gz_interfaces/ros_gz_interfaces/msg/detail/entity_wrench__builder.hpp
[0.268s] -- Up-to-date: /home/cyberkanjousen/CLionProjects/ROS2_1/install/ros_gz_interfaces/include/ros_gz_interfaces/ros_gz_interfaces/msg/detail/logical_camera_image_model__traits.hpp
[0.268s] -- Up-to-date: /home/cyberkanjousen/CLionProjects/ROS2_1/install/ros_gz_interfaces/include/ros_gz_interfaces/ros_gz_interfaces/msg/detail/param_vec__traits.hpp
[0.268s] -- Up-to-date: /home/cyberkanjousen/CLionProjects/ROS2_1/install/ros_gz_interfaces/include/ros_gz_interfaces/ros_gz_interfaces/msg/detail/contact__builder.hpp
[0.268s] -- Up-to-date: /home/cyberkanjousen/CLionProjects/ROS2_1/install/ros_gz_interfaces/include/ros_gz_interfaces/ros_gz_interfaces/msg/detail/video_record__traits.hpp
[0.268s] -- Up-to-date: /home/cyberkanjousen/CLionProjects/ROS2_1/install/ros_gz_interfaces/include/ros_gz_interfaces/ros_gz_interfaces/msg/detail/logical_camera_image__type_support.hpp
[0.268s] -- Up-to-date: /home/cyberkanjousen/CLionProjects/ROS2_1/install/ros_gz_interfaces/include/ros_gz_interfaces/ros_gz_interfaces/msg/detail/string_vec__traits.hpp
[0.268s] -- Up-to-date: /home/cyberkanjousen/CLionProjects/ROS2_1/install/ros_gz_interfaces/include/ros_gz_interfaces/ros_gz_interfaces/msg/detail/joint_wrench__builder.hpp
[0.268s] -- Up-to-date: /home/cyberkanjousen/CLionProjects/ROS2_1/install/ros_gz_interfaces/include/ros_gz_interfaces/ros_gz_interfaces/msg/detail/altimeter__struct.hpp
[0.268s] -- Up-to-date: /home/cyberkanjousen/CLionProjects/ROS2_1/install/ros_gz_interfaces/include/ros_gz_interfaces/ros_gz_interfaces/msg/detail/world_reset__builder.hpp
[0.269s] -- Up-to-date: /home/cyberkanjousen/CLionProjects/ROS2_1/install/ros_gz_interfaces/include/ros_gz_interfaces/ros_gz_interfaces/msg/detail/param_vec__struct.hpp
[0.269s] -- Up-to-date: /home/cyberkanjousen/CLionProjects/ROS2_1/install/ros_gz_interfaces/include/ros_gz_interfaces/ros_gz_interfaces/msg/detail/joint_wrench__traits.hpp
[0.269s] -- Up-to-date: /home/cyberkanjousen/CLionProjects/ROS2_1/install/ros_gz_interfaces/include/ros_gz_interfaces/ros_gz_interfaces/msg/detail/world_reset__struct.hpp
[0.269s] -- Up-to-date: /home/cyberkanjousen/CLionProjects/ROS2_1/install/ros_gz_interfaces/include/ros_gz_interfaces/ros_gz_interfaces/msg/detail/entity_wrench__traits.hpp
[0.269s] -- Up-to-date: /home/cyberkanjousen/CLionProjects/ROS2_1/install/ros_gz_interfaces/include/ros_gz_interfaces/ros_gz_interfaces/msg/detail/param_vec__type_support.hpp
[0.269s] -- Up-to-date: /home/cyberkanjousen/CLionProjects/ROS2_1/install/ros_gz_interfaces/include/ros_gz_interfaces/ros_gz_interfaces/msg/detail/world_control__traits.hpp
[0.269s] -- Up-to-date: /home/cyberkanjousen/CLionProjects/ROS2_1/install/ros_gz_interfaces/include/ros_gz_interfaces/ros_gz_interfaces/msg/detail/gui_camera__traits.hpp
[0.269s] -- Up-to-date: /home/cyberkanjousen/CLionProjects/ROS2_1/install/ros_gz_interfaces/include/ros_gz_interfaces/ros_gz_interfaces/msg/detail/entity__struct.hpp
[0.269s] -- Up-to-date: /home/cyberkanjousen/CLionProjects/ROS2_1/install/ros_gz_interfaces/include/ros_gz_interfaces/ros_gz_interfaces/msg/detail/contacts__traits.hpp
[0.269s] -- Up-to-date: /home/cyberkanjousen/CLionProjects/ROS2_1/install/ros_gz_interfaces/include/ros_gz_interfaces/ros_gz_interfaces/msg/detail/entity_factory__type_support.hpp
[0.269s] -- Up-to-date: /home/cyberkanjousen/CLionProjects/ROS2_1/install/ros_gz_interfaces/include/ros_gz_interfaces/ros_gz_interfaces/msg/detail/float32_array__builder.hpp
[0.269s] -- Up-to-date: /home/cyberkanjousen/CLionProjects/ROS2_1/install/ros_gz_interfaces/include/ros_gz_interfaces/ros_gz_interfaces/msg/detail/contacts__struct.hpp
[0.269s] -- Up-to-date: /home/cyberkanjousen/CLionProjects/ROS2_1/install/ros_gz_interfaces/include/ros_gz_interfaces/ros_gz_interfaces/msg/detail/entity__type_support.hpp
[0.269s] -- Up-to-date: /home/cyberkanjousen/CLionProjects/ROS2_1/install/ros_gz_interfaces/include/ros_gz_interfaces/ros_gz_interfaces/msg/detail/entity__builder.hpp
[0.269s] -- Up-to-date: /home/cyberkanjousen/CLionProjects/ROS2_1/install/ros_gz_interfaces/include/ros_gz_interfaces/ros_gz_interfaces/msg/detail/entity__traits.hpp
[0.269s] -- Up-to-date: /home/cyberkanjousen/CLionProjects/ROS2_1/install/ros_gz_interfaces/include/ros_gz_interfaces/ros_gz_interfaces/msg/detail/track_visual__struct.hpp
[0.269s] -- Up-to-date: /home/cyberkanjousen/CLionProjects/ROS2_1/install/ros_gz_interfaces/include/ros_gz_interfaces/ros_gz_interfaces/msg/detail/light__traits.hpp
[0.269s] -- Up-to-date: /home/cyberkanjousen/CLionProjects/ROS2_1/install/ros_gz_interfaces/include/ros_gz_interfaces/ros_gz_interfaces/msg/detail/dataframe__traits.hpp
[0.269s] -- Up-to-date: /home/cyberkanjousen/CLionProjects/ROS2_1/install/ros_gz_interfaces/include/ros_gz_interfaces/ros_gz_interfaces/msg/detail/logical_camera_image_model__struct.hpp
[0.269s] -- Up-to-date: /home/cyberkanjousen/CLionProjects/ROS2_1/install/ros_gz_interfaces/include/ros_gz_interfaces/ros_gz_interfaces/msg/detail/world_reset__type_support.hpp
[0.269s] -- Up-to-date: /home/cyberkanjousen/CLionProjects/ROS2_1/install/ros_gz_interfaces/include/ros_gz_interfaces/ros_gz_interfaces/msg/detail/track_visual__type_support.hpp
[0.269s] -- Up-to-date: /home/cyberkanjousen/CLionProjects/ROS2_1/install/ros_gz_interfaces/include/ros_gz_interfaces/ros_gz_interfaces/msg/detail/entity_factory__traits.hpp
[0.269s] -- Up-to-date: /home/cyberkanjousen/CLionProjects/ROS2_1/install/ros_gz_interfaces/include/ros_gz_interfaces/ros_gz_interfaces/msg/detail/float32_array__traits.hpp
[0.269s] -- Up-to-date: /home/cyberkanjousen/CLionProjects/ROS2_1/install/ros_gz_interfaces/include/ros_gz_interfaces/ros_gz_interfaces/msg/detail/logical_camera_image__struct.hpp
[0.269s] -- Up-to-date: /home/cyberkanjousen/CLionProjects/ROS2_1/install/ros_gz_interfaces/include/ros_gz_interfaces/ros_gz_interfaces/msg/detail/sensor_noise__struct.hpp
[0.269s] -- Up-to-date: /home/cyberkanjousen/CLionProjects/ROS2_1/install/ros_gz_interfaces/include/ros_gz_interfaces/ros_gz_interfaces/msg/detail/contact__traits.hpp
[0.269s] -- Up-to-date: /home/cyberkanjousen/CLionProjects/ROS2_1/install/ros_gz_interfaces/include/ros_gz_interfaces/ros_gz_interfaces/msg/detail/sensor_noise__traits.hpp
[0.269s] -- Up-to-date: /home/cyberkanjousen/CLionProjects/ROS2_1/install/ros_gz_interfaces/include/ros_gz_interfaces/ros_gz_interfaces/msg/detail/world_control__struct.hpp
[0.270s] -- Up-to-date: /home/cyberkanjousen/CLionProjects/ROS2_1/install/ros_gz_interfaces/include/ros_gz_interfaces/ros_gz_interfaces/msg/detail/joint_wrench__type_support.hpp
[0.270s] -- Up-to-date: /home/cyberkanjousen/CLionProjects/ROS2_1/install/ros_gz_interfaces/include/ros_gz_interfaces/ros_gz_interfaces/msg/detail/altimeter__builder.hpp
[0.270s] -- Up-to-date: /home/cyberkanjousen/CLionProjects/ROS2_1/install/ros_gz_interfaces/include/ros_gz_interfaces/ros_gz_interfaces/msg/detail/material_color__type_support.hpp
[0.270s] -- Up-to-date: /home/cyberkanjousen/CLionProjects/ROS2_1/install/ros_gz_interfaces/include/ros_gz_interfaces/ros_gz_interfaces/msg/detail/video_record__builder.hpp
[0.270s] -- Up-to-date: /home/cyberkanjousen/CLionProjects/ROS2_1/install/ros_gz_interfaces/include/ros_gz_interfaces/ros_gz_interfaces/msg/detail/logical_camera_image_model__type_support.hpp
[0.270s] -- Up-to-date: /home/cyberkanjousen/CLionProjects/ROS2_1/install/ros_gz_interfaces/include/ros_gz_interfaces/ros_gz_interfaces/msg/detail/video_record__struct.hpp
[0.270s] -- Up-to-date: /home/cyberkanjousen/CLionProjects/ROS2_1/install/ros_gz_interfaces/include/ros_gz_interfaces/ros_gz_interfaces/msg/detail/video_record__type_support.hpp
[0.270s] -- Up-to-date: /home/cyberkanjousen/CLionProjects/ROS2_1/install/ros_gz_interfaces/include/ros_gz_interfaces/ros_gz_interfaces/msg/detail/logical_camera_image__traits.hpp
[0.270s] -- Up-to-date: /home/cyberkanjousen/CLionProjects/ROS2_1/install/ros_gz_interfaces/include/ros_gz_interfaces/ros_gz_interfaces/msg/light.hpp
[0.270s] -- Up-to-date: /home/cyberkanjousen/CLionProjects/ROS2_1/install/ros_gz_interfaces/include/ros_gz_interfaces/ros_gz_interfaces/msg/dataframe.hpp
[0.270s] -- Up-to-date: /home/cyberkanjousen/CLionProjects/ROS2_1/install/ros_gz_interfaces/include/ros_gz_interfaces/ros_gz_interfaces/msg/track_visual.hpp
[0.270s] -- Up-to-date: /home/cyberkanjousen/CLionProjects/ROS2_1/install/ros_gz_interfaces/include/ros_gz_interfaces/ros_gz_interfaces/msg/contact.hpp
[0.270s] -- Up-to-date: /home/cyberkanjousen/CLionProjects/ROS2_1/install/ros_gz_interfaces/include/ros_gz_interfaces/ros_gz_interfaces/msg/rosidl_generator_cpp__visibility_control.hpp
[0.270s] -- Up-to-date: /home/cyberkanjousen/CLionProjects/ROS2_1/install/ros_gz_interfaces/include/ros_gz_interfaces/ros_gz_interfaces/msg/gui_camera.hpp
[0.270s] -- Up-to-date: /home/cyberkanjousen/CLionProjects/ROS2_1/install/ros_gz_interfaces/include/ros_gz_interfaces/ros_gz_interfaces/msg/material_color.hpp
[0.270s] -- Up-to-date: /home/cyberkanjousen/CLionProjects/ROS2_1/install/ros_gz_interfaces/include/ros_gz_interfaces/ros_gz_interfaces/msg/altimeter.hpp
[0.270s] -- Up-to-date: /home/cyberkanjousen/CLionProjects/ROS2_1/install/ros_gz_interfaces/include/ros_gz_interfaces/ros_gz_interfaces/msg/string_vec.hpp
[0.270s] -- Up-to-date: /home/cyberkanjousen/CLionProjects/ROS2_1/install/ros_gz_interfaces/include/ros_gz_interfaces/ros_gz_interfaces/msg/sensor_noise.hpp
[0.270s] -- Up-to-date: /home/cyberkanjousen/CLionProjects/ROS2_1/install/ros_gz_interfaces/include/ros_gz_interfaces/ros_gz_interfaces/msg/entity.hpp
[0.270s] -- Up-to-date: /home/cyberkanjousen/CLionProjects/ROS2_1/install/ros_gz_interfaces/include/ros_gz_interfaces/ros_gz_interfaces/msg/entity_factory.hpp
[0.270s] -- Up-to-date: /home/cyberkanjousen/CLionProjects/ROS2_1/install/ros_gz_interfaces/include/ros_gz_interfaces/ros_gz_interfaces/msg/entity_wrench.hpp
[0.270s] -- Up-to-date: /home/cyberkanjousen/CLionProjects/ROS2_1/install/ros_gz_interfaces/include/ros_gz_interfaces/ros_gz_interfaces/msg/world_control.hpp
[0.270s] -- Up-to-date: /home/cyberkanjousen/CLionProjects/ROS2_1/install/ros_gz_interfaces/include/ros_gz_interfaces/ros_gz_interfaces/msg/joint_wrench.hpp
[0.270s] -- Up-to-date: /home/cyberkanjousen/CLionProjects/ROS2_1/install/ros_gz_interfaces/include/ros_gz_interfaces/ros_gz_interfaces/msg/logical_camera_image_model.hpp
[0.270s] -- Up-to-date: /home/cyberkanjousen/CLionProjects/ROS2_1/install/ros_gz_interfaces/include/ros_gz_interfaces/ros_gz_interfaces/msg/video_record.hpp
[0.270s] -- Up-to-date: /home/cyberkanjousen/CLionProjects/ROS2_1/install/ros_gz_interfaces/include/ros_gz_interfaces/ros_gz_interfaces/srv
[0.270s] -- Up-to-date: /home/cyberkanjousen/CLionProjects/ROS2_1/install/ros_gz_interfaces/include/ros_gz_interfaces/ros_gz_interfaces/srv/set_entity_pose.hpp
[0.270s] -- Up-to-date: /home/cyberkanjousen/CLionProjects/ROS2_1/install/ros_gz_interfaces/include/ros_gz_interfaces/ros_gz_interfaces/srv/detail
[0.270s] -- Up-to-date: /home/cyberkanjousen/CLionProjects/ROS2_1/install/ros_gz_interfaces/include/ros_gz_interfaces/ros_gz_interfaces/srv/detail/spawn_entity__type_support.hpp
[0.270s] -- Up-to-date: /home/cyberkanjousen/CLionProjects/ROS2_1/install/ros_gz_interfaces/include/ros_gz_interfaces/ros_gz_interfaces/srv/detail/control_world__builder.hpp
[0.271s] -- Up-to-date: /home/cyberkanjousen/CLionProjects/ROS2_1/install/ros_gz_interfaces/include/ros_gz_interfaces/ros_gz_interfaces/srv/detail/spawn_entity__builder.hpp
[0.271s] -- Up-to-date: /home/cyberkanjousen/CLionProjects/ROS2_1/install/ros_gz_interfaces/include/ros_gz_interfaces/ros_gz_interfaces/srv/detail/delete_entity__struct.hpp
[0.271s] -- Up-to-date: /home/cyberkanjousen/CLionProjects/ROS2_1/install/ros_gz_interfaces/include/ros_gz_interfaces/ros_gz_interfaces/srv/detail/control_world__traits.hpp
[0.271s] -- Up-to-date: /home/cyberkanjousen/CLionProjects/ROS2_1/install/ros_gz_interfaces/include/ros_gz_interfaces/ros_gz_interfaces/srv/detail/delete_entity__type_support.hpp
[0.271s] -- Up-to-date: /home/cyberkanjousen/CLionProjects/ROS2_1/install/ros_gz_interfaces/include/ros_gz_interfaces/ros_gz_interfaces/srv/detail/spawn_entity__struct.hpp
[0.271s] -- Up-to-date: /home/cyberkanjousen/CLionProjects/ROS2_1/install/ros_gz_interfaces/include/ros_gz_interfaces/ros_gz_interfaces/srv/detail/delete_entity__builder.hpp
[0.271s] -- Up-to-date: /home/cyberkanjousen/CLionProjects/ROS2_1/install/ros_gz_interfaces/include/ros_gz_interfaces/ros_gz_interfaces/srv/detail/set_entity_pose__builder.hpp
[0.271s] -- Up-to-date: /home/cyberkanjousen/CLionProjects/ROS2_1/install/ros_gz_interfaces/include/ros_gz_interfaces/ros_gz_interfaces/srv/detail/spawn_entity__traits.hpp
[0.271s] -- Up-to-date: /home/cyberkanjousen/CLionProjects/ROS2_1/install/ros_gz_interfaces/include/ros_gz_interfaces/ros_gz_interfaces/srv/detail/set_entity_pose__traits.hpp
[0.271s] -- Up-to-date: /home/cyberkanjousen/CLionProjects/ROS2_1/install/ros_gz_interfaces/include/ros_gz_interfaces/ros_gz_interfaces/srv/detail/delete_entity__traits.hpp
[0.271s] -- Up-to-date: /home/cyberkanjousen/CLionProjects/ROS2_1/install/ros_gz_interfaces/include/ros_gz_interfaces/ros_gz_interfaces/srv/detail/control_world__struct.hpp
[0.271s] -- Up-to-date: /home/cyberkanjousen/CLionProjects/ROS2_1/install/ros_gz_interfaces/include/ros_gz_interfaces/ros_gz_interfaces/srv/detail/set_entity_pose__type_support.hpp
[0.271s] -- Up-to-date: /home/cyberkanjousen/CLionProjects/ROS2_1/install/ros_gz_interfaces/include/ros_gz_interfaces/ros_gz_interfaces/srv/detail/set_entity_pose__struct.hpp
[0.271s] -- Up-to-date: /home/cyberkanjousen/CLionProjects/ROS2_1/install/ros_gz_interfaces/include/ros_gz_interfaces/ros_gz_interfaces/srv/detail/control_world__type_support.hpp
[0.271s] -- Up-to-date: /home/cyberkanjousen/CLionProjects/ROS2_1/install/ros_gz_interfaces/include/ros_gz_interfaces/ros_gz_interfaces/srv/control_world.hpp
[0.271s] -- Up-to-date: /home/cyberkanjousen/CLionProjects/ROS2_1/install/ros_gz_interfaces/include/ros_gz_interfaces/ros_gz_interfaces/srv/spawn_entity.hpp
[0.271s] -- Up-to-date: /home/cyberkanjousen/CLionProjects/ROS2_1/install/ros_gz_interfaces/include/ros_gz_interfaces/ros_gz_interfaces/srv/delete_entity.hpp
[0.271s] -- Up-to-date: /home/cyberkanjousen/CLionProjects/ROS2_1/install/ros_gz_interfaces/include/ros_gz_interfaces/ros_gz_interfaces
[0.271s] -- Up-to-date: /home/cyberkanjousen/CLionProjects/ROS2_1/install/ros_gz_interfaces/include/ros_gz_interfaces/ros_gz_interfaces/msg
[0.271s] -- Up-to-date: /home/cyberkanjousen/CLionProjects/ROS2_1/install/ros_gz_interfaces/include/ros_gz_interfaces/ros_gz_interfaces/msg/detail
[0.271s] -- Up-to-date: /home/cyberkanjousen/CLionProjects/ROS2_1/install/ros_gz_interfaces/include/ros_gz_interfaces/ros_gz_interfaces/msg/detail/world_reset__rosidl_typesupport_fastrtps_cpp.hpp
[0.271s] -- Up-to-date: /home/cyberkanjousen/CLionProjects/ROS2_1/install/ros_gz_interfaces/include/ros_gz_interfaces/ros_gz_interfaces/msg/detail/altimeter__rosidl_typesupport_fastrtps_cpp.hpp
[0.271s] -- Up-to-date: /home/cyberkanjousen/CLionProjects/ROS2_1/install/ros_gz_interfaces/include/ros_gz_interfaces/ros_gz_interfaces/msg/detail/dds_fastrtps
[0.271s] -- Up-to-date: /home/cyberkanjousen/CLionProjects/ROS2_1/install/ros_gz_interfaces/include/ros_gz_interfaces/ros_gz_interfaces/msg/detail/material_color__rosidl_typesupport_fastrtps_cpp.hpp
[0.271s] -- Up-to-date: /home/cyberkanjousen/CLionProjects/ROS2_1/install/ros_gz_interfaces/include/ros_gz_interfaces/ros_gz_interfaces/msg/detail/dataframe__rosidl_typesupport_fastrtps_cpp.hpp
[0.271s] -- Up-to-date: /home/cyberkanjousen/CLionProjects/ROS2_1/install/ros_gz_interfaces/include/ros_gz_interfaces/ros_gz_interfaces/msg/detail/contacts__rosidl_typesupport_fastrtps_cpp.hpp
[0.271s] -- Up-to-date: /home/cyberkanjousen/CLionProjects/ROS2_1/install/ros_gz_interfaces/include/ros_gz_interfaces/ros_gz_interfaces/msg/detail/string_vec__rosidl_typesupport_fastrtps_cpp.hpp
[0.271s] -- Up-to-date: /home/cyberkanjousen/CLionProjects/ROS2_1/install/ros_gz_interfaces/include/ros_gz_interfaces/ros_gz_interfaces/msg/detail/video_record__rosidl_typesupport_fastrtps_cpp.hpp
[0.272s] -- Up-to-date: /home/cyberkanjousen/CLionProjects/ROS2_1/install/ros_gz_interfaces/include/ros_gz_interfaces/ros_gz_interfaces/msg/detail/gui_camera__rosidl_typesupport_fastrtps_cpp.hpp
[0.272s] -- Up-to-date: /home/cyberkanjousen/CLionProjects/ROS2_1/install/ros_gz_interfaces/include/ros_gz_interfaces/ros_gz_interfaces/msg/detail/world_control__rosidl_typesupport_fastrtps_cpp.hpp
[0.272s] -- Up-to-date: /home/cyberkanjousen/CLionProjects/ROS2_1/install/ros_gz_interfaces/include/ros_gz_interfaces/ros_gz_interfaces/msg/detail/logical_camera_image_model__rosidl_typesupport_fastrtps_cpp.hpp
[0.272s] -- Up-to-date: /home/cyberkanjousen/CLionProjects/ROS2_1/install/ros_gz_interfaces/include/ros_gz_interfaces/ros_gz_interfaces/msg/detail/track_visual__rosidl_typesupport_fastrtps_cpp.hpp
[0.272s] -- Up-to-date: /home/cyberkanjousen/CLionProjects/ROS2_1/install/ros_gz_interfaces/include/ros_gz_interfaces/ros_gz_interfaces/msg/detail/param_vec__rosidl_typesupport_fastrtps_cpp.hpp
[0.272s] -- Up-to-date: /home/cyberkanjousen/CLionProjects/ROS2_1/install/ros_gz_interfaces/include/ros_gz_interfaces/ros_gz_interfaces/msg/detail/contact__rosidl_typesupport_fastrtps_cpp.hpp
[0.272s] -- Up-to-date: /home/cyberkanjousen/CLionProjects/ROS2_1/install/ros_gz_interfaces/include/ros_gz_interfaces/ros_gz_interfaces/msg/detail/logical_camera_image__rosidl_typesupport_fastrtps_cpp.hpp
[0.272s] -- Up-to-date: /home/cyberkanjousen/CLionProjects/ROS2_1/install/ros_gz_interfaces/include/ros_gz_interfaces/ros_gz_interfaces/msg/detail/entity__rosidl_typesupport_fastrtps_cpp.hpp
[0.272s] -- Up-to-date: /home/cyberkanjousen/CLionProjects/ROS2_1/install/ros_gz_interfaces/include/ros_gz_interfaces/ros_gz_interfaces/msg/detail/float32_array__rosidl_typesupport_fastrtps_cpp.hpp
[0.272s] -- Up-to-date: /home/cyberkanjousen/CLionProjects/ROS2_1/install/ros_gz_interfaces/include/ros_gz_interfaces/ros_gz_interfaces/msg/detail/entity_wrench__rosidl_typesupport_fastrtps_cpp.hpp
[0.272s] -- Up-to-date: /home/cyberkanjousen/CLionProjects/ROS2_1/install/ros_gz_interfaces/include/ros_gz_interfaces/ros_gz_interfaces/msg/detail/entity_factory__rosidl_typesupport_fastrtps_cpp.hpp
[0.272s] -- Up-to-date: /home/cyberkanjousen/CLionProjects/ROS2_1/install/ros_gz_interfaces/include/ros_gz_interfaces/ros_gz_interfaces/msg/detail/joint_wrench__rosidl_typesupport_fastrtps_cpp.hpp
[0.272s] -- Up-to-date: /home/cyberkanjousen/CLionProjects/ROS2_1/install/ros_gz_interfaces/include/ros_gz_interfaces/ros_gz_interfaces/msg/detail/sensor_noise__rosidl_typesupport_fastrtps_cpp.hpp
[0.272s] -- Up-to-date: /home/cyberkanjousen/CLionProjects/ROS2_1/install/ros_gz_interfaces/include/ros_gz_interfaces/ros_gz_interfaces/msg/detail/light__rosidl_typesupport_fastrtps_cpp.hpp
[0.272s] -- Up-to-date: /home/cyberkanjousen/CLionProjects/ROS2_1/install/ros_gz_interfaces/include/ros_gz_interfaces/ros_gz_interfaces/msg/rosidl_typesupport_fastrtps_cpp__visibility_control.h
[0.272s] -- Up-to-date: /home/cyberkanjousen/CLionProjects/ROS2_1/install/ros_gz_interfaces/include/ros_gz_interfaces/ros_gz_interfaces/srv
[0.272s] -- Up-to-date: /home/cyberkanjousen/CLionProjects/ROS2_1/install/ros_gz_interfaces/include/ros_gz_interfaces/ros_gz_interfaces/srv/detail
[0.272s] -- Up-to-date: /home/cyberkanjousen/CLionProjects/ROS2_1/install/ros_gz_interfaces/include/ros_gz_interfaces/ros_gz_interfaces/srv/detail/control_world__rosidl_typesupport_fastrtps_cpp.hpp
[0.272s] -- Up-to-date: /home/cyberkanjousen/CLionProjects/ROS2_1/install/ros_gz_interfaces/include/ros_gz_interfaces/ros_gz_interfaces/srv/detail/set_entity_pose__rosidl_typesupport_fastrtps_cpp.hpp
[0.272s] -- Up-to-date: /home/cyberkanjousen/CLionProjects/ROS2_1/install/ros_gz_interfaces/include/ros_gz_interfaces/ros_gz_interfaces/srv/detail/dds_fastrtps
[0.272s] -- Up-to-date: /home/cyberkanjousen/CLionProjects/ROS2_1/install/ros_gz_interfaces/include/ros_gz_interfaces/ros_gz_interfaces/srv/detail/delete_entity__rosidl_typesupport_fastrtps_cpp.hpp
[0.272s] -- Up-to-date: /home/cyberkanjousen/CLionProjects/ROS2_1/install/ros_gz_interfaces/include/ros_gz_interfaces/ros_gz_interfaces/srv/detail/spawn_entity__rosidl_typesupport_fastrtps_cpp.hpp
[0.272s] -- Up-to-date: /home/cyberkanjousen/CLionProjects/ROS2_1/install/ros_gz_interfaces/lib/libros_gz_interfaces__rosidl_typesupport_fastrtps_cpp.so
[0.272s] -- Up-to-date: /home/cyberkanjousen/CLionProjects/ROS2_1/install/ros_gz_interfaces/include/ros_gz_interfaces/ros_gz_interfaces
[0.272s] -- Up-to-date: /home/cyberkanjousen/CLionProjects/ROS2_1/install/ros_gz_interfaces/include/ros_gz_interfaces/ros_gz_interfaces/msg
[0.272s] -- Up-to-date: /home/cyberkanjousen/CLionProjects/ROS2_1/install/ros_gz_interfaces/include/ros_gz_interfaces/ros_gz_interfaces/msg/detail
[0.272s] -- Up-to-date: /home/cyberkanjousen/CLionProjects/ROS2_1/install/ros_gz_interfaces/include/ros_gz_interfaces/ros_gz_interfaces/msg/detail/gui_camera__type_support.c
[0.272s] -- Installing: /home/cyberkanjousen/CLionProjects/ROS2_1/install/ros_gz_interfaces/include/ros_gz_interfaces/ros_gz_interfaces/msg/detail/entity__type_support.c
[0.272s] -- Up-to-date: /home/cyberkanjousen/CLionProjects/ROS2_1/install/ros_gz_interfaces/include/ros_gz_interfaces/ros_gz_interfaces/msg/detail/logical_camera_image_model__type_support.c
[0.273s] -- Installing: /home/cyberkanjousen/CLionProjects/ROS2_1/install/ros_gz_interfaces/include/ros_gz_interfaces/ros_gz_interfaces/msg/detail/sensor_noise__type_support.c
[0.273s] -- Installing: /home/cyberkanjousen/CLionProjects/ROS2_1/install/ros_gz_interfaces/include/ros_gz_interfaces/ros_gz_interfaces/msg/detail/world_reset__type_support.c
[0.273s] -- Up-to-date: /home/cyberkanjousen/CLionProjects/ROS2_1/install/ros_gz_interfaces/include/ros_gz_interfaces/ros_gz_interfaces/msg/detail/light__rosidl_typesupport_introspection_c.h
[0.273s] -- Up-to-date: /home/cyberkanjousen/CLionProjects/ROS2_1/install/ros_gz_interfaces/include/ros_gz_interfaces/ros_gz_interfaces/msg/detail/gui_camera__rosidl_typesupport_introspection_c.h
[0.273s] -- Up-to-date: /home/cyberkanjousen/CLionProjects/ROS2_1/install/ros_gz_interfaces/include/ros_gz_interfaces/ros_gz_interfaces/msg/detail/float32_array__rosidl_typesupport_introspection_c.h
[0.273s] -- Installing: /home/cyberkanjousen/CLionProjects/ROS2_1/install/ros_gz_interfaces/include/ros_gz_interfaces/ros_gz_interfaces/msg/detail/string_vec__type_support.c
[0.273s] -- Up-to-date: /home/cyberkanjousen/CLionProjects/ROS2_1/install/ros_gz_interfaces/include/ros_gz_interfaces/ros_gz_interfaces/msg/detail/entity_wrench__rosidl_typesupport_introspection_c.h
[0.273s] -- Up-to-date: /home/cyberkanjousen/CLionProjects/ROS2_1/install/ros_gz_interfaces/include/ros_gz_interfaces/ros_gz_interfaces/msg/detail/logical_camera_image__type_support.c
[0.273s] -- Up-to-date: /home/cyberkanjousen/CLionProjects/ROS2_1/install/ros_gz_interfaces/include/ros_gz_interfaces/ros_gz_interfaces/msg/detail/entity_factory__rosidl_typesupport_introspection_c.h
[0.273s] -- Up-to-date: /home/cyberkanjousen/CLionProjects/ROS2_1/install/ros_gz_interfaces/include/ros_gz_interfaces/ros_gz_interfaces/msg/detail/float32_array__type_support.c
[0.273s] -- Installing: /home/cyberkanjousen/CLionProjects/ROS2_1/install/ros_gz_interfaces/include/ros_gz_interfaces/ros_gz_interfaces/msg/detail/altimeter__type_support.c
[0.273s] -- Up-to-date: /home/cyberkanjousen/CLionProjects/ROS2_1/install/ros_gz_interfaces/include/ros_gz_interfaces/ros_gz_interfaces/msg/detail/param_vec__type_support.c
[0.273s] -- Installing: /home/cyberkanjousen/CLionProjects/ROS2_1/install/ros_gz_interfaces/include/ros_gz_interfaces/ros_gz_interfaces/msg/detail/dataframe__type_support.c
[0.273s] -- Installing: /home/cyberkanjousen/CLionProjects/ROS2_1/install/ros_gz_interfaces/include/ros_gz_interfaces/ros_gz_interfaces/msg/detail/entity_wrench__type_support.c
[0.273s] -- Installing: /home/cyberkanjousen/CLionProjects/ROS2_1/install/ros_gz_interfaces/include/ros_gz_interfaces/ros_gz_interfaces/msg/detail/world_control__type_support.c
[0.273s] -- Up-to-date: /home/cyberkanjousen/CLionProjects/ROS2_1/install/ros_gz_interfaces/include/ros_gz_interfaces/ros_gz_interfaces/msg/detail/entity__rosidl_typesupport_introspection_c.h
[0.273s] -- Installing: /home/cyberkanjousen/CLionProjects/ROS2_1/install/ros_gz_interfaces/include/ros_gz_interfaces/ros_gz_interfaces/msg/detail/video_record__type_support.c
[0.273s] -- Up-to-date: /home/cyberkanjousen/CLionProjects/ROS2_1/install/ros_gz_interfaces/include/ros_gz_interfaces/ros_gz_interfaces/msg/detail/dataframe__rosidl_typesupport_introspection_c.h
[0.273s] -- Up-to-date: /home/cyberkanjousen/CLionProjects/ROS2_1/install/ros_gz_interfaces/include/ros_gz_interfaces/ros_gz_interfaces/msg/detail/contact__rosidl_typesupport_introspection_c.h
[0.273s] -- Up-to-date: /home/cyberkanjousen/CLionProjects/ROS2_1/install/ros_gz_interfaces/include/ros_gz_interfaces/ros_gz_interfaces/msg/detail/light__type_support.c
[0.273s] -- Up-to-date: /home/cyberkanjousen/CLionProjects/ROS2_1/install/ros_gz_interfaces/include/ros_gz_interfaces/ros_gz_interfaces/msg/detail/material_color__rosidl_typesupport_introspection_c.h
[0.273s] -- Up-to-date: /home/cyberkanjousen/CLionProjects/ROS2_1/install/ros_gz_interfaces/include/ros_gz_interfaces/ros_gz_interfaces/msg/detail/param_vec__rosidl_typesupport_introspection_c.h
[0.273s] -- Up-to-date: /home/cyberkanjousen/CLionProjects/ROS2_1/install/ros_gz_interfaces/include/ros_gz_interfaces/ros_gz_interfaces/msg/detail/string_vec__rosidl_typesupport_introspection_c.h
[0.273s] -- Installing: /home/cyberkanjousen/CLionProjects/ROS2_1/install/ros_gz_interfaces/include/ros_gz_interfaces/ros_gz_interfaces/msg/detail/track_visual__type_support.c
[0.273s] -- Installing: /home/cyberkanjousen/CLionProjects/ROS2_1/install/ros_gz_interfaces/include/ros_gz_interfaces/ros_gz_interfaces/msg/detail/contacts__type_support.c
[0.273s] -- Installing: /home/cyberkanjousen/CLionProjects/ROS2_1/install/ros_gz_interfaces/include/ros_gz_interfaces/ros_gz_interfaces/msg/detail/contact__type_support.c
[0.273s] -- Up-to-date: /home/cyberkanjousen/CLionProjects/ROS2_1/install/ros_gz_interfaces/include/ros_gz_interfaces/ros_gz_interfaces/msg/detail/joint_wrench__type_support.c
[0.273s] -- Up-to-date: /home/cyberkanjousen/CLionProjects/ROS2_1/install/ros_gz_interfaces/include/ros_gz_interfaces/ros_gz_interfaces/msg/detail/sensor_noise__rosidl_typesupport_introspection_c.h
[0.274s] -- Up-to-date: /home/cyberkanjousen/CLionProjects/ROS2_1/install/ros_gz_interfaces/include/ros_gz_interfaces/ros_gz_interfaces/msg/detail/world_control__rosidl_typesupport_introspection_c.h
[0.274s] -- Up-to-date: /home/cyberkanjousen/CLionProjects/ROS2_1/install/ros_gz_interfaces/include/ros_gz_interfaces/ros_gz_interfaces/msg/detail/altimeter__rosidl_typesupport_introspection_c.h
[0.274s] -- Up-to-date: /home/cyberkanjousen/CLionProjects/ROS2_1/install/ros_gz_interfaces/include/ros_gz_interfaces/ros_gz_interfaces/msg/detail/world_reset__rosidl_typesupport_introspection_c.h
[0.274s] -- Up-to-date: /home/cyberkanjousen/CLionProjects/ROS2_1/install/ros_gz_interfaces/include/ros_gz_interfaces/ros_gz_interfaces/msg/detail/logical_camera_image_model__rosidl_typesupport_introspection_c.h
[0.274s] -- Up-to-date: /home/cyberkanjousen/CLionProjects/ROS2_1/install/ros_gz_interfaces/include/ros_gz_interfaces/ros_gz_interfaces/msg/detail/logical_camera_image__rosidl_typesupport_introspection_c.h
[0.274s] -- Up-to-date: /home/cyberkanjousen/CLionProjects/ROS2_1/install/ros_gz_interfaces/include/ros_gz_interfaces/ros_gz_interfaces/msg/detail/contacts__rosidl_typesupport_introspection_c.h
[0.274s] -- Installing: /home/cyberkanjousen/CLionProjects/ROS2_1/install/ros_gz_interfaces/include/ros_gz_interfaces/ros_gz_interfaces/msg/detail/entity_factory__type_support.c
[0.274s] -- Up-to-date: /home/cyberkanjousen/CLionProjects/ROS2_1/install/ros_gz_interfaces/include/ros_gz_interfaces/ros_gz_interfaces/msg/detail/video_record__rosidl_typesupport_introspection_c.h
[0.274s] -- Up-to-date: /home/cyberkanjousen/CLionProjects/ROS2_1/install/ros_gz_interfaces/include/ros_gz_interfaces/ros_gz_interfaces/msg/detail/track_visual__rosidl_typesupport_introspection_c.h
[0.274s] -- Up-to-date: /home/cyberkanjousen/CLionProjects/ROS2_1/install/ros_gz_interfaces/include/ros_gz_interfaces/ros_gz_interfaces/msg/detail/material_color__type_support.c
[0.274s] -- Up-to-date: /home/cyberkanjousen/CLionProjects/ROS2_1/install/ros_gz_interfaces/include/ros_gz_interfaces/ros_gz_interfaces/msg/detail/joint_wrench__rosidl_typesupport_introspection_c.h
[0.274s] -- Up-to-date: /home/cyberkanjousen/CLionProjects/ROS2_1/install/ros_gz_interfaces/include/ros_gz_interfaces/ros_gz_interfaces/msg/rosidl_typesupport_introspection_c__visibility_control.h
[0.274s] -- Up-to-date: /home/cyberkanjousen/CLionProjects/ROS2_1/install/ros_gz_interfaces/include/ros_gz_interfaces/ros_gz_interfaces/srv
[0.274s] -- Up-to-date: /home/cyberkanjousen/CLionProjects/ROS2_1/install/ros_gz_interfaces/include/ros_gz_interfaces/ros_gz_interfaces/srv/detail
[0.274s] -- Up-to-date: /home/cyberkanjousen/CLionProjects/ROS2_1/install/ros_gz_interfaces/include/ros_gz_interfaces/ros_gz_interfaces/srv/detail/spawn_entity__rosidl_typesupport_introspection_c.h
[0.274s] -- Up-to-date: /home/cyberkanjousen/CLionProjects/ROS2_1/install/ros_gz_interfaces/include/ros_gz_interfaces/ros_gz_interfaces/srv/detail/spawn_entity__type_support.c
[0.274s] -- Installing: /home/cyberkanjousen/CLionProjects/ROS2_1/install/ros_gz_interfaces/include/ros_gz_interfaces/ros_gz_interfaces/srv/detail/control_world__type_support.c
[0.274s] -- Up-to-date: /home/cyberkanjousen/CLionProjects/ROS2_1/install/ros_gz_interfaces/include/ros_gz_interfaces/ros_gz_interfaces/srv/detail/set_entity_pose__rosidl_typesupport_introspection_c.h
[0.274s] -- Up-to-date: /home/cyberkanjousen/CLionProjects/ROS2_1/install/ros_gz_interfaces/include/ros_gz_interfaces/ros_gz_interfaces/srv/detail/control_world__rosidl_typesupport_introspection_c.h
[0.274s] -- Up-to-date: /home/cyberkanjousen/CLionProjects/ROS2_1/install/ros_gz_interfaces/include/ros_gz_interfaces/ros_gz_interfaces/srv/detail/delete_entity__rosidl_typesupport_introspection_c.h
[0.274s] -- Installing: /home/cyberkanjousen/CLionProjects/ROS2_1/install/ros_gz_interfaces/include/ros_gz_interfaces/ros_gz_interfaces/srv/detail/delete_entity__type_support.c
[0.274s] -- Up-to-date: /home/cyberkanjousen/CLionProjects/ROS2_1/install/ros_gz_interfaces/include/ros_gz_interfaces/ros_gz_interfaces/srv/detail/set_entity_pose__type_support.c
[0.274s] -- Up-to-date: /home/cyberkanjousen/CLionProjects/ROS2_1/install/ros_gz_interfaces/lib/libros_gz_interfaces__rosidl_typesupport_introspection_c.so
[0.274s] -- Up-to-date: /home/cyberkanjousen/CLionProjects/ROS2_1/install/ros_gz_interfaces/lib/libros_gz_interfaces__rosidl_typesupport_c.so
[0.274s] -- Up-to-date: /home/cyberkanjousen/CLionProjects/ROS2_1/install/ros_gz_interfaces/include/ros_gz_interfaces/ros_gz_interfaces
[0.274s] -- Up-to-date: /home/cyberkanjousen/CLionProjects/ROS2_1/install/ros_gz_interfaces/include/ros_gz_interfaces/ros_gz_interfaces/msg
[0.274s] -- Up-to-date: /home/cyberkanjousen/CLionProjects/ROS2_1/install/ros_gz_interfaces/include/ros_gz_interfaces/ros_gz_interfaces/msg/detail
[0.274s] -- Up-to-date: /home/cyberkanjousen/CLionProjects/ROS2_1/install/ros_gz_interfaces/include/ros_gz_interfaces/ros_gz_interfaces/msg/detail/video_record__rosidl_typesupport_introspection_cpp.hpp
[0.274s] -- Up-to-date: /home/cyberkanjousen/CLionProjects/ROS2_1/install/ros_gz_interfaces/include/ros_gz_interfaces/ros_gz_interfaces/msg/detail/track_visual__rosidl_typesupport_introspection_cpp.hpp
[0.275s] -- Up-to-date: /home/cyberkanjousen/CLionProjects/ROS2_1/install/ros_gz_interfaces/include/ros_gz_interfaces/ros_gz_interfaces/msg/detail/contact__rosidl_typesupport_introspection_cpp.hpp
[0.275s] -- Up-to-date: /home/cyberkanjousen/CLionProjects/ROS2_1/install/ros_gz_interfaces/include/ros_gz_interfaces/ros_gz_interfaces/msg/detail/logical_camera_image_model__type_support.cpp
[0.275s] -- Up-to-date: /home/cyberkanjousen/CLionProjects/ROS2_1/install/ros_gz_interfaces/include/ros_gz_interfaces/ros_gz_interfaces/msg/detail/float32_array__type_support.cpp
[0.275s] -- Up-to-date: /home/cyberkanjousen/CLionProjects/ROS2_1/install/ros_gz_interfaces/include/ros_gz_interfaces/ros_gz_interfaces/msg/detail/float32_array__rosidl_typesupport_introspection_cpp.hpp
[0.275s] -- Up-to-date: /home/cyberkanjousen/CLionProjects/ROS2_1/install/ros_gz_interfaces/include/ros_gz_interfaces/ros_gz_interfaces/msg/detail/material_color__rosidl_typesupport_introspection_cpp.hpp
[0.275s] -- Up-to-date: /home/cyberkanjousen/CLionProjects/ROS2_1/install/ros_gz_interfaces/include/ros_gz_interfaces/ros_gz_interfaces/msg/detail/sensor_noise__type_support.cpp
[0.275s] -- Up-to-date: /home/cyberkanjousen/CLionProjects/ROS2_1/install/ros_gz_interfaces/include/ros_gz_interfaces/ros_gz_interfaces/msg/detail/material_color__type_support.cpp
[0.275s] -- Up-to-date: /home/cyberkanjousen/CLionProjects/ROS2_1/install/ros_gz_interfaces/include/ros_gz_interfaces/ros_gz_interfaces/msg/detail/world_reset__rosidl_typesupport_introspection_cpp.hpp
[0.275s] -- Up-to-date: /home/cyberkanjousen/CLionProjects/ROS2_1/install/ros_gz_interfaces/include/ros_gz_interfaces/ros_gz_interfaces/msg/detail/gui_camera__type_support.cpp
[0.275s] -- Up-to-date: /home/cyberkanjousen/CLionProjects/ROS2_1/install/ros_gz_interfaces/include/ros_gz_interfaces/ros_gz_interfaces/msg/detail/string_vec__rosidl_typesupport_introspection_cpp.hpp
[0.275s] -- Up-to-date: /home/cyberkanjousen/CLionProjects/ROS2_1/install/ros_gz_interfaces/include/ros_gz_interfaces/ros_gz_interfaces/msg/detail/param_vec__rosidl_typesupport_introspection_cpp.hpp
[0.275s] -- Up-to-date: /home/cyberkanjousen/CLionProjects/ROS2_1/install/ros_gz_interfaces/include/ros_gz_interfaces/ros_gz_interfaces/msg/detail/contacts__rosidl_typesupport_introspection_cpp.hpp
[0.275s] -- Up-to-date: /home/cyberkanjousen/CLionProjects/ROS2_1/install/ros_gz_interfaces/include/ros_gz_interfaces/ros_gz_interfaces/msg/detail/altimeter__rosidl_typesupport_introspection_cpp.hpp
[0.275s] -- Up-to-date: /home/cyberkanjousen/CLionProjects/ROS2_1/install/ros_gz_interfaces/include/ros_gz_interfaces/ros_gz_interfaces/msg/detail/joint_wrench__type_support.cpp
[0.275s] -- Up-to-date: /home/cyberkanjousen/CLionProjects/ROS2_1/install/ros_gz_interfaces/include/ros_gz_interfaces/ros_gz_interfaces/msg/detail/world_control__type_support.cpp
[0.275s] -- Up-to-date: /home/cyberkanjousen/CLionProjects/ROS2_1/install/ros_gz_interfaces/include/ros_gz_interfaces/ros_gz_interfaces/msg/detail/light__rosidl_typesupport_introspection_cpp.hpp
[0.275s] -- Up-to-date: /home/cyberkanjousen/CLionProjects/ROS2_1/install/ros_gz_interfaces/include/ros_gz_interfaces/ros_gz_interfaces/msg/detail/dataframe__rosidl_typesupport_introspection_cpp.hpp
[0.275s] -- Up-to-date: /home/cyberkanjousen/CLionProjects/ROS2_1/install/ros_gz_interfaces/include/ros_gz_interfaces/ros_gz_interfaces/msg/detail/entity_factory__rosidl_typesupport_introspection_cpp.hpp
[0.275s] -- Up-to-date: /home/cyberkanjousen/CLionProjects/ROS2_1/install/ros_gz_interfaces/include/ros_gz_interfaces/ros_gz_interfaces/msg/detail/logical_camera_image__type_support.cpp
[0.275s] -- Up-to-date: /home/cyberkanjousen/CLionProjects/ROS2_1/install/ros_gz_interfaces/include/ros_gz_interfaces/ros_gz_interfaces/msg/detail/entity_factory__type_support.cpp
[0.275s] -- Up-to-date: /home/cyberkanjousen/CLionProjects/ROS2_1/install/ros_gz_interfaces/include/ros_gz_interfaces/ros_gz_interfaces/msg/detail/dataframe__type_support.cpp
[0.275s] -- Up-to-date: /home/cyberkanjousen/CLionProjects/ROS2_1/install/ros_gz_interfaces/include/ros_gz_interfaces/ros_gz_interfaces/msg/detail/contact__type_support.cpp
[0.275s] -- Up-to-date: /home/cyberkanjousen/CLionProjects/ROS2_1/install/ros_gz_interfaces/include/ros_gz_interfaces/ros_gz_interfaces/msg/detail/video_record__type_support.cpp
[0.275s] -- Up-to-date: /home/cyberkanjousen/CLionProjects/ROS2_1/install/ros_gz_interfaces/include/ros_gz_interfaces/ros_gz_interfaces/msg/detail/altimeter__type_support.cpp
[0.275s] -- Up-to-date: /home/cyberkanjousen/CLionProjects/ROS2_1/install/ros_gz_interfaces/include/ros_gz_interfaces/ros_gz_interfaces/msg/detail/joint_wrench__rosidl_typesupport_introspection_cpp.hpp
[0.275s] -- Up-to-date: /home/cyberkanjousen/CLionProjects/ROS2_1/install/ros_gz_interfaces/include/ros_gz_interfaces/ros_gz_interfaces/msg/detail/world_control__rosidl_typesupport_introspection_cpp.hpp
[0.275s] -- Up-to-date: /home/cyberkanjousen/CLionProjects/ROS2_1/install/ros_gz_interfaces/include/ros_gz_interfaces/ros_gz_interfaces/msg/detail/sensor_noise__rosidl_typesupport_introspection_cpp.hpp
[0.275s] -- Up-to-date: /home/cyberkanjousen/CLionProjects/ROS2_1/install/ros_gz_interfaces/include/ros_gz_interfaces/ros_gz_interfaces/msg/detail/logical_camera_image__rosidl_typesupport_introspection_cpp.hpp
[0.275s] -- Up-to-date: /home/cyberkanjousen/CLionProjects/ROS2_1/install/ros_gz_interfaces/include/ros_gz_interfaces/ros_gz_interfaces/msg/detail/entity_wrench__type_support.cpp
[0.276s] -- Up-to-date: /home/cyberkanjousen/CLionProjects/ROS2_1/install/ros_gz_interfaces/include/ros_gz_interfaces/ros_gz_interfaces/msg/detail/gui_camera__rosidl_typesupport_introspection_cpp.hpp
[0.276s] -- Up-to-date: /home/cyberkanjousen/CLionProjects/ROS2_1/install/ros_gz_interfaces/include/ros_gz_interfaces/ros_gz_interfaces/msg/detail/string_vec__type_support.cpp
[0.276s] -- Up-to-date: /home/cyberkanjousen/CLionProjects/ROS2_1/install/ros_gz_interfaces/include/ros_gz_interfaces/ros_gz_interfaces/msg/detail/light__type_support.cpp
[0.276s] -- Up-to-date: /home/cyberkanjousen/CLionProjects/ROS2_1/install/ros_gz_interfaces/include/ros_gz_interfaces/ros_gz_interfaces/msg/detail/world_reset__type_support.cpp
[0.276s] -- Up-to-date: /home/cyberkanjousen/CLionProjects/ROS2_1/install/ros_gz_interfaces/include/ros_gz_interfaces/ros_gz_interfaces/msg/detail/entity__type_support.cpp
[0.276s] -- Up-to-date: /home/cyberkanjousen/CLionProjects/ROS2_1/install/ros_gz_interfaces/include/ros_gz_interfaces/ros_gz_interfaces/msg/detail/track_visual__type_support.cpp
[0.276s] -- Up-to-date: /home/cyberkanjousen/CLionProjects/ROS2_1/install/ros_gz_interfaces/include/ros_gz_interfaces/ros_gz_interfaces/msg/detail/param_vec__type_support.cpp
[0.276s] -- Up-to-date: /home/cyberkanjousen/CLionProjects/ROS2_1/install/ros_gz_interfaces/include/ros_gz_interfaces/ros_gz_interfaces/msg/detail/contacts__type_support.cpp
[0.276s] -- Up-to-date: /home/cyberkanjousen/CLionProjects/ROS2_1/install/ros_gz_interfaces/include/ros_gz_interfaces/ros_gz_interfaces/msg/detail/entity_wrench__rosidl_typesupport_introspection_cpp.hpp
[0.276s] -- Up-to-date: /home/cyberkanjousen/CLionProjects/ROS2_1/install/ros_gz_interfaces/include/ros_gz_interfaces/ros_gz_interfaces/msg/detail/logical_camera_image_model__rosidl_typesupport_introspection_cpp.hpp
[0.276s] -- Up-to-date: /home/cyberkanjousen/CLionProjects/ROS2_1/install/ros_gz_interfaces/include/ros_gz_interfaces/ros_gz_interfaces/msg/detail/entity__rosidl_typesupport_introspection_cpp.hpp
[0.276s] -- Up-to-date: /home/cyberkanjousen/CLionProjects/ROS2_1/install/ros_gz_interfaces/include/ros_gz_interfaces/ros_gz_interfaces/srv
[0.276s] -- Up-to-date: /home/cyberkanjousen/CLionProjects/ROS2_1/install/ros_gz_interfaces/include/ros_gz_interfaces/ros_gz_interfaces/srv/detail
[0.276s] -- Up-to-date: /home/cyberkanjousen/CLionProjects/ROS2_1/install/ros_gz_interfaces/include/ros_gz_interfaces/ros_gz_interfaces/srv/detail/delete_entity__type_support.cpp
[0.276s] -- Up-to-date: /home/cyberkanjousen/CLionProjects/ROS2_1/install/ros_gz_interfaces/include/ros_gz_interfaces/ros_gz_interfaces/srv/detail/set_entity_pose__rosidl_typesupport_introspection_cpp.hpp
[0.276s] -- Up-to-date: /home/cyberkanjousen/CLionProjects/ROS2_1/install/ros_gz_interfaces/include/ros_gz_interfaces/ros_gz_interfaces/srv/detail/control_world__rosidl_typesupport_introspection_cpp.hpp
[0.276s] -- Up-to-date: /home/cyberkanjousen/CLionProjects/ROS2_1/install/ros_gz_interfaces/include/ros_gz_interfaces/ros_gz_interfaces/srv/detail/spawn_entity__type_support.cpp
[0.276s] -- Up-to-date: /home/cyberkanjousen/CLionProjects/ROS2_1/install/ros_gz_interfaces/include/ros_gz_interfaces/ros_gz_interfaces/srv/detail/spawn_entity__rosidl_typesupport_introspection_cpp.hpp
[0.276s] -- Up-to-date: /home/cyberkanjousen/CLionProjects/ROS2_1/install/ros_gz_interfaces/include/ros_gz_interfaces/ros_gz_interfaces/srv/detail/set_entity_pose__type_support.cpp
[0.276s] -- Up-to-date: /home/cyberkanjousen/CLionProjects/ROS2_1/install/ros_gz_interfaces/include/ros_gz_interfaces/ros_gz_interfaces/srv/detail/control_world__type_support.cpp
[0.276s] -- Up-to-date: /home/cyberkanjousen/CLionProjects/ROS2_1/install/ros_gz_interfaces/include/ros_gz_interfaces/ros_gz_interfaces/srv/detail/delete_entity__rosidl_typesupport_introspection_cpp.hpp
[0.276s] -- Up-to-date: /home/cyberkanjousen/CLionProjects/ROS2_1/install/ros_gz_interfaces/lib/libros_gz_interfaces__rosidl_typesupport_introspection_cpp.so
[0.276s] -- Up-to-date: /home/cyberkanjousen/CLionProjects/ROS2_1/install/ros_gz_interfaces/lib/libros_gz_interfaces__rosidl_typesupport_cpp.so
[0.276s] -- Up-to-date: /home/cyberkanjousen/CLionProjects/ROS2_1/install/ros_gz_interfaces/share/ros_gz_interfaces/environment/pythonpath.sh
[0.277s] -- Up-to-date: /home/cyberkanjousen/CLionProjects/ROS2_1/install/ros_gz_interfaces/share/ros_gz_interfaces/environment/pythonpath.dsv
[0.277s] -- Up-to-date: /home/cyberkanjousen/CLionProjects/ROS2_1/install/ros_gz_interfaces/lib/python3.12/site-packages/ros_gz_interfaces-3.0.4-py3.12.egg-info
[0.277s] -- Installing: /home/cyberkanjousen/CLionProjects/ROS2_1/install/ros_gz_interfaces/lib/python3.12/site-packages/ros_gz_interfaces-3.0.4-py3.12.egg-info/PKG-INFO
[0.277s] -- Installing: /home/cyberkanjousen/CLionProjects/ROS2_1/install/ros_gz_interfaces/lib/python3.12/site-packages/ros_gz_interfaces-3.0.4-py3.12.egg-info/top_level.txt
[0.277s] -- Installing: /home/cyberkanjousen/CLionProjects/ROS2_1/install/ros_gz_interfaces/lib/python3.12/site-packages/ros_gz_interfaces-3.0.4-py3.12.egg-info/SOURCES.txt
[0.277s] -- Installing: /home/cyberkanjousen/CLionProjects/ROS2_1/install/ros_gz_interfaces/lib/python3.12/site-packages/ros_gz_interfaces-3.0.4-py3.12.egg-info/dependency_links.txt
[0.277s] -- Up-to-date: /home/cyberkanjousen/CLionProjects/ROS2_1/install/ros_gz_interfaces/lib/python3.12/site-packages/ros_gz_interfaces
[0.277s] -- Up-to-date: /home/cyberkanjousen/CLionProjects/ROS2_1/install/ros_gz_interfaces/lib/python3.12/site-packages/ros_gz_interfaces/ros_gz_interfaces_s__rosidl_typesupport_introspection_c.so
[0.277s] -- Up-to-date: /home/cyberkanjousen/CLionProjects/ROS2_1/install/ros_gz_interfaces/lib/python3.12/site-packages/ros_gz_interfaces/_ros_gz_interfaces_s.ep.rosidl_typesupport_c.c
[0.277s] -- Up-to-date: /home/cyberkanjousen/CLionProjects/ROS2_1/install/ros_gz_interfaces/lib/python3.12/site-packages/ros_gz_interfaces/_ros_gz_interfaces_s.ep.rosidl_typesupport_introspection_c.c
[0.277s] -- Up-to-date: /home/cyberkanjousen/CLionProjects/ROS2_1/install/ros_gz_interfaces/lib/python3.12/site-packages/ros_gz_interfaces/ros_gz_interfaces_s__rosidl_typesupport_fastrtps_c.so
[0.277s] -- Up-to-date: /home/cyberkanjousen/CLionProjects/ROS2_1/install/ros_gz_interfaces/lib/python3.12/site-packages/ros_gz_interfaces/ros_gz_interfaces_s__rosidl_typesupport_c.so
[0.277s] -- Up-to-date: /home/cyberkanjousen/CLionProjects/ROS2_1/install/ros_gz_interfaces/lib/python3.12/site-packages/ros_gz_interfaces/msg
[0.277s] -- Up-to-date: /home/cyberkanjousen/CLionProjects/ROS2_1/install/ros_gz_interfaces/lib/python3.12/site-packages/ros_gz_interfaces/msg/_track_visual.py
[0.277s] -- Up-to-date: /home/cyberkanjousen/CLionProjects/ROS2_1/install/ros_gz_interfaces/lib/python3.12/site-packages/ros_gz_interfaces/msg/_param_vec_s.c
[0.277s] -- Up-to-date: /home/cyberkanjousen/CLionProjects/ROS2_1/install/ros_gz_interfaces/lib/python3.12/site-packages/ros_gz_interfaces/msg/_joint_wrench.py
[0.277s] -- Up-to-date: /home/cyberkanjousen/CLionProjects/ROS2_1/install/ros_gz_interfaces/lib/python3.12/site-packages/ros_gz_interfaces/msg/_float32_array.py
[0.277s] -- Up-to-date: /home/cyberkanjousen/CLionProjects/ROS2_1/install/ros_gz_interfaces/lib/python3.12/site-packages/ros_gz_interfaces/msg/_string_vec_s.c
[0.277s] -- Up-to-date: /home/cyberkanjousen/CLionProjects/ROS2_1/install/ros_gz_interfaces/lib/python3.12/site-packages/ros_gz_interfaces/msg/_joint_wrench_s.c
[0.277s] -- Up-to-date: /home/cyberkanjousen/CLionProjects/ROS2_1/install/ros_gz_interfaces/lib/python3.12/site-packages/ros_gz_interfaces/msg/_video_record.py
[0.277s] -- Up-to-date: /home/cyberkanjousen/CLionProjects/ROS2_1/install/ros_gz_interfaces/lib/python3.12/site-packages/ros_gz_interfaces/msg/_track_visual_s.c
[0.277s] -- Up-to-date: /home/cyberkanjousen/CLionProjects/ROS2_1/install/ros_gz_interfaces/lib/python3.12/site-packages/ros_gz_interfaces/msg/_contacts_s.c
[0.277s] -- Up-to-date: /home/cyberkanjousen/CLionProjects/ROS2_1/install/ros_gz_interfaces/lib/python3.12/site-packages/ros_gz_interfaces/msg/_world_reset_s.c
[0.277s] -- Up-to-date: /home/cyberkanjousen/CLionProjects/ROS2_1/install/ros_gz_interfaces/lib/python3.12/site-packages/ros_gz_interfaces/msg/_gui_camera_s.c
[0.277s] -- Up-to-date: /home/cyberkanjousen/CLionProjects/ROS2_1/install/ros_gz_interfaces/lib/python3.12/site-packages/ros_gz_interfaces/msg/_contact_s.c
[0.277s] -- Up-to-date: /home/cyberkanjousen/CLionProjects/ROS2_1/install/ros_gz_interfaces/lib/python3.12/site-packages/ros_gz_interfaces/msg/_string_vec.py
[0.277s] -- Up-to-date: /home/cyberkanjousen/CLionProjects/ROS2_1/install/ros_gz_interfaces/lib/python3.12/site-packages/ros_gz_interfaces/msg/_altimeter_s.c
[0.277s] -- Up-to-date: /home/cyberkanjousen/CLionProjects/ROS2_1/install/ros_gz_interfaces/lib/python3.12/site-packages/ros_gz_interfaces/msg/_video_record_s.c
[0.277s] -- Up-to-date: /home/cyberkanjousen/CLionProjects/ROS2_1/install/ros_gz_interfaces/lib/python3.12/site-packages/ros_gz_interfaces/msg/_logical_camera_image_model_s.c
[0.277s] -- Up-to-date: /home/cyberkanjousen/CLionProjects/ROS2_1/install/ros_gz_interfaces/lib/python3.12/site-packages/ros_gz_interfaces/msg/_dataframe_s.c
[0.278s] -- Up-to-date: /home/cyberkanjousen/CLionProjects/ROS2_1/install/ros_gz_interfaces/lib/python3.12/site-packages/ros_gz_interfaces/msg/_light.py
[0.278s] -- Up-to-date: /home/cyberkanjousen/CLionProjects/ROS2_1/install/ros_gz_interfaces/lib/python3.12/site-packages/ros_gz_interfaces/msg/_sensor_noise.py
[0.278s] -- Up-to-date: /home/cyberkanjousen/CLionProjects/ROS2_1/install/ros_gz_interfaces/lib/python3.12/site-packages/ros_gz_interfaces/msg/_sensor_noise_s.c
[0.278s] -- Up-to-date: /home/cyberkanjousen/CLionProjects/ROS2_1/install/ros_gz_interfaces/lib/python3.12/site-packages/ros_gz_interfaces/msg/__init__.py
[0.278s] -- Up-to-date: /home/cyberkanjousen/CLionProjects/ROS2_1/install/ros_gz_interfaces/lib/python3.12/site-packages/ros_gz_interfaces/msg/_logical_camera_image.py
[0.278s] -- Up-to-date: /home/cyberkanjousen/CLionProjects/ROS2_1/install/ros_gz_interfaces/lib/python3.12/site-packages/ros_gz_interfaces/msg/_light_s.c
[0.278s] -- Up-to-date: /home/cyberkanjousen/CLionProjects/ROS2_1/install/ros_gz_interfaces/lib/python3.12/site-packages/ros_gz_interfaces/msg/_contacts.py
[0.278s] -- Up-to-date: /home/cyberkanjousen/CLionProjects/ROS2_1/install/ros_gz_interfaces/lib/python3.12/site-packages/ros_gz_interfaces/msg/_contact.py
[0.278s] -- Up-to-date: /home/cyberkanjousen/CLionProjects/ROS2_1/install/ros_gz_interfaces/lib/python3.12/site-packages/ros_gz_interfaces/msg/_logical_camera_image_model.py
[0.278s] -- Up-to-date: /home/cyberkanjousen/CLionProjects/ROS2_1/install/ros_gz_interfaces/lib/python3.12/site-packages/ros_gz_interfaces/msg/_float32_array_s.c
[0.278s] -- Up-to-date: /home/cyberkanjousen/CLionProjects/ROS2_1/install/ros_gz_interfaces/lib/python3.12/site-packages/ros_gz_interfaces/msg/_material_color.py
[0.278s] -- Up-to-date: /home/cyberkanjousen/CLionProjects/ROS2_1/install/ros_gz_interfaces/lib/python3.12/site-packages/ros_gz_interfaces/msg/_entity_wrench_s.c
[0.278s] -- Up-to-date: /home/cyberkanjousen/CLionProjects/ROS2_1/install/ros_gz_interfaces/lib/python3.12/site-packages/ros_gz_interfaces/msg/_param_vec.py
[0.278s] -- Up-to-date: /home/cyberkanjousen/CLionProjects/ROS2_1/install/ros_gz_interfaces/lib/python3.12/site-packages/ros_gz_interfaces/msg/_entity_factory.py
[0.278s] -- Up-to-date: /home/cyberkanjousen/CLionProjects/ROS2_1/install/ros_gz_interfaces/lib/python3.12/site-packages/ros_gz_interfaces/msg/_world_reset.py
[0.278s] -- Up-to-date: /home/cyberkanjousen/CLionProjects/ROS2_1/install/ros_gz_interfaces/lib/python3.12/site-packages/ros_gz_interfaces/msg/_entity_factory_s.c
[0.278s] -- Up-to-date: /home/cyberkanjousen/CLionProjects/ROS2_1/install/ros_gz_interfaces/lib/python3.12/site-packages/ros_gz_interfaces/msg/_entity_s.c
[0.278s] -- Up-to-date: /home/cyberkanjousen/CLionProjects/ROS2_1/install/ros_gz_interfaces/lib/python3.12/site-packages/ros_gz_interfaces/msg/_entity.py
[0.278s] -- Up-to-date: /home/cyberkanjousen/CLionProjects/ROS2_1/install/ros_gz_interfaces/lib/python3.12/site-packages/ros_gz_interfaces/msg/_material_color_s.c
[0.278s] -- Up-to-date: /home/cyberkanjousen/CLionProjects/ROS2_1/install/ros_gz_interfaces/lib/python3.12/site-packages/ros_gz_interfaces/msg/_world_control.py
[0.278s] -- Up-to-date: /home/cyberkanjousen/CLionProjects/ROS2_1/install/ros_gz_interfaces/lib/python3.12/site-packages/ros_gz_interfaces/msg/_world_control_s.c
[0.278s] -- Up-to-date: /home/cyberkanjousen/CLionProjects/ROS2_1/install/ros_gz_interfaces/lib/python3.12/site-packages/ros_gz_interfaces/msg/_entity_wrench.py
[0.279s] -- Up-to-date: /home/cyberkanjousen/CLionProjects/ROS2_1/install/ros_gz_interfaces/lib/python3.12/site-packages/ros_gz_interfaces/msg/_logical_camera_image_s.c
[0.279s] -- Up-to-date: /home/cyberkanjousen/CLionProjects/ROS2_1/install/ros_gz_interfaces/lib/python3.12/site-packages/ros_gz_interfaces/msg/_altimeter.py
[0.279s] -- Up-to-date: /home/cyberkanjousen/CLionProjects/ROS2_1/install/ros_gz_interfaces/lib/python3.12/site-packages/ros_gz_interfaces/msg/_dataframe.py
[0.279s] -- Up-to-date: /home/cyberkanjousen/CLionProjects/ROS2_1/install/ros_gz_interfaces/lib/python3.12/site-packages/ros_gz_interfaces/msg/_gui_camera.py
[0.279s] -- Up-to-date: /home/cyberkanjousen/CLionProjects/ROS2_1/install/ros_gz_interfaces/lib/python3.12/site-packages/ros_gz_interfaces/__init__.py
[0.279s] -- Up-to-date: /home/cyberkanjousen/CLionProjects/ROS2_1/install/ros_gz_interfaces/lib/python3.12/site-packages/ros_gz_interfaces/_ros_gz_interfaces_s.ep.rosidl_typesupport_fastrtps_c.c
[0.279s] -- Up-to-date: /home/cyberkanjousen/CLionProjects/ROS2_1/install/ros_gz_interfaces/lib/python3.12/site-packages/ros_gz_interfaces/srv
[0.279s] -- Up-to-date: /home/cyberkanjousen/CLionProjects/ROS2_1/install/ros_gz_interfaces/lib/python3.12/site-packages/ros_gz_interfaces/srv/_control_world_s.c
[0.279s] -- Up-to-date: /home/cyberkanjousen/CLionProjects/ROS2_1/install/ros_gz_interfaces/lib/python3.12/site-packages/ros_gz_interfaces/srv/_spawn_entity_s.c
[0.279s] -- Up-to-date: /home/cyberkanjousen/CLionProjects/ROS2_1/install/ros_gz_interfaces/lib/python3.12/site-packages/ros_gz_interfaces/srv/_control_world.py
[0.279s] -- Up-to-date: /home/cyberkanjousen/CLionProjects/ROS2_1/install/ros_gz_interfaces/lib/python3.12/site-packages/ros_gz_interfaces/srv/_spawn_entity.py
[0.279s] -- Up-to-date: /home/cyberkanjousen/CLionProjects/ROS2_1/install/ros_gz_interfaces/lib/python3.12/site-packages/ros_gz_interfaces/srv/__init__.py
[0.279s] -- Up-to-date: /home/cyberkanjousen/CLionProjects/ROS2_1/install/ros_gz_interfaces/lib/python3.12/site-packages/ros_gz_interfaces/srv/_delete_entity_s.c
[0.279s] -- Up-to-date: /home/cyberkanjousen/CLionProjects/ROS2_1/install/ros_gz_interfaces/lib/python3.12/site-packages/ros_gz_interfaces/srv/_set_entity_pose.py
[0.279s] -- Up-to-date: /home/cyberkanjousen/CLionProjects/ROS2_1/install/ros_gz_interfaces/lib/python3.12/site-packages/ros_gz_interfaces/srv/_delete_entity.py
[0.279s] -- Up-to-date: /home/cyberkanjousen/CLionProjects/ROS2_1/install/ros_gz_interfaces/lib/python3.12/site-packages/ros_gz_interfaces/srv/_set_entity_pose_s.c
[0.299s] Listing '/home/cyberkanjousen/CLionProjects/ROS2_1/install/ros_gz_interfaces/lib/python3.12/site-packages/ros_gz_interfaces'...
[0.299s] Listing '/home/cyberkanjousen/CLionProjects/ROS2_1/install/ros_gz_interfaces/lib/python3.12/site-packages/ros_gz_interfaces/msg'...
[0.299s] Listing '/home/cyberkanjousen/CLionProjects/ROS2_1/install/ros_gz_interfaces/lib/python3.12/site-packages/ros_gz_interfaces/srv'...
[0.302s] -- Up-to-date: /home/cyberkanjousen/CLionProjects/ROS2_1/install/ros_gz_interfaces/lib/python3.12/site-packages/ros_gz_interfaces/ros_gz_interfaces_s__rosidl_typesupport_fastrtps_c.so
[0.302s] -- Up-to-date: /home/cyberkanjousen/CLionProjects/ROS2_1/install/ros_gz_interfaces/lib/python3.12/site-packages/ros_gz_interfaces/ros_gz_interfaces_s__rosidl_typesupport_introspection_c.so
[0.303s] -- Up-to-date: /home/cyberkanjousen/CLionProjects/ROS2_1/install/ros_gz_interfaces/lib/python3.12/site-packages/ros_gz_interfaces/ros_gz_interfaces_s__rosidl_typesupport_c.so
[0.303s] -- Up-to-date: /home/cyberkanjousen/CLionProjects/ROS2_1/install/ros_gz_interfaces/lib/libros_gz_interfaces__rosidl_generator_py.so
[0.303s] -- Up-to-date: /home/cyberkanjousen/CLionProjects/ROS2_1/install/ros_gz_interfaces/share/ros_gz_interfaces/msg/Altimeter.idl
[0.303s] -- Up-to-date: /home/cyberkanjousen/CLionProjects/ROS2_1/install/ros_gz_interfaces/share/ros_gz_interfaces/msg/Contact.idl
[0.303s] -- Up-to-date: /home/cyberkanjousen/CLionProjects/ROS2_1/install/ros_gz_interfaces/share/ros_gz_interfaces/msg/Contacts.idl
[0.304s] -- Up-to-date: /home/cyberkanjousen/CLionProjects/ROS2_1/install/ros_gz_interfaces/share/ros_gz_interfaces/msg/Dataframe.idl
[0.304s] -- Up-to-date: /home/cyberkanjousen/CLionProjects/ROS2_1/install/ros_gz_interfaces/share/ros_gz_interfaces/msg/Entity.idl
[0.304s] -- Up-to-date: /home/cyberkanjousen/CLionProjects/ROS2_1/install/ros_gz_interfaces/share/ros_gz_interfaces/msg/EntityFactory.idl
[0.304s] -- Up-to-date: /home/cyberkanjousen/CLionProjects/ROS2_1/install/ros_gz_interfaces/share/ros_gz_interfaces/msg/EntityWrench.idl
[0.304s] -- Up-to-date: /home/cyberkanjousen/CLionProjects/ROS2_1/install/ros_gz_interfaces/share/ros_gz_interfaces/msg/Float32Array.idl
[0.304s] -- Up-to-date: /home/cyberkanjousen/CLionProjects/ROS2_1/install/ros_gz_interfaces/share/ros_gz_interfaces/msg/GuiCamera.idl
[0.304s] -- Up-to-date: /home/cyberkanjousen/CLionProjects/ROS2_1/install/ros_gz_interfaces/share/ros_gz_interfaces/msg/JointWrench.idl
[0.304s] -- Up-to-date: /home/cyberkanjousen/CLionProjects/ROS2_1/install/ros_gz_interfaces/share/ros_gz_interfaces/msg/Light.idl
[0.304s] -- Up-to-date: /home/cyberkanjousen/CLionProjects/ROS2_1/install/ros_gz_interfaces/share/ros_gz_interfaces/msg/LogicalCameraImage.idl
[0.304s] -- Up-to-date: /home/cyberkanjousen/CLionProjects/ROS2_1/install/ros_gz_interfaces/share/ros_gz_interfaces/msg/LogicalCameraImageModel.idl
[0.304s] -- Up-to-date: /home/cyberkanjousen/CLionProjects/ROS2_1/install/ros_gz_interfaces/share/ros_gz_interfaces/msg/MaterialColor.idl
[0.304s] -- Up-to-date: /home/cyberkanjousen/CLionProjects/ROS2_1/install/ros_gz_interfaces/share/ros_gz_interfaces/msg/ParamVec.idl
[0.304s] -- Up-to-date: /home/cyberkanjousen/CLionProjects/ROS2_1/install/ros_gz_interfaces/share/ros_gz_interfaces/msg/SensorNoise.idl
[0.304s] -- Up-to-date: /home/cyberkanjousen/CLionProjects/ROS2_1/install/ros_gz_interfaces/share/ros_gz_interfaces/msg/StringVec.idl
[0.304s] -- Up-to-date: /home/cyberkanjousen/CLionProjects/ROS2_1/install/ros_gz_interfaces/share/ros_gz_interfaces/msg/TrackVisual.idl
[0.304s] -- Up-to-date: /home/cyberkanjousen/CLionProjects/ROS2_1/install/ros_gz_interfaces/share/ros_gz_interfaces/msg/VideoRecord.idl
[0.304s] -- Up-to-date: /home/cyberkanjousen/CLionProjects/ROS2_1/install/ros_gz_interfaces/share/ros_gz_interfaces/msg/WorldControl.idl
[0.304s] -- Up-to-date: /home/cyberkanjousen/CLionProjects/ROS2_1/install/ros_gz_interfaces/share/ros_gz_interfaces/msg/WorldReset.idl
[0.304s] -- Up-to-date: /home/cyberkanjousen/CLionProjects/ROS2_1/install/ros_gz_interfaces/share/ros_gz_interfaces/srv/ControlWorld.idl
[0.304s] -- Up-to-date: /home/cyberkanjousen/CLionProjects/ROS2_1/install/ros_gz_interfaces/share/ros_gz_interfaces/srv/DeleteEntity.idl
[0.304s] -- Up-to-date: /home/cyberkanjousen/CLionProjects/ROS2_1/install/ros_gz_interfaces/share/ros_gz_interfaces/srv/SetEntityPose.idl
[0.304s] -- Up-to-date: /home/cyberkanjousen/CLionProjects/ROS2_1/install/ros_gz_interfaces/share/ros_gz_interfaces/srv/SpawnEntity.idl
[0.305s] -- Up-to-date: /home/cyberkanjousen/CLionProjects/ROS2_1/install/ros_gz_interfaces/share/ros_gz_interfaces/msg/Altimeter.msg
[0.305s] -- Up-to-date: /home/cyberkanjousen/CLionProjects/ROS2_1/install/ros_gz_interfaces/share/ros_gz_interfaces/msg/Contact.msg
[0.305s] -- Up-to-date: /home/cyberkanjousen/CLionProjects/ROS2_1/install/ros_gz_interfaces/share/ros_gz_interfaces/msg/Contacts.msg
[0.305s] -- Up-to-date: /home/cyberkanjousen/CLionProjects/ROS2_1/install/ros_gz_interfaces/share/ros_gz_interfaces/msg/Dataframe.msg
[0.305s] -- Up-to-date: /home/cyberkanjousen/CLionProjects/ROS2_1/install/ros_gz_interfaces/share/ros_gz_interfaces/msg/Entity.msg
[0.305s] -- Up-to-date: /home/cyberkanjousen/CLionProjects/ROS2_1/install/ros_gz_interfaces/share/ros_gz_interfaces/msg/EntityFactory.msg
[0.305s] -- Up-to-date: /home/cyberkanjousen/CLionProjects/ROS2_1/install/ros_gz_interfaces/share/ros_gz_interfaces/msg/EntityWrench.msg
[0.305s] -- Up-to-date: /home/cyberkanjousen/CLionProjects/ROS2_1/install/ros_gz_interfaces/share/ros_gz_interfaces/msg/Float32Array.msg
[0.305s] -- Up-to-date: /home/cyberkanjousen/CLionProjects/ROS2_1/install/ros_gz_interfaces/share/ros_gz_interfaces/msg/GuiCamera.msg
[0.305s] -- Up-to-date: /home/cyberkanjousen/CLionProjects/ROS2_1/install/ros_gz_interfaces/share/ros_gz_interfaces/msg/JointWrench.msg
[0.305s] -- Up-to-date: /home/cyberkanjousen/CLionProjects/ROS2_1/install/ros_gz_interfaces/share/ros_gz_interfaces/msg/Light.msg
[0.305s] -- Up-to-date: /home/cyberkanjousen/CLionProjects/ROS2_1/install/ros_gz_interfaces/share/ros_gz_interfaces/msg/LogicalCameraImage.msg
[0.305s] -- Up-to-date: /home/cyberkanjousen/CLionProjects/ROS2_1/install/ros_gz_interfaces/share/ros_gz_interfaces/msg/LogicalCameraImageModel.msg
[0.305s] -- Up-to-date: /home/cyberkanjousen/CLionProjects/ROS2_1/install/ros_gz_interfaces/share/ros_gz_interfaces/msg/MaterialColor.msg
[0.305s] -- Up-to-date: /home/cyberkanjousen/CLionProjects/ROS2_1/install/ros_gz_interfaces/share/ros_gz_interfaces/msg/ParamVec.msg
[0.305s] -- Up-to-date: /home/cyberkanjousen/CLionProjects/ROS2_1/install/ros_gz_interfaces/share/ros_gz_interfaces/msg/SensorNoise.msg
[0.305s] -- Up-to-date: /home/cyberkanjousen/CLionProjects/ROS2_1/install/ros_gz_interfaces/share/ros_gz_interfaces/msg/StringVec.msg
[0.305s] -- Up-to-date: /home/cyberkanjousen/CLionProjects/ROS2_1/install/ros_gz_interfaces/share/ros_gz_interfaces/msg/TrackVisual.msg
[0.305s] -- Up-to-date: /home/cyberkanjousen/CLionProjects/ROS2_1/install/ros_gz_interfaces/share/ros_gz_interfaces/msg/VideoRecord.msg
[0.305s] -- Up-to-date: /home/cyberkanjousen/CLionProjects/ROS2_1/install/ros_gz_interfaces/share/ros_gz_interfaces/msg/WorldControl.msg
[0.305s] -- Up-to-date: /home/cyberkanjousen/CLionProjects/ROS2_1/install/ros_gz_interfaces/share/ros_gz_interfaces/msg/WorldReset.msg
[0.305s] -- Up-to-date: /home/cyberkanjousen/CLionProjects/ROS2_1/install/ros_gz_interfaces/share/ros_gz_interfaces/srv/ControlWorld.srv
[0.306s] -- Up-to-date: /home/cyberkanjousen/CLionProjects/ROS2_1/install/ros_gz_interfaces/share/ros_gz_interfaces/srv/DeleteEntity.srv
[0.306s] -- Up-to-date: /home/cyberkanjousen/CLionProjects/ROS2_1/install/ros_gz_interfaces/share/ros_gz_interfaces/srv/SetEntityPose.srv
[0.306s] -- Up-to-date: /home/cyberkanjousen/CLionProjects/ROS2_1/install/ros_gz_interfaces/share/ros_gz_interfaces/srv/SpawnEntity.srv
[0.306s] -- Up-to-date: /home/cyberkanjousen/CLionProjects/ROS2_1/install/ros_gz_interfaces/share/ament_index/resource_index/package_run_dependencies/ros_gz_interfaces
[0.306s] -- Up-to-date: /home/cyberkanjousen/CLionProjects/ROS2_1/install/ros_gz_interfaces/share/ament_index/resource_index/parent_prefix_path/ros_gz_interfaces
[0.306s] -- Up-to-date: /home/cyberkanjousen/CLionProjects/ROS2_1/install/ros_gz_interfaces/share/ros_gz_interfaces/environment/ament_prefix_path.sh
[0.306s] -- Up-to-date: /home/cyberkanjousen/CLionProjects/ROS2_1/install/ros_gz_interfaces/share/ros_gz_interfaces/environment/ament_prefix_path.dsv
[0.306s] -- Up-to-date: /home/cyberkanjousen/CLionProjects/ROS2_1/install/ros_gz_interfaces/share/ros_gz_interfaces/environment/path.sh
[0.306s] -- Up-to-date: /home/cyberkanjousen/CLionProjects/ROS2_1/install/ros_gz_interfaces/share/ros_gz_interfaces/environment/path.dsv
[0.306s] -- Up-to-date: /home/cyberkanjousen/CLionProjects/ROS2_1/install/ros_gz_interfaces/share/ros_gz_interfaces/local_setup.bash
[0.306s] -- Up-to-date: /home/cyberkanjousen/CLionProjects/ROS2_1/install/ros_gz_interfaces/share/ros_gz_interfaces/local_setup.sh
[0.306s] -- Up-to-date: /home/cyberkanjousen/CLionProjects/ROS2_1/install/ros_gz_interfaces/share/ros_gz_interfaces/local_setup.zsh
[0.306s] -- Up-to-date: /home/cyberkanjousen/CLionProjects/ROS2_1/install/ros_gz_interfaces/share/ros_gz_interfaces/local_setup.dsv
[0.306s] -- Installing: /home/cyberkanjousen/CLionProjects/ROS2_1/install/ros_gz_interfaces/share/ros_gz_interfaces/package.dsv
[0.306s] -- Up-to-date: /home/cyberkanjousen/CLionProjects/ROS2_1/install/ros_gz_interfaces/share/ament_index/resource_index/packages/ros_gz_interfaces
[0.306s] -- Up-to-date: /home/cyberkanjousen/CLionProjects/ROS2_1/install/ros_gz_interfaces/share/ros_gz_interfaces/cmake/export_ros_gz_interfaces__rosidl_generator_cExport.cmake
[0.306s] -- Up-to-date: /home/cyberkanjousen/CLionProjects/ROS2_1/install/ros_gz_interfaces/share/ros_gz_interfaces/cmake/export_ros_gz_interfaces__rosidl_generator_cExport-noconfig.cmake
[0.307s] -- Up-to-date: /home/cyberkanjousen/CLionProjects/ROS2_1/install/ros_gz_interfaces/share/ros_gz_interfaces/cmake/export_ros_gz_interfaces__rosidl_typesupport_fastrtps_cExport.cmake
[0.307s] -- Up-to-date: /home/cyberkanjousen/CLionProjects/ROS2_1/install/ros_gz_interfaces/share/ros_gz_interfaces/cmake/export_ros_gz_interfaces__rosidl_typesupport_fastrtps_cExport-noconfig.cmake
[0.307s] -- Up-to-date: /home/cyberkanjousen/CLionProjects/ROS2_1/install/ros_gz_interfaces/share/ros_gz_interfaces/cmake/export_ros_gz_interfaces__rosidl_generator_cppExport.cmake
[0.307s] -- Up-to-date: /home/cyberkanjousen/CLionProjects/ROS2_1/install/ros_gz_interfaces/share/ros_gz_interfaces/cmake/export_ros_gz_interfaces__rosidl_typesupport_fastrtps_cppExport.cmake
[0.307s] -- Up-to-date: /home/cyberkanjousen/CLionProjects/ROS2_1/install/ros_gz_interfaces/share/ros_gz_interfaces/cmake/export_ros_gz_interfaces__rosidl_typesupport_fastrtps_cppExport-noconfig.cmake
[0.307s] -- Up-to-date: /home/cyberkanjousen/CLionProjects/ROS2_1/install/ros_gz_interfaces/share/ros_gz_interfaces/cmake/ros_gz_interfaces__rosidl_typesupport_introspection_cExport.cmake
[0.307s] -- Up-to-date: /home/cyberkanjousen/CLionProjects/ROS2_1/install/ros_gz_interfaces/share/ros_gz_interfaces/cmake/ros_gz_interfaces__rosidl_typesupport_introspection_cExport-noconfig.cmake
[0.307s] -- Up-to-date: /home/cyberkanjousen/CLionProjects/ROS2_1/install/ros_gz_interfaces/share/ros_gz_interfaces/cmake/ros_gz_interfaces__rosidl_typesupport_cExport.cmake
[0.307s] -- Up-to-date: /home/cyberkanjousen/CLionProjects/ROS2_1/install/ros_gz_interfaces/share/ros_gz_interfaces/cmake/ros_gz_interfaces__rosidl_typesupport_cExport-noconfig.cmake
[0.307s] -- Up-to-date: /home/cyberkanjousen/CLionProjects/ROS2_1/install/ros_gz_interfaces/share/ros_gz_interfaces/cmake/ros_gz_interfaces__rosidl_typesupport_introspection_cppExport.cmake
[0.307s] -- Up-to-date: /home/cyberkanjousen/CLionProjects/ROS2_1/install/ros_gz_interfaces/share/ros_gz_interfaces/cmake/ros_gz_interfaces__rosidl_typesupport_introspection_cppExport-noconfig.cmake
[0.307s] -- Up-to-date: /home/cyberkanjousen/CLionProjects/ROS2_1/install/ros_gz_interfaces/share/ros_gz_interfaces/cmake/ros_gz_interfaces__rosidl_typesupport_cppExport.cmake
[0.307s] -- Up-to-date: /home/cyberkanjousen/CLionProjects/ROS2_1/install/ros_gz_interfaces/share/ros_gz_interfaces/cmake/ros_gz_interfaces__rosidl_typesupport_cppExport-noconfig.cmake
[0.308s] -- Up-to-date: /home/cyberkanjousen/CLionProjects/ROS2_1/install/ros_gz_interfaces/share/ros_gz_interfaces/cmake/export_ros_gz_interfaces__rosidl_generator_pyExport.cmake
[0.308s] -- Up-to-date: /home/cyberkanjousen/CLionProjects/ROS2_1/install/ros_gz_interfaces/share/ros_gz_interfaces/cmake/export_ros_gz_interfaces__rosidl_generator_pyExport-noconfig.cmake
[0.308s] -- Up-to-date: /home/cyberkanjousen/CLionProjects/ROS2_1/install/ros_gz_interfaces/share/ros_gz_interfaces/cmake/rosidl_cmake-extras.cmake
[0.308s] -- Up-to-date: /home/cyberkanjousen/CLionProjects/ROS2_1/install/ros_gz_interfaces/share/ros_gz_interfaces/cmake/ament_cmake_export_dependencies-extras.cmake
[0.308s] -- Up-to-date: /home/cyberkanjousen/CLionProjects/ROS2_1/install/ros_gz_interfaces/share/ros_gz_interfaces/cmake/ament_cmake_export_include_directories-extras.cmake
[0.308s] -- Up-to-date: /home/cyberkanjousen/CLionProjects/ROS2_1/install/ros_gz_interfaces/share/ros_gz_interfaces/cmake/ament_cmake_export_libraries-extras.cmake
[0.308s] -- Up-to-date: /home/cyberkanjousen/CLionProjects/ROS2_1/install/ros_gz_interfaces/share/ros_gz_interfaces/cmake/ament_cmake_export_targets-extras.cmake
[0.308s] -- Up-to-date: /home/cyberkanjousen/CLionProjects/ROS2_1/install/ros_gz_interfaces/share/ros_gz_interfaces/cmake/rosidl_cmake_export_typesupport_targets-extras.cmake
[0.308s] -- Up-to-date: /home/cyberkanjousen/CLionProjects/ROS2_1/install/ros_gz_interfaces/share/ros_gz_interfaces/cmake/rosidl_cmake_export_typesupport_libraries-extras.cmake
[0.308s] -- Up-to-date: /home/cyberkanjousen/CLionProjects/ROS2_1/install/ros_gz_interfaces/share/ros_gz_interfaces/cmake/ros_gz_interfacesConfig.cmake
[0.308s] -- Up-to-date: /home/cyberkanjousen/CLionProjects/ROS2_1/install/ros_gz_interfaces/share/ros_gz_interfaces/cmake/ros_gz_interfacesConfig-version.cmake
[0.308s] -- Up-to-date: /home/cyberkanjousen/CLionProjects/ROS2_1/install/ros_gz_interfaces/share/ros_gz_interfaces/package.xml
[0.310s] Invoked command in '/home/cyberkanjousen/CLionProjects/ROS2_1/build/ros_gz_interfaces' returned '0': CMAKE_PREFIX_PATH=${CMAKE_PREFIX_PATH}:/opt/ros/jazzy DEBUGINFOD_URLS=https://debuginfod.ubuntu.com /usr/bin/cmake --install /home/cyberkanjousen/CLionProjects/ROS2_1/build/ros_gz_interfaces
