[0.000000] (-) TimerEvent: {}
[0.000163] (cpp_pubsub) JobQueued: {'identifier': 'cpp_pubsub', 'dependencies': OrderedDict()}
[0.000197] (service_114514) JobQueued: {'identifier': 'service_114514', 'dependencies': OrderedDict()}
[0.000218] (cpp_srvcli) JobQueued: {'identifier': 'cpp_srvcli', 'dependencies': OrderedDict({'service_114514': '/home/cyberkanjousen/CLionProjects/ROS2_1/install/service_114514'})}
[0.000241] (service_114514) JobStarted: {'identifier': 'service_114514'}
[0.006588] (cpp_pubsub) JobStarted: {'identifier': 'cpp_pubsub'}
[0.009045] (service_114514) JobProgress: {'identifier': 'service_114514', 'progress': 'cmake'}
[0.009517] (service_114514) Command: {'cmd': ['/usr/bin/cmake', '/home/cyberkanjousen/CLionProjects/ROS2_1/src/service_114514', '-DCMAKE_EXPORT_COMPILE_COMMANDS=ON', '-G', 'Ninja', '-DCMAKE_INSTALL_PREFIX=/home/cyberkanjousen/CLionProjects/ROS2_1/install/service_114514'], 'cwd': '/home/cyberkanjousen/CLionProjects/ROS2_1/build/service_114514', 'env': OrderedDict({'TERM_SESSION_ID': '92b6401d-ddc8-4bcc-a0cc-95ec4d2c601c', 'GJS_DEBUG_TOPICS': 'JS ERROR;JS LOG', 'XDG_ACTIVATION_TOKEN': 'gnome-shell/CLion/3328-3-cyberkanjousen-Legion-Y7000P-IRX10_TIME2083046', 'LESSOPEN': '| /usr/bin/lesspipe %s', 'SNAP_INSTANCE_KEY': '', 'USER': 'cyberkanjousen', 'SNAP_COMMON': '/var/snap/clion/common', 'socks_host': 'socks://127.0.0.1:10808', 'XDG_SESSION_TYPE': 'x11', 'SNAP_UID': '1000', 'CLUTTER_DISABLE_MIPMAPPED_TEXT': '1', 'SHLVL': '1', 'LD_LIBRARY_PATH': '/opt/ros/jazzy/opt/rviz_ogre_vendor/lib:/opt/ros/jazzy/lib/x86_64-linux-gnu:/opt/ros/jazzy/opt/gz_math_vendor/lib:/opt/ros/jazzy/opt/gz_utils_vendor/lib:/opt/ros/jazzy/opt/gz_cmake_vendor/lib:/opt/ros/jazzy/lib', 'HOME': '/home/cyberkanjousen', 'SNAP_LIBRARY_PATH': '/var/lib/snapd/lib/gl:/var/lib/snapd/lib/gl32:/var/lib/snapd/void', 'DESKTOP_SESSION': 'ubuntu', 'SNAP_USER_DATA': '/home/cyberkanjousen/snap/clion/393', 'TERMINAL_EMULATOR': 'JetBrains-JediTerm', 'GIO_LAUNCHED_DESKTOP_FILE': '/var/lib/snapd/desktop/applications/clion_clion.desktop', 'ROS_PYTHON_VERSION': '3', 'GNOME_SHELL_SESSION_MODE': 'ubuntu', 'GTK_MODULES': 'gail:atk-bridge', 'MANAGERPID': '2842', 'SYSTEMD_EXEC_PID': '3328', 'GSM_SKIP_SSH_AGENT_WORKAROUND': 'true', 'DBUS_SESSION_BUS_ADDRESS': 'unix:path=/run/user/1000/bus', 'SNAP_REVISION': '393', 'GIO_LAUNCHED_DESKTOP_FILE_PID': '7258', 'IJ_RESTARTER_LOG': '/home/cyberkanjousen/.cache/JetBrains/CLion2025.2/log/restarter.log', 'DEBUGINFOD_URLS': 'https://debuginfod.ubuntu.com', 'https_proxy': 'http://127.0.0.1:10808', 'ROS_DISTRO': 'jazzy', 'LOGNAME': 'cyberkanjousen', 'SNAP_CONTEXT': '7cMq18PPvE0GyoauddMEMHLsazMvDF3aF-ApkkrArLYzdt8gAxjQ', 'http_proxy': 'http://127.0.0.1:10808', 'JOURNAL_STREAM': '9:40051', '_': '/usr/bin/colcon', 'ROS_VERSION': '2', 'MEMORY_PRESSURE_WATCH': '/sys/fs/cgroup/user.slice/user-1000.slice/user@1000.service/session.slice/org.gnome.Shell@x11.service/memory.pressure', 'XDG_SESSION_CLASS': 'user', 'SNAP_VERSION': '2025.2.4', 'USERNAME': 'cyberkanjousen', 'TERM': 'xterm-256color', 'GNOME_DESKTOP_SESSION_ID': 'this-is-deprecated', 'SNAP_INSTANCE_NAME': 'clion', 'WINDOWPATH': '2', 'PATH': '/opt/ros/jazzy/bin:/home/cyberkanjousen/.local/bin:/usr/local/sbin:/usr/local/bin:/usr/sbin:/usr/bin:/sbin:/bin:/usr/games:/usr/local/games:/snap/bin:/snap/bin:/home/cyberkanjousen/.local/bin:/home/cyberkanjousen/.local/bin', 'SESSION_MANAGER': 'local/cyberkanjousen-Legion-Y7000P-IRX10:@/tmp/.ICE-unix/3269,unix/cyberkanjousen-Legion-Y7000P-IRX10:/tmp/.ICE-unix/3269', 'INVOCATION_ID': 'fb436e44aa824c2a8e7c7b420c41ce89', 'XDG_MENU_PREFIX': 'gnome-', 'ftp_proxy': 'ftp://127.0.0.1:10808', 'SNAP_DATA': '/var/snap/clion/393', 'XDG_RUNTIME_DIR': '/run/user/1000', 'DISPLAY': ':1', 'DESKTOP_STARTUP_ID': 'CLion-restart_TIME7991192', 'LANG': 'zh_CN.UTF-8', 'XDG_CURRENT_DESKTOP': 'ubuntu:GNOME', 'XMODIFIERS': '@im=ibus', 'XDG_SESSION_DESKTOP': 'ubuntu', 'XAUTHORITY': '/run/user/1000/gdm/Xauthority', 'LS_COLORS': 'rs=0:di=01;34:ln=01;36:mh=00:pi=40;33:so=01;35:do=01;35:bd=40;33;01:cd=40;33;01:or=40;31;01:mi=00:su=37;41:sg=30;43:ca=00:tw=30;42:ow=34;42:st=37;44:ex=01;32:*.tar=01;31:*.tgz=01;31:*.arc=01;31:*.arj=01;31:*.taz=01;31:*.lha=01;31:*.lz4=01;31:*.lzh=01;31:*.lzma=01;31:*.tlz=01;31:*.txz=01;31:*.tzo=01;31:*.t7z=01;31:*.zip=01;31:*.z=01;31:*.dz=01;31:*.gz=01;31:*.lrz=01;31:*.lz=01;31:*.lzo=01;31:*.xz=01;31:*.zst=01;31:*.tzst=01;31:*.bz2=01;31:*.bz=01;31:*.tbz=01;31:*.tbz2=01;31:*.tz=01;31:*.deb=01;31:*.rpm=01;31:*.jar=01;31:*.war=01;31:*.ear=01;31:*.sar=01;31:*.rar=01;31:*.alz=01;31:*.ace=01;31:*.zoo=01;31:*.cpio=01;31:*.7z=01;31:*.rz=01;31:*.cab=01;31:*.wim=01;31:*.swm=01;31:*.dwm=01;31:*.esd=01;31:*.avif=01;35:*.jpg=01;35:*.jpeg=01;35:*.mjpg=01;35:*.mjpeg=01;35:*.gif=01;35:*.bmp=01;35:*.pbm=01;35:*.pgm=01;35:*.ppm=01;35:*.tga=01;35:*.xbm=01;35:*.xpm=01;35:*.tif=01;35:*.tiff=01;35:*.png=01;35:*.svg=01;35:*.svgz=01;35:*.mng=01;35:*.pcx=01;35:*.mov=01;35:*.mpg=01;35:*.mpeg=01;35:*.m2v=01;35:*.mkv=01;35:*.webm=01;35:*.webp=01;35:*.ogm=01;35:*.mp4=01;35:*.m4v=01;35:*.mp4v=01;35:*.vob=01;35:*.qt=01;35:*.nuv=01;35:*.wmv=01;35:*.asf=01;35:*.rm=01;35:*.rmvb=01;35:*.flc=01;35:*.avi=01;35:*.fli=01;35:*.flv=01;35:*.gl=01;35:*.dl=01;35:*.xcf=01;35:*.xwd=01;35:*.yuv=01;35:*.cgm=01;35:*.emf=01;35:*.ogv=01;35:*.ogx=01;35:*.aac=00;36:*.au=00;36:*.flac=00;36:*.m4a=00;36:*.mid=00;36:*.midi=00;36:*.mka=00;36:*.mp3=00;36:*.mpc=00;36:*.ogg=00;36:*.ra=00;36:*.wav=00;36:*.oga=00;36:*.opus=00;36:*.spx=00;36:*.xspf=00;36:*~=00;90:*#=00;90:*.bak=00;90:*.crdownload=00;90:*.dpkg-dist=00;90:*.dpkg-new=00;90:*.dpkg-old=00;90:*.dpkg-tmp=00;90:*.old=00;90:*.orig=00;90:*.part=00;90:*.rej=00;90:*.rpmnew=00;90:*.rpmorig=00;90:*.rpmsave=00;90:*.swp=00;90:*.tmp=00;90:*.ucf-dist=00;90:*.ucf-new=00;90:*.ucf-old=00;90:', 'SNAP_USER_COMMON': '/home/cyberkanjousen/snap/clion/common', 'SSH_AUTH_SOCK': '/run/user/1000/keyring/ssh', 'SNAP_ARCH': 'amd64', 'AMENT_PREFIX_PATH': '/opt/ros/jazzy', 'SNAP_COOKIE': '7cMq18PPvE0GyoauddMEMHLsazMvDF3aF-ApkkrArLYzdt8gAxjQ', 'SHELL': '/bin/bash', 'QT_ACCESSIBILITY': '1', 'SNAP_REEXEC': '', 'GDMSESSION': 'ubuntu', 'LESSCLOSE': '/usr/bin/lesspipe %s %s', 'SNAP_NAME': 'clion', 'GPG_AGENT_INFO': '/run/user/1000/gnupg/S.gpg-agent:0:1', 'GJS_DEBUG_OUTPUT': 'stderr', 'ROS_AUTOMATIC_DISCOVERY_RANGE': 'SUBNET', 'QT_IM_MODULE': 'ibus', 'PWD': '/home/cyberkanjousen/CLionProjects/ROS2_1/build/service_114514', 'XDG_CONFIG_DIRS': '/etc/xdg/xdg-ubuntu:/etc/xdg', 'SNAP_REAL_HOME': '/home/cyberkanjousen', 'XDG_DATA_DIRS': '/usr/share/ubuntu:/usr/share/gnome:/usr/local/share/:/usr/share/:/var/lib/snapd/desktop', 'SNAP_EUID': '1000', 'QTWEBENGINE_DICTIONARIES_PATH': '/usr/share/hunspell-bdic/', 'PYTHONPATH': '/opt/ros/jazzy/lib/python3.12/site-packages', 'SNAP': '/snap/clion/393', 'COLCON': '1', 'MEMORY_PRESSURE_WRITE': 'c29tZSAyMDAwMDAgMjAwMDAwMAA=', 'JM_OPTION_PATH': '/home/cyberkanjousen/下载', 'CMAKE_PREFIX_PATH': '/opt/ros/jazzy/opt/gz_math_vendor:/opt/ros/jazzy/opt/gz_utils_vendor:/opt/ros/jazzy/opt/gz_cmake_vendor:/opt/ros/jazzy'}), 'shell': False}
[0.012603] (cpp_pubsub) JobProgress: {'identifier': 'cpp_pubsub', 'progress': 'cmake'}
[0.012897] (cpp_pubsub) Command: {'cmd': ['/usr/bin/cmake', '/home/cyberkanjousen/CLionProjects/ROS2_1/src/cpp_pubsub', '-DCMAKE_EXPORT_COMPILE_COMMANDS=ON', '-G', 'Ninja', '-DCMAKE_INSTALL_PREFIX=/home/cyberkanjousen/CLionProjects/ROS2_1/install/cpp_pubsub'], 'cwd': '/home/cyberkanjousen/CLionProjects/ROS2_1/build/cpp_pubsub', 'env': OrderedDict({'TERM_SESSION_ID': '92b6401d-ddc8-4bcc-a0cc-95ec4d2c601c', 'GJS_DEBUG_TOPICS': 'JS ERROR;JS LOG', 'XDG_ACTIVATION_TOKEN': 'gnome-shell/CLion/3328-3-cyberkanjousen-Legion-Y7000P-IRX10_TIME2083046', 'LESSOPEN': '| /usr/bin/lesspipe %s', 'SNAP_INSTANCE_KEY': '', 'USER': 'cyberkanjousen', 'SNAP_COMMON': '/var/snap/clion/common', 'socks_host': 'socks://127.0.0.1:10808', 'XDG_SESSION_TYPE': 'x11', 'SNAP_UID': '1000', 'CLUTTER_DISABLE_MIPMAPPED_TEXT': '1', 'SHLVL': '1', 'LD_LIBRARY_PATH': '/opt/ros/jazzy/opt/rviz_ogre_vendor/lib:/opt/ros/jazzy/lib/x86_64-linux-gnu:/opt/ros/jazzy/opt/gz_math_vendor/lib:/opt/ros/jazzy/opt/gz_utils_vendor/lib:/opt/ros/jazzy/opt/gz_cmake_vendor/lib:/opt/ros/jazzy/lib', 'HOME': '/home/cyberkanjousen', 'SNAP_LIBRARY_PATH': '/var/lib/snapd/lib/gl:/var/lib/snapd/lib/gl32:/var/lib/snapd/void', 'DESKTOP_SESSION': 'ubuntu', 'SNAP_USER_DATA': '/home/cyberkanjousen/snap/clion/393', 'TERMINAL_EMULATOR': 'JetBrains-JediTerm', 'GIO_LAUNCHED_DESKTOP_FILE': '/var/lib/snapd/desktop/applications/clion_clion.desktop', 'ROS_PYTHON_VERSION': '3', 'GNOME_SHELL_SESSION_MODE': 'ubuntu', 'GTK_MODULES': 'gail:atk-bridge', 'MANAGERPID': '2842', 'SYSTEMD_EXEC_PID': '3328', 'GSM_SKIP_SSH_AGENT_WORKAROUND': 'true', 'DBUS_SESSION_BUS_ADDRESS': 'unix:path=/run/user/1000/bus', 'SNAP_REVISION': '393', 'GIO_LAUNCHED_DESKTOP_FILE_PID': '7258', 'IJ_RESTARTER_LOG': '/home/cyberkanjousen/.cache/JetBrains/CLion2025.2/log/restarter.log', 'DEBUGINFOD_URLS': 'https://debuginfod.ubuntu.com', 'https_proxy': 'http://127.0.0.1:10808', 'ROS_DISTRO': 'jazzy', 'LOGNAME': 'cyberkanjousen', 'SNAP_CONTEXT': '7cMq18PPvE0GyoauddMEMHLsazMvDF3aF-ApkkrArLYzdt8gAxjQ', 'http_proxy': 'http://127.0.0.1:10808', 'JOURNAL_STREAM': '9:40051', '_': '/usr/bin/colcon', 'ROS_VERSION': '2', 'MEMORY_PRESSURE_WATCH': '/sys/fs/cgroup/user.slice/user-1000.slice/user@1000.service/session.slice/org.gnome.Shell@x11.service/memory.pressure', 'XDG_SESSION_CLASS': 'user', 'SNAP_VERSION': '2025.2.4', 'USERNAME': 'cyberkanjousen', 'TERM': 'xterm-256color', 'GNOME_DESKTOP_SESSION_ID': 'this-is-deprecated', 'SNAP_INSTANCE_NAME': 'clion', 'WINDOWPATH': '2', 'PATH': '/opt/ros/jazzy/bin:/home/cyberkanjousen/.local/bin:/usr/local/sbin:/usr/local/bin:/usr/sbin:/usr/bin:/sbin:/bin:/usr/games:/usr/local/games:/snap/bin:/snap/bin:/home/cyberkanjousen/.local/bin:/home/cyberkanjousen/.local/bin', 'SESSION_MANAGER': 'local/cyberkanjousen-Legion-Y7000P-IRX10:@/tmp/.ICE-unix/3269,unix/cyberkanjousen-Legion-Y7000P-IRX10:/tmp/.ICE-unix/3269', 'INVOCATION_ID': 'fb436e44aa824c2a8e7c7b420c41ce89', 'XDG_MENU_PREFIX': 'gnome-', 'ftp_proxy': 'ftp://127.0.0.1:10808', 'SNAP_DATA': '/var/snap/clion/393', 'XDG_RUNTIME_DIR': '/run/user/1000', 'DISPLAY': ':1', 'DESKTOP_STARTUP_ID': 'CLion-restart_TIME7991192', 'LANG': 'zh_CN.UTF-8', 'XDG_CURRENT_DESKTOP': 'ubuntu:GNOME', 'XMODIFIERS': '@im=ibus', 'XDG_SESSION_DESKTOP': 'ubuntu', 'XAUTHORITY': '/run/user/1000/gdm/Xauthority', 'LS_COLORS': 'rs=0:di=01;34:ln=01;36:mh=00:pi=40;33:so=01;35:do=01;35:bd=40;33;01:cd=40;33;01:or=40;31;01:mi=00:su=37;41:sg=30;43:ca=00:tw=30;42:ow=34;42:st=37;44:ex=01;32:*.tar=01;31:*.tgz=01;31:*.arc=01;31:*.arj=01;31:*.taz=01;31:*.lha=01;31:*.lz4=01;31:*.lzh=01;31:*.lzma=01;31:*.tlz=01;31:*.txz=01;31:*.tzo=01;31:*.t7z=01;31:*.zip=01;31:*.z=01;31:*.dz=01;31:*.gz=01;31:*.lrz=01;31:*.lz=01;31:*.lzo=01;31:*.xz=01;31:*.zst=01;31:*.tzst=01;31:*.bz2=01;31:*.bz=01;31:*.tbz=01;31:*.tbz2=01;31:*.tz=01;31:*.deb=01;31:*.rpm=01;31:*.jar=01;31:*.war=01;31:*.ear=01;31:*.sar=01;31:*.rar=01;31:*.alz=01;31:*.ace=01;31:*.zoo=01;31:*.cpio=01;31:*.7z=01;31:*.rz=01;31:*.cab=01;31:*.wim=01;31:*.swm=01;31:*.dwm=01;31:*.esd=01;31:*.avif=01;35:*.jpg=01;35:*.jpeg=01;35:*.mjpg=01;35:*.mjpeg=01;35:*.gif=01;35:*.bmp=01;35:*.pbm=01;35:*.pgm=01;35:*.ppm=01;35:*.tga=01;35:*.xbm=01;35:*.xpm=01;35:*.tif=01;35:*.tiff=01;35:*.png=01;35:*.svg=01;35:*.svgz=01;35:*.mng=01;35:*.pcx=01;35:*.mov=01;35:*.mpg=01;35:*.mpeg=01;35:*.m2v=01;35:*.mkv=01;35:*.webm=01;35:*.webp=01;35:*.ogm=01;35:*.mp4=01;35:*.m4v=01;35:*.mp4v=01;35:*.vob=01;35:*.qt=01;35:*.nuv=01;35:*.wmv=01;35:*.asf=01;35:*.rm=01;35:*.rmvb=01;35:*.flc=01;35:*.avi=01;35:*.fli=01;35:*.flv=01;35:*.gl=01;35:*.dl=01;35:*.xcf=01;35:*.xwd=01;35:*.yuv=01;35:*.cgm=01;35:*.emf=01;35:*.ogv=01;35:*.ogx=01;35:*.aac=00;36:*.au=00;36:*.flac=00;36:*.m4a=00;36:*.mid=00;36:*.midi=00;36:*.mka=00;36:*.mp3=00;36:*.mpc=00;36:*.ogg=00;36:*.ra=00;36:*.wav=00;36:*.oga=00;36:*.opus=00;36:*.spx=00;36:*.xspf=00;36:*~=00;90:*#=00;90:*.bak=00;90:*.crdownload=00;90:*.dpkg-dist=00;90:*.dpkg-new=00;90:*.dpkg-old=00;90:*.dpkg-tmp=00;90:*.old=00;90:*.orig=00;90:*.part=00;90:*.rej=00;90:*.rpmnew=00;90:*.rpmorig=00;90:*.rpmsave=00;90:*.swp=00;90:*.tmp=00;90:*.ucf-dist=00;90:*.ucf-new=00;90:*.ucf-old=00;90:', 'SNAP_USER_COMMON': '/home/cyberkanjousen/snap/clion/common', 'SSH_AUTH_SOCK': '/run/user/1000/keyring/ssh', 'SNAP_ARCH': 'amd64', 'AMENT_PREFIX_PATH': '/opt/ros/jazzy', 'SNAP_COOKIE': '7cMq18PPvE0GyoauddMEMHLsazMvDF3aF-ApkkrArLYzdt8gAxjQ', 'SHELL': '/bin/bash', 'QT_ACCESSIBILITY': '1', 'SNAP_REEXEC': '', 'GDMSESSION': 'ubuntu', 'LESSCLOSE': '/usr/bin/lesspipe %s %s', 'SNAP_NAME': 'clion', 'GPG_AGENT_INFO': '/run/user/1000/gnupg/S.gpg-agent:0:1', 'GJS_DEBUG_OUTPUT': 'stderr', 'ROS_AUTOMATIC_DISCOVERY_RANGE': 'SUBNET', 'QT_IM_MODULE': 'ibus', 'PWD': '/home/cyberkanjousen/CLionProjects/ROS2_1/build/cpp_pubsub', 'XDG_CONFIG_DIRS': '/etc/xdg/xdg-ubuntu:/etc/xdg', 'SNAP_REAL_HOME': '/home/cyberkanjousen', 'XDG_DATA_DIRS': '/usr/share/ubuntu:/usr/share/gnome:/usr/local/share/:/usr/share/:/var/lib/snapd/desktop', 'SNAP_EUID': '1000', 'QTWEBENGINE_DICTIONARIES_PATH': '/usr/share/hunspell-bdic/', 'PYTHONPATH': '/opt/ros/jazzy/lib/python3.12/site-packages', 'SNAP': '/snap/clion/393', 'COLCON': '1', 'MEMORY_PRESSURE_WRITE': 'c29tZSAyMDAwMDAgMjAwMDAwMAA=', 'JM_OPTION_PATH': '/home/cyberkanjousen/下载', 'CMAKE_PREFIX_PATH': '/opt/ros/jazzy/opt/gz_math_vendor:/opt/ros/jazzy/opt/gz_utils_vendor:/opt/ros/jazzy/opt/gz_cmake_vendor:/opt/ros/jazzy'}), 'shell': False}
[0.099610] (-) TimerEvent: {}
[0.154648] (cpp_pubsub) StdoutLine: {'line': b'-- The C compiler identification is GNU 13.3.0\n'}
[0.155193] (service_114514) StdoutLine: {'line': b'-- The C compiler identification is GNU 13.3.0\n'}
[0.199693] (-) TimerEvent: {}
[0.242785] (cpp_pubsub) StdoutLine: {'line': b'-- The CXX compiler identification is GNU 13.3.0\n'}
[0.243186] (service_114514) StdoutLine: {'line': b'-- The CXX compiler identification is GNU 13.3.0\n'}
[0.266583] (cpp_pubsub) StdoutLine: {'line': b'-- Detecting C compiler ABI info\n'}
[0.266857] (service_114514) StdoutLine: {'line': b'-- Detecting C compiler ABI info\n'}
[0.299804] (-) TimerEvent: {}
[0.347291] (cpp_pubsub) StdoutLine: {'line': b'-- Detecting C compiler ABI info - done\n'}
[0.347706] (service_114514) StdoutLine: {'line': b'-- Detecting C compiler ABI info - done\n'}
[0.354814] (cpp_pubsub) StdoutLine: {'line': b'-- Check for working C compiler: /usr/bin/cc - skipped\n'}
[0.355585] (cpp_pubsub) StdoutLine: {'line': b'-- Detecting C compile features\n'}
[0.355923] (service_114514) StdoutLine: {'line': b'-- Check for working C compiler: /usr/bin/cc - skipped\n'}
[0.356178] (service_114514) StdoutLine: {'line': b'-- Detecting C compile features\n'}
[0.356495] (cpp_pubsub) StdoutLine: {'line': b'-- Detecting C compile features - done\n'}
[0.356678] (service_114514) StdoutLine: {'line': b'-- Detecting C compile features - done\n'}
[0.376800] (service_114514) StdoutLine: {'line': b'-- Detecting CXX compiler ABI info\n'}
[0.377046] (cpp_pubsub) StdoutLine: {'line': b'-- Detecting CXX compiler ABI info\n'}
[0.399912] (-) TimerEvent: {}
[0.460720] (service_114514) StdoutLine: {'line': b'-- Detecting CXX compiler ABI info - done\n'}
[0.462499] (cpp_pubsub) StdoutLine: {'line': b'-- Detecting CXX compiler ABI info - done\n'}
[0.467694] (service_114514) StdoutLine: {'line': b'-- Check for working CXX compiler: /usr/bin/c++ - skipped\n'}
[0.467909] (service_114514) StdoutLine: {'line': b'-- Detecting CXX compile features\n'}
[0.468117] (service_114514) StdoutLine: {'line': b'-- Detecting CXX compile features - done\n'}
[0.468671] (cpp_pubsub) StdoutLine: {'line': b'-- Check for working CXX compiler: /usr/bin/c++ - skipped\n'}
[0.468835] (cpp_pubsub) StdoutLine: {'line': b'-- Detecting CXX compile features\n'}
[0.468979] (cpp_pubsub) StdoutLine: {'line': b'-- Detecting CXX compile features - done\n'}
[0.473205] (cpp_pubsub) StdoutLine: {'line': b'-- Found ament_cmake: 2.5.4 (/opt/ros/jazzy/share/ament_cmake/cmake)\n'}
[0.473308] (service_114514) StdoutLine: {'line': b'-- Found ament_cmake: 2.5.4 (/opt/ros/jazzy/share/ament_cmake/cmake)\n'}
[0.500064] (-) TimerEvent: {}
[0.587898] (cpp_pubsub) StdoutLine: {'line': b'-- Found Python3: /usr/bin/python3 (found version "3.12.3") found components: Interpreter \n'}
[0.592275] (service_114514) StdoutLine: {'line': b'-- Found Python3: /usr/bin/python3 (found version "3.12.3") found components: Interpreter \n'}
[0.600159] (-) TimerEvent: {}
[0.683323] (cpp_pubsub) StdoutLine: {'line': b'-- Found rclcpp: 28.1.12 (/opt/ros/jazzy/share/rclcpp/cmake)\n'}
[0.684055] (service_114514) StdoutLine: {'line': b'-- Found rosidl_default_generators: 1.6.0 (/opt/ros/jazzy/share/rosidl_default_generators/cmake)\n'}
[0.695856] (service_114514) StdoutLine: {'line': b'-- Using all available rosidl_typesupport_c: rosidl_typesupport_fastrtps_c;rosidl_typesupport_introspection_c\n'}
[0.700319] (-) TimerEvent: {}
[0.727646] (cpp_pubsub) StdoutLine: {'line': b'-- Found rosidl_generator_c: 4.6.6 (/opt/ros/jazzy/share/rosidl_generator_c/cmake)\n'}
[0.737480] (cpp_pubsub) StdoutLine: {'line': b'-- Found rosidl_generator_cpp: 4.6.6 (/opt/ros/jazzy/share/rosidl_generator_cpp/cmake)\n'}
[0.746732] (service_114514) StdoutLine: {'line': b'-- Using all available rosidl_typesupport_cpp: rosidl_typesupport_fastrtps_cpp;rosidl_typesupport_introspection_cpp\n'}
[0.751612] (cpp_pubsub) StdoutLine: {'line': b'-- Using all available rosidl_typesupport_c: rosidl_typesupport_fastrtps_c;rosidl_typesupport_introspection_c\n'}
[0.763198] (cpp_pubsub) StdoutLine: {'line': b'-- Using all available rosidl_typesupport_cpp: rosidl_typesupport_fastrtps_cpp;rosidl_typesupport_introspection_cpp\n'}
[0.777689] (service_114514) StdoutLine: {'line': b'-- Found rosidl_adapter: 4.6.6 (/opt/ros/jazzy/share/rosidl_adapter/cmake)\n'}
[0.800466] (-) TimerEvent: {}
[0.834950] (cpp_pubsub) StdoutLine: {'line': b'-- Found rmw_implementation_cmake: 7.3.2 (/opt/ros/jazzy/share/rmw_implementation_cmake/cmake)\n'}
[0.838182] (cpp_pubsub) StdoutLine: {'line': b'-- Found rmw_fastrtps_cpp: 8.4.3 (/opt/ros/jazzy/share/rmw_fastrtps_cpp/cmake)\n'}
[0.900584] (-) TimerEvent: {}
[0.922250] (cpp_pubsub) StdoutLine: {'line': b'-- Found OpenSSL: /usr/lib/x86_64-linux-gnu/libcrypto.so (found version "3.0.13")  \n'}
[0.942883] (cpp_pubsub) StdoutLine: {'line': b'-- Found FastRTPS: /opt/ros/jazzy/include (Required is at least version "2.13") \n'}
[0.966330] (cpp_pubsub) StdoutLine: {'line': b"-- Using RMW implementation 'rmw_fastrtps_cpp' as default\n"}
[1.000721] (-) TimerEvent: {}
[1.046011] (cpp_pubsub) StdoutLine: {'line': b'-- Found std_msgs: 5.3.6 (/opt/ros/jazzy/share/std_msgs/cmake)\n'}
[1.100833] (-) TimerEvent: {}
[1.137683] (cpp_pubsub) StdoutLine: {'line': b'-- Configuring done (1.1s)\n'}
[1.148508] (cpp_pubsub) StdoutLine: {'line': b'-- Generating done (0.0s)\n'}
[1.160928] (cpp_pubsub) StdoutLine: {'line': b'-- Build files have been written to: /home/cyberkanjousen/CLionProjects/ROS2_1/build/cpp_pubsub\n'}
[1.169061] (cpp_pubsub) CommandEnded: {'returncode': 0}
[1.169546] (cpp_pubsub) JobProgress: {'identifier': 'cpp_pubsub', 'progress': 'build'}
[1.169587] (cpp_pubsub) Command: {'cmd': ['/usr/bin/cmake', '--build', '/home/cyberkanjousen/CLionProjects/ROS2_1/build/cpp_pubsub', '--', '-j32', '-l32'], 'cwd': '/home/cyberkanjousen/CLionProjects/ROS2_1/build/cpp_pubsub', 'env': OrderedDict({'TERM_SESSION_ID': '92b6401d-ddc8-4bcc-a0cc-95ec4d2c601c', 'GJS_DEBUG_TOPICS': 'JS ERROR;JS LOG', 'XDG_ACTIVATION_TOKEN': 'gnome-shell/CLion/3328-3-cyberkanjousen-Legion-Y7000P-IRX10_TIME2083046', 'LESSOPEN': '| /usr/bin/lesspipe %s', 'SNAP_INSTANCE_KEY': '', 'USER': 'cyberkanjousen', 'SNAP_COMMON': '/var/snap/clion/common', 'socks_host': 'socks://127.0.0.1:10808', 'XDG_SESSION_TYPE': 'x11', 'SNAP_UID': '1000', 'CLUTTER_DISABLE_MIPMAPPED_TEXT': '1', 'SHLVL': '1', 'LD_LIBRARY_PATH': '/opt/ros/jazzy/opt/rviz_ogre_vendor/lib:/opt/ros/jazzy/lib/x86_64-linux-gnu:/opt/ros/jazzy/opt/gz_math_vendor/lib:/opt/ros/jazzy/opt/gz_utils_vendor/lib:/opt/ros/jazzy/opt/gz_cmake_vendor/lib:/opt/ros/jazzy/lib', 'HOME': '/home/cyberkanjousen', 'SNAP_LIBRARY_PATH': '/var/lib/snapd/lib/gl:/var/lib/snapd/lib/gl32:/var/lib/snapd/void', 'DESKTOP_SESSION': 'ubuntu', 'SNAP_USER_DATA': '/home/cyberkanjousen/snap/clion/393', 'TERMINAL_EMULATOR': 'JetBrains-JediTerm', 'GIO_LAUNCHED_DESKTOP_FILE': '/var/lib/snapd/desktop/applications/clion_clion.desktop', 'ROS_PYTHON_VERSION': '3', 'GNOME_SHELL_SESSION_MODE': 'ubuntu', 'GTK_MODULES': 'gail:atk-bridge', 'MANAGERPID': '2842', 'SYSTEMD_EXEC_PID': '3328', 'GSM_SKIP_SSH_AGENT_WORKAROUND': 'true', 'DBUS_SESSION_BUS_ADDRESS': 'unix:path=/run/user/1000/bus', 'SNAP_REVISION': '393', 'GIO_LAUNCHED_DESKTOP_FILE_PID': '7258', 'IJ_RESTARTER_LOG': '/home/cyberkanjousen/.cache/JetBrains/CLion2025.2/log/restarter.log', 'DEBUGINFOD_URLS': 'https://debuginfod.ubuntu.com', 'https_proxy': 'http://127.0.0.1:10808', 'ROS_DISTRO': 'jazzy', 'LOGNAME': 'cyberkanjousen', 'SNAP_CONTEXT': '7cMq18PPvE0GyoauddMEMHLsazMvDF3aF-ApkkrArLYzdt8gAxjQ', 'http_proxy': 'http://127.0.0.1:10808', 'JOURNAL_STREAM': '9:40051', '_': '/usr/bin/colcon', 'ROS_VERSION': '2', 'MEMORY_PRESSURE_WATCH': '/sys/fs/cgroup/user.slice/user-1000.slice/user@1000.service/session.slice/org.gnome.Shell@x11.service/memory.pressure', 'XDG_SESSION_CLASS': 'user', 'SNAP_VERSION': '2025.2.4', 'USERNAME': 'cyberkanjousen', 'TERM': 'xterm-256color', 'GNOME_DESKTOP_SESSION_ID': 'this-is-deprecated', 'SNAP_INSTANCE_NAME': 'clion', 'WINDOWPATH': '2', 'PATH': '/opt/ros/jazzy/bin:/home/cyberkanjousen/.local/bin:/usr/local/sbin:/usr/local/bin:/usr/sbin:/usr/bin:/sbin:/bin:/usr/games:/usr/local/games:/snap/bin:/snap/bin:/home/cyberkanjousen/.local/bin:/home/cyberkanjousen/.local/bin', 'SESSION_MANAGER': 'local/cyberkanjousen-Legion-Y7000P-IRX10:@/tmp/.ICE-unix/3269,unix/cyberkanjousen-Legion-Y7000P-IRX10:/tmp/.ICE-unix/3269', 'INVOCATION_ID': 'fb436e44aa824c2a8e7c7b420c41ce89', 'XDG_MENU_PREFIX': 'gnome-', 'ftp_proxy': 'ftp://127.0.0.1:10808', 'SNAP_DATA': '/var/snap/clion/393', 'XDG_RUNTIME_DIR': '/run/user/1000', 'DISPLAY': ':1', 'DESKTOP_STARTUP_ID': 'CLion-restart_TIME7991192', 'LANG': 'zh_CN.UTF-8', 'XDG_CURRENT_DESKTOP': 'ubuntu:GNOME', 'XMODIFIERS': '@im=ibus', 'XDG_SESSION_DESKTOP': 'ubuntu', 'XAUTHORITY': '/run/user/1000/gdm/Xauthority', 'LS_COLORS': 'rs=0:di=01;34:ln=01;36:mh=00:pi=40;33:so=01;35:do=01;35:bd=40;33;01:cd=40;33;01:or=40;31;01:mi=00:su=37;41:sg=30;43:ca=00:tw=30;42:ow=34;42:st=37;44:ex=01;32:*.tar=01;31:*.tgz=01;31:*.arc=01;31:*.arj=01;31:*.taz=01;31:*.lha=01;31:*.lz4=01;31:*.lzh=01;31:*.lzma=01;31:*.tlz=01;31:*.txz=01;31:*.tzo=01;31:*.t7z=01;31:*.zip=01;31:*.z=01;31:*.dz=01;31:*.gz=01;31:*.lrz=01;31:*.lz=01;31:*.lzo=01;31:*.xz=01;31:*.zst=01;31:*.tzst=01;31:*.bz2=01;31:*.bz=01;31:*.tbz=01;31:*.tbz2=01;31:*.tz=01;31:*.deb=01;31:*.rpm=01;31:*.jar=01;31:*.war=01;31:*.ear=01;31:*.sar=01;31:*.rar=01;31:*.alz=01;31:*.ace=01;31:*.zoo=01;31:*.cpio=01;31:*.7z=01;31:*.rz=01;31:*.cab=01;31:*.wim=01;31:*.swm=01;31:*.dwm=01;31:*.esd=01;31:*.avif=01;35:*.jpg=01;35:*.jpeg=01;35:*.mjpg=01;35:*.mjpeg=01;35:*.gif=01;35:*.bmp=01;35:*.pbm=01;35:*.pgm=01;35:*.ppm=01;35:*.tga=01;35:*.xbm=01;35:*.xpm=01;35:*.tif=01;35:*.tiff=01;35:*.png=01;35:*.svg=01;35:*.svgz=01;35:*.mng=01;35:*.pcx=01;35:*.mov=01;35:*.mpg=01;35:*.mpeg=01;35:*.m2v=01;35:*.mkv=01;35:*.webm=01;35:*.webp=01;35:*.ogm=01;35:*.mp4=01;35:*.m4v=01;35:*.mp4v=01;35:*.vob=01;35:*.qt=01;35:*.nuv=01;35:*.wmv=01;35:*.asf=01;35:*.rm=01;35:*.rmvb=01;35:*.flc=01;35:*.avi=01;35:*.fli=01;35:*.flv=01;35:*.gl=01;35:*.dl=01;35:*.xcf=01;35:*.xwd=01;35:*.yuv=01;35:*.cgm=01;35:*.emf=01;35:*.ogv=01;35:*.ogx=01;35:*.aac=00;36:*.au=00;36:*.flac=00;36:*.m4a=00;36:*.mid=00;36:*.midi=00;36:*.mka=00;36:*.mp3=00;36:*.mpc=00;36:*.ogg=00;36:*.ra=00;36:*.wav=00;36:*.oga=00;36:*.opus=00;36:*.spx=00;36:*.xspf=00;36:*~=00;90:*#=00;90:*.bak=00;90:*.crdownload=00;90:*.dpkg-dist=00;90:*.dpkg-new=00;90:*.dpkg-old=00;90:*.dpkg-tmp=00;90:*.old=00;90:*.orig=00;90:*.part=00;90:*.rej=00;90:*.rpmnew=00;90:*.rpmorig=00;90:*.rpmsave=00;90:*.swp=00;90:*.tmp=00;90:*.ucf-dist=00;90:*.ucf-new=00;90:*.ucf-old=00;90:', 'SNAP_USER_COMMON': '/home/cyberkanjousen/snap/clion/common', 'SSH_AUTH_SOCK': '/run/user/1000/keyring/ssh', 'SNAP_ARCH': 'amd64', 'AMENT_PREFIX_PATH': '/opt/ros/jazzy', 'SNAP_COOKIE': '7cMq18PPvE0GyoauddMEMHLsazMvDF3aF-ApkkrArLYzdt8gAxjQ', 'SHELL': '/bin/bash', 'QT_ACCESSIBILITY': '1', 'SNAP_REEXEC': '', 'GDMSESSION': 'ubuntu', 'LESSCLOSE': '/usr/bin/lesspipe %s %s', 'SNAP_NAME': 'clion', 'GPG_AGENT_INFO': '/run/user/1000/gnupg/S.gpg-agent:0:1', 'GJS_DEBUG_OUTPUT': 'stderr', 'ROS_AUTOMATIC_DISCOVERY_RANGE': 'SUBNET', 'QT_IM_MODULE': 'ibus', 'PWD': '/home/cyberkanjousen/CLionProjects/ROS2_1/build/cpp_pubsub', 'XDG_CONFIG_DIRS': '/etc/xdg/xdg-ubuntu:/etc/xdg', 'SNAP_REAL_HOME': '/home/cyberkanjousen', 'XDG_DATA_DIRS': '/usr/share/ubuntu:/usr/share/gnome:/usr/local/share/:/usr/share/:/var/lib/snapd/desktop', 'SNAP_EUID': '1000', 'QTWEBENGINE_DICTIONARIES_PATH': '/usr/share/hunspell-bdic/', 'PYTHONPATH': '/opt/ros/jazzy/lib/python3.12/site-packages', 'SNAP': '/snap/clion/393', 'COLCON': '1', 'MEMORY_PRESSURE_WRITE': 'c29tZSAyMDAwMDAgMjAwMDAwMAA=', 'JM_OPTION_PATH': '/home/cyberkanjousen/下载', 'CMAKE_PREFIX_PATH': '/opt/ros/jazzy/opt/gz_math_vendor:/opt/ros/jazzy/opt/gz_utils_vendor:/opt/ros/jazzy/opt/gz_cmake_vendor:/opt/ros/jazzy'}), 'shell': False}
[1.181678] (cpp_pubsub) StdoutLine: {'line': b'\n'}
[1.182073] (cpp_pubsub) StdoutLine: {'line': b'[0/8] Building CXX object CMakeFiles/talker.dir/src/publisher_lambda_function.cpp.o\x1b[K\n'}
[1.182286] (cpp_pubsub) StdoutLine: {'line': b'[0/8] Building CXX object CMakeFiles/listener.dir/src/subscriber_lambda_function.cpp.o\x1b[K\n'}
[1.182457] (cpp_pubsub) StdoutLine: {'line': b'[0/8] Building CXX object CMakeFiles/publisher_114514.dir/src/publisher_114514.cpp.o\x1b[K\n'}
[1.200951] (-) TimerEvent: {}
[1.249258] (service_114514) StdoutLine: {'line': b'-- Found ament_cmake_ros: 0.12.0 (/opt/ros/jazzy/share/ament_cmake_ros/cmake)\n'}
[1.301092] (-) TimerEvent: {}
[1.401446] (-) TimerEvent: {}
[1.501761] (-) TimerEvent: {}
[1.602053] (-) TimerEvent: {}
[1.608903] (service_114514) StdoutLine: {'line': b'-- Using all available rosidl_typesupport_c: rosidl_typesupport_fastrtps_c;rosidl_typesupport_introspection_c\n'}
[1.702195] (-) TimerEvent: {}
[1.802566] (-) TimerEvent: {}
[1.902895] (-) TimerEvent: {}
[2.003242] (-) TimerEvent: {}
[2.092295] (service_114514) StdoutLine: {'line': b'-- Using all available rosidl_typesupport_cpp: rosidl_typesupport_fastrtps_cpp;rosidl_typesupport_introspection_cpp\n'}
[2.094709] (service_114514) StdoutLine: {'line': b'-- Found python_cmake_module: 0.11.1 (/opt/ros/jazzy/share/python_cmake_module/cmake)\n'}
[2.103379] (-) TimerEvent: {}
[2.203685] (-) TimerEvent: {}
[2.217217] (service_114514) StdoutLine: {'line': b'-- Found PythonExtra: /usr/bin/python3  \n'}
[2.303864] (-) TimerEvent: {}
[2.404245] (-) TimerEvent: {}
[2.504560] (-) TimerEvent: {}
[2.604864] (-) TimerEvent: {}
[2.609450] (service_114514) StdoutLine: {'line': b'-- Found Python3: /usr/bin/python3 (found version "3.12.3") found components: Interpreter Development NumPy Development.Module Development.Embed \n'}
[2.642581] (service_114514) StdoutLine: {'line': b'-- Found ament_lint_auto: 0.17.3 (/opt/ros/jazzy/share/ament_lint_auto/cmake)\n'}
[2.657262] (service_114514) StdoutLine: {'line': b"-- Added test 'lint_cmake' to check CMake code style\n"}
[2.658288] (service_114514) StdoutLine: {'line': b"-- Added test 'xmllint' to check XML markup files\n"}
[2.659940] (service_114514) StdoutLine: {'line': b'-- Configuring done (2.6s)\n'}
[2.675874] (service_114514) StdoutLine: {'line': b'-- Generating done (0.0s)\n'}
[2.690083] (service_114514) StdoutLine: {'line': b'-- Build files have been written to: /home/cyberkanjousen/CLionProjects/ROS2_1/build/service_114514\n'}
[2.698317] (service_114514) CommandEnded: {'returncode': 0}
[2.699161] (service_114514) JobProgress: {'identifier': 'service_114514', 'progress': 'build'}
[2.699208] (service_114514) Command: {'cmd': ['/usr/bin/cmake', '--build', '/home/cyberkanjousen/CLionProjects/ROS2_1/build/service_114514', '--', '-j32', '-l32'], 'cwd': '/home/cyberkanjousen/CLionProjects/ROS2_1/build/service_114514', 'env': OrderedDict({'TERM_SESSION_ID': '92b6401d-ddc8-4bcc-a0cc-95ec4d2c601c', 'GJS_DEBUG_TOPICS': 'JS ERROR;JS LOG', 'XDG_ACTIVATION_TOKEN': 'gnome-shell/CLion/3328-3-cyberkanjousen-Legion-Y7000P-IRX10_TIME2083046', 'LESSOPEN': '| /usr/bin/lesspipe %s', 'SNAP_INSTANCE_KEY': '', 'USER': 'cyberkanjousen', 'SNAP_COMMON': '/var/snap/clion/common', 'socks_host': 'socks://127.0.0.1:10808', 'XDG_SESSION_TYPE': 'x11', 'SNAP_UID': '1000', 'CLUTTER_DISABLE_MIPMAPPED_TEXT': '1', 'SHLVL': '1', 'LD_LIBRARY_PATH': '/opt/ros/jazzy/opt/rviz_ogre_vendor/lib:/opt/ros/jazzy/lib/x86_64-linux-gnu:/opt/ros/jazzy/opt/gz_math_vendor/lib:/opt/ros/jazzy/opt/gz_utils_vendor/lib:/opt/ros/jazzy/opt/gz_cmake_vendor/lib:/opt/ros/jazzy/lib', 'HOME': '/home/cyberkanjousen', 'SNAP_LIBRARY_PATH': '/var/lib/snapd/lib/gl:/var/lib/snapd/lib/gl32:/var/lib/snapd/void', 'DESKTOP_SESSION': 'ubuntu', 'SNAP_USER_DATA': '/home/cyberkanjousen/snap/clion/393', 'TERMINAL_EMULATOR': 'JetBrains-JediTerm', 'GIO_LAUNCHED_DESKTOP_FILE': '/var/lib/snapd/desktop/applications/clion_clion.desktop', 'ROS_PYTHON_VERSION': '3', 'GNOME_SHELL_SESSION_MODE': 'ubuntu', 'GTK_MODULES': 'gail:atk-bridge', 'MANAGERPID': '2842', 'SYSTEMD_EXEC_PID': '3328', 'GSM_SKIP_SSH_AGENT_WORKAROUND': 'true', 'DBUS_SESSION_BUS_ADDRESS': 'unix:path=/run/user/1000/bus', 'SNAP_REVISION': '393', 'GIO_LAUNCHED_DESKTOP_FILE_PID': '7258', 'IJ_RESTARTER_LOG': '/home/cyberkanjousen/.cache/JetBrains/CLion2025.2/log/restarter.log', 'DEBUGINFOD_URLS': 'https://debuginfod.ubuntu.com', 'https_proxy': 'http://127.0.0.1:10808', 'ROS_DISTRO': 'jazzy', 'LOGNAME': 'cyberkanjousen', 'SNAP_CONTEXT': '7cMq18PPvE0GyoauddMEMHLsazMvDF3aF-ApkkrArLYzdt8gAxjQ', 'http_proxy': 'http://127.0.0.1:10808', 'JOURNAL_STREAM': '9:40051', '_': '/usr/bin/colcon', 'ROS_VERSION': '2', 'MEMORY_PRESSURE_WATCH': '/sys/fs/cgroup/user.slice/user-1000.slice/user@1000.service/session.slice/org.gnome.Shell@x11.service/memory.pressure', 'XDG_SESSION_CLASS': 'user', 'SNAP_VERSION': '2025.2.4', 'USERNAME': 'cyberkanjousen', 'TERM': 'xterm-256color', 'GNOME_DESKTOP_SESSION_ID': 'this-is-deprecated', 'SNAP_INSTANCE_NAME': 'clion', 'WINDOWPATH': '2', 'PATH': '/opt/ros/jazzy/bin:/home/cyberkanjousen/.local/bin:/usr/local/sbin:/usr/local/bin:/usr/sbin:/usr/bin:/sbin:/bin:/usr/games:/usr/local/games:/snap/bin:/snap/bin:/home/cyberkanjousen/.local/bin:/home/cyberkanjousen/.local/bin', 'SESSION_MANAGER': 'local/cyberkanjousen-Legion-Y7000P-IRX10:@/tmp/.ICE-unix/3269,unix/cyberkanjousen-Legion-Y7000P-IRX10:/tmp/.ICE-unix/3269', 'INVOCATION_ID': 'fb436e44aa824c2a8e7c7b420c41ce89', 'XDG_MENU_PREFIX': 'gnome-', 'ftp_proxy': 'ftp://127.0.0.1:10808', 'SNAP_DATA': '/var/snap/clion/393', 'XDG_RUNTIME_DIR': '/run/user/1000', 'DISPLAY': ':1', 'DESKTOP_STARTUP_ID': 'CLion-restart_TIME7991192', 'LANG': 'zh_CN.UTF-8', 'XDG_CURRENT_DESKTOP': 'ubuntu:GNOME', 'XMODIFIERS': '@im=ibus', 'XDG_SESSION_DESKTOP': 'ubuntu', 'XAUTHORITY': '/run/user/1000/gdm/Xauthority', 'LS_COLORS': 'rs=0:di=01;34:ln=01;36:mh=00:pi=40;33:so=01;35:do=01;35:bd=40;33;01:cd=40;33;01:or=40;31;01:mi=00:su=37;41:sg=30;43:ca=00:tw=30;42:ow=34;42:st=37;44:ex=01;32:*.tar=01;31:*.tgz=01;31:*.arc=01;31:*.arj=01;31:*.taz=01;31:*.lha=01;31:*.lz4=01;31:*.lzh=01;31:*.lzma=01;31:*.tlz=01;31:*.txz=01;31:*.tzo=01;31:*.t7z=01;31:*.zip=01;31:*.z=01;31:*.dz=01;31:*.gz=01;31:*.lrz=01;31:*.lz=01;31:*.lzo=01;31:*.xz=01;31:*.zst=01;31:*.tzst=01;31:*.bz2=01;31:*.bz=01;31:*.tbz=01;31:*.tbz2=01;31:*.tz=01;31:*.deb=01;31:*.rpm=01;31:*.jar=01;31:*.war=01;31:*.ear=01;31:*.sar=01;31:*.rar=01;31:*.alz=01;31:*.ace=01;31:*.zoo=01;31:*.cpio=01;31:*.7z=01;31:*.rz=01;31:*.cab=01;31:*.wim=01;31:*.swm=01;31:*.dwm=01;31:*.esd=01;31:*.avif=01;35:*.jpg=01;35:*.jpeg=01;35:*.mjpg=01;35:*.mjpeg=01;35:*.gif=01;35:*.bmp=01;35:*.pbm=01;35:*.pgm=01;35:*.ppm=01;35:*.tga=01;35:*.xbm=01;35:*.xpm=01;35:*.tif=01;35:*.tiff=01;35:*.png=01;35:*.svg=01;35:*.svgz=01;35:*.mng=01;35:*.pcx=01;35:*.mov=01;35:*.mpg=01;35:*.mpeg=01;35:*.m2v=01;35:*.mkv=01;35:*.webm=01;35:*.webp=01;35:*.ogm=01;35:*.mp4=01;35:*.m4v=01;35:*.mp4v=01;35:*.vob=01;35:*.qt=01;35:*.nuv=01;35:*.wmv=01;35:*.asf=01;35:*.rm=01;35:*.rmvb=01;35:*.flc=01;35:*.avi=01;35:*.fli=01;35:*.flv=01;35:*.gl=01;35:*.dl=01;35:*.xcf=01;35:*.xwd=01;35:*.yuv=01;35:*.cgm=01;35:*.emf=01;35:*.ogv=01;35:*.ogx=01;35:*.aac=00;36:*.au=00;36:*.flac=00;36:*.m4a=00;36:*.mid=00;36:*.midi=00;36:*.mka=00;36:*.mp3=00;36:*.mpc=00;36:*.ogg=00;36:*.ra=00;36:*.wav=00;36:*.oga=00;36:*.opus=00;36:*.spx=00;36:*.xspf=00;36:*~=00;90:*#=00;90:*.bak=00;90:*.crdownload=00;90:*.dpkg-dist=00;90:*.dpkg-new=00;90:*.dpkg-old=00;90:*.dpkg-tmp=00;90:*.old=00;90:*.orig=00;90:*.part=00;90:*.rej=00;90:*.rpmnew=00;90:*.rpmorig=00;90:*.rpmsave=00;90:*.swp=00;90:*.tmp=00;90:*.ucf-dist=00;90:*.ucf-new=00;90:*.ucf-old=00;90:', 'SNAP_USER_COMMON': '/home/cyberkanjousen/snap/clion/common', 'SSH_AUTH_SOCK': '/run/user/1000/keyring/ssh', 'SNAP_ARCH': 'amd64', 'AMENT_PREFIX_PATH': '/opt/ros/jazzy', 'SNAP_COOKIE': '7cMq18PPvE0GyoauddMEMHLsazMvDF3aF-ApkkrArLYzdt8gAxjQ', 'SHELL': '/bin/bash', 'QT_ACCESSIBILITY': '1', 'SNAP_REEXEC': '', 'GDMSESSION': 'ubuntu', 'LESSCLOSE': '/usr/bin/lesspipe %s %s', 'SNAP_NAME': 'clion', 'GPG_AGENT_INFO': '/run/user/1000/gnupg/S.gpg-agent:0:1', 'GJS_DEBUG_OUTPUT': 'stderr', 'ROS_AUTOMATIC_DISCOVERY_RANGE': 'SUBNET', 'QT_IM_MODULE': 'ibus', 'PWD': '/home/cyberkanjousen/CLionProjects/ROS2_1/build/service_114514', 'XDG_CONFIG_DIRS': '/etc/xdg/xdg-ubuntu:/etc/xdg', 'SNAP_REAL_HOME': '/home/cyberkanjousen', 'XDG_DATA_DIRS': '/usr/share/ubuntu:/usr/share/gnome:/usr/local/share/:/usr/share/:/var/lib/snapd/desktop', 'SNAP_EUID': '1000', 'QTWEBENGINE_DICTIONARIES_PATH': '/usr/share/hunspell-bdic/', 'PYTHONPATH': '/opt/ros/jazzy/lib/python3.12/site-packages', 'SNAP': '/snap/clion/393', 'COLCON': '1', 'MEMORY_PRESSURE_WRITE': 'c29tZSAyMDAwMDAgMjAwMDAwMAA=', 'JM_OPTION_PATH': '/home/cyberkanjousen/下载', 'CMAKE_PREFIX_PATH': '/opt/ros/jazzy/opt/gz_math_vendor:/opt/ros/jazzy/opt/gz_utils_vendor:/opt/ros/jazzy/opt/gz_cmake_vendor:/opt/ros/jazzy'}), 'shell': False}
[2.704963] (-) TimerEvent: {}
[2.712083] (service_114514) StdoutLine: {'line': b'\n'}
[2.712334] (service_114514) StdoutLine: {'line': b'[0/36] Generating type hashes for ROS interfaces\x1b[K\n'}
[2.722211] (service_114514) StdoutLine: {'line': b'[0/36] cd /home/cyberkanjousen/CLionProjects/ROS2_1/build/service_114514 && /usr/bin/cmake -E copy_directory /home/cyberkanjousen/CLionProjects/ROS2_1/build/service_114514/rosidl_generator_py/service_114514 /home/cyberkanjousen/CLionProjects/ROS2_1/build/service_114514/ament_cmake_python/service_114514/service_114514\x1b[K\n'}
[2.722346] (service_114514) StdoutLine: {'line': b'[1/36] cd /home/cyberkanjousen/CLionProjects/ROS2_1/build/service_114514 && /usr/bin/cmake -E copy_directory /home/cyberkanjousen/CLionProjects/ROS2_1/build/service_114514/rosidl_generator_py/service_114514 /home/cyberkanjousen/CLionProjects/ROS2_1/build/service_114514/ament_cmake_python/service_114514/service_114514\x1b[K\n'}
[2.805086] (-) TimerEvent: {}
[2.835264] (service_114514) StdoutLine: {'line': b'[1/36] cd /home/cyberkanjousen/CLionProjects/ROS2_1/build/service_114514/ament_cmake_python/service_114514 && /usr/bin/python3 setup.py egg_info\x1b[K\n'}
[2.835416] (service_114514) StdoutLine: {'line': b'[2/36] Generating type hashes for ROS interfaces\x1b[K\n'}
[2.835649] (service_114514) StdoutLine: {'line': b'[2/36] Generating C code for ROS interfaces\x1b[K\n'}
[2.905261] (-) TimerEvent: {}
[2.919877] (service_114514) StdoutLine: {'line': b'[2/36] Generating C++ code for ROS interfaces\x1b[K\n'}
[2.920048] (service_114514) StdoutLine: {'line': b'[3/36] cd /home/cyberkanjousen/CLionProjects/ROS2_1/build/service_114514/ament_cmake_python/service_114514 && /usr/bin/python3 setup.py egg_info\x1b[K\n'}
[2.920097] (service_114514) StdoutLine: {'line': b'running egg_info\n'}
[2.920135] (service_114514) StdoutLine: {'line': b'creating service_114514.egg-info\n'}
[2.920171] (service_114514) StdoutLine: {'line': b'writing service_114514.egg-info/PKG-INFO\n'}
[2.920207] (service_114514) StdoutLine: {'line': b'writing dependency_links to service_114514.egg-info/dependency_links.txt\n'}
[2.920244] (service_114514) StdoutLine: {'line': b'writing top-level names to service_114514.egg-info/top_level.txt\n'}
[2.920293] (service_114514) StdoutLine: {'line': b"writing manifest file 'service_114514.egg-info/SOURCES.txt'\n"}
[2.920344] (service_114514) StdoutLine: {'line': b"reading manifest file 'service_114514.egg-info/SOURCES.txt'\n"}
[2.920404] (service_114514) StdoutLine: {'line': b"writing manifest file 'service_114514.egg-info/SOURCES.txt'\n"}
[2.995259] (service_114514) StdoutLine: {'line': b'\n'}
[3.005396] (-) TimerEvent: {}
[3.008013] (service_114514) StdoutLine: {'line': b'[4/36] Generating C++ code for ROS interfaces\x1b[K\n'}
[3.008181] (service_114514) StdoutLine: {'line': b'[5/36] Generating C code for ROS interfaces\x1b[K\n'}
[3.008602] (service_114514) StdoutLine: {'line': b'[5/36] Building C object CMakeFiles/service_114514__rosidl_generator_c.dir/rosidl_generator_c/service_114514/srv/detail/add_two_ints__description.c.o\x1b[K\n'}
[3.008735] (service_114514) StdoutLine: {'line': b'[5/36] Building C object CMakeFiles/service_114514__rosidl_generator_c.dir/rosidl_generator_c/service_114514/srv/detail/add_two_ints__functions.c.o\x1b[K\n'}
[3.036054] (service_114514) StdoutLine: {'line': b'[5/36] Building C object CMakeFiles/service_114514__rosidl_generator_c.dir/rosidl_generator_c/service_114514/srv/detail/add_two_ints__type_support.c.o\x1b[K\n'}
[3.039848] (service_114514) StdoutLine: {'line': b'[6/36] Building C object CMakeFiles/service_114514__rosidl_generator_c.dir/rosidl_generator_c/service_114514/srv/detail/add_two_ints__type_support.c.o\x1b[K\n'}
[3.059641] (service_114514) StdoutLine: {'line': b'[7/36] Building C object CMakeFiles/service_114514__rosidl_generator_c.dir/rosidl_generator_c/service_114514/srv/detail/add_two_ints__description.c.o\x1b[K\n'}
[3.059799] (service_114514) StdoutLine: {'line': b'[8/36] Building C object CMakeFiles/service_114514__rosidl_generator_c.dir/rosidl_generator_c/service_114514/srv/detail/add_two_ints__functions.c.o\x1b[K\n'}
[3.078301] (service_114514) StdoutLine: {'line': b'[8/36] Linking C shared library libservice_114514__rosidl_generator_c.so\x1b[K\n'}
[3.078442] (service_114514) StdoutLine: {'line': b'[9/36] Linking C shared library libservice_114514__rosidl_generator_c.so\x1b[K\n'}
[3.078688] (service_114514) StdoutLine: {'line': b'[9/36] Generating C type support for eProsima Fast-RTPS\x1b[K\n'}
[3.079055] (service_114514) StdoutLine: {'line': b'[9/36] Generating C introspection for ROS interfaces\x1b[K\n'}
[3.079338] (service_114514) StdoutLine: {'line': b'[9/36] Generating C type support dispatch for ROS interfaces\x1b[K\n'}
[3.079452] (service_114514) StdoutLine: {'line': b'[9/36] Generating C++ type support for eProsima Fast-RTPS\x1b[K\n'}
[3.079892] (service_114514) StdoutLine: {'line': b'[9/36] Generating C++ introspection for ROS interfaces\x1b[K\n'}
[3.105550] (-) TimerEvent: {}
[3.205842] (-) TimerEvent: {}
[3.216922] (service_114514) StdoutLine: {'line': b'[9/36] Generating C++ type support dispatch for ROS interfaces\x1b[K\n'}
[3.217117] (service_114514) StdoutLine: {'line': b'[10/36] Generating C++ type support dispatch for ROS interfaces\x1b[K\n'}
[3.222757] (service_114514) StdoutLine: {'line': b'[10/36] Building CXX object CMakeFiles/service_114514__rosidl_typesupport_cpp.dir/rosidl_typesupport_cpp/service_114514/srv/add_two_ints__type_support.cpp.o\x1b[K\n'}
[3.222931] (service_114514) StdoutLine: {'line': b'[11/36] Generating C introspection for ROS interfaces\x1b[K\n'}
[3.248104] (service_114514) StdoutLine: {'line': b'[11/36] Building C object CMakeFiles/service_114514__rosidl_typesupport_introspection_c.dir/rosidl_typesupport_introspection_c/service_114514/srv/detail/add_two_ints__type_support.c.o\x1b[K\n'}
[3.248328] (service_114514) StdoutLine: {'line': b'[12/36] Generating C type support for eProsima Fast-RTPS\x1b[K\n'}
[3.257318] (service_114514) StdoutLine: {'line': b'[12/36] Building CXX object CMakeFiles/service_114514__rosidl_typesupport_fastrtps_c.dir/rosidl_typesupport_fastrtps_c/service_114514/srv/detail/add_two_ints__type_support_c.cpp.o\x1b[K\n'}
[3.257636] (service_114514) StdoutLine: {'line': b'[13/36] Generating C++ type support for eProsima Fast-RTPS\x1b[K\n'}
[3.261149] (service_114514) StdoutLine: {'line': b'[13/36] Building CXX object CMakeFiles/service_114514__rosidl_typesupport_fastrtps_cpp.dir/rosidl_typesupport_fastrtps_cpp/service_114514/srv/detail/dds_fastrtps/add_two_ints__type_support.cpp.o\x1b[K\n'}
[3.261257] (service_114514) StdoutLine: {'line': b'[14/36] Building C object CMakeFiles/service_114514__rosidl_typesupport_introspection_c.dir/rosidl_typesupport_introspection_c/service_114514/srv/detail/add_two_ints__type_support.c.o\x1b[K\n'}
[3.268356] (service_114514) StdoutLine: {'line': b'[14/36] Linking C shared library libservice_114514__rosidl_typesupport_introspection_c.so\x1b[K\n'}
[3.268487] (service_114514) StdoutLine: {'line': b'[15/36] Generating C type support dispatch for ROS interfaces\x1b[K\n'}
[3.275440] (service_114514) StdoutLine: {'line': b'[15/36] Building CXX object CMakeFiles/service_114514__rosidl_typesupport_c.dir/rosidl_typesupport_c/service_114514/srv/add_two_ints__type_support.cpp.o\x1b[K\n'}
[3.294718] (service_114514) StdoutLine: {'line': b'[16/36] Linking C shared library libservice_114514__rosidl_typesupport_introspection_c.so\x1b[K\n'}
[3.294854] (service_114514) StdoutLine: {'line': b'[17/36] Building CXX object CMakeFiles/service_114514__rosidl_typesupport_c.dir/rosidl_typesupport_c/service_114514/srv/add_two_ints__type_support.cpp.o\x1b[K\n'}
[3.301046] (service_114514) StdoutLine: {'line': b'[17/36] Linking CXX shared library libservice_114514__rosidl_typesupport_c.so\x1b[K\n'}
[3.301178] (service_114514) StdoutLine: {'line': b'[18/36] Generating C++ introspection for ROS interfaces\x1b[K\n'}
[3.305950] (-) TimerEvent: {}
[3.319687] (service_114514) StdoutLine: {'line': b'[18/36] Building CXX object CMakeFiles/service_114514__rosidl_typesupport_introspection_cpp.dir/rosidl_typesupport_introspection_cpp/service_114514/srv/detail/add_two_ints__type_support.cpp.o\x1b[K\n'}
[3.406054] (-) TimerEvent: {}
[3.442490] (service_114514) StdoutLine: {'line': b'[19/36] Linking CXX shared library libservice_114514__rosidl_typesupport_c.so\x1b[K\n'}
[3.442807] (service_114514) StdoutLine: {'line': b'[20/36] Building CXX object CMakeFiles/service_114514__rosidl_typesupport_cpp.dir/rosidl_typesupport_cpp/service_114514/srv/add_two_ints__type_support.cpp.o\x1b[K\n'}
[3.491899] (service_114514) StdoutLine: {'line': b'[20/36] Linking CXX shared library libservice_114514__rosidl_typesupport_cpp.so\x1b[K\n'}
[3.506158] (-) TimerEvent: {}
[3.534160] (service_114514) StdoutLine: {'line': b'[21/36] Linking CXX shared library libservice_114514__rosidl_typesupport_cpp.so\x1b[K\n'}
[3.534355] (service_114514) StdoutLine: {'line': b'[22/36] Building CXX object CMakeFiles/service_114514__rosidl_typesupport_fastrtps_c.dir/rosidl_typesupport_fastrtps_c/service_114514/srv/detail/add_two_ints__type_support_c.cpp.o\x1b[K\n'}
[3.566293] (service_114514) StdoutLine: {'line': b'[22/36] Linking CXX shared library libservice_114514__rosidl_typesupport_fastrtps_c.so\x1b[K\n'}
[3.606237] (-) TimerEvent: {}
[3.613265] (service_114514) StdoutLine: {'line': b'[23/36] Linking CXX shared library libservice_114514__rosidl_typesupport_fastrtps_c.so\x1b[K\n'}
[3.613439] (service_114514) StdoutLine: {'line': b'[24/36] Building CXX object CMakeFiles/service_114514__rosidl_typesupport_fastrtps_cpp.dir/rosidl_typesupport_fastrtps_cpp/service_114514/srv/detail/dds_fastrtps/add_two_ints__type_support.cpp.o\x1b[K\n'}
[3.616117] (service_114514) StdoutLine: {'line': b'[24/36] Linking CXX shared library libservice_114514__rosidl_typesupport_fastrtps_cpp.so\x1b[K\n'}
[3.616242] (service_114514) StdoutLine: {'line': b'[25/36] Building CXX object CMakeFiles/service_114514__rosidl_typesupport_introspection_cpp.dir/rosidl_typesupport_introspection_cpp/service_114514/srv/detail/add_two_ints__type_support.cpp.o\x1b[K\n'}
[3.660760] (service_114514) StdoutLine: {'line': b'[25/36] Linking CXX shared library libservice_114514__rosidl_typesupport_introspection_cpp.so\x1b[K\n'}
[3.661300] (service_114514) StdoutLine: {'line': b'[26/36] Linking CXX shared library libservice_114514__rosidl_typesupport_fastrtps_cpp.so\x1b[K\n'}
[3.661453] (service_114514) StdoutLine: {'line': b'[27/36] Linking CXX shared library libservice_114514__rosidl_typesupport_introspection_cpp.so\x1b[K\n'}
[3.706350] (-) TimerEvent: {}
[3.806623] (-) TimerEvent: {}
[3.824918] (cpp_pubsub) StdoutLine: {'line': b'[0/8] Building CXX object CMakeFiles/subscriber_114514.dir/src/subscriber_114514.cpp.o\x1b[K\n'}
[3.825640] (cpp_pubsub) StdoutLine: {'line': b'[1/8] Building CXX object CMakeFiles/publisher_114514.dir/src/publisher_114514.cpp.o\x1b[K\n'}
[3.837215] (cpp_pubsub) StdoutLine: {'line': b'[1/8] Linking CXX executable publisher_114514\x1b[K\n'}
[3.837421] (cpp_pubsub) StdoutLine: {'line': b'[2/8] Building CXX object CMakeFiles/talker.dir/src/publisher_lambda_function.cpp.o\x1b[K\n'}
[3.868210] (service_114514) StdoutLine: {'line': b'[27/36] Generating Python code for ROS interfaces\x1b[K\n'}
[3.868424] (service_114514) StdoutLine: {'line': b'[28/36] Generating Python code for ROS interfaces\x1b[K\n'}
[3.868763] (service_114514) StdoutLine: {'line': b'[28/36] Building C object CMakeFiles/service_114514__rosidl_generator_py.dir/rosidl_generator_py/service_114514/srv/_add_two_ints_s.c.o\x1b[K\n'}
[3.869299] (service_114514) StdoutLine: {'line': b'[28/36] Building C object CMakeFiles/service_114514_s__rosidl_typesupport_fastrtps_c.dir/rosidl_generator_py/service_114514/_service_114514_s.ep.rosidl_typesupport_fastrtps_c.c.o\x1b[K\n'}
[3.869423] (service_114514) StdoutLine: {'line': b'[28/36] Building C object CMakeFiles/service_114514_s__rosidl_typesupport_introspection_c.dir/rosidl_generator_py/service_114514/_service_114514_s.ep.rosidl_typesupport_introspection_c.c.o\x1b[K\n'}
[3.906727] (-) TimerEvent: {}
[3.939515] (cpp_pubsub) StdoutLine: {'line': b'[2/8] Linking CXX executable talker\x1b[K\n'}
[3.941993] (cpp_pubsub) StdoutLine: {'line': b'[3/8] Linking CXX executable publisher_114514\x1b[K\n'}
[3.949385] (service_114514) StdoutLine: {'line': b'[28/36] Building C object CMakeFiles/service_114514_s__rosidl_typesupport_c.dir/rosidl_generator_py/service_114514/_service_114514_s.ep.rosidl_typesupport_c.c.o\x1b[K\n'}
[3.949831] (service_114514) StdoutLine: {'line': b'[29/36] Building C object CMakeFiles/service_114514_s__rosidl_typesupport_c.dir/rosidl_generator_py/service_114514/_service_114514_s.ep.rosidl_typesupport_c.c.o\x1b[K\n'}
[3.950029] (service_114514) StdoutLine: {'line': b'[30/36] Building C object CMakeFiles/service_114514_s__rosidl_typesupport_fastrtps_c.dir/rosidl_generator_py/service_114514/_service_114514_s.ep.rosidl_typesupport_fastrtps_c.c.o\x1b[K\n'}
[3.983781] (service_114514) StdoutLine: {'line': b'[31/36] Building C object CMakeFiles/service_114514_s__rosidl_typesupport_introspection_c.dir/rosidl_generator_py/service_114514/_service_114514_s.ep.rosidl_typesupport_introspection_c.c.o\x1b[K\n'}
[3.984001] (service_114514) StdoutLine: {'line': b'[32/36] Building C object CMakeFiles/service_114514__rosidl_generator_py.dir/rosidl_generator_py/service_114514/srv/_add_two_ints_s.c.o\x1b[K\n'}
[4.003651] (service_114514) StdoutLine: {'line': b'[32/36] Linking C shared library libservice_114514__rosidl_generator_py.so\x1b[K\n'}
[4.004005] (service_114514) StdoutLine: {'line': b'[33/36] Linking C shared library libservice_114514__rosidl_generator_py.so\x1b[K\n'}
[4.004160] (service_114514) StdoutLine: {'line': b'[33/36] Linking C shared module rosidl_generator_py/service_114514/service_114514_s__rosidl_typesupport_fastrtps_c.so\x1b[K\n'}
[4.004406] (service_114514) StdoutLine: {'line': b'[33/36] Linking C shared module rosidl_generator_py/service_114514/service_114514_s__rosidl_typesupport_introspection_c.so\x1b[K\n'}
[4.006806] (-) TimerEvent: {}
[4.016107] (service_114514) StdoutLine: {'line': b'[33/36] Linking C shared module rosidl_generator_py/service_114514/service_114514_s__rosidl_typesupport_c.so\x1b[K\n'}
[4.018766] (service_114514) StdoutLine: {'line': b'[34/36] Linking C shared module rosidl_generator_py/service_114514/service_114514_s__rosidl_typesupport_c.so\x1b[K\n'}
[4.019727] (service_114514) StdoutLine: {'line': b'[35/36] Linking C shared module rosidl_generator_py/service_114514/service_114514_s__rosidl_typesupport_introspection_c.so\x1b[K\n'}
[4.019933] (service_114514) StdoutLine: {'line': b'[36/36] Linking C shared module rosidl_generator_py/service_114514/service_114514_s__rosidl_typesupport_fastrtps_c.so\x1b[K\n'}
[4.022129] (service_114514) CommandEnded: {'returncode': 0}
[4.023058] (service_114514) JobProgress: {'identifier': 'service_114514', 'progress': 'install'}
[4.030288] (service_114514) Command: {'cmd': ['/usr/bin/cmake', '--install', '/home/cyberkanjousen/CLionProjects/ROS2_1/build/service_114514'], 'cwd': '/home/cyberkanjousen/CLionProjects/ROS2_1/build/service_114514', 'env': OrderedDict({'TERM_SESSION_ID': '92b6401d-ddc8-4bcc-a0cc-95ec4d2c601c', 'GJS_DEBUG_TOPICS': 'JS ERROR;JS LOG', 'XDG_ACTIVATION_TOKEN': 'gnome-shell/CLion/3328-3-cyberkanjousen-Legion-Y7000P-IRX10_TIME2083046', 'LESSOPEN': '| /usr/bin/lesspipe %s', 'SNAP_INSTANCE_KEY': '', 'USER': 'cyberkanjousen', 'SNAP_COMMON': '/var/snap/clion/common', 'socks_host': 'socks://127.0.0.1:10808', 'XDG_SESSION_TYPE': 'x11', 'SNAP_UID': '1000', 'CLUTTER_DISABLE_MIPMAPPED_TEXT': '1', 'SHLVL': '1', 'LD_LIBRARY_PATH': '/opt/ros/jazzy/opt/rviz_ogre_vendor/lib:/opt/ros/jazzy/lib/x86_64-linux-gnu:/opt/ros/jazzy/opt/gz_math_vendor/lib:/opt/ros/jazzy/opt/gz_utils_vendor/lib:/opt/ros/jazzy/opt/gz_cmake_vendor/lib:/opt/ros/jazzy/lib', 'HOME': '/home/cyberkanjousen', 'SNAP_LIBRARY_PATH': '/var/lib/snapd/lib/gl:/var/lib/snapd/lib/gl32:/var/lib/snapd/void', 'DESKTOP_SESSION': 'ubuntu', 'SNAP_USER_DATA': '/home/cyberkanjousen/snap/clion/393', 'TERMINAL_EMULATOR': 'JetBrains-JediTerm', 'GIO_LAUNCHED_DESKTOP_FILE': '/var/lib/snapd/desktop/applications/clion_clion.desktop', 'ROS_PYTHON_VERSION': '3', 'GNOME_SHELL_SESSION_MODE': 'ubuntu', 'GTK_MODULES': 'gail:atk-bridge', 'MANAGERPID': '2842', 'SYSTEMD_EXEC_PID': '3328', 'GSM_SKIP_SSH_AGENT_WORKAROUND': 'true', 'DBUS_SESSION_BUS_ADDRESS': 'unix:path=/run/user/1000/bus', 'SNAP_REVISION': '393', 'GIO_LAUNCHED_DESKTOP_FILE_PID': '7258', 'IJ_RESTARTER_LOG': '/home/cyberkanjousen/.cache/JetBrains/CLion2025.2/log/restarter.log', 'DEBUGINFOD_URLS': 'https://debuginfod.ubuntu.com', 'https_proxy': 'http://127.0.0.1:10808', 'ROS_DISTRO': 'jazzy', 'LOGNAME': 'cyberkanjousen', 'SNAP_CONTEXT': '7cMq18PPvE0GyoauddMEMHLsazMvDF3aF-ApkkrArLYzdt8gAxjQ', 'http_proxy': 'http://127.0.0.1:10808', 'JOURNAL_STREAM': '9:40051', '_': '/usr/bin/colcon', 'ROS_VERSION': '2', 'MEMORY_PRESSURE_WATCH': '/sys/fs/cgroup/user.slice/user-1000.slice/user@1000.service/session.slice/org.gnome.Shell@x11.service/memory.pressure', 'XDG_SESSION_CLASS': 'user', 'SNAP_VERSION': '2025.2.4', 'USERNAME': 'cyberkanjousen', 'TERM': 'xterm-256color', 'GNOME_DESKTOP_SESSION_ID': 'this-is-deprecated', 'SNAP_INSTANCE_NAME': 'clion', 'WINDOWPATH': '2', 'PATH': '/opt/ros/jazzy/bin:/home/cyberkanjousen/.local/bin:/usr/local/sbin:/usr/local/bin:/usr/sbin:/usr/bin:/sbin:/bin:/usr/games:/usr/local/games:/snap/bin:/snap/bin:/home/cyberkanjousen/.local/bin:/home/cyberkanjousen/.local/bin', 'SESSION_MANAGER': 'local/cyberkanjousen-Legion-Y7000P-IRX10:@/tmp/.ICE-unix/3269,unix/cyberkanjousen-Legion-Y7000P-IRX10:/tmp/.ICE-unix/3269', 'INVOCATION_ID': 'fb436e44aa824c2a8e7c7b420c41ce89', 'XDG_MENU_PREFIX': 'gnome-', 'ftp_proxy': 'ftp://127.0.0.1:10808', 'SNAP_DATA': '/var/snap/clion/393', 'XDG_RUNTIME_DIR': '/run/user/1000', 'DISPLAY': ':1', 'DESKTOP_STARTUP_ID': 'CLion-restart_TIME7991192', 'LANG': 'zh_CN.UTF-8', 'XDG_CURRENT_DESKTOP': 'ubuntu:GNOME', 'XMODIFIERS': '@im=ibus', 'XDG_SESSION_DESKTOP': 'ubuntu', 'XAUTHORITY': '/run/user/1000/gdm/Xauthority', 'LS_COLORS': 'rs=0:di=01;34:ln=01;36:mh=00:pi=40;33:so=01;35:do=01;35:bd=40;33;01:cd=40;33;01:or=40;31;01:mi=00:su=37;41:sg=30;43:ca=00:tw=30;42:ow=34;42:st=37;44:ex=01;32:*.tar=01;31:*.tgz=01;31:*.arc=01;31:*.arj=01;31:*.taz=01;31:*.lha=01;31:*.lz4=01;31:*.lzh=01;31:*.lzma=01;31:*.tlz=01;31:*.txz=01;31:*.tzo=01;31:*.t7z=01;31:*.zip=01;31:*.z=01;31:*.dz=01;31:*.gz=01;31:*.lrz=01;31:*.lz=01;31:*.lzo=01;31:*.xz=01;31:*.zst=01;31:*.tzst=01;31:*.bz2=01;31:*.bz=01;31:*.tbz=01;31:*.tbz2=01;31:*.tz=01;31:*.deb=01;31:*.rpm=01;31:*.jar=01;31:*.war=01;31:*.ear=01;31:*.sar=01;31:*.rar=01;31:*.alz=01;31:*.ace=01;31:*.zoo=01;31:*.cpio=01;31:*.7z=01;31:*.rz=01;31:*.cab=01;31:*.wim=01;31:*.swm=01;31:*.dwm=01;31:*.esd=01;31:*.avif=01;35:*.jpg=01;35:*.jpeg=01;35:*.mjpg=01;35:*.mjpeg=01;35:*.gif=01;35:*.bmp=01;35:*.pbm=01;35:*.pgm=01;35:*.ppm=01;35:*.tga=01;35:*.xbm=01;35:*.xpm=01;35:*.tif=01;35:*.tiff=01;35:*.png=01;35:*.svg=01;35:*.svgz=01;35:*.mng=01;35:*.pcx=01;35:*.mov=01;35:*.mpg=01;35:*.mpeg=01;35:*.m2v=01;35:*.mkv=01;35:*.webm=01;35:*.webp=01;35:*.ogm=01;35:*.mp4=01;35:*.m4v=01;35:*.mp4v=01;35:*.vob=01;35:*.qt=01;35:*.nuv=01;35:*.wmv=01;35:*.asf=01;35:*.rm=01;35:*.rmvb=01;35:*.flc=01;35:*.avi=01;35:*.fli=01;35:*.flv=01;35:*.gl=01;35:*.dl=01;35:*.xcf=01;35:*.xwd=01;35:*.yuv=01;35:*.cgm=01;35:*.emf=01;35:*.ogv=01;35:*.ogx=01;35:*.aac=00;36:*.au=00;36:*.flac=00;36:*.m4a=00;36:*.mid=00;36:*.midi=00;36:*.mka=00;36:*.mp3=00;36:*.mpc=00;36:*.ogg=00;36:*.ra=00;36:*.wav=00;36:*.oga=00;36:*.opus=00;36:*.spx=00;36:*.xspf=00;36:*~=00;90:*#=00;90:*.bak=00;90:*.crdownload=00;90:*.dpkg-dist=00;90:*.dpkg-new=00;90:*.dpkg-old=00;90:*.dpkg-tmp=00;90:*.old=00;90:*.orig=00;90:*.part=00;90:*.rej=00;90:*.rpmnew=00;90:*.rpmorig=00;90:*.rpmsave=00;90:*.swp=00;90:*.tmp=00;90:*.ucf-dist=00;90:*.ucf-new=00;90:*.ucf-old=00;90:', 'SNAP_USER_COMMON': '/home/cyberkanjousen/snap/clion/common', 'SSH_AUTH_SOCK': '/run/user/1000/keyring/ssh', 'SNAP_ARCH': 'amd64', 'AMENT_PREFIX_PATH': '/opt/ros/jazzy', 'SNAP_COOKIE': '7cMq18PPvE0GyoauddMEMHLsazMvDF3aF-ApkkrArLYzdt8gAxjQ', 'SHELL': '/bin/bash', 'QT_ACCESSIBILITY': '1', 'SNAP_REEXEC': '', 'GDMSESSION': 'ubuntu', 'LESSCLOSE': '/usr/bin/lesspipe %s %s', 'SNAP_NAME': 'clion', 'GPG_AGENT_INFO': '/run/user/1000/gnupg/S.gpg-agent:0:1', 'GJS_DEBUG_OUTPUT': 'stderr', 'ROS_AUTOMATIC_DISCOVERY_RANGE': 'SUBNET', 'QT_IM_MODULE': 'ibus', 'PWD': '/home/cyberkanjousen/CLionProjects/ROS2_1/build/service_114514', 'XDG_CONFIG_DIRS': '/etc/xdg/xdg-ubuntu:/etc/xdg', 'SNAP_REAL_HOME': '/home/cyberkanjousen', 'XDG_DATA_DIRS': '/usr/share/ubuntu:/usr/share/gnome:/usr/local/share/:/usr/share/:/var/lib/snapd/desktop', 'SNAP_EUID': '1000', 'QTWEBENGINE_DICTIONARIES_PATH': '/usr/share/hunspell-bdic/', 'PYTHONPATH': '/opt/ros/jazzy/lib/python3.12/site-packages', 'SNAP': '/snap/clion/393', 'COLCON': '1', 'MEMORY_PRESSURE_WRITE': 'c29tZSAyMDAwMDAgMjAwMDAwMAA=', 'JM_OPTION_PATH': '/home/cyberkanjousen/下载', 'CMAKE_PREFIX_PATH': '/opt/ros/jazzy/opt/gz_math_vendor:/opt/ros/jazzy/opt/gz_utils_vendor:/opt/ros/jazzy/opt/gz_cmake_vendor:/opt/ros/jazzy'}), 'shell': False}
[4.039228] (service_114514) StdoutLine: {'line': b'-- Install configuration: ""\n'}
[4.039523] (service_114514) StdoutLine: {'line': b'-- Installing: /home/cyberkanjousen/CLionProjects/ROS2_1/install/service_114514/share/ament_index/resource_index/rosidl_interfaces/service_114514\n'}
[4.039619] (service_114514) StdoutLine: {'line': b'-- Installing: /home/cyberkanjousen/CLionProjects/ROS2_1/install/service_114514/share/service_114514/srv/AddTwoInts.json\n'}
[4.039710] (service_114514) StdoutLine: {'line': b'-- Installing: /home/cyberkanjousen/CLionProjects/ROS2_1/install/service_114514/include/service_114514/service_114514\n'}
[4.039796] (service_114514) StdoutLine: {'line': b'-- Installing: /home/cyberkanjousen/CLionProjects/ROS2_1/install/service_114514/include/service_114514/service_114514/msg\n'}
[4.039979] (service_114514) StdoutLine: {'line': b'-- Installing: /home/cyberkanjousen/CLionProjects/ROS2_1/install/service_114514/include/service_114514/service_114514/msg/rosidl_generator_c__visibility_control.h\n'}
[4.040120] (service_114514) StdoutLine: {'line': b'-- Installing: /home/cyberkanjousen/CLionProjects/ROS2_1/install/service_114514/include/service_114514/service_114514/srv\n'}
[4.040213] (service_114514) StdoutLine: {'line': b'-- Installing: /home/cyberkanjousen/CLionProjects/ROS2_1/install/service_114514/include/service_114514/service_114514/srv/detail\n'}
[4.040335] (service_114514) StdoutLine: {'line': b'-- Installing: /home/cyberkanjousen/CLionProjects/ROS2_1/install/service_114514/include/service_114514/service_114514/srv/detail/add_two_ints__functions.c\n'}
[4.040464] (service_114514) StdoutLine: {'line': b'-- Installing: /home/cyberkanjousen/CLionProjects/ROS2_1/install/service_114514/include/service_114514/service_114514/srv/detail/add_two_ints__type_support.c\n'}
[4.040560] (service_114514) StdoutLine: {'line': b'-- Installing: /home/cyberkanjousen/CLionProjects/ROS2_1/install/service_114514/include/service_114514/service_114514/srv/detail/add_two_ints__functions.h\n'}
[4.040702] (service_114514) StdoutLine: {'line': b'-- Installing: /home/cyberkanjousen/CLionProjects/ROS2_1/install/service_114514/include/service_114514/service_114514/srv/detail/add_two_ints__type_support.h\n'}
[4.040789] (service_114514) StdoutLine: {'line': b'-- Installing: /home/cyberkanjousen/CLionProjects/ROS2_1/install/service_114514/include/service_114514/service_114514/srv/detail/add_two_ints__description.c\n'}
[4.040876] (service_114514) StdoutLine: {'line': b'-- Installing: /home/cyberkanjousen/CLionProjects/ROS2_1/install/service_114514/include/service_114514/service_114514/srv/detail/add_two_ints__struct.h\n'}
[4.040962] (service_114514) StdoutLine: {'line': b'-- Installing: /home/cyberkanjousen/CLionProjects/ROS2_1/install/service_114514/include/service_114514/service_114514/srv/add_two_ints.h\n'}
[4.041047] (service_114514) StdoutLine: {'line': b'-- Installing: /home/cyberkanjousen/CLionProjects/ROS2_1/install/service_114514/share/service_114514/environment/library_path.sh\n'}
[4.041133] (service_114514) StdoutLine: {'line': b'-- Installing: /home/cyberkanjousen/CLionProjects/ROS2_1/install/service_114514/share/service_114514/environment/library_path.dsv\n'}
[4.041218] (service_114514) StdoutLine: {'line': b'-- Installing: /home/cyberkanjousen/CLionProjects/ROS2_1/install/service_114514/lib/libservice_114514__rosidl_generator_c.so\n'}
[4.041305] (service_114514) StdoutLine: {'line': b'-- Set non-toolchain portion of runtime path of "/home/cyberkanjousen/CLionProjects/ROS2_1/install/service_114514/lib/libservice_114514__rosidl_generator_c.so" to ""\n'}
[4.041406] (service_114514) StdoutLine: {'line': b'-- Up-to-date: /home/cyberkanjousen/CLionProjects/ROS2_1/install/service_114514/include/service_114514/service_114514\n'}
[4.041500] (service_114514) StdoutLine: {'line': b'-- Up-to-date: /home/cyberkanjousen/CLionProjects/ROS2_1/install/service_114514/include/service_114514/service_114514/msg\n'}
[4.041840] (service_114514) StdoutLine: {'line': b'-- Installing: /home/cyberkanjousen/CLionProjects/ROS2_1/install/service_114514/include/service_114514/service_114514/msg/rosidl_typesupport_fastrtps_c__visibility_control.h\n'}
[4.041895] (service_114514) StdoutLine: {'line': b'-- Up-to-date: /home/cyberkanjousen/CLionProjects/ROS2_1/install/service_114514/include/service_114514/service_114514/srv\n'}
[4.041939] (service_114514) StdoutLine: {'line': b'-- Up-to-date: /home/cyberkanjousen/CLionProjects/ROS2_1/install/service_114514/include/service_114514/service_114514/srv/detail\n'}
[4.041978] (service_114514) StdoutLine: {'line': b'-- Installing: /home/cyberkanjousen/CLionProjects/ROS2_1/install/service_114514/include/service_114514/service_114514/srv/detail/add_two_ints__rosidl_typesupport_fastrtps_c.h\n'}
[4.042018] (service_114514) StdoutLine: {'line': b'-- Installing: /home/cyberkanjousen/CLionProjects/ROS2_1/install/service_114514/lib/libservice_114514__rosidl_typesupport_fastrtps_c.so\n'}
[4.042057] (service_114514) StdoutLine: {'line': b'-- Set non-toolchain portion of runtime path of "/home/cyberkanjousen/CLionProjects/ROS2_1/install/service_114514/lib/libservice_114514__rosidl_typesupport_fastrtps_c.so" to ""\n'}
[4.042095] (service_114514) StdoutLine: {'line': b'-- Up-to-date: /home/cyberkanjousen/CLionProjects/ROS2_1/install/service_114514/include/service_114514/service_114514\n'}
[4.042133] (service_114514) StdoutLine: {'line': b'-- Up-to-date: /home/cyberkanjousen/CLionProjects/ROS2_1/install/service_114514/include/service_114514/service_114514/msg\n'}
[4.042171] (service_114514) StdoutLine: {'line': b'-- Installing: /home/cyberkanjousen/CLionProjects/ROS2_1/install/service_114514/include/service_114514/service_114514/msg/rosidl_typesupport_introspection_c__visibility_control.h\n'}
[4.042224] (service_114514) StdoutLine: {'line': b'-- Up-to-date: /home/cyberkanjousen/CLionProjects/ROS2_1/install/service_114514/include/service_114514/service_114514/srv\n'}
[4.042263] (service_114514) StdoutLine: {'line': b'-- Up-to-date: /home/cyberkanjousen/CLionProjects/ROS2_1/install/service_114514/include/service_114514/service_114514/srv/detail\n'}
[4.042301] (service_114514) StdoutLine: {'line': b'-- Up-to-date: /home/cyberkanjousen/CLionProjects/ROS2_1/install/service_114514/include/service_114514/service_114514/srv/detail/add_two_ints__type_support.c\n'}
[4.042340] (service_114514) StdoutLine: {'line': b'-- Installing: /home/cyberkanjousen/CLionProjects/ROS2_1/install/service_114514/include/service_114514/service_114514/srv/detail/add_two_ints__rosidl_typesupport_introspection_c.h\n'}
[4.042378] (service_114514) StdoutLine: {'line': b'-- Installing: /home/cyberkanjousen/CLionProjects/ROS2_1/install/service_114514/lib/libservice_114514__rosidl_typesupport_introspection_c.so\n'}
[4.042418] (service_114514) StdoutLine: {'line': b'-- Set non-toolchain portion of runtime path of "/home/cyberkanjousen/CLionProjects/ROS2_1/install/service_114514/lib/libservice_114514__rosidl_typesupport_introspection_c.so" to ""\n'}
[4.042457] (service_114514) StdoutLine: {'line': b'-- Installing: /home/cyberkanjousen/CLionProjects/ROS2_1/install/service_114514/lib/libservice_114514__rosidl_typesupport_c.so\n'}
[4.042515] (service_114514) StdoutLine: {'line': b'-- Set non-toolchain portion of runtime path of "/home/cyberkanjousen/CLionProjects/ROS2_1/install/service_114514/lib/libservice_114514__rosidl_typesupport_c.so" to ""\n'}
[4.042553] (service_114514) StdoutLine: {'line': b'-- Up-to-date: /home/cyberkanjousen/CLionProjects/ROS2_1/install/service_114514/include/service_114514/service_114514\n'}
[4.042594] (service_114514) StdoutLine: {'line': b'-- Up-to-date: /home/cyberkanjousen/CLionProjects/ROS2_1/install/service_114514/include/service_114514/service_114514/msg\n'}
[4.042633] (service_114514) StdoutLine: {'line': b'-- Installing: /home/cyberkanjousen/CLionProjects/ROS2_1/install/service_114514/include/service_114514/service_114514/msg/rosidl_generator_cpp__visibility_control.hpp\n'}
[4.042671] (service_114514) StdoutLine: {'line': b'-- Up-to-date: /home/cyberkanjousen/CLionProjects/ROS2_1/install/service_114514/include/service_114514/service_114514/srv\n'}
[4.042708] (service_114514) StdoutLine: {'line': b'-- Up-to-date: /home/cyberkanjousen/CLionProjects/ROS2_1/install/service_114514/include/service_114514/service_114514/srv/detail\n'}
[4.042745] (service_114514) StdoutLine: {'line': b'-- Installing: /home/cyberkanjousen/CLionProjects/ROS2_1/install/service_114514/include/service_114514/service_114514/srv/detail/add_two_ints__struct.hpp\n'}
[4.042786] (service_114514) StdoutLine: {'line': b'-- Installing: /home/cyberkanjousen/CLionProjects/ROS2_1/install/service_114514/include/service_114514/service_114514/srv/detail/add_two_ints__builder.hpp\n'}
[4.042824] (service_114514) StdoutLine: {'line': b'-- Installing: /home/cyberkanjousen/CLionProjects/ROS2_1/install/service_114514/include/service_114514/service_114514/srv/detail/add_two_ints__traits.hpp\n'}
[4.042865] (service_114514) StdoutLine: {'line': b'-- Installing: /home/cyberkanjousen/CLionProjects/ROS2_1/install/service_114514/include/service_114514/service_114514/srv/detail/add_two_ints__type_support.hpp\n'}
[4.042901] (service_114514) StdoutLine: {'line': b'-- Installing: /home/cyberkanjousen/CLionProjects/ROS2_1/install/service_114514/include/service_114514/service_114514/srv/add_two_ints.hpp\n'}
[4.042942] (service_114514) StdoutLine: {'line': b'-- Up-to-date: /home/cyberkanjousen/CLionProjects/ROS2_1/install/service_114514/include/service_114514/service_114514\n'}
[4.042981] (service_114514) StdoutLine: {'line': b'-- Up-to-date: /home/cyberkanjousen/CLionProjects/ROS2_1/install/service_114514/include/service_114514/service_114514/msg\n'}
[4.043018] (service_114514) StdoutLine: {'line': b'-- Installing: /home/cyberkanjousen/CLionProjects/ROS2_1/install/service_114514/include/service_114514/service_114514/msg/rosidl_typesupport_fastrtps_cpp__visibility_control.h\n'}
[4.043061] (service_114514) StdoutLine: {'line': b'-- Up-to-date: /home/cyberkanjousen/CLionProjects/ROS2_1/install/service_114514/include/service_114514/service_114514/srv\n'}
[4.043099] (service_114514) StdoutLine: {'line': b'-- Up-to-date: /home/cyberkanjousen/CLionProjects/ROS2_1/install/service_114514/include/service_114514/service_114514/srv/detail\n'}
[4.043136] (service_114514) StdoutLine: {'line': b'-- Installing: /home/cyberkanjousen/CLionProjects/ROS2_1/install/service_114514/include/service_114514/service_114514/srv/detail/dds_fastrtps\n'}
[4.043173] (service_114514) StdoutLine: {'line': b'-- Installing: /home/cyberkanjousen/CLionProjects/ROS2_1/install/service_114514/include/service_114514/service_114514/srv/detail/add_two_ints__rosidl_typesupport_fastrtps_cpp.hpp\n'}
[4.043309] (service_114514) StdoutLine: {'line': b'-- Installing: /home/cyberkanjousen/CLionProjects/ROS2_1/install/service_114514/lib/libservice_114514__rosidl_typesupport_fastrtps_cpp.so\n'}
[4.043435] (service_114514) StdoutLine: {'line': b'-- Set non-toolchain portion of runtime path of "/home/cyberkanjousen/CLionProjects/ROS2_1/install/service_114514/lib/libservice_114514__rosidl_typesupport_fastrtps_cpp.so" to ""\n'}
[4.043494] (service_114514) StdoutLine: {'line': b'-- Up-to-date: /home/cyberkanjousen/CLionProjects/ROS2_1/install/service_114514/include/service_114514/service_114514\n'}
[4.043536] (service_114514) StdoutLine: {'line': b'-- Up-to-date: /home/cyberkanjousen/CLionProjects/ROS2_1/install/service_114514/include/service_114514/service_114514/srv\n'}
[4.043579] (service_114514) StdoutLine: {'line': b'-- Up-to-date: /home/cyberkanjousen/CLionProjects/ROS2_1/install/service_114514/include/service_114514/service_114514/srv/detail\n'}
[4.043618] (service_114514) StdoutLine: {'line': b'-- Installing: /home/cyberkanjousen/CLionProjects/ROS2_1/install/service_114514/include/service_114514/service_114514/srv/detail/add_two_ints__rosidl_typesupport_introspection_cpp.hpp\n'}
[4.043657] (service_114514) StdoutLine: {'line': b'-- Installing: /home/cyberkanjousen/CLionProjects/ROS2_1/install/service_114514/include/service_114514/service_114514/srv/detail/add_two_ints__type_support.cpp\n'}
[4.043696] (service_114514) StdoutLine: {'line': b'-- Installing: /home/cyberkanjousen/CLionProjects/ROS2_1/install/service_114514/lib/libservice_114514__rosidl_typesupport_introspection_cpp.so\n'}
[4.043734] (service_114514) StdoutLine: {'line': b'-- Set non-toolchain portion of runtime path of "/home/cyberkanjousen/CLionProjects/ROS2_1/install/service_114514/lib/libservice_114514__rosidl_typesupport_introspection_cpp.so" to ""\n'}
[4.043772] (service_114514) StdoutLine: {'line': b'-- Installing: /home/cyberkanjousen/CLionProjects/ROS2_1/install/service_114514/lib/libservice_114514__rosidl_typesupport_cpp.so\n'}
[4.043809] (service_114514) StdoutLine: {'line': b'-- Set non-toolchain portion of runtime path of "/home/cyberkanjousen/CLionProjects/ROS2_1/install/service_114514/lib/libservice_114514__rosidl_typesupport_cpp.so" to ""\n'}
[4.043847] (service_114514) StdoutLine: {'line': b'-- Installing: /home/cyberkanjousen/CLionProjects/ROS2_1/install/service_114514/share/service_114514/environment/pythonpath.sh\n'}
[4.043890] (service_114514) StdoutLine: {'line': b'-- Installing: /home/cyberkanjousen/CLionProjects/ROS2_1/install/service_114514/share/service_114514/environment/pythonpath.dsv\n'}
[4.043925] (service_114514) StdoutLine: {'line': b'-- Installing: /home/cyberkanjousen/CLionProjects/ROS2_1/install/service_114514/lib/python3.12/site-packages/service_114514-0.0.0-py3.12.egg-info\n'}
[4.043961] (service_114514) StdoutLine: {'line': b'-- Installing: /home/cyberkanjousen/CLionProjects/ROS2_1/install/service_114514/lib/python3.12/site-packages/service_114514-0.0.0-py3.12.egg-info/PKG-INFO\n'}
[4.043995] (service_114514) StdoutLine: {'line': b'-- Installing: /home/cyberkanjousen/CLionProjects/ROS2_1/install/service_114514/lib/python3.12/site-packages/service_114514-0.0.0-py3.12.egg-info/top_level.txt\n'}
[4.044047] (service_114514) StdoutLine: {'line': b'-- Installing: /home/cyberkanjousen/CLionProjects/ROS2_1/install/service_114514/lib/python3.12/site-packages/service_114514-0.0.0-py3.12.egg-info/SOURCES.txt\n'}
[4.044081] (service_114514) StdoutLine: {'line': b'-- Installing: /home/cyberkanjousen/CLionProjects/ROS2_1/install/service_114514/lib/python3.12/site-packages/service_114514-0.0.0-py3.12.egg-info/dependency_links.txt\n'}
[4.044114] (service_114514) StdoutLine: {'line': b'-- Installing: /home/cyberkanjousen/CLionProjects/ROS2_1/install/service_114514/lib/python3.12/site-packages/service_114514\n'}
[4.044147] (service_114514) StdoutLine: {'line': b'-- Installing: /home/cyberkanjousen/CLionProjects/ROS2_1/install/service_114514/lib/python3.12/site-packages/service_114514/service_114514_s__rosidl_typesupport_introspection_c.so\n'}
[4.044178] (service_114514) StdoutLine: {'line': b'-- Installing: /home/cyberkanjousen/CLionProjects/ROS2_1/install/service_114514/lib/python3.12/site-packages/service_114514/_service_114514_s.ep.rosidl_typesupport_fastrtps_c.c\n'}
[4.044211] (service_114514) StdoutLine: {'line': b'-- Installing: /home/cyberkanjousen/CLionProjects/ROS2_1/install/service_114514/lib/python3.12/site-packages/service_114514/__init__.py\n'}
[4.044243] (service_114514) StdoutLine: {'line': b'-- Installing: /home/cyberkanjousen/CLionProjects/ROS2_1/install/service_114514/lib/python3.12/site-packages/service_114514/service_114514_s__rosidl_typesupport_c.so\n'}
[4.044275] (service_114514) StdoutLine: {'line': b'-- Installing: /home/cyberkanjousen/CLionProjects/ROS2_1/install/service_114514/lib/python3.12/site-packages/service_114514/_service_114514_s.ep.rosidl_typesupport_introspection_c.c\n'}
[4.044308] (service_114514) StdoutLine: {'line': b'-- Installing: /home/cyberkanjousen/CLionProjects/ROS2_1/install/service_114514/lib/python3.12/site-packages/service_114514/service_114514_s__rosidl_typesupport_fastrtps_c.so\n'}
[4.044340] (service_114514) StdoutLine: {'line': b'-- Installing: /home/cyberkanjousen/CLionProjects/ROS2_1/install/service_114514/lib/python3.12/site-packages/service_114514/_service_114514_s.ep.rosidl_typesupport_c.c\n'}
[4.044372] (service_114514) StdoutLine: {'line': b'-- Installing: /home/cyberkanjousen/CLionProjects/ROS2_1/install/service_114514/lib/python3.12/site-packages/service_114514/srv\n'}
[4.044405] (service_114514) StdoutLine: {'line': b'-- Installing: /home/cyberkanjousen/CLionProjects/ROS2_1/install/service_114514/lib/python3.12/site-packages/service_114514/srv/_add_two_ints.py\n'}
[4.044437] (service_114514) StdoutLine: {'line': b'-- Installing: /home/cyberkanjousen/CLionProjects/ROS2_1/install/service_114514/lib/python3.12/site-packages/service_114514/srv/__init__.py\n'}
[4.044475] (service_114514) StdoutLine: {'line': b'-- Installing: /home/cyberkanjousen/CLionProjects/ROS2_1/install/service_114514/lib/python3.12/site-packages/service_114514/srv/_add_two_ints_s.c\n'}
[4.072553] (service_114514) StdoutLine: {'line': b"Listing '/home/cyberkanjousen/CLionProjects/ROS2_1/install/service_114514/lib/python3.12/site-packages/service_114514'...\n"}
[4.072700] (service_114514) StdoutLine: {'line': b"Compiling '/home/cyberkanjousen/CLionProjects/ROS2_1/install/service_114514/lib/python3.12/site-packages/service_114514/__init__.py'...\n"}
[4.072755] (service_114514) StdoutLine: {'line': b"Listing '/home/cyberkanjousen/CLionProjects/ROS2_1/install/service_114514/lib/python3.12/site-packages/service_114514/srv'...\n"}
[4.072804] (service_114514) StdoutLine: {'line': b"Compiling '/home/cyberkanjousen/CLionProjects/ROS2_1/install/service_114514/lib/python3.12/site-packages/service_114514/srv/__init__.py'...\n"}
[4.072850] (service_114514) StdoutLine: {'line': b"Compiling '/home/cyberkanjousen/CLionProjects/ROS2_1/install/service_114514/lib/python3.12/site-packages/service_114514/srv/_add_two_ints.py'...\n"}
[4.076428] (service_114514) StdoutLine: {'line': b'-- Installing: /home/cyberkanjousen/CLionProjects/ROS2_1/install/service_114514/lib/python3.12/site-packages/service_114514/service_114514_s__rosidl_typesupport_fastrtps_c.so\n'}
[4.076557] (service_114514) StdoutLine: {'line': b'-- Set non-toolchain portion of runtime path of "/home/cyberkanjousen/CLionProjects/ROS2_1/install/service_114514/lib/python3.12/site-packages/service_114514/service_114514_s__rosidl_typesupport_fastrtps_c.so" to ""\n'}
[4.076743] (service_114514) StdoutLine: {'line': b'-- Installing: /home/cyberkanjousen/CLionProjects/ROS2_1/install/service_114514/lib/python3.12/site-packages/service_114514/service_114514_s__rosidl_typesupport_introspection_c.so\n'}
[4.076850] (service_114514) StdoutLine: {'line': b'-- Set non-toolchain portion of runtime path of "/home/cyberkanjousen/CLionProjects/ROS2_1/install/service_114514/lib/python3.12/site-packages/service_114514/service_114514_s__rosidl_typesupport_introspection_c.so" to ""\n'}
[4.076910] (service_114514) StdoutLine: {'line': b'-- Installing: /home/cyberkanjousen/CLionProjects/ROS2_1/install/service_114514/lib/python3.12/site-packages/service_114514/service_114514_s__rosidl_typesupport_c.so\n'}
[4.076984] (service_114514) StdoutLine: {'line': b'-- Set non-toolchain portion of runtime path of "/home/cyberkanjousen/CLionProjects/ROS2_1/install/service_114514/lib/python3.12/site-packages/service_114514/service_114514_s__rosidl_typesupport_c.so" to ""\n'}
[4.077035] (service_114514) StdoutLine: {'line': b'-- Installing: /home/cyberkanjousen/CLionProjects/ROS2_1/install/service_114514/lib/libservice_114514__rosidl_generator_py.so\n'}
[4.077184] (service_114514) StdoutLine: {'line': b'-- Set non-toolchain portion of runtime path of "/home/cyberkanjousen/CLionProjects/ROS2_1/install/service_114514/lib/libservice_114514__rosidl_generator_py.so" to ""\n'}
[4.077302] (service_114514) StdoutLine: {'line': b'-- Installing: /home/cyberkanjousen/CLionProjects/ROS2_1/install/service_114514/share/service_114514/srv/AddTwoInts.idl\n'}
[4.077358] (service_114514) StdoutLine: {'line': b'-- Installing: /home/cyberkanjousen/CLionProjects/ROS2_1/install/service_114514/share/service_114514/srv/AddTwoInts.srv\n'}
[4.077416] (service_114514) StdoutLine: {'line': b'-- Installing: /home/cyberkanjousen/CLionProjects/ROS2_1/install/service_114514/share/ament_index/resource_index/package_run_dependencies/service_114514\n'}
[4.077461] (service_114514) StdoutLine: {'line': b'-- Installing: /home/cyberkanjousen/CLionProjects/ROS2_1/install/service_114514/share/ament_index/resource_index/parent_prefix_path/service_114514\n'}
[4.077542] (service_114514) StdoutLine: {'line': b'-- Installing: /home/cyberkanjousen/CLionProjects/ROS2_1/install/service_114514/share/service_114514/environment/ament_prefix_path.sh\n'}
[4.077613] (service_114514) StdoutLine: {'line': b'-- Installing: /home/cyberkanjousen/CLionProjects/ROS2_1/install/service_114514/share/service_114514/environment/ament_prefix_path.dsv\n'}
[4.077668] (service_114514) StdoutLine: {'line': b'-- Installing: /home/cyberkanjousen/CLionProjects/ROS2_1/install/service_114514/share/service_114514/environment/path.sh\n'}
[4.077728] (service_114514) StdoutLine: {'line': b'-- Installing: /home/cyberkanjousen/CLionProjects/ROS2_1/install/service_114514/share/service_114514/environment/path.dsv\n'}
[4.077787] (service_114514) StdoutLine: {'line': b'-- Installing: /home/cyberkanjousen/CLionProjects/ROS2_1/install/service_114514/share/service_114514/local_setup.bash\n'}
[4.077845] (service_114514) StdoutLine: {'line': b'-- Installing: /home/cyberkanjousen/CLionProjects/ROS2_1/install/service_114514/share/service_114514/local_setup.sh\n'}
[4.077904] (service_114514) StdoutLine: {'line': b'-- Installing: /home/cyberkanjousen/CLionProjects/ROS2_1/install/service_114514/share/service_114514/local_setup.zsh\n'}
[4.077958] (service_114514) StdoutLine: {'line': b'-- Installing: /home/cyberkanjousen/CLionProjects/ROS2_1/install/service_114514/share/service_114514/local_setup.dsv\n'}
[4.078015] (service_114514) StdoutLine: {'line': b'-- Installing: /home/cyberkanjousen/CLionProjects/ROS2_1/install/service_114514/share/service_114514/package.dsv\n'}
[4.078073] (service_114514) StdoutLine: {'line': b'-- Installing: /home/cyberkanjousen/CLionProjects/ROS2_1/install/service_114514/share/ament_index/resource_index/packages/service_114514\n'}
[4.078167] (service_114514) StdoutLine: {'line': b'-- Installing: /home/cyberkanjousen/CLionProjects/ROS2_1/install/service_114514/share/service_114514/cmake/export_service_114514__rosidl_generator_cExport.cmake\n'}
[4.078260] (service_114514) StdoutLine: {'line': b'-- Installing: /home/cyberkanjousen/CLionProjects/ROS2_1/install/service_114514/share/service_114514/cmake/export_service_114514__rosidl_generator_cExport-noconfig.cmake\n'}
[4.078322] (service_114514) StdoutLine: {'line': b'-- Installing: /home/cyberkanjousen/CLionProjects/ROS2_1/install/service_114514/share/service_114514/cmake/export_service_114514__rosidl_typesupport_fastrtps_cExport.cmake\n'}
[4.078394] (service_114514) StdoutLine: {'line': b'-- Installing: /home/cyberkanjousen/CLionProjects/ROS2_1/install/service_114514/share/service_114514/cmake/export_service_114514__rosidl_typesupport_fastrtps_cExport-noconfig.cmake\n'}
[4.078475] (service_114514) StdoutLine: {'line': b'-- Installing: /home/cyberkanjousen/CLionProjects/ROS2_1/install/service_114514/share/service_114514/cmake/service_114514__rosidl_typesupport_introspection_cExport.cmake\n'}
[4.078543] (service_114514) StdoutLine: {'line': b'-- Installing: /home/cyberkanjousen/CLionProjects/ROS2_1/install/service_114514/share/service_114514/cmake/service_114514__rosidl_typesupport_introspection_cExport-noconfig.cmake\n'}
[4.078619] (service_114514) StdoutLine: {'line': b'-- Installing: /home/cyberkanjousen/CLionProjects/ROS2_1/install/service_114514/share/service_114514/cmake/service_114514__rosidl_typesupport_cExport.cmake\n'}
[4.078686] (service_114514) StdoutLine: {'line': b'-- Installing: /home/cyberkanjousen/CLionProjects/ROS2_1/install/service_114514/share/service_114514/cmake/service_114514__rosidl_typesupport_cExport-noconfig.cmake\n'}
[4.078762] (service_114514) StdoutLine: {'line': b'-- Installing: /home/cyberkanjousen/CLionProjects/ROS2_1/install/service_114514/share/service_114514/cmake/export_service_114514__rosidl_generator_cppExport.cmake\n'}
[4.078837] (service_114514) StdoutLine: {'line': b'-- Installing: /home/cyberkanjousen/CLionProjects/ROS2_1/install/service_114514/share/service_114514/cmake/export_service_114514__rosidl_typesupport_fastrtps_cppExport.cmake\n'}
[4.078906] (service_114514) StdoutLine: {'line': b'-- Installing: /home/cyberkanjousen/CLionProjects/ROS2_1/install/service_114514/share/service_114514/cmake/export_service_114514__rosidl_typesupport_fastrtps_cppExport-noconfig.cmake\n'}
[4.078983] (service_114514) StdoutLine: {'line': b'-- Installing: /home/cyberkanjousen/CLionProjects/ROS2_1/install/service_114514/share/service_114514/cmake/service_114514__rosidl_typesupport_introspection_cppExport.cmake\n'}
[4.079053] (service_114514) StdoutLine: {'line': b'-- Installing: /home/cyberkanjousen/CLionProjects/ROS2_1/install/service_114514/share/service_114514/cmake/service_114514__rosidl_typesupport_introspection_cppExport-noconfig.cmake\n'}
[4.079130] (service_114514) StdoutLine: {'line': b'-- Installing: /home/cyberkanjousen/CLionProjects/ROS2_1/install/service_114514/share/service_114514/cmake/service_114514__rosidl_typesupport_cppExport.cmake\n'}
[4.079197] (service_114514) StdoutLine: {'line': b'-- Installing: /home/cyberkanjousen/CLionProjects/ROS2_1/install/service_114514/share/service_114514/cmake/service_114514__rosidl_typesupport_cppExport-noconfig.cmake\n'}
[4.079271] (service_114514) StdoutLine: {'line': b'-- Installing: /home/cyberkanjousen/CLionProjects/ROS2_1/install/service_114514/share/service_114514/cmake/export_service_114514__rosidl_generator_pyExport.cmake\n'}
[4.079345] (service_114514) StdoutLine: {'line': b'-- Installing: /home/cyberkanjousen/CLionProjects/ROS2_1/install/service_114514/share/service_114514/cmake/export_service_114514__rosidl_generator_pyExport-noconfig.cmake\n'}
[4.079407] (service_114514) StdoutLine: {'line': b'-- Installing: /home/cyberkanjousen/CLionProjects/ROS2_1/install/service_114514/share/service_114514/cmake/rosidl_cmake-extras.cmake\n'}
[4.079474] (service_114514) StdoutLine: {'line': b'-- Installing: /home/cyberkanjousen/CLionProjects/ROS2_1/install/service_114514/share/service_114514/cmake/ament_cmake_export_dependencies-extras.cmake\n'}
[4.079544] (service_114514) StdoutLine: {'line': b'-- Installing: /home/cyberkanjousen/CLionProjects/ROS2_1/install/service_114514/share/service_114514/cmake/ament_cmake_export_include_directories-extras.cmake\n'}
[4.079611] (service_114514) StdoutLine: {'line': b'-- Installing: /home/cyberkanjousen/CLionProjects/ROS2_1/install/service_114514/share/service_114514/cmake/ament_cmake_export_libraries-extras.cmake\n'}
[4.079677] (service_114514) StdoutLine: {'line': b'-- Installing: /home/cyberkanjousen/CLionProjects/ROS2_1/install/service_114514/share/service_114514/cmake/ament_cmake_export_targets-extras.cmake\n'}
[4.079743] (service_114514) StdoutLine: {'line': b'-- Installing: /home/cyberkanjousen/CLionProjects/ROS2_1/install/service_114514/share/service_114514/cmake/rosidl_cmake_export_typesupport_targets-extras.cmake\n'}
[4.079807] (service_114514) StdoutLine: {'line': b'-- Installing: /home/cyberkanjousen/CLionProjects/ROS2_1/install/service_114514/share/service_114514/cmake/rosidl_cmake_export_typesupport_libraries-extras.cmake\n'}
[4.079940] (service_114514) StdoutLine: {'line': b'-- Installing: /home/cyberkanjousen/CLionProjects/ROS2_1/install/service_114514/share/service_114514/cmake/service_114514Config.cmake\n'}
[4.079983] (service_114514) StdoutLine: {'line': b'-- Installing: /home/cyberkanjousen/CLionProjects/ROS2_1/install/service_114514/share/service_114514/cmake/service_114514Config-version.cmake\n'}
[4.080035] (service_114514) StdoutLine: {'line': b'-- Installing: /home/cyberkanjousen/CLionProjects/ROS2_1/install/service_114514/share/service_114514/package.xml\n'}
[4.081666] (service_114514) CommandEnded: {'returncode': 0}
[4.106167] (service_114514) JobEnded: {'identifier': 'service_114514', 'rc': 0}
[4.106541] (cpp_srvcli) JobStarted: {'identifier': 'cpp_srvcli'}
[4.106990] (-) TimerEvent: {}
[4.113915] (cpp_srvcli) JobProgress: {'identifier': 'cpp_srvcli', 'progress': 'cmake'}
[4.114434] (cpp_srvcli) Command: {'cmd': ['/usr/bin/cmake', '/home/cyberkanjousen/CLionProjects/ROS2_1/src/cpp_srvcli', '-DCMAKE_EXPORT_COMPILE_COMMANDS=ON', '-G', 'Ninja', '-DCMAKE_INSTALL_PREFIX=/home/cyberkanjousen/CLionProjects/ROS2_1/install/cpp_srvcli'], 'cwd': '/home/cyberkanjousen/CLionProjects/ROS2_1/build/cpp_srvcli', 'env': OrderedDict({'TERM_SESSION_ID': '92b6401d-ddc8-4bcc-a0cc-95ec4d2c601c', 'GJS_DEBUG_TOPICS': 'JS ERROR;JS LOG', 'XDG_ACTIVATION_TOKEN': 'gnome-shell/CLion/3328-3-cyberkanjousen-Legion-Y7000P-IRX10_TIME2083046', 'LESSOPEN': '| /usr/bin/lesspipe %s', 'SNAP_INSTANCE_KEY': '', 'USER': 'cyberkanjousen', 'SNAP_COMMON': '/var/snap/clion/common', 'socks_host': 'socks://127.0.0.1:10808', 'XDG_SESSION_TYPE': 'x11', 'SNAP_UID': '1000', 'CLUTTER_DISABLE_MIPMAPPED_TEXT': '1', 'SHLVL': '1', 'LD_LIBRARY_PATH': '/home/cyberkanjousen/CLionProjects/ROS2_1/install/service_114514/lib:/opt/ros/jazzy/opt/rviz_ogre_vendor/lib:/opt/ros/jazzy/lib/x86_64-linux-gnu:/opt/ros/jazzy/opt/gz_math_vendor/lib:/opt/ros/jazzy/opt/gz_utils_vendor/lib:/opt/ros/jazzy/opt/gz_cmake_vendor/lib:/opt/ros/jazzy/lib', 'HOME': '/home/cyberkanjousen', 'SNAP_LIBRARY_PATH': '/var/lib/snapd/lib/gl:/var/lib/snapd/lib/gl32:/var/lib/snapd/void', 'DESKTOP_SESSION': 'ubuntu', 'SNAP_USER_DATA': '/home/cyberkanjousen/snap/clion/393', 'TERMINAL_EMULATOR': 'JetBrains-JediTerm', 'GIO_LAUNCHED_DESKTOP_FILE': '/var/lib/snapd/desktop/applications/clion_clion.desktop', 'ROS_PYTHON_VERSION': '3', 'GNOME_SHELL_SESSION_MODE': 'ubuntu', 'GTK_MODULES': 'gail:atk-bridge', 'MANAGERPID': '2842', 'SYSTEMD_EXEC_PID': '3328', 'GSM_SKIP_SSH_AGENT_WORKAROUND': 'true', 'DBUS_SESSION_BUS_ADDRESS': 'unix:path=/run/user/1000/bus', 'SNAP_REVISION': '393', 'GIO_LAUNCHED_DESKTOP_FILE_PID': '7258', 'IJ_RESTARTER_LOG': '/home/cyberkanjousen/.cache/JetBrains/CLion2025.2/log/restarter.log', 'DEBUGINFOD_URLS': 'https://debuginfod.ubuntu.com', 'https_proxy': 'http://127.0.0.1:10808', 'ROS_DISTRO': 'jazzy', 'LOGNAME': 'cyberkanjousen', 'SNAP_CONTEXT': '7cMq18PPvE0GyoauddMEMHLsazMvDF3aF-ApkkrArLYzdt8gAxjQ', 'http_proxy': 'http://127.0.0.1:10808', 'JOURNAL_STREAM': '9:40051', '_': '/usr/bin/colcon', 'ROS_VERSION': '2', 'MEMORY_PRESSURE_WATCH': '/sys/fs/cgroup/user.slice/user-1000.slice/user@1000.service/session.slice/org.gnome.Shell@x11.service/memory.pressure', 'XDG_SESSION_CLASS': 'user', 'SNAP_VERSION': '2025.2.4', 'USERNAME': 'cyberkanjousen', 'TERM': 'xterm-256color', 'GNOME_DESKTOP_SESSION_ID': 'this-is-deprecated', 'SNAP_INSTANCE_NAME': 'clion', 'WINDOWPATH': '2', 'PATH': '/opt/ros/jazzy/bin:/home/cyberkanjousen/.local/bin:/usr/local/sbin:/usr/local/bin:/usr/sbin:/usr/bin:/sbin:/bin:/usr/games:/usr/local/games:/snap/bin:/snap/bin:/home/cyberkanjousen/.local/bin:/home/cyberkanjousen/.local/bin', 'SESSION_MANAGER': 'local/cyberkanjousen-Legion-Y7000P-IRX10:@/tmp/.ICE-unix/3269,unix/cyberkanjousen-Legion-Y7000P-IRX10:/tmp/.ICE-unix/3269', 'INVOCATION_ID': 'fb436e44aa824c2a8e7c7b420c41ce89', 'XDG_MENU_PREFIX': 'gnome-', 'ftp_proxy': 'ftp://127.0.0.1:10808', 'SNAP_DATA': '/var/snap/clion/393', 'XDG_RUNTIME_DIR': '/run/user/1000', 'DISPLAY': ':1', 'DESKTOP_STARTUP_ID': 'CLion-restart_TIME7991192', 'LANG': 'zh_CN.UTF-8', 'XDG_CURRENT_DESKTOP': 'ubuntu:GNOME', 'XMODIFIERS': '@im=ibus', 'XDG_SESSION_DESKTOP': 'ubuntu', 'XAUTHORITY': '/run/user/1000/gdm/Xauthority', 'LS_COLORS': 'rs=0:di=01;34:ln=01;36:mh=00:pi=40;33:so=01;35:do=01;35:bd=40;33;01:cd=40;33;01:or=40;31;01:mi=00:su=37;41:sg=30;43:ca=00:tw=30;42:ow=34;42:st=37;44:ex=01;32:*.tar=01;31:*.tgz=01;31:*.arc=01;31:*.arj=01;31:*.taz=01;31:*.lha=01;31:*.lz4=01;31:*.lzh=01;31:*.lzma=01;31:*.tlz=01;31:*.txz=01;31:*.tzo=01;31:*.t7z=01;31:*.zip=01;31:*.z=01;31:*.dz=01;31:*.gz=01;31:*.lrz=01;31:*.lz=01;31:*.lzo=01;31:*.xz=01;31:*.zst=01;31:*.tzst=01;31:*.bz2=01;31:*.bz=01;31:*.tbz=01;31:*.tbz2=01;31:*.tz=01;31:*.deb=01;31:*.rpm=01;31:*.jar=01;31:*.war=01;31:*.ear=01;31:*.sar=01;31:*.rar=01;31:*.alz=01;31:*.ace=01;31:*.zoo=01;31:*.cpio=01;31:*.7z=01;31:*.rz=01;31:*.cab=01;31:*.wim=01;31:*.swm=01;31:*.dwm=01;31:*.esd=01;31:*.avif=01;35:*.jpg=01;35:*.jpeg=01;35:*.mjpg=01;35:*.mjpeg=01;35:*.gif=01;35:*.bmp=01;35:*.pbm=01;35:*.pgm=01;35:*.ppm=01;35:*.tga=01;35:*.xbm=01;35:*.xpm=01;35:*.tif=01;35:*.tiff=01;35:*.png=01;35:*.svg=01;35:*.svgz=01;35:*.mng=01;35:*.pcx=01;35:*.mov=01;35:*.mpg=01;35:*.mpeg=01;35:*.m2v=01;35:*.mkv=01;35:*.webm=01;35:*.webp=01;35:*.ogm=01;35:*.mp4=01;35:*.m4v=01;35:*.mp4v=01;35:*.vob=01;35:*.qt=01;35:*.nuv=01;35:*.wmv=01;35:*.asf=01;35:*.rm=01;35:*.rmvb=01;35:*.flc=01;35:*.avi=01;35:*.fli=01;35:*.flv=01;35:*.gl=01;35:*.dl=01;35:*.xcf=01;35:*.xwd=01;35:*.yuv=01;35:*.cgm=01;35:*.emf=01;35:*.ogv=01;35:*.ogx=01;35:*.aac=00;36:*.au=00;36:*.flac=00;36:*.m4a=00;36:*.mid=00;36:*.midi=00;36:*.mka=00;36:*.mp3=00;36:*.mpc=00;36:*.ogg=00;36:*.ra=00;36:*.wav=00;36:*.oga=00;36:*.opus=00;36:*.spx=00;36:*.xspf=00;36:*~=00;90:*#=00;90:*.bak=00;90:*.crdownload=00;90:*.dpkg-dist=00;90:*.dpkg-new=00;90:*.dpkg-old=00;90:*.dpkg-tmp=00;90:*.old=00;90:*.orig=00;90:*.part=00;90:*.rej=00;90:*.rpmnew=00;90:*.rpmorig=00;90:*.rpmsave=00;90:*.swp=00;90:*.tmp=00;90:*.ucf-dist=00;90:*.ucf-new=00;90:*.ucf-old=00;90:', 'SNAP_USER_COMMON': '/home/cyberkanjousen/snap/clion/common', 'SSH_AUTH_SOCK': '/run/user/1000/keyring/ssh', 'SNAP_ARCH': 'amd64', 'AMENT_PREFIX_PATH': '/home/cyberkanjousen/CLionProjects/ROS2_1/install/service_114514:/opt/ros/jazzy', 'SNAP_COOKIE': '7cMq18PPvE0GyoauddMEMHLsazMvDF3aF-ApkkrArLYzdt8gAxjQ', 'SHELL': '/bin/bash', 'QT_ACCESSIBILITY': '1', 'SNAP_REEXEC': '', 'GDMSESSION': 'ubuntu', 'LESSCLOSE': '/usr/bin/lesspipe %s %s', 'SNAP_NAME': 'clion', 'GPG_AGENT_INFO': '/run/user/1000/gnupg/S.gpg-agent:0:1', 'GJS_DEBUG_OUTPUT': 'stderr', 'ROS_AUTOMATIC_DISCOVERY_RANGE': 'SUBNET', 'QT_IM_MODULE': 'ibus', 'PWD': '/home/cyberkanjousen/CLionProjects/ROS2_1/build/cpp_srvcli', 'XDG_CONFIG_DIRS': '/etc/xdg/xdg-ubuntu:/etc/xdg', 'SNAP_REAL_HOME': '/home/cyberkanjousen', 'XDG_DATA_DIRS': '/usr/share/ubuntu:/usr/share/gnome:/usr/local/share/:/usr/share/:/var/lib/snapd/desktop', 'SNAP_EUID': '1000', 'QTWEBENGINE_DICTIONARIES_PATH': '/usr/share/hunspell-bdic/', 'PYTHONPATH': '/home/cyberkanjousen/CLionProjects/ROS2_1/install/service_114514/lib/python3.12/site-packages:/opt/ros/jazzy/lib/python3.12/site-packages', 'SNAP': '/snap/clion/393', 'COLCON': '1', 'MEMORY_PRESSURE_WRITE': 'c29tZSAyMDAwMDAgMjAwMDAwMAA=', 'JM_OPTION_PATH': '/home/cyberkanjousen/下载', 'CMAKE_PREFIX_PATH': '/home/cyberkanjousen/CLionProjects/ROS2_1/install/service_114514:/opt/ros/jazzy/opt/gz_math_vendor:/opt/ros/jazzy/opt/gz_utils_vendor:/opt/ros/jazzy/opt/gz_cmake_vendor:/opt/ros/jazzy'}), 'shell': False}
[4.163216] (cpp_srvcli) StdoutLine: {'line': b'-- The C compiler identification is GNU 13.3.0\n'}
[4.202363] (cpp_srvcli) StdoutLine: {'line': b'-- The CXX compiler identification is GNU 13.3.0\n'}
[4.207106] (-) TimerEvent: {}
[4.219832] (cpp_srvcli) StdoutLine: {'line': b'-- Detecting C compiler ABI info\n'}
[4.275304] (cpp_srvcli) StdoutLine: {'line': b'-- Detecting C compiler ABI info - done\n'}
[4.284349] (cpp_srvcli) StdoutLine: {'line': b'-- Check for working C compiler: /usr/bin/cc - skipped\n'}
[4.284450] (cpp_srvcli) StdoutLine: {'line': b'-- Detecting C compile features\n'}
[4.284735] (cpp_srvcli) StdoutLine: {'line': b'-- Detecting C compile features - done\n'}
[4.295154] (cpp_srvcli) StdoutLine: {'line': b'-- Detecting CXX compiler ABI info\n'}
[4.307192] (-) TimerEvent: {}
[4.354076] (cpp_srvcli) StdoutLine: {'line': b'-- Detecting CXX compiler ABI info - done\n'}
[4.360208] (cpp_srvcli) StdoutLine: {'line': b'-- Check for working CXX compiler: /usr/bin/c++ - skipped\n'}
[4.360352] (cpp_srvcli) StdoutLine: {'line': b'-- Detecting CXX compile features\n'}
[4.360657] (cpp_srvcli) StdoutLine: {'line': b'-- Detecting CXX compile features - done\n'}
[4.362308] (cpp_srvcli) StdoutLine: {'line': b'-- Found ament_cmake: 2.5.4 (/opt/ros/jazzy/share/ament_cmake/cmake)\n'}
[4.407330] (-) TimerEvent: {}
[4.472811] (cpp_srvcli) StdoutLine: {'line': b'-- Found Python3: /usr/bin/python3 (found version "3.12.3") found components: Interpreter \n'}
[4.507453] (-) TimerEvent: {}
[4.546691] (cpp_srvcli) StdoutLine: {'line': b'-- Found rclcpp: 28.1.12 (/opt/ros/jazzy/share/rclcpp/cmake)\n'}
[4.572684] (cpp_srvcli) StdoutLine: {'line': b'-- Found rosidl_generator_c: 4.6.6 (/opt/ros/jazzy/share/rosidl_generator_c/cmake)\n'}
[4.581403] (cpp_srvcli) StdoutLine: {'line': b'-- Found rosidl_generator_cpp: 4.6.6 (/opt/ros/jazzy/share/rosidl_generator_cpp/cmake)\n'}
[4.591715] (cpp_srvcli) StdoutLine: {'line': b'-- Using all available rosidl_typesupport_c: rosidl_typesupport_fastrtps_c;rosidl_typesupport_introspection_c\n'}
[4.603655] (cpp_srvcli) StdoutLine: {'line': b'-- Using all available rosidl_typesupport_cpp: rosidl_typesupport_fastrtps_cpp;rosidl_typesupport_introspection_cpp\n'}
[4.607545] (-) TimerEvent: {}
[4.656206] (cpp_srvcli) StdoutLine: {'line': b'-- Found rmw_implementation_cmake: 7.3.2 (/opt/ros/jazzy/share/rmw_implementation_cmake/cmake)\n'}
[4.657994] (cpp_srvcli) StdoutLine: {'line': b'-- Found rmw_fastrtps_cpp: 8.4.3 (/opt/ros/jazzy/share/rmw_fastrtps_cpp/cmake)\n'}
[4.707709] (-) TimerEvent: {}
[4.724697] (cpp_srvcli) StdoutLine: {'line': b'-- Found OpenSSL: /usr/lib/x86_64-linux-gnu/libcrypto.so (found version "3.0.13")  \n'}
[4.739965] (cpp_srvcli) StdoutLine: {'line': b'-- Found FastRTPS: /opt/ros/jazzy/include (Required is at least version "2.13") \n'}
[4.758491] (cpp_srvcli) StdoutLine: {'line': b"-- Using RMW implementation 'rmw_fastrtps_cpp' as default\n"}
[4.807835] (-) TimerEvent: {}
[4.809218] (cpp_srvcli) StdoutLine: {'line': b'-- Found service_114514: 0.0.0 (/home/cyberkanjousen/CLionProjects/ROS2_1/install/service_114514/share/service_114514/cmake)\n'}
[4.820719] (cpp_srvcli) StdoutLine: {'line': b'-- Found ament_lint_auto: 0.17.3 (/opt/ros/jazzy/share/ament_lint_auto/cmake)\n'}
[4.891723] (cpp_srvcli) StdoutLine: {'line': b"-- Added test 'lint_cmake' to check CMake code style\n"}
[4.892436] (cpp_srvcli) StdoutLine: {'line': b"-- Added test 'xmllint' to check XML markup files\n"}
[4.893320] (cpp_srvcli) StdoutLine: {'line': b'-- Configuring done (0.8s)\n'}
[4.895334] (cpp_srvcli) StdoutLine: {'line': b'-- Generating done (0.0s)\n'}
[4.903939] (cpp_srvcli) StderrLine: {'line': b'\x1b[33mCMake Warning:\n'}
[4.904063] (cpp_srvcli) StderrLine: {'line': b'  Manually-specified variables were not used by the project:\n'}
[4.904108] (cpp_srvcli) StderrLine: {'line': b'\n'}
[4.904147] (cpp_srvcli) StderrLine: {'line': b'    CMAKE_EXPORT_COMPILE_COMMANDS\n'}
[4.904184] (cpp_srvcli) StderrLine: {'line': b'\n'}
[4.904221] (cpp_srvcli) StderrLine: {'line': b'\x1b[0m\n'}
[4.904785] (cpp_srvcli) StdoutLine: {'line': b'-- Build files have been written to: /home/cyberkanjousen/CLionProjects/ROS2_1/build/cpp_srvcli\n'}
[4.907941] (-) TimerEvent: {}
[4.912140] (cpp_srvcli) CommandEnded: {'returncode': 0}
[4.912606] (cpp_srvcli) JobProgress: {'identifier': 'cpp_srvcli', 'progress': 'build'}
[4.912621] (cpp_srvcli) Command: {'cmd': ['/usr/bin/cmake', '--build', '/home/cyberkanjousen/CLionProjects/ROS2_1/build/cpp_srvcli', '--', '-j32', '-l32'], 'cwd': '/home/cyberkanjousen/CLionProjects/ROS2_1/build/cpp_srvcli', 'env': OrderedDict({'TERM_SESSION_ID': '92b6401d-ddc8-4bcc-a0cc-95ec4d2c601c', 'GJS_DEBUG_TOPICS': 'JS ERROR;JS LOG', 'XDG_ACTIVATION_TOKEN': 'gnome-shell/CLion/3328-3-cyberkanjousen-Legion-Y7000P-IRX10_TIME2083046', 'LESSOPEN': '| /usr/bin/lesspipe %s', 'SNAP_INSTANCE_KEY': '', 'USER': 'cyberkanjousen', 'SNAP_COMMON': '/var/snap/clion/common', 'socks_host': 'socks://127.0.0.1:10808', 'XDG_SESSION_TYPE': 'x11', 'SNAP_UID': '1000', 'CLUTTER_DISABLE_MIPMAPPED_TEXT': '1', 'SHLVL': '1', 'LD_LIBRARY_PATH': '/home/cyberkanjousen/CLionProjects/ROS2_1/install/service_114514/lib:/opt/ros/jazzy/opt/rviz_ogre_vendor/lib:/opt/ros/jazzy/lib/x86_64-linux-gnu:/opt/ros/jazzy/opt/gz_math_vendor/lib:/opt/ros/jazzy/opt/gz_utils_vendor/lib:/opt/ros/jazzy/opt/gz_cmake_vendor/lib:/opt/ros/jazzy/lib', 'HOME': '/home/cyberkanjousen', 'SNAP_LIBRARY_PATH': '/var/lib/snapd/lib/gl:/var/lib/snapd/lib/gl32:/var/lib/snapd/void', 'DESKTOP_SESSION': 'ubuntu', 'SNAP_USER_DATA': '/home/cyberkanjousen/snap/clion/393', 'TERMINAL_EMULATOR': 'JetBrains-JediTerm', 'GIO_LAUNCHED_DESKTOP_FILE': '/var/lib/snapd/desktop/applications/clion_clion.desktop', 'ROS_PYTHON_VERSION': '3', 'GNOME_SHELL_SESSION_MODE': 'ubuntu', 'GTK_MODULES': 'gail:atk-bridge', 'MANAGERPID': '2842', 'SYSTEMD_EXEC_PID': '3328', 'GSM_SKIP_SSH_AGENT_WORKAROUND': 'true', 'DBUS_SESSION_BUS_ADDRESS': 'unix:path=/run/user/1000/bus', 'SNAP_REVISION': '393', 'GIO_LAUNCHED_DESKTOP_FILE_PID': '7258', 'IJ_RESTARTER_LOG': '/home/cyberkanjousen/.cache/JetBrains/CLion2025.2/log/restarter.log', 'DEBUGINFOD_URLS': 'https://debuginfod.ubuntu.com', 'https_proxy': 'http://127.0.0.1:10808', 'ROS_DISTRO': 'jazzy', 'LOGNAME': 'cyberkanjousen', 'SNAP_CONTEXT': '7cMq18PPvE0GyoauddMEMHLsazMvDF3aF-ApkkrArLYzdt8gAxjQ', 'http_proxy': 'http://127.0.0.1:10808', 'JOURNAL_STREAM': '9:40051', '_': '/usr/bin/colcon', 'ROS_VERSION': '2', 'MEMORY_PRESSURE_WATCH': '/sys/fs/cgroup/user.slice/user-1000.slice/user@1000.service/session.slice/org.gnome.Shell@x11.service/memory.pressure', 'XDG_SESSION_CLASS': 'user', 'SNAP_VERSION': '2025.2.4', 'USERNAME': 'cyberkanjousen', 'TERM': 'xterm-256color', 'GNOME_DESKTOP_SESSION_ID': 'this-is-deprecated', 'SNAP_INSTANCE_NAME': 'clion', 'WINDOWPATH': '2', 'PATH': '/opt/ros/jazzy/bin:/home/cyberkanjousen/.local/bin:/usr/local/sbin:/usr/local/bin:/usr/sbin:/usr/bin:/sbin:/bin:/usr/games:/usr/local/games:/snap/bin:/snap/bin:/home/cyberkanjousen/.local/bin:/home/cyberkanjousen/.local/bin', 'SESSION_MANAGER': 'local/cyberkanjousen-Legion-Y7000P-IRX10:@/tmp/.ICE-unix/3269,unix/cyberkanjousen-Legion-Y7000P-IRX10:/tmp/.ICE-unix/3269', 'INVOCATION_ID': 'fb436e44aa824c2a8e7c7b420c41ce89', 'XDG_MENU_PREFIX': 'gnome-', 'ftp_proxy': 'ftp://127.0.0.1:10808', 'SNAP_DATA': '/var/snap/clion/393', 'XDG_RUNTIME_DIR': '/run/user/1000', 'DISPLAY': ':1', 'DESKTOP_STARTUP_ID': 'CLion-restart_TIME7991192', 'LANG': 'zh_CN.UTF-8', 'XDG_CURRENT_DESKTOP': 'ubuntu:GNOME', 'XMODIFIERS': '@im=ibus', 'XDG_SESSION_DESKTOP': 'ubuntu', 'XAUTHORITY': '/run/user/1000/gdm/Xauthority', 'LS_COLORS': 'rs=0:di=01;34:ln=01;36:mh=00:pi=40;33:so=01;35:do=01;35:bd=40;33;01:cd=40;33;01:or=40;31;01:mi=00:su=37;41:sg=30;43:ca=00:tw=30;42:ow=34;42:st=37;44:ex=01;32:*.tar=01;31:*.tgz=01;31:*.arc=01;31:*.arj=01;31:*.taz=01;31:*.lha=01;31:*.lz4=01;31:*.lzh=01;31:*.lzma=01;31:*.tlz=01;31:*.txz=01;31:*.tzo=01;31:*.t7z=01;31:*.zip=01;31:*.z=01;31:*.dz=01;31:*.gz=01;31:*.lrz=01;31:*.lz=01;31:*.lzo=01;31:*.xz=01;31:*.zst=01;31:*.tzst=01;31:*.bz2=01;31:*.bz=01;31:*.tbz=01;31:*.tbz2=01;31:*.tz=01;31:*.deb=01;31:*.rpm=01;31:*.jar=01;31:*.war=01;31:*.ear=01;31:*.sar=01;31:*.rar=01;31:*.alz=01;31:*.ace=01;31:*.zoo=01;31:*.cpio=01;31:*.7z=01;31:*.rz=01;31:*.cab=01;31:*.wim=01;31:*.swm=01;31:*.dwm=01;31:*.esd=01;31:*.avif=01;35:*.jpg=01;35:*.jpeg=01;35:*.mjpg=01;35:*.mjpeg=01;35:*.gif=01;35:*.bmp=01;35:*.pbm=01;35:*.pgm=01;35:*.ppm=01;35:*.tga=01;35:*.xbm=01;35:*.xpm=01;35:*.tif=01;35:*.tiff=01;35:*.png=01;35:*.svg=01;35:*.svgz=01;35:*.mng=01;35:*.pcx=01;35:*.mov=01;35:*.mpg=01;35:*.mpeg=01;35:*.m2v=01;35:*.mkv=01;35:*.webm=01;35:*.webp=01;35:*.ogm=01;35:*.mp4=01;35:*.m4v=01;35:*.mp4v=01;35:*.vob=01;35:*.qt=01;35:*.nuv=01;35:*.wmv=01;35:*.asf=01;35:*.rm=01;35:*.rmvb=01;35:*.flc=01;35:*.avi=01;35:*.fli=01;35:*.flv=01;35:*.gl=01;35:*.dl=01;35:*.xcf=01;35:*.xwd=01;35:*.yuv=01;35:*.cgm=01;35:*.emf=01;35:*.ogv=01;35:*.ogx=01;35:*.aac=00;36:*.au=00;36:*.flac=00;36:*.m4a=00;36:*.mid=00;36:*.midi=00;36:*.mka=00;36:*.mp3=00;36:*.mpc=00;36:*.ogg=00;36:*.ra=00;36:*.wav=00;36:*.oga=00;36:*.opus=00;36:*.spx=00;36:*.xspf=00;36:*~=00;90:*#=00;90:*.bak=00;90:*.crdownload=00;90:*.dpkg-dist=00;90:*.dpkg-new=00;90:*.dpkg-old=00;90:*.dpkg-tmp=00;90:*.old=00;90:*.orig=00;90:*.part=00;90:*.rej=00;90:*.rpmnew=00;90:*.rpmorig=00;90:*.rpmsave=00;90:*.swp=00;90:*.tmp=00;90:*.ucf-dist=00;90:*.ucf-new=00;90:*.ucf-old=00;90:', 'SNAP_USER_COMMON': '/home/cyberkanjousen/snap/clion/common', 'SSH_AUTH_SOCK': '/run/user/1000/keyring/ssh', 'SNAP_ARCH': 'amd64', 'AMENT_PREFIX_PATH': '/home/cyberkanjousen/CLionProjects/ROS2_1/install/service_114514:/opt/ros/jazzy', 'SNAP_COOKIE': '7cMq18PPvE0GyoauddMEMHLsazMvDF3aF-ApkkrArLYzdt8gAxjQ', 'SHELL': '/bin/bash', 'QT_ACCESSIBILITY': '1', 'SNAP_REEXEC': '', 'GDMSESSION': 'ubuntu', 'LESSCLOSE': '/usr/bin/lesspipe %s %s', 'SNAP_NAME': 'clion', 'GPG_AGENT_INFO': '/run/user/1000/gnupg/S.gpg-agent:0:1', 'GJS_DEBUG_OUTPUT': 'stderr', 'ROS_AUTOMATIC_DISCOVERY_RANGE': 'SUBNET', 'QT_IM_MODULE': 'ibus', 'PWD': '/home/cyberkanjousen/CLionProjects/ROS2_1/build/cpp_srvcli', 'XDG_CONFIG_DIRS': '/etc/xdg/xdg-ubuntu:/etc/xdg', 'SNAP_REAL_HOME': '/home/cyberkanjousen', 'XDG_DATA_DIRS': '/usr/share/ubuntu:/usr/share/gnome:/usr/local/share/:/usr/share/:/var/lib/snapd/desktop', 'SNAP_EUID': '1000', 'QTWEBENGINE_DICTIONARIES_PATH': '/usr/share/hunspell-bdic/', 'PYTHONPATH': '/home/cyberkanjousen/CLionProjects/ROS2_1/install/service_114514/lib/python3.12/site-packages:/opt/ros/jazzy/lib/python3.12/site-packages', 'SNAP': '/snap/clion/393', 'COLCON': '1', 'MEMORY_PRESSURE_WRITE': 'c29tZSAyMDAwMDAgMjAwMDAwMAA=', 'JM_OPTION_PATH': '/home/cyberkanjousen/下载', 'CMAKE_PREFIX_PATH': '/home/cyberkanjousen/CLionProjects/ROS2_1/install/service_114514:/opt/ros/jazzy/opt/gz_math_vendor:/opt/ros/jazzy/opt/gz_utils_vendor:/opt/ros/jazzy/opt/gz_cmake_vendor:/opt/ros/jazzy'}), 'shell': False}
[4.924787] (cpp_srvcli) StdoutLine: {'line': b'ninja: no work to do.\n'}
[4.926015] (cpp_srvcli) CommandEnded: {'returncode': 0}
[4.926464] (cpp_srvcli) JobProgress: {'identifier': 'cpp_srvcli', 'progress': 'install'}
[4.926483] (cpp_srvcli) Command: {'cmd': ['/usr/bin/cmake', '--install', '/home/cyberkanjousen/CLionProjects/ROS2_1/build/cpp_srvcli'], 'cwd': '/home/cyberkanjousen/CLionProjects/ROS2_1/build/cpp_srvcli', 'env': OrderedDict({'TERM_SESSION_ID': '92b6401d-ddc8-4bcc-a0cc-95ec4d2c601c', 'GJS_DEBUG_TOPICS': 'JS ERROR;JS LOG', 'XDG_ACTIVATION_TOKEN': 'gnome-shell/CLion/3328-3-cyberkanjousen-Legion-Y7000P-IRX10_TIME2083046', 'LESSOPEN': '| /usr/bin/lesspipe %s', 'SNAP_INSTANCE_KEY': '', 'USER': 'cyberkanjousen', 'SNAP_COMMON': '/var/snap/clion/common', 'socks_host': 'socks://127.0.0.1:10808', 'XDG_SESSION_TYPE': 'x11', 'SNAP_UID': '1000', 'CLUTTER_DISABLE_MIPMAPPED_TEXT': '1', 'SHLVL': '1', 'LD_LIBRARY_PATH': '/home/cyberkanjousen/CLionProjects/ROS2_1/install/service_114514/lib:/opt/ros/jazzy/opt/rviz_ogre_vendor/lib:/opt/ros/jazzy/lib/x86_64-linux-gnu:/opt/ros/jazzy/opt/gz_math_vendor/lib:/opt/ros/jazzy/opt/gz_utils_vendor/lib:/opt/ros/jazzy/opt/gz_cmake_vendor/lib:/opt/ros/jazzy/lib', 'HOME': '/home/cyberkanjousen', 'SNAP_LIBRARY_PATH': '/var/lib/snapd/lib/gl:/var/lib/snapd/lib/gl32:/var/lib/snapd/void', 'DESKTOP_SESSION': 'ubuntu', 'SNAP_USER_DATA': '/home/cyberkanjousen/snap/clion/393', 'TERMINAL_EMULATOR': 'JetBrains-JediTerm', 'GIO_LAUNCHED_DESKTOP_FILE': '/var/lib/snapd/desktop/applications/clion_clion.desktop', 'ROS_PYTHON_VERSION': '3', 'GNOME_SHELL_SESSION_MODE': 'ubuntu', 'GTK_MODULES': 'gail:atk-bridge', 'MANAGERPID': '2842', 'SYSTEMD_EXEC_PID': '3328', 'GSM_SKIP_SSH_AGENT_WORKAROUND': 'true', 'DBUS_SESSION_BUS_ADDRESS': 'unix:path=/run/user/1000/bus', 'SNAP_REVISION': '393', 'GIO_LAUNCHED_DESKTOP_FILE_PID': '7258', 'IJ_RESTARTER_LOG': '/home/cyberkanjousen/.cache/JetBrains/CLion2025.2/log/restarter.log', 'DEBUGINFOD_URLS': 'https://debuginfod.ubuntu.com', 'https_proxy': 'http://127.0.0.1:10808', 'ROS_DISTRO': 'jazzy', 'LOGNAME': 'cyberkanjousen', 'SNAP_CONTEXT': '7cMq18PPvE0GyoauddMEMHLsazMvDF3aF-ApkkrArLYzdt8gAxjQ', 'http_proxy': 'http://127.0.0.1:10808', 'JOURNAL_STREAM': '9:40051', '_': '/usr/bin/colcon', 'ROS_VERSION': '2', 'MEMORY_PRESSURE_WATCH': '/sys/fs/cgroup/user.slice/user-1000.slice/user@1000.service/session.slice/org.gnome.Shell@x11.service/memory.pressure', 'XDG_SESSION_CLASS': 'user', 'SNAP_VERSION': '2025.2.4', 'USERNAME': 'cyberkanjousen', 'TERM': 'xterm-256color', 'GNOME_DESKTOP_SESSION_ID': 'this-is-deprecated', 'SNAP_INSTANCE_NAME': 'clion', 'WINDOWPATH': '2', 'PATH': '/opt/ros/jazzy/bin:/home/cyberkanjousen/.local/bin:/usr/local/sbin:/usr/local/bin:/usr/sbin:/usr/bin:/sbin:/bin:/usr/games:/usr/local/games:/snap/bin:/snap/bin:/home/cyberkanjousen/.local/bin:/home/cyberkanjousen/.local/bin', 'SESSION_MANAGER': 'local/cyberkanjousen-Legion-Y7000P-IRX10:@/tmp/.ICE-unix/3269,unix/cyberkanjousen-Legion-Y7000P-IRX10:/tmp/.ICE-unix/3269', 'INVOCATION_ID': 'fb436e44aa824c2a8e7c7b420c41ce89', 'XDG_MENU_PREFIX': 'gnome-', 'ftp_proxy': 'ftp://127.0.0.1:10808', 'SNAP_DATA': '/var/snap/clion/393', 'XDG_RUNTIME_DIR': '/run/user/1000', 'DISPLAY': ':1', 'DESKTOP_STARTUP_ID': 'CLion-restart_TIME7991192', 'LANG': 'zh_CN.UTF-8', 'XDG_CURRENT_DESKTOP': 'ubuntu:GNOME', 'XMODIFIERS': '@im=ibus', 'XDG_SESSION_DESKTOP': 'ubuntu', 'XAUTHORITY': '/run/user/1000/gdm/Xauthority', 'LS_COLORS': 'rs=0:di=01;34:ln=01;36:mh=00:pi=40;33:so=01;35:do=01;35:bd=40;33;01:cd=40;33;01:or=40;31;01:mi=00:su=37;41:sg=30;43:ca=00:tw=30;42:ow=34;42:st=37;44:ex=01;32:*.tar=01;31:*.tgz=01;31:*.arc=01;31:*.arj=01;31:*.taz=01;31:*.lha=01;31:*.lz4=01;31:*.lzh=01;31:*.lzma=01;31:*.tlz=01;31:*.txz=01;31:*.tzo=01;31:*.t7z=01;31:*.zip=01;31:*.z=01;31:*.dz=01;31:*.gz=01;31:*.lrz=01;31:*.lz=01;31:*.lzo=01;31:*.xz=01;31:*.zst=01;31:*.tzst=01;31:*.bz2=01;31:*.bz=01;31:*.tbz=01;31:*.tbz2=01;31:*.tz=01;31:*.deb=01;31:*.rpm=01;31:*.jar=01;31:*.war=01;31:*.ear=01;31:*.sar=01;31:*.rar=01;31:*.alz=01;31:*.ace=01;31:*.zoo=01;31:*.cpio=01;31:*.7z=01;31:*.rz=01;31:*.cab=01;31:*.wim=01;31:*.swm=01;31:*.dwm=01;31:*.esd=01;31:*.avif=01;35:*.jpg=01;35:*.jpeg=01;35:*.mjpg=01;35:*.mjpeg=01;35:*.gif=01;35:*.bmp=01;35:*.pbm=01;35:*.pgm=01;35:*.ppm=01;35:*.tga=01;35:*.xbm=01;35:*.xpm=01;35:*.tif=01;35:*.tiff=01;35:*.png=01;35:*.svg=01;35:*.svgz=01;35:*.mng=01;35:*.pcx=01;35:*.mov=01;35:*.mpg=01;35:*.mpeg=01;35:*.m2v=01;35:*.mkv=01;35:*.webm=01;35:*.webp=01;35:*.ogm=01;35:*.mp4=01;35:*.m4v=01;35:*.mp4v=01;35:*.vob=01;35:*.qt=01;35:*.nuv=01;35:*.wmv=01;35:*.asf=01;35:*.rm=01;35:*.rmvb=01;35:*.flc=01;35:*.avi=01;35:*.fli=01;35:*.flv=01;35:*.gl=01;35:*.dl=01;35:*.xcf=01;35:*.xwd=01;35:*.yuv=01;35:*.cgm=01;35:*.emf=01;35:*.ogv=01;35:*.ogx=01;35:*.aac=00;36:*.au=00;36:*.flac=00;36:*.m4a=00;36:*.mid=00;36:*.midi=00;36:*.mka=00;36:*.mp3=00;36:*.mpc=00;36:*.ogg=00;36:*.ra=00;36:*.wav=00;36:*.oga=00;36:*.opus=00;36:*.spx=00;36:*.xspf=00;36:*~=00;90:*#=00;90:*.bak=00;90:*.crdownload=00;90:*.dpkg-dist=00;90:*.dpkg-new=00;90:*.dpkg-old=00;90:*.dpkg-tmp=00;90:*.old=00;90:*.orig=00;90:*.part=00;90:*.rej=00;90:*.rpmnew=00;90:*.rpmorig=00;90:*.rpmsave=00;90:*.swp=00;90:*.tmp=00;90:*.ucf-dist=00;90:*.ucf-new=00;90:*.ucf-old=00;90:', 'SNAP_USER_COMMON': '/home/cyberkanjousen/snap/clion/common', 'SSH_AUTH_SOCK': '/run/user/1000/keyring/ssh', 'SNAP_ARCH': 'amd64', 'AMENT_PREFIX_PATH': '/home/cyberkanjousen/CLionProjects/ROS2_1/install/service_114514:/opt/ros/jazzy', 'SNAP_COOKIE': '7cMq18PPvE0GyoauddMEMHLsazMvDF3aF-ApkkrArLYzdt8gAxjQ', 'SHELL': '/bin/bash', 'QT_ACCESSIBILITY': '1', 'SNAP_REEXEC': '', 'GDMSESSION': 'ubuntu', 'LESSCLOSE': '/usr/bin/lesspipe %s %s', 'SNAP_NAME': 'clion', 'GPG_AGENT_INFO': '/run/user/1000/gnupg/S.gpg-agent:0:1', 'GJS_DEBUG_OUTPUT': 'stderr', 'ROS_AUTOMATIC_DISCOVERY_RANGE': 'SUBNET', 'QT_IM_MODULE': 'ibus', 'PWD': '/home/cyberkanjousen/CLionProjects/ROS2_1/build/cpp_srvcli', 'XDG_CONFIG_DIRS': '/etc/xdg/xdg-ubuntu:/etc/xdg', 'SNAP_REAL_HOME': '/home/cyberkanjousen', 'XDG_DATA_DIRS': '/usr/share/ubuntu:/usr/share/gnome:/usr/local/share/:/usr/share/:/var/lib/snapd/desktop', 'SNAP_EUID': '1000', 'QTWEBENGINE_DICTIONARIES_PATH': '/usr/share/hunspell-bdic/', 'PYTHONPATH': '/home/cyberkanjousen/CLionProjects/ROS2_1/install/service_114514/lib/python3.12/site-packages:/opt/ros/jazzy/lib/python3.12/site-packages', 'SNAP': '/snap/clion/393', 'COLCON': '1', 'MEMORY_PRESSURE_WRITE': 'c29tZSAyMDAwMDAgMjAwMDAwMAA=', 'JM_OPTION_PATH': '/home/cyberkanjousen/下载', 'CMAKE_PREFIX_PATH': '/home/cyberkanjousen/CLionProjects/ROS2_1/install/service_114514:/opt/ros/jazzy/opt/gz_math_vendor:/opt/ros/jazzy/opt/gz_utils_vendor:/opt/ros/jazzy/opt/gz_cmake_vendor:/opt/ros/jazzy'}), 'shell': False}
[4.932523] (cpp_srvcli) StdoutLine: {'line': b'-- Install configuration: ""\n'}
[4.932625] (cpp_srvcli) StdoutLine: {'line': b'-- Installing: /home/cyberkanjousen/CLionProjects/ROS2_1/install/cpp_srvcli/share/ament_index/resource_index/package_run_dependencies/cpp_srvcli\n'}
[4.932687] (cpp_srvcli) StdoutLine: {'line': b'-- Installing: /home/cyberkanjousen/CLionProjects/ROS2_1/install/cpp_srvcli/share/ament_index/resource_index/parent_prefix_path/cpp_srvcli\n'}
[4.932738] (cpp_srvcli) StdoutLine: {'line': b'-- Installing: /home/cyberkanjousen/CLionProjects/ROS2_1/install/cpp_srvcli/share/cpp_srvcli/environment/ament_prefix_path.sh\n'}
[4.932783] (cpp_srvcli) StdoutLine: {'line': b'-- Installing: /home/cyberkanjousen/CLionProjects/ROS2_1/install/cpp_srvcli/share/cpp_srvcli/environment/ament_prefix_path.dsv\n'}
[4.932845] (cpp_srvcli) StdoutLine: {'line': b'-- Installing: /home/cyberkanjousen/CLionProjects/ROS2_1/install/cpp_srvcli/share/cpp_srvcli/environment/path.sh\n'}
[4.932884] (cpp_srvcli) StdoutLine: {'line': b'-- Installing: /home/cyberkanjousen/CLionProjects/ROS2_1/install/cpp_srvcli/share/cpp_srvcli/environment/path.dsv\n'}
[4.932941] (cpp_srvcli) StdoutLine: {'line': b'-- Installing: /home/cyberkanjousen/CLionProjects/ROS2_1/install/cpp_srvcli/share/cpp_srvcli/local_setup.bash\n'}
[4.932985] (cpp_srvcli) StdoutLine: {'line': b'-- Installing: /home/cyberkanjousen/CLionProjects/ROS2_1/install/cpp_srvcli/share/cpp_srvcli/local_setup.sh\n'}
[4.933022] (cpp_srvcli) StdoutLine: {'line': b'-- Installing: /home/cyberkanjousen/CLionProjects/ROS2_1/install/cpp_srvcli/share/cpp_srvcli/local_setup.zsh\n'}
[4.933071] (cpp_srvcli) StdoutLine: {'line': b'-- Installing: /home/cyberkanjousen/CLionProjects/ROS2_1/install/cpp_srvcli/share/cpp_srvcli/local_setup.dsv\n'}
[4.933115] (cpp_srvcli) StdoutLine: {'line': b'-- Installing: /home/cyberkanjousen/CLionProjects/ROS2_1/install/cpp_srvcli/share/cpp_srvcli/package.dsv\n'}
[4.933172] (cpp_srvcli) StdoutLine: {'line': b'-- Installing: /home/cyberkanjousen/CLionProjects/ROS2_1/install/cpp_srvcli/share/ament_index/resource_index/packages/cpp_srvcli\n'}
[4.933244] (cpp_srvcli) StdoutLine: {'line': b'-- Installing: /home/cyberkanjousen/CLionProjects/ROS2_1/install/cpp_srvcli/share/cpp_srvcli/cmake/cpp_srvcliConfig.cmake\n'}
[4.933295] (cpp_srvcli) StdoutLine: {'line': b'-- Installing: /home/cyberkanjousen/CLionProjects/ROS2_1/install/cpp_srvcli/share/cpp_srvcli/cmake/cpp_srvcliConfig-version.cmake\n'}
[4.933354] (cpp_srvcli) StdoutLine: {'line': b'-- Installing: /home/cyberkanjousen/CLionProjects/ROS2_1/install/cpp_srvcli/share/cpp_srvcli/package.xml\n'}
[4.934565] (cpp_srvcli) CommandEnded: {'returncode': 0}
[4.940819] (cpp_srvcli) JobEnded: {'identifier': 'cpp_srvcli', 'rc': 0}
[5.008096] (-) TimerEvent: {}
[5.108381] (-) TimerEvent: {}
[5.208620] (-) TimerEvent: {}
[5.308844] (-) TimerEvent: {}
[5.409099] (-) TimerEvent: {}
[5.509403] (-) TimerEvent: {}
[5.609703] (-) TimerEvent: {}
[5.709928] (-) TimerEvent: {}
[5.781530] (cpp_pubsub) StdoutLine: {'line': b'[4/8] Linking CXX executable talker\x1b[K\n'}
[5.781699] (cpp_pubsub) StdoutLine: {'line': b'[5/8] Building CXX object CMakeFiles/listener.dir/src/subscriber_lambda_function.cpp.o\x1b[K\n'}
[5.793424] (cpp_pubsub) StdoutLine: {'line': b'[5/8] Linking CXX executable listener\x1b[K\n'}
[5.793560] (cpp_pubsub) StdoutLine: {'line': b'[6/8] Building CXX object CMakeFiles/subscriber_114514.dir/src/subscriber_114514.cpp.o\x1b[K\n'}
[5.810101] (-) TimerEvent: {}
[5.910357] (-) TimerEvent: {}
[5.939766] (cpp_pubsub) StdoutLine: {'line': b'[6/8] Linking CXX executable subscriber_114514\x1b[K\n'}
[5.946586] (cpp_pubsub) StdoutLine: {'line': b'[7/8] Linking CXX executable listener\x1b[K\n'}
[5.946706] (cpp_pubsub) StdoutLine: {'line': b'[8/8] Linking CXX executable subscriber_114514\x1b[K\n'}
[5.948617] (cpp_pubsub) CommandEnded: {'returncode': 0}
[5.949259] (cpp_pubsub) JobProgress: {'identifier': 'cpp_pubsub', 'progress': 'install'}
[5.949277] (cpp_pubsub) Command: {'cmd': ['/usr/bin/cmake', '--install', '/home/cyberkanjousen/CLionProjects/ROS2_1/build/cpp_pubsub'], 'cwd': '/home/cyberkanjousen/CLionProjects/ROS2_1/build/cpp_pubsub', 'env': OrderedDict({'TERM_SESSION_ID': '92b6401d-ddc8-4bcc-a0cc-95ec4d2c601c', 'GJS_DEBUG_TOPICS': 'JS ERROR;JS LOG', 'XDG_ACTIVATION_TOKEN': 'gnome-shell/CLion/3328-3-cyberkanjousen-Legion-Y7000P-IRX10_TIME2083046', 'LESSOPEN': '| /usr/bin/lesspipe %s', 'SNAP_INSTANCE_KEY': '', 'USER': 'cyberkanjousen', 'SNAP_COMMON': '/var/snap/clion/common', 'socks_host': 'socks://127.0.0.1:10808', 'XDG_SESSION_TYPE': 'x11', 'SNAP_UID': '1000', 'CLUTTER_DISABLE_MIPMAPPED_TEXT': '1', 'SHLVL': '1', 'LD_LIBRARY_PATH': '/opt/ros/jazzy/opt/rviz_ogre_vendor/lib:/opt/ros/jazzy/lib/x86_64-linux-gnu:/opt/ros/jazzy/opt/gz_math_vendor/lib:/opt/ros/jazzy/opt/gz_utils_vendor/lib:/opt/ros/jazzy/opt/gz_cmake_vendor/lib:/opt/ros/jazzy/lib', 'HOME': '/home/cyberkanjousen', 'SNAP_LIBRARY_PATH': '/var/lib/snapd/lib/gl:/var/lib/snapd/lib/gl32:/var/lib/snapd/void', 'DESKTOP_SESSION': 'ubuntu', 'SNAP_USER_DATA': '/home/cyberkanjousen/snap/clion/393', 'TERMINAL_EMULATOR': 'JetBrains-JediTerm', 'GIO_LAUNCHED_DESKTOP_FILE': '/var/lib/snapd/desktop/applications/clion_clion.desktop', 'ROS_PYTHON_VERSION': '3', 'GNOME_SHELL_SESSION_MODE': 'ubuntu', 'GTK_MODULES': 'gail:atk-bridge', 'MANAGERPID': '2842', 'SYSTEMD_EXEC_PID': '3328', 'GSM_SKIP_SSH_AGENT_WORKAROUND': 'true', 'DBUS_SESSION_BUS_ADDRESS': 'unix:path=/run/user/1000/bus', 'SNAP_REVISION': '393', 'GIO_LAUNCHED_DESKTOP_FILE_PID': '7258', 'IJ_RESTARTER_LOG': '/home/cyberkanjousen/.cache/JetBrains/CLion2025.2/log/restarter.log', 'DEBUGINFOD_URLS': 'https://debuginfod.ubuntu.com', 'https_proxy': 'http://127.0.0.1:10808', 'ROS_DISTRO': 'jazzy', 'LOGNAME': 'cyberkanjousen', 'SNAP_CONTEXT': '7cMq18PPvE0GyoauddMEMHLsazMvDF3aF-ApkkrArLYzdt8gAxjQ', 'http_proxy': 'http://127.0.0.1:10808', 'JOURNAL_STREAM': '9:40051', '_': '/usr/bin/colcon', 'ROS_VERSION': '2', 'MEMORY_PRESSURE_WATCH': '/sys/fs/cgroup/user.slice/user-1000.slice/user@1000.service/session.slice/org.gnome.Shell@x11.service/memory.pressure', 'XDG_SESSION_CLASS': 'user', 'SNAP_VERSION': '2025.2.4', 'USERNAME': 'cyberkanjousen', 'TERM': 'xterm-256color', 'GNOME_DESKTOP_SESSION_ID': 'this-is-deprecated', 'SNAP_INSTANCE_NAME': 'clion', 'WINDOWPATH': '2', 'PATH': '/opt/ros/jazzy/bin:/home/cyberkanjousen/.local/bin:/usr/local/sbin:/usr/local/bin:/usr/sbin:/usr/bin:/sbin:/bin:/usr/games:/usr/local/games:/snap/bin:/snap/bin:/home/cyberkanjousen/.local/bin:/home/cyberkanjousen/.local/bin', 'SESSION_MANAGER': 'local/cyberkanjousen-Legion-Y7000P-IRX10:@/tmp/.ICE-unix/3269,unix/cyberkanjousen-Legion-Y7000P-IRX10:/tmp/.ICE-unix/3269', 'INVOCATION_ID': 'fb436e44aa824c2a8e7c7b420c41ce89', 'XDG_MENU_PREFIX': 'gnome-', 'ftp_proxy': 'ftp://127.0.0.1:10808', 'SNAP_DATA': '/var/snap/clion/393', 'XDG_RUNTIME_DIR': '/run/user/1000', 'DISPLAY': ':1', 'DESKTOP_STARTUP_ID': 'CLion-restart_TIME7991192', 'LANG': 'zh_CN.UTF-8', 'XDG_CURRENT_DESKTOP': 'ubuntu:GNOME', 'XMODIFIERS': '@im=ibus', 'XDG_SESSION_DESKTOP': 'ubuntu', 'XAUTHORITY': '/run/user/1000/gdm/Xauthority', 'LS_COLORS': 'rs=0:di=01;34:ln=01;36:mh=00:pi=40;33:so=01;35:do=01;35:bd=40;33;01:cd=40;33;01:or=40;31;01:mi=00:su=37;41:sg=30;43:ca=00:tw=30;42:ow=34;42:st=37;44:ex=01;32:*.tar=01;31:*.tgz=01;31:*.arc=01;31:*.arj=01;31:*.taz=01;31:*.lha=01;31:*.lz4=01;31:*.lzh=01;31:*.lzma=01;31:*.tlz=01;31:*.txz=01;31:*.tzo=01;31:*.t7z=01;31:*.zip=01;31:*.z=01;31:*.dz=01;31:*.gz=01;31:*.lrz=01;31:*.lz=01;31:*.lzo=01;31:*.xz=01;31:*.zst=01;31:*.tzst=01;31:*.bz2=01;31:*.bz=01;31:*.tbz=01;31:*.tbz2=01;31:*.tz=01;31:*.deb=01;31:*.rpm=01;31:*.jar=01;31:*.war=01;31:*.ear=01;31:*.sar=01;31:*.rar=01;31:*.alz=01;31:*.ace=01;31:*.zoo=01;31:*.cpio=01;31:*.7z=01;31:*.rz=01;31:*.cab=01;31:*.wim=01;31:*.swm=01;31:*.dwm=01;31:*.esd=01;31:*.avif=01;35:*.jpg=01;35:*.jpeg=01;35:*.mjpg=01;35:*.mjpeg=01;35:*.gif=01;35:*.bmp=01;35:*.pbm=01;35:*.pgm=01;35:*.ppm=01;35:*.tga=01;35:*.xbm=01;35:*.xpm=01;35:*.tif=01;35:*.tiff=01;35:*.png=01;35:*.svg=01;35:*.svgz=01;35:*.mng=01;35:*.pcx=01;35:*.mov=01;35:*.mpg=01;35:*.mpeg=01;35:*.m2v=01;35:*.mkv=01;35:*.webm=01;35:*.webp=01;35:*.ogm=01;35:*.mp4=01;35:*.m4v=01;35:*.mp4v=01;35:*.vob=01;35:*.qt=01;35:*.nuv=01;35:*.wmv=01;35:*.asf=01;35:*.rm=01;35:*.rmvb=01;35:*.flc=01;35:*.avi=01;35:*.fli=01;35:*.flv=01;35:*.gl=01;35:*.dl=01;35:*.xcf=01;35:*.xwd=01;35:*.yuv=01;35:*.cgm=01;35:*.emf=01;35:*.ogv=01;35:*.ogx=01;35:*.aac=00;36:*.au=00;36:*.flac=00;36:*.m4a=00;36:*.mid=00;36:*.midi=00;36:*.mka=00;36:*.mp3=00;36:*.mpc=00;36:*.ogg=00;36:*.ra=00;36:*.wav=00;36:*.oga=00;36:*.opus=00;36:*.spx=00;36:*.xspf=00;36:*~=00;90:*#=00;90:*.bak=00;90:*.crdownload=00;90:*.dpkg-dist=00;90:*.dpkg-new=00;90:*.dpkg-old=00;90:*.dpkg-tmp=00;90:*.old=00;90:*.orig=00;90:*.part=00;90:*.rej=00;90:*.rpmnew=00;90:*.rpmorig=00;90:*.rpmsave=00;90:*.swp=00;90:*.tmp=00;90:*.ucf-dist=00;90:*.ucf-new=00;90:*.ucf-old=00;90:', 'SNAP_USER_COMMON': '/home/cyberkanjousen/snap/clion/common', 'SSH_AUTH_SOCK': '/run/user/1000/keyring/ssh', 'SNAP_ARCH': 'amd64', 'AMENT_PREFIX_PATH': '/opt/ros/jazzy', 'SNAP_COOKIE': '7cMq18PPvE0GyoauddMEMHLsazMvDF3aF-ApkkrArLYzdt8gAxjQ', 'SHELL': '/bin/bash', 'QT_ACCESSIBILITY': '1', 'SNAP_REEXEC': '', 'GDMSESSION': 'ubuntu', 'LESSCLOSE': '/usr/bin/lesspipe %s %s', 'SNAP_NAME': 'clion', 'GPG_AGENT_INFO': '/run/user/1000/gnupg/S.gpg-agent:0:1', 'GJS_DEBUG_OUTPUT': 'stderr', 'ROS_AUTOMATIC_DISCOVERY_RANGE': 'SUBNET', 'QT_IM_MODULE': 'ibus', 'PWD': '/home/cyberkanjousen/CLionProjects/ROS2_1/build/cpp_pubsub', 'XDG_CONFIG_DIRS': '/etc/xdg/xdg-ubuntu:/etc/xdg', 'SNAP_REAL_HOME': '/home/cyberkanjousen', 'XDG_DATA_DIRS': '/usr/share/ubuntu:/usr/share/gnome:/usr/local/share/:/usr/share/:/var/lib/snapd/desktop', 'SNAP_EUID': '1000', 'QTWEBENGINE_DICTIONARIES_PATH': '/usr/share/hunspell-bdic/', 'PYTHONPATH': '/opt/ros/jazzy/lib/python3.12/site-packages', 'SNAP': '/snap/clion/393', 'COLCON': '1', 'MEMORY_PRESSURE_WRITE': 'c29tZSAyMDAwMDAgMjAwMDAwMAA=', 'JM_OPTION_PATH': '/home/cyberkanjousen/下载', 'CMAKE_PREFIX_PATH': '/opt/ros/jazzy/opt/gz_math_vendor:/opt/ros/jazzy/opt/gz_utils_vendor:/opt/ros/jazzy/opt/gz_cmake_vendor:/opt/ros/jazzy'}), 'shell': False}
[5.958549] (cpp_pubsub) StdoutLine: {'line': b'-- Install configuration: ""\n'}
[5.959490] (cpp_pubsub) StdoutLine: {'line': b'-- Installing: /home/cyberkanjousen/CLionProjects/ROS2_1/install/cpp_pubsub/lib/cpp_pubsub/talker\n'}
[5.961144] (cpp_pubsub) StdoutLine: {'line': b'-- Set non-toolchain portion of runtime path of "/home/cyberkanjousen/CLionProjects/ROS2_1/install/cpp_pubsub/lib/cpp_pubsub/talker" to ""\n'}
[5.961491] (cpp_pubsub) StdoutLine: {'line': b'-- Installing: /home/cyberkanjousen/CLionProjects/ROS2_1/install/cpp_pubsub/lib/cpp_pubsub/listener\n'}
[5.966360] (cpp_pubsub) StdoutLine: {'line': b'-- Set non-toolchain portion of runtime path of "/home/cyberkanjousen/CLionProjects/ROS2_1/install/cpp_pubsub/lib/cpp_pubsub/listener" to ""\n'}
[5.966971] (cpp_pubsub) StdoutLine: {'line': b'-- Installing: /home/cyberkanjousen/CLionProjects/ROS2_1/install/cpp_pubsub/lib/cpp_pubsub/publisher_114514\n'}
[5.968254] (cpp_pubsub) StdoutLine: {'line': b'-- Set non-toolchain portion of runtime path of "/home/cyberkanjousen/CLionProjects/ROS2_1/install/cpp_pubsub/lib/cpp_pubsub/publisher_114514" to ""\n'}
[5.968629] (cpp_pubsub) StdoutLine: {'line': b'-- Installing: /home/cyberkanjousen/CLionProjects/ROS2_1/install/cpp_pubsub/lib/cpp_pubsub/subscriber_114514\n'}
[5.971158] (cpp_pubsub) StdoutLine: {'line': b'-- Set non-toolchain portion of runtime path of "/home/cyberkanjousen/CLionProjects/ROS2_1/install/cpp_pubsub/lib/cpp_pubsub/subscriber_114514" to ""\n'}
[5.971253] (cpp_pubsub) StdoutLine: {'line': b'-- Installing: /home/cyberkanjousen/CLionProjects/ROS2_1/install/cpp_pubsub/share/ament_index/resource_index/package_run_dependencies/cpp_pubsub\n'}
[5.971298] (cpp_pubsub) StdoutLine: {'line': b'-- Installing: /home/cyberkanjousen/CLionProjects/ROS2_1/install/cpp_pubsub/share/ament_index/resource_index/parent_prefix_path/cpp_pubsub\n'}
[5.971353] (cpp_pubsub) StdoutLine: {'line': b'-- Up-to-date: /home/cyberkanjousen/CLionProjects/ROS2_1/install/cpp_pubsub/share/cpp_pubsub/environment/ament_prefix_path.sh\n'}
[5.971399] (cpp_pubsub) StdoutLine: {'line': b'-- Installing: /home/cyberkanjousen/CLionProjects/ROS2_1/install/cpp_pubsub/share/cpp_pubsub/environment/ament_prefix_path.dsv\n'}
[5.971437] (cpp_pubsub) StdoutLine: {'line': b'-- Up-to-date: /home/cyberkanjousen/CLionProjects/ROS2_1/install/cpp_pubsub/share/cpp_pubsub/environment/path.sh\n'}
[5.971487] (cpp_pubsub) StdoutLine: {'line': b'-- Installing: /home/cyberkanjousen/CLionProjects/ROS2_1/install/cpp_pubsub/share/cpp_pubsub/environment/path.dsv\n'}
[5.971521] (cpp_pubsub) StdoutLine: {'line': b'-- Installing: /home/cyberkanjousen/CLionProjects/ROS2_1/install/cpp_pubsub/share/cpp_pubsub/local_setup.bash\n'}
[5.971558] (cpp_pubsub) StdoutLine: {'line': b'-- Installing: /home/cyberkanjousen/CLionProjects/ROS2_1/install/cpp_pubsub/share/cpp_pubsub/local_setup.sh\n'}
[5.971620] (cpp_pubsub) StdoutLine: {'line': b'-- Installing: /home/cyberkanjousen/CLionProjects/ROS2_1/install/cpp_pubsub/share/cpp_pubsub/local_setup.zsh\n'}
[5.971679] (cpp_pubsub) StdoutLine: {'line': b'-- Installing: /home/cyberkanjousen/CLionProjects/ROS2_1/install/cpp_pubsub/share/cpp_pubsub/local_setup.dsv\n'}
[5.971746] (cpp_pubsub) StdoutLine: {'line': b'-- Installing: /home/cyberkanjousen/CLionProjects/ROS2_1/install/cpp_pubsub/share/cpp_pubsub/package.dsv\n'}
[5.971807] (cpp_pubsub) StdoutLine: {'line': b'-- Installing: /home/cyberkanjousen/CLionProjects/ROS2_1/install/cpp_pubsub/share/ament_index/resource_index/packages/cpp_pubsub\n'}
[5.971869] (cpp_pubsub) StdoutLine: {'line': b'-- Installing: /home/cyberkanjousen/CLionProjects/ROS2_1/install/cpp_pubsub/share/cpp_pubsub/cmake/cpp_pubsubConfig.cmake\n'}
[5.971944] (cpp_pubsub) StdoutLine: {'line': b'-- Installing: /home/cyberkanjousen/CLionProjects/ROS2_1/install/cpp_pubsub/share/cpp_pubsub/cmake/cpp_pubsubConfig-version.cmake\n'}
[5.972023] (cpp_pubsub) StdoutLine: {'line': b'-- Up-to-date: /home/cyberkanjousen/CLionProjects/ROS2_1/install/cpp_pubsub/share/cpp_pubsub/package.xml\n'}
[5.973447] (cpp_pubsub) CommandEnded: {'returncode': 0}
[5.984398] (cpp_pubsub) JobEnded: {'identifier': 'cpp_pubsub', 'rc': 0}
[5.985021] (-) EventReactorShutdown: {}
