[0.019s] Invoking command in '/home/cyberkanjousen/CLionProjects/ROS2_1/build/ros_gz_interfaces': CMAKE_PREFIX_PATH=${CMAKE_PREFIX_PATH}:/opt/ros/jazzy DEBUGINFOD_URLS=https://debuginfod.ubuntu.com /usr/bin/cmake /home/cyberkanjousen/CLionProjects/ROS2_1/src/ros_gz_interfaces -DCMAKE_EXPORT_COMPILE_COMMANDS=ON -G Ninja -DCMAKE_INSTALL_PREFIX=/home/cyberkanjousen/CLionProjects/ROS2_1/install/ros_gz_interfaces
[0.066s] -- The C compiler identification is GNU 13.3.0
[0.116s] -- The CXX compiler identification is GNU 13.3.0
[0.133s] -- Detecting C compiler ABI info
[0.190s] -- Detecting C compiler ABI info - done
[0.196s] -- Check for working C compiler: /usr/bin/cc - skipped
[0.196s] -- Detecting C compile features
[0.197s] -- Detecting C compile features - done
[0.207s] -- Detecting CXX compiler ABI info
[0.272s] -- Detecting CXX compiler ABI info - done
[0.280s] -- Check for working CXX compiler: /usr/bin/c++ - skipped
[0.280s] -- Detecting CXX compile features
[0.281s] -- Detecting CXX compile features - done
[0.284s] -- Found ament_cmake: 2.5.4 (/opt/ros/jazzy/share/ament_cmake/cmake)
[0.412s] -- Found Python3: /usr/bin/python3 (found version "3.12.3") found components: Interpreter 
[0.490s] -- Found builtin_interfaces: 2.0.3 (/opt/ros/jazzy/share/builtin_interfaces/cmake)
[0.516s] -- Found rosidl_generator_c: 4.6.6 (/opt/ros/jazzy/share/rosidl_generator_c/cmake)
[0.525s] -- Found rosidl_generator_cpp: 4.6.6 (/opt/ros/jazzy/share/rosidl_generator_cpp/cmake)
[0.537s] -- Using all available rosidl_typesupport_c: rosidl_typesupport_fastrtps_c;rosidl_typesupport_introspection_c
[0.549s] -- Using all available rosidl_typesupport_cpp: rosidl_typesupport_fastrtps_cpp;rosidl_typesupport_introspection_cpp
[0.560s] -- Found rcl_interfaces: 2.0.3 (/opt/ros/jazzy/share/rcl_interfaces/cmake)
[0.590s] -- Found std_msgs: 5.3.6 (/opt/ros/jazzy/share/std_msgs/cmake)
[0.602s] -- Found geometry_msgs: 5.3.6 (/opt/ros/jazzy/share/geometry_msgs/cmake)
[0.613s] -- Found rosidl_default_generators: 1.6.0 (/opt/ros/jazzy/share/rosidl_default_generators/cmake)
[0.623s] -- Found rosidl_adapter: 4.6.6 (/opt/ros/jazzy/share/rosidl_adapter/cmake)
[1.220s] -- Found ament_cmake_cppcheck: 0.17.3 (/opt/ros/jazzy/share/ament_cmake_cppcheck/cmake)
[1.226s] -- Found ament_cmake_cpplint: 0.17.3 (/opt/ros/jazzy/share/ament_cmake_cpplint/cmake)
[1.228s] -- Found ament_cmake_uncrustify: 0.17.3 (/opt/ros/jazzy/share/ament_cmake_uncrustify/cmake)
[1.230s] -- Found ament_cmake_ros: 0.12.0 (/opt/ros/jazzy/share/ament_cmake_ros/cmake)
[2.085s] -- Using all available rosidl_typesupport_c: rosidl_typesupport_fastrtps_c;rosidl_typesupport_introspection_c
[2.401s] -- Using all available rosidl_typesupport_cpp: rosidl_typesupport_fastrtps_cpp;rosidl_typesupport_introspection_cpp
[2.404s] -- Found python_cmake_module: 0.11.1 (/opt/ros/jazzy/share/python_cmake_module/cmake)
[2.527s] -- Found PythonExtra: /usr/bin/python3  
[2.899s] -- Found Python3: /usr/bin/python3 (found version "3.12.3") found components: Interpreter Development NumPy Development.Module Development.Embed 
[2.952s] -- Found ament_cmake_flake8: 0.17.3 (/opt/ros/jazzy/share/ament_cmake_flake8/cmake)
[2.954s] -- Found ament_cmake_pep257: 0.17.3 (/opt/ros/jazzy/share/ament_cmake_pep257/cmake)
[2.960s] -- Configuring done (2.9s)
[3.005s] -- Generating done (0.0s)
[3.029s] -- Build files have been written to: /home/cyberkanjousen/CLionProjects/ROS2_1/build/ros_gz_interfaces
[3.044s] Invoked command in '/home/cyberkanjousen/CLionProjects/ROS2_1/build/ros_gz_interfaces' returned '0': CMAKE_PREFIX_PATH=${CMAKE_PREFIX_PATH}:/opt/ros/jazzy DEBUGINFOD_URLS=https://debuginfod.ubuntu.com /usr/bin/cmake /home/cyberkanjousen/CLionProjects/ROS2_1/src/ros_gz_interfaces -DCMAKE_EXPORT_COMPILE_COMMANDS=ON -G Ninja -DCMAKE_INSTALL_PREFIX=/home/cyberkanjousen/CLionProjects/ROS2_1/install/ros_gz_interfaces
[3.045s] Invoking command in '/home/cyberkanjousen/CLionProjects/ROS2_1/build/ros_gz_interfaces': CMAKE_PREFIX_PATH=${CMAKE_PREFIX_PATH}:/opt/ros/jazzy DEBUGINFOD_URLS=https://debuginfod.ubuntu.com /usr/bin/cmake --build /home/cyberkanjousen/CLionProjects/ROS2_1/build/ros_gz_interfaces -- -j32 -l32
[3.066s] 
[3.067s] [0/276] Generating type hashes for ROS interfaces[K
[3.076s] [0/276] cd /home/cyberkanjousen/CLionProjects/ROS2_1/build/ros_gz_interfaces && /usr/bin/cmake -E copy_directory /home/cyberkanjousen/CLionProjects/ROS2_1/build/ros_gz_interfaces/rosidl_generator_py/ros_gz_interfaces /home/cyberkanjousen/CLionProjects/ROS2_1/build/ros_gz_interfaces/ament_cmake_python/ros_gz_interfaces/ros_gz_interfaces[K
[3.076s] [1/276] cd /home/cyberkanjousen/CLionProjects/ROS2_1/build/ros_gz_interfaces && /usr/bin/cmake -E copy_directory /home/cyberkanjousen/CLionProjects/ROS2_1/build/ros_gz_interfaces/rosidl_generator_py/ros_gz_interfaces /home/cyberkanjousen/CLionProjects/ROS2_1/build/ros_gz_interfaces/ament_cmake_python/ros_gz_interfaces/ros_gz_interfaces[K
[3.296s] [1/276] cd /home/cyberkanjousen/CLionProjects/ROS2_1/build/ros_gz_interfaces/ament_cmake_python/ros_gz_interfaces && /usr/bin/python3 setup.py egg_info[K
[3.296s] [2/276] cd /home/cyberkanjousen/CLionProjects/ROS2_1/build/ros_gz_interfaces/ament_cmake_python/ros_gz_interfaces && /usr/bin/python3 setup.py egg_info[K
[3.296s] running egg_info
[3.297s] creating ros_gz_interfaces.egg-info
[3.297s] writing ros_gz_interfaces.egg-info/PKG-INFO
[3.297s] writing dependency_links to ros_gz_interfaces.egg-info/dependency_links.txt
[3.297s] writing top-level names to ros_gz_interfaces.egg-info/top_level.txt
[3.297s] writing manifest file 'ros_gz_interfaces.egg-info/SOURCES.txt'
[3.297s] reading manifest file 'ros_gz_interfaces.egg-info/SOURCES.txt'
[3.297s] writing manifest file 'ros_gz_interfaces.egg-info/SOURCES.txt'
[4.003s] 
[4.003s] [3/276] Generating type hashes for ROS interfaces[K
[4.004s] [3/276] Generating C code for ROS interfaces[K
[5.406s] [3/276] Generating C++ code for ROS interfaces[K
[5.623s] [4/276] Generating C++ code for ROS interfaces[K
[5.624s] [5/276] Generating C code for ROS interfaces[K
[5.625s] [5/276] Building C object CMakeFiles/ros_gz_interfaces__rosidl_generator_c.dir/rosidl_generator_c/ros_gz_interfaces/msg/detail/altimeter__description.c.o[K
[5.625s] [5/276] Building C object CMakeFiles/ros_gz_interfaces__rosidl_generator_c.dir/rosidl_generator_c/ros_gz_interfaces/msg/detail/altimeter__functions.c.o[K
[5.626s] [5/276] Building C object CMakeFiles/ros_gz_interfaces__rosidl_generator_c.dir/rosidl_generator_c/ros_gz_interfaces/msg/detail/altimeter__type_support.c.o[K
[5.626s] [5/276] Building C object CMakeFiles/ros_gz_interfaces__rosidl_generator_c.dir/rosidl_generator_c/ros_gz_interfaces/msg/detail/contact__description.c.o[K
[5.626s] [5/276] Building C object CMakeFiles/ros_gz_interfaces__rosidl_generator_c.dir/rosidl_generator_c/ros_gz_interfaces/msg/detail/contact__functions.c.o[K
[5.626s] [5/276] Building C object CMakeFiles/ros_gz_interfaces__rosidl_generator_c.dir/rosidl_generator_c/ros_gz_interfaces/msg/detail/contact__type_support.c.o[K
[5.626s] [5/276] Building C object CMakeFiles/ros_gz_interfaces__rosidl_generator_c.dir/rosidl_generator_c/ros_gz_interfaces/msg/detail/contacts__description.c.o[K
[5.626s] [5/276] Building C object CMakeFiles/ros_gz_interfaces__rosidl_generator_c.dir/rosidl_generator_c/ros_gz_interfaces/msg/detail/contacts__functions.c.o[K
[5.627s] [5/276] Building C object CMakeFiles/ros_gz_interfaces__rosidl_generator_c.dir/rosidl_generator_c/ros_gz_interfaces/msg/detail/contacts__type_support.c.o[K
[5.627s] [5/276] Building C object CMakeFiles/ros_gz_interfaces__rosidl_generator_c.dir/rosidl_generator_c/ros_gz_interfaces/msg/detail/dataframe__description.c.o[K
[5.627s] [5/276] Building C object CMakeFiles/ros_gz_interfaces__rosidl_generator_c.dir/rosidl_generator_c/ros_gz_interfaces/msg/detail/dataframe__functions.c.o[K
[5.627s] [5/276] Building C object CMakeFiles/ros_gz_interfaces__rosidl_generator_c.dir/rosidl_generator_c/ros_gz_interfaces/msg/detail/dataframe__type_support.c.o[K
[5.627s] [5/276] Building C object CMakeFiles/ros_gz_interfaces__rosidl_generator_c.dir/rosidl_generator_c/ros_gz_interfaces/msg/detail/entity__description.c.o[K
[5.629s] [5/276] Building C object CMakeFiles/ros_gz_interfaces__rosidl_generator_c.dir/rosidl_generator_c/ros_gz_interfaces/msg/detail/entity__functions.c.o[K
[5.629s] [5/276] Building C object CMakeFiles/ros_gz_interfaces__rosidl_generator_c.dir/rosidl_generator_c/ros_gz_interfaces/msg/detail/entity__type_support.c.o[K
[5.629s] [5/276] Building C object CMakeFiles/ros_gz_interfaces__rosidl_generator_c.dir/rosidl_generator_c/ros_gz_interfaces/msg/detail/entity_factory__description.c.o[K
[5.629s] [5/276] Building C object CMakeFiles/ros_gz_interfaces__rosidl_generator_c.dir/rosidl_generator_c/ros_gz_interfaces/msg/detail/entity_factory__functions.c.o[K
[5.629s] [5/276] Building C object CMakeFiles/ros_gz_interfaces__rosidl_generator_c.dir/rosidl_generator_c/ros_gz_interfaces/msg/detail/entity_factory__type_support.c.o[K
[5.629s] [5/276] Building C object CMakeFiles/ros_gz_interfaces__rosidl_generator_c.dir/rosidl_generator_c/ros_gz_interfaces/msg/detail/entity_wrench__description.c.o[K
[5.629s] [5/276] Building C object CMakeFiles/ros_gz_interfaces__rosidl_generator_c.dir/rosidl_generator_c/ros_gz_interfaces/msg/detail/entity_wrench__functions.c.o[K
[5.629s] [5/276] Building C object CMakeFiles/ros_gz_interfaces__rosidl_generator_c.dir/rosidl_generator_c/ros_gz_interfaces/msg/detail/entity_wrench__type_support.c.o[K
[5.629s] [5/276] Building C object CMakeFiles/ros_gz_interfaces__rosidl_generator_c.dir/rosidl_generator_c/ros_gz_interfaces/msg/detail/float32_array__description.c.o[K
[5.629s] [5/276] Building C object CMakeFiles/ros_gz_interfaces__rosidl_generator_c.dir/rosidl_generator_c/ros_gz_interfaces/msg/detail/float32_array__functions.c.o[K
[5.630s] [5/276] Building C object CMakeFiles/ros_gz_interfaces__rosidl_generator_c.dir/rosidl_generator_c/ros_gz_interfaces/msg/detail/float32_array__type_support.c.o[K
[5.630s] [5/276] Building C object CMakeFiles/ros_gz_interfaces__rosidl_generator_c.dir/rosidl_generator_c/ros_gz_interfaces/msg/detail/gui_camera__description.c.o[K
[5.630s] [5/276] Building C object CMakeFiles/ros_gz_interfaces__rosidl_generator_c.dir/rosidl_generator_c/ros_gz_interfaces/msg/detail/gui_camera__functions.c.o[K
[5.630s] [5/276] Building C object CMakeFiles/ros_gz_interfaces__rosidl_generator_c.dir/rosidl_generator_c/ros_gz_interfaces/msg/detail/gui_camera__type_support.c.o[K
[5.630s] [5/276] Building C object CMakeFiles/ros_gz_interfaces__rosidl_generator_c.dir/rosidl_generator_c/ros_gz_interfaces/msg/detail/joint_wrench__description.c.o[K
[5.630s] [5/276] Building C object CMakeFiles/ros_gz_interfaces__rosidl_generator_c.dir/rosidl_generator_c/ros_gz_interfaces/msg/detail/joint_wrench__functions.c.o[K
[5.632s] [5/276] Building C object CMakeFiles/ros_gz_interfaces__rosidl_generator_c.dir/rosidl_generator_c/ros_gz_interfaces/msg/detail/joint_wrench__type_support.c.o[K
[5.633s] [5/276] Building C object CMakeFiles/ros_gz_interfaces__rosidl_generator_c.dir/rosidl_generator_c/ros_gz_interfaces/msg/detail/light__description.c.o[K
[5.651s] [5/276] Building C object CMakeFiles/ros_gz_interfaces__rosidl_generator_c.dir/rosidl_generator_c/ros_gz_interfaces/msg/detail/light__functions.c.o[K
[5.651s] [6/276] Building C object CMakeFiles/ros_gz_interfaces__rosidl_generator_c.dir/rosidl_generator_c/ros_gz_interfaces/msg/detail/dataframe__type_support.c.o[K
[5.652s] [6/276] Building C object CMakeFiles/ros_gz_interfaces__rosidl_generator_c.dir/rosidl_generator_c/ros_gz_interfaces/msg/detail/light__type_support.c.o[K
[5.652s] [7/276] Building C object CMakeFiles/ros_gz_interfaces__rosidl_generator_c.dir/rosidl_generator_c/ros_gz_interfaces/msg/detail/contact__type_support.c.o[K
[5.652s] [7/276] Building C object CMakeFiles/ros_gz_interfaces__rosidl_generator_c.dir/rosidl_generator_c/ros_gz_interfaces/msg/detail/logical_camera_image__description.c.o[K
[5.652s] [8/276] Building C object CMakeFiles/ros_gz_interfaces__rosidl_generator_c.dir/rosidl_generator_c/ros_gz_interfaces/msg/detail/contacts__type_support.c.o[K
[5.655s] [8/276] Building C object CMakeFiles/ros_gz_interfaces__rosidl_generator_c.dir/rosidl_generator_c/ros_gz_interfaces/msg/detail/logical_camera_image__functions.c.o[K
[5.655s] [9/276] Building C object CMakeFiles/ros_gz_interfaces__rosidl_generator_c.dir/rosidl_generator_c/ros_gz_interfaces/msg/detail/gui_camera__type_support.c.o[K
[5.655s] [9/276] Building C object CMakeFiles/ros_gz_interfaces__rosidl_generator_c.dir/rosidl_generator_c/ros_gz_interfaces/msg/detail/logical_camera_image__type_support.c.o[K
[5.656s] [10/276] Building C object CMakeFiles/ros_gz_interfaces__rosidl_generator_c.dir/rosidl_generator_c/ros_gz_interfaces/msg/detail/altimeter__type_support.c.o[K
[5.656s] [10/276] Building C object CMakeFiles/ros_gz_interfaces__rosidl_generator_c.dir/rosidl_generator_c/ros_gz_interfaces/msg/detail/logical_camera_image_model__description.c.o[K
[5.657s] [11/276] Building C object CMakeFiles/ros_gz_interfaces__rosidl_generator_c.dir/rosidl_generator_c/ros_gz_interfaces/msg/detail/entity__type_support.c.o[K
[5.657s] [11/276] Building C object CMakeFiles/ros_gz_interfaces__rosidl_generator_c.dir/rosidl_generator_c/ros_gz_interfaces/msg/detail/logical_camera_image_model__functions.c.o[K
[5.657s] [12/276] Building C object CMakeFiles/ros_gz_interfaces__rosidl_generator_c.dir/rosidl_generator_c/ros_gz_interfaces/msg/detail/entity_factory__type_support.c.o[K
[5.657s] [12/276] Building C object CMakeFiles/ros_gz_interfaces__rosidl_generator_c.dir/rosidl_generator_c/ros_gz_interfaces/msg/detail/logical_camera_image_model__type_support.c.o[K
[5.658s] [13/276] Building C object CMakeFiles/ros_gz_interfaces__rosidl_generator_c.dir/rosidl_generator_c/ros_gz_interfaces/msg/detail/entity__description.c.o[K
[5.659s] [13/276] Building C object CMakeFiles/ros_gz_interfaces__rosidl_generator_c.dir/rosidl_generator_c/ros_gz_interfaces/msg/detail/material_color__description.c.o[K
[5.659s] [14/276] Building C object CMakeFiles/ros_gz_interfaces__rosidl_generator_c.dir/rosidl_generator_c/ros_gz_interfaces/msg/detail/entity_wrench__type_support.c.o[K
[5.659s] [14/276] Building C object CMakeFiles/ros_gz_interfaces__rosidl_generator_c.dir/rosidl_generator_c/ros_gz_interfaces/msg/detail/material_color__functions.c.o[K
[5.659s] [15/276] Building C object CMakeFiles/ros_gz_interfaces__rosidl_generator_c.dir/rosidl_generator_c/ros_gz_interfaces/msg/detail/float32_array__type_support.c.o[K
[5.659s] [15/276] Building C object CMakeFiles/ros_gz_interfaces__rosidl_generator_c.dir/rosidl_generator_c/ros_gz_interfaces/msg/detail/material_color__type_support.c.o[K
[5.659s] [16/276] Building C object CMakeFiles/ros_gz_interfaces__rosidl_generator_c.dir/rosidl_generator_c/ros_gz_interfaces/msg/detail/joint_wrench__type_support.c.o[K
[5.659s] [16/276] Building C object CMakeFiles/ros_gz_interfaces__rosidl_generator_c.dir/rosidl_generator_c/ros_gz_interfaces/msg/detail/param_vec__description.c.o[K
[5.659s] [17/276] Building C object CMakeFiles/ros_gz_interfaces__rosidl_generator_c.dir/rosidl_generator_c/ros_gz_interfaces/msg/detail/float32_array__description.c.o[K
[5.660s] [17/276] Building C object CMakeFiles/ros_gz_interfaces__rosidl_generator_c.dir/rosidl_generator_c/ros_gz_interfaces/msg/detail/param_vec__functions.c.o[K
[5.660s] [18/276] Building C object CMakeFiles/ros_gz_interfaces__rosidl_generator_c.dir/rosidl_generator_c/ros_gz_interfaces/msg/detail/dataframe__description.c.o[K
[5.661s] [18/276] Building C object CMakeFiles/ros_gz_interfaces__rosidl_generator_c.dir/rosidl_generator_c/ros_gz_interfaces/msg/detail/param_vec__type_support.c.o[K
[5.661s] [19/276] Building C object CMakeFiles/ros_gz_interfaces__rosidl_generator_c.dir/rosidl_generator_c/ros_gz_interfaces/msg/detail/altimeter__description.c.o[K
[5.665s] [19/276] Building C object CMakeFiles/ros_gz_interfaces__rosidl_generator_c.dir/rosidl_generator_c/ros_gz_interfaces/msg/detail/sensor_noise__description.c.o[K
[5.665s] [20/276] Building C object CMakeFiles/ros_gz_interfaces__rosidl_generator_c.dir/rosidl_generator_c/ros_gz_interfaces/msg/detail/gui_camera__description.c.o[K
[5.665s] [20/276] Building C object CMakeFiles/ros_gz_interfaces__rosidl_generator_c.dir/rosidl_generator_c/ros_gz_interfaces/msg/detail/sensor_noise__functions.c.o[K
[5.666s] [21/276] Building C object CMakeFiles/ros_gz_interfaces__rosidl_generator_c.dir/rosidl_generator_c/ros_gz_interfaces/msg/detail/entity_factory__description.c.o[K
[5.668s] [21/276] Building C object CMakeFiles/ros_gz_interfaces__rosidl_generator_c.dir/rosidl_generator_c/ros_gz_interfaces/msg/detail/sensor_noise__type_support.c.o[K
[5.668s] [22/276] Building C object CMakeFiles/ros_gz_interfaces__rosidl_generator_c.dir/rosidl_generator_c/ros_gz_interfaces/msg/detail/contacts__description.c.o[K
[5.668s] [22/276] Building C object CMakeFiles/ros_gz_interfaces__rosidl_generator_c.dir/rosidl_generator_c/ros_gz_interfaces/msg/detail/string_vec__description.c.o[K
[5.668s] [23/276] Building C object CMakeFiles/ros_gz_interfaces__rosidl_generator_c.dir/rosidl_generator_c/ros_gz_interfaces/msg/detail/entity_wrench__description.c.o[K
[5.671s] [23/276] Building C object CMakeFiles/ros_gz_interfaces__rosidl_generator_c.dir/rosidl_generator_c/ros_gz_interfaces/msg/detail/string_vec__functions.c.o[K
[5.671s] [24/276] Building C object CMakeFiles/ros_gz_interfaces__rosidl_generator_c.dir/rosidl_generator_c/ros_gz_interfaces/msg/detail/entity_wrench__functions.c.o[K
[5.673s] [24/276] Building C object CMakeFiles/ros_gz_interfaces__rosidl_generator_c.dir/rosidl_generator_c/ros_gz_interfaces/msg/detail/string_vec__type_support.c.o[K
[5.673s] [25/276] Building C object CMakeFiles/ros_gz_interfaces__rosidl_generator_c.dir/rosidl_generator_c/ros_gz_interfaces/msg/detail/entity__functions.c.o[K
[5.673s] [25/276] Building C object CMakeFiles/ros_gz_interfaces__rosidl_generator_c.dir/rosidl_generator_c/ros_gz_interfaces/msg/detail/track_visual__description.c.o[K
[5.673s] [26/276] Building C object CMakeFiles/ros_gz_interfaces__rosidl_generator_c.dir/rosidl_generator_c/ros_gz_interfaces/msg/detail/contact__description.c.o[K
[5.674s] [26/276] Building C object CMakeFiles/ros_gz_interfaces__rosidl_generator_c.dir/rosidl_generator_c/ros_gz_interfaces/msg/detail/track_visual__functions.c.o[K
[5.676s] [27/276] Building C object CMakeFiles/ros_gz_interfaces__rosidl_generator_c.dir/rosidl_generator_c/ros_gz_interfaces/msg/detail/contacts__functions.c.o[K
[5.677s] [27/276] Building C object CMakeFiles/ros_gz_interfaces__rosidl_generator_c.dir/rosidl_generator_c/ros_gz_interfaces/msg/detail/track_visual__type_support.c.o[K
[5.677s] [28/276] Building C object CMakeFiles/ros_gz_interfaces__rosidl_generator_c.dir/rosidl_generator_c/ros_gz_interfaces/msg/detail/dataframe__functions.c.o[K
[5.677s] [28/276] Building C object CMakeFiles/ros_gz_interfaces__rosidl_generator_c.dir/rosidl_generator_c/ros_gz_interfaces/msg/detail/video_record__description.c.o[K
[5.677s] [29/276] Building C object CMakeFiles/ros_gz_interfaces__rosidl_generator_c.dir/rosidl_generator_c/ros_gz_interfaces/msg/detail/altimeter__functions.c.o[K
[5.678s] [29/276] Building C object CMakeFiles/ros_gz_interfaces__rosidl_generator_c.dir/rosidl_generator_c/ros_gz_interfaces/msg/detail/video_record__functions.c.o[K
[5.678s] [30/276] Building C object CMakeFiles/ros_gz_interfaces__rosidl_generator_c.dir/rosidl_generator_c/ros_gz_interfaces/msg/detail/contact__functions.c.o[K
[5.679s] [30/276] Building C object CMakeFiles/ros_gz_interfaces__rosidl_generator_c.dir/rosidl_generator_c/ros_gz_interfaces/msg/detail/video_record__type_support.c.o[K
[5.679s] [31/276] Building C object CMakeFiles/ros_gz_interfaces__rosidl_generator_c.dir/rosidl_generator_c/ros_gz_interfaces/msg/detail/float32_array__functions.c.o[K
[5.679s] [31/276] Building C object CMakeFiles/ros_gz_interfaces__rosidl_generator_c.dir/rosidl_generator_c/ros_gz_interfaces/msg/detail/world_control__description.c.o[K
[5.679s] [32/276] Building C object CMakeFiles/ros_gz_interfaces__rosidl_generator_c.dir/rosidl_generator_c/ros_gz_interfaces/msg/detail/light__description.c.o[K
[5.681s] [32/276] Building C object CMakeFiles/ros_gz_interfaces__rosidl_generator_c.dir/rosidl_generator_c/ros_gz_interfaces/msg/detail/world_control__functions.c.o[K
[5.681s] [33/276] Building C object CMakeFiles/ros_gz_interfaces__rosidl_generator_c.dir/rosidl_generator_c/ros_gz_interfaces/msg/detail/gui_camera__functions.c.o[K
[5.681s] [33/276] Building C object CMakeFiles/ros_gz_interfaces__rosidl_generator_c.dir/rosidl_generator_c/ros_gz_interfaces/msg/detail/world_control__type_support.c.o[K
[5.681s] [34/276] Building C object CMakeFiles/ros_gz_interfaces__rosidl_generator_c.dir/rosidl_generator_c/ros_gz_interfaces/msg/detail/joint_wrench__description.c.o[K
[5.686s] [34/276] Building C object CMakeFiles/ros_gz_interfaces__rosidl_generator_c.dir/rosidl_generator_c/ros_gz_interfaces/msg/detail/world_reset__description.c.o[K
[5.687s] [35/276] Building C object CMakeFiles/ros_gz_interfaces__rosidl_generator_c.dir/rosidl_generator_c/ros_gz_interfaces/msg/detail/light__type_support.c.o[K
[5.687s] [35/276] Building C object CMakeFiles/ros_gz_interfaces__rosidl_generator_c.dir/rosidl_generator_c/ros_gz_interfaces/msg/detail/world_reset__functions.c.o[K
[5.687s] [36/276] Building C object CMakeFiles/ros_gz_interfaces__rosidl_generator_c.dir/rosidl_generator_c/ros_gz_interfaces/msg/detail/logical_camera_image__type_support.c.o[K
[5.687s] [36/276] Building C object CMakeFiles/ros_gz_interfaces__rosidl_generator_c.dir/rosidl_generator_c/ros_gz_interfaces/msg/detail/world_reset__type_support.c.o[K
[5.687s] [37/276] Building C object CMakeFiles/ros_gz_interfaces__rosidl_generator_c.dir/rosidl_generator_c/ros_gz_interfaces/msg/detail/logical_camera_image_model__type_support.c.o[K
[5.687s] [37/276] Building C object CMakeFiles/ros_gz_interfaces__rosidl_generator_c.dir/rosidl_generator_c/ros_gz_interfaces/srv/detail/control_world__description.c.o[K
[5.687s] [38/276] Building C object CMakeFiles/ros_gz_interfaces__rosidl_generator_c.dir/rosidl_generator_c/ros_gz_interfaces/msg/detail/material_color__type_support.c.o[K
[5.694s] [38/276] Building C object CMakeFiles/ros_gz_interfaces__rosidl_generator_c.dir/rosidl_generator_c/ros_gz_interfaces/srv/detail/control_world__functions.c.o[K
[5.694s] [39/276] Building C object CMakeFiles/ros_gz_interfaces__rosidl_generator_c.dir/rosidl_generator_c/ros_gz_interfaces/msg/detail/param_vec__type_support.c.o[K
[5.694s] [39/276] Building C object CMakeFiles/ros_gz_interfaces__rosidl_generator_c.dir/rosidl_generator_c/ros_gz_interfaces/srv/detail/control_world__type_support.c.o[K
[5.694s] [40/276] Building C object CMakeFiles/ros_gz_interfaces__rosidl_generator_c.dir/rosidl_generator_c/ros_gz_interfaces/msg/detail/entity_factory__functions.c.o[K
[5.694s] [40/276] Building C object CMakeFiles/ros_gz_interfaces__rosidl_generator_c.dir/rosidl_generator_c/ros_gz_interfaces/srv/detail/delete_entity__description.c.o[K
[5.694s] [41/276] Building C object CMakeFiles/ros_gz_interfaces__rosidl_generator_c.dir/rosidl_generator_c/ros_gz_interfaces/msg/detail/joint_wrench__functions.c.o[K
[5.697s] [41/276] Building C object CMakeFiles/ros_gz_interfaces__rosidl_generator_c.dir/rosidl_generator_c/ros_gz_interfaces/srv/detail/delete_entity__functions.c.o[K
[5.697s] [42/276] Building C object CMakeFiles/ros_gz_interfaces__rosidl_generator_c.dir/rosidl_generator_c/ros_gz_interfaces/msg/detail/light__functions.c.o[K
[5.697s] [42/276] Building C object CMakeFiles/ros_gz_interfaces__rosidl_generator_c.dir/rosidl_generator_c/ros_gz_interfaces/srv/detail/delete_entity__type_support.c.o[K
[5.697s] [43/276] Building C object CMakeFiles/ros_gz_interfaces__rosidl_generator_c.dir/rosidl_generator_c/ros_gz_interfaces/msg/detail/logical_camera_image__description.c.o[K
[5.697s] [43/276] Building C object CMakeFiles/ros_gz_interfaces__rosidl_generator_c.dir/rosidl_generator_c/ros_gz_interfaces/srv/detail/set_entity_pose__description.c.o[K
[5.697s] [44/276] Building C object CMakeFiles/ros_gz_interfaces__rosidl_generator_c.dir/rosidl_generator_c/ros_gz_interfaces/msg/detail/logical_camera_image_model__description.c.o[K
[5.697s] [44/276] Building C object CMakeFiles/ros_gz_interfaces__rosidl_generator_c.dir/rosidl_generator_c/ros_gz_interfaces/srv/detail/set_entity_pose__functions.c.o[K
[5.697s] [45/276] Building C object CMakeFiles/ros_gz_interfaces__rosidl_generator_c.dir/rosidl_generator_c/ros_gz_interfaces/msg/detail/sensor_noise__type_support.c.o[K
[5.697s] [45/276] Building C object CMakeFiles/ros_gz_interfaces__rosidl_generator_c.dir/rosidl_generator_c/ros_gz_interfaces/srv/detail/set_entity_pose__type_support.c.o[K
[5.697s] [46/276] Building C object CMakeFiles/ros_gz_interfaces__rosidl_generator_c.dir/rosidl_generator_c/ros_gz_interfaces/msg/detail/string_vec__type_support.c.o[K
[5.699s] [46/276] Building C object CMakeFiles/ros_gz_interfaces__rosidl_generator_c.dir/rosidl_generator_c/ros_gz_interfaces/srv/detail/spawn_entity__description.c.o[K
[5.699s] [47/276] Building C object CMakeFiles/ros_gz_interfaces__rosidl_generator_c.dir/rosidl_generator_c/ros_gz_interfaces/msg/detail/logical_camera_image__functions.c.o[K
[5.699s] [47/276] Building C object CMakeFiles/ros_gz_interfaces__rosidl_generator_c.dir/rosidl_generator_c/ros_gz_interfaces/srv/detail/spawn_entity__functions.c.o[K
[5.699s] [48/276] Building C object CMakeFiles/ros_gz_interfaces__rosidl_generator_c.dir/rosidl_generator_c/ros_gz_interfaces/msg/detail/material_color__description.c.o[K
[5.699s] [48/276] Building C object CMakeFiles/ros_gz_interfaces__rosidl_generator_c.dir/rosidl_generator_c/ros_gz_interfaces/srv/detail/spawn_entity__type_support.c.o[K
[5.699s] [49/276] Building C object CMakeFiles/ros_gz_interfaces__rosidl_generator_c.dir/rosidl_generator_c/ros_gz_interfaces/msg/detail/param_vec__description.c.o[K
[5.701s] [50/276] Building C object CMakeFiles/ros_gz_interfaces__rosidl_generator_c.dir/rosidl_generator_c/ros_gz_interfaces/msg/detail/sensor_noise__description.c.o[K
[5.701s] [51/276] Building C object CMakeFiles/ros_gz_interfaces__rosidl_generator_c.dir/rosidl_generator_c/ros_gz_interfaces/msg/detail/string_vec__description.c.o[K
[5.701s] [52/276] Building C object CMakeFiles/ros_gz_interfaces__rosidl_generator_c.dir/rosidl_generator_c/ros_gz_interfaces/msg/detail/world_control__type_support.c.o[K
[5.701s] [53/276] Building C object CMakeFiles/ros_gz_interfaces__rosidl_generator_c.dir/rosidl_generator_c/ros_gz_interfaces/msg/detail/logical_camera_image_model__functions.c.o[K
[5.701s] [54/276] Building C object CMakeFiles/ros_gz_interfaces__rosidl_generator_c.dir/rosidl_generator_c/ros_gz_interfaces/msg/detail/track_visual__type_support.c.o[K
[5.704s] [55/276] Building C object CMakeFiles/ros_gz_interfaces__rosidl_generator_c.dir/rosidl_generator_c/ros_gz_interfaces/msg/detail/video_record__type_support.c.o[K
[5.704s] [56/276] Building C object CMakeFiles/ros_gz_interfaces__rosidl_generator_c.dir/rosidl_generator_c/ros_gz_interfaces/msg/detail/param_vec__functions.c.o[K
[5.707s] [57/276] Building C object CMakeFiles/ros_gz_interfaces__rosidl_generator_c.dir/rosidl_generator_c/ros_gz_interfaces/msg/detail/material_color__functions.c.o[K
[5.708s] [58/276] Building C object CMakeFiles/ros_gz_interfaces__rosidl_generator_c.dir/rosidl_generator_c/ros_gz_interfaces/msg/detail/world_reset__type_support.c.o[K
[5.708s] [59/276] Building C object CMakeFiles/ros_gz_interfaces__rosidl_generator_c.dir/rosidl_generator_c/ros_gz_interfaces/msg/detail/video_record__description.c.o[K
[5.711s] [60/276] Building C object CMakeFiles/ros_gz_interfaces__rosidl_generator_c.dir/rosidl_generator_c/ros_gz_interfaces/msg/detail/sensor_noise__functions.c.o[K
[5.711s] [61/276] Building C object CMakeFiles/ros_gz_interfaces__rosidl_generator_c.dir/rosidl_generator_c/ros_gz_interfaces/msg/detail/string_vec__functions.c.o[K
[5.711s] [62/276] Building C object CMakeFiles/ros_gz_interfaces__rosidl_generator_c.dir/rosidl_generator_c/ros_gz_interfaces/msg/detail/world_control__description.c.o[K
[5.718s] [63/276] Building C object CMakeFiles/ros_gz_interfaces__rosidl_generator_c.dir/rosidl_generator_c/ros_gz_interfaces/msg/detail/track_visual__description.c.o[K
[5.718s] [64/276] Building C object CMakeFiles/ros_gz_interfaces__rosidl_generator_c.dir/rosidl_generator_c/ros_gz_interfaces/msg/detail/video_record__functions.c.o[K
[5.718s] [65/276] Building C object CMakeFiles/ros_gz_interfaces__rosidl_generator_c.dir/rosidl_generator_c/ros_gz_interfaces/msg/detail/track_visual__functions.c.o[K
[5.720s] [66/276] Building C object CMakeFiles/ros_gz_interfaces__rosidl_generator_c.dir/rosidl_generator_c/ros_gz_interfaces/msg/detail/world_reset__functions.c.o[K
[5.720s] [67/276] Building C object CMakeFiles/ros_gz_interfaces__rosidl_generator_c.dir/rosidl_generator_c/ros_gz_interfaces/srv/detail/set_entity_pose__type_support.c.o[K
[5.722s] [68/276] Building C object CMakeFiles/ros_gz_interfaces__rosidl_generator_c.dir/rosidl_generator_c/ros_gz_interfaces/msg/detail/world_reset__description.c.o[K
[5.726s] [69/276] Building C object CMakeFiles/ros_gz_interfaces__rosidl_generator_c.dir/rosidl_generator_c/ros_gz_interfaces/msg/detail/world_control__functions.c.o[K
[5.726s] [70/276] Building C object CMakeFiles/ros_gz_interfaces__rosidl_generator_c.dir/rosidl_generator_c/ros_gz_interfaces/srv/detail/control_world__type_support.c.o[K
[5.730s] [71/276] Building C object CMakeFiles/ros_gz_interfaces__rosidl_generator_c.dir/rosidl_generator_c/ros_gz_interfaces/srv/detail/delete_entity__type_support.c.o[K
[5.732s] [72/276] Building C object CMakeFiles/ros_gz_interfaces__rosidl_generator_c.dir/rosidl_generator_c/ros_gz_interfaces/srv/detail/spawn_entity__type_support.c.o[K
[5.737s] [73/276] Building C object CMakeFiles/ros_gz_interfaces__rosidl_generator_c.dir/rosidl_generator_c/ros_gz_interfaces/srv/detail/control_world__description.c.o[K
[5.737s] [74/276] Building C object CMakeFiles/ros_gz_interfaces__rosidl_generator_c.dir/rosidl_generator_c/ros_gz_interfaces/srv/detail/delete_entity__description.c.o[K
[5.741s] [75/276] Building C object CMakeFiles/ros_gz_interfaces__rosidl_generator_c.dir/rosidl_generator_c/ros_gz_interfaces/srv/detail/spawn_entity__description.c.o[K
[5.744s] [76/276] Building C object CMakeFiles/ros_gz_interfaces__rosidl_generator_c.dir/rosidl_generator_c/ros_gz_interfaces/srv/detail/delete_entity__functions.c.o[K
[5.744s] [77/276] Building C object CMakeFiles/ros_gz_interfaces__rosidl_generator_c.dir/rosidl_generator_c/ros_gz_interfaces/srv/detail/set_entity_pose__description.c.o[K
[5.746s] [78/276] Building C object CMakeFiles/ros_gz_interfaces__rosidl_generator_c.dir/rosidl_generator_c/ros_gz_interfaces/srv/detail/set_entity_pose__functions.c.o[K
[5.757s] [79/276] Building C object CMakeFiles/ros_gz_interfaces__rosidl_generator_c.dir/rosidl_generator_c/ros_gz_interfaces/srv/detail/spawn_entity__functions.c.o[K
[5.757s] [80/276] Building C object CMakeFiles/ros_gz_interfaces__rosidl_generator_c.dir/rosidl_generator_c/ros_gz_interfaces/srv/detail/control_world__functions.c.o[K
[5.783s] [80/276] Linking C shared library libros_gz_interfaces__rosidl_generator_c.so[K
[5.783s] [81/276] Linking C shared library libros_gz_interfaces__rosidl_generator_c.so[K
[5.784s] [81/276] Generating C type support for eProsima Fast-RTPS[K
[5.784s] [81/276] Generating C++ type support for eProsima Fast-RTPS[K
[5.784s] [81/276] Generating C introspection for ROS interfaces[K
[5.785s] [81/276] Generating C type support dispatch for ROS interfaces[K
[5.785s] [81/276] Generating C++ introspection for ROS interfaces[K
[6.851s] [81/276] Generating C++ type support dispatch for ROS interfaces[K
[6.851s] [82/276] Generating C type support dispatch for ROS interfaces[K
[6.851s] [82/276] Building CXX object CMakeFiles/ros_gz_interfaces__rosidl_typesupport_c.dir/rosidl_typesupport_c/ros_gz_interfaces/msg/altimeter__type_support.cpp.o[K
[6.851s] [82/276] Building CXX object CMakeFiles/ros_gz_interfaces__rosidl_typesupport_c.dir/rosidl_typesupport_c/ros_gz_interfaces/msg/contact__type_support.cpp.o[K
[6.852s] [82/276] Building CXX object CMakeFiles/ros_gz_interfaces__rosidl_typesupport_c.dir/rosidl_typesupport_c/ros_gz_interfaces/msg/contacts__type_support.cpp.o[K
[6.852s] [82/276] Building CXX object CMakeFiles/ros_gz_interfaces__rosidl_typesupport_c.dir/rosidl_typesupport_c/ros_gz_interfaces/msg/dataframe__type_support.cpp.o[K
[6.852s] [82/276] Building CXX object CMakeFiles/ros_gz_interfaces__rosidl_typesupport_c.dir/rosidl_typesupport_c/ros_gz_interfaces/msg/entity__type_support.cpp.o[K
[6.852s] [82/276] Building CXX object CMakeFiles/ros_gz_interfaces__rosidl_typesupport_c.dir/rosidl_typesupport_c/ros_gz_interfaces/msg/entity_factory__type_support.cpp.o[K
[6.852s] [82/276] Building CXX object CMakeFiles/ros_gz_interfaces__rosidl_typesupport_c.dir/rosidl_typesupport_c/ros_gz_interfaces/msg/entity_wrench__type_support.cpp.o[K
[6.853s] [82/276] Building CXX object CMakeFiles/ros_gz_interfaces__rosidl_typesupport_c.dir/rosidl_typesupport_c/ros_gz_interfaces/msg/float32_array__type_support.cpp.o[K
[6.853s] [82/276] Building CXX object CMakeFiles/ros_gz_interfaces__rosidl_typesupport_c.dir/rosidl_typesupport_c/ros_gz_interfaces/msg/gui_camera__type_support.cpp.o[K
[6.853s] [82/276] Building CXX object CMakeFiles/ros_gz_interfaces__rosidl_typesupport_c.dir/rosidl_typesupport_c/ros_gz_interfaces/msg/joint_wrench__type_support.cpp.o[K
[6.853s] [82/276] Building CXX object CMakeFiles/ros_gz_interfaces__rosidl_typesupport_c.dir/rosidl_typesupport_c/ros_gz_interfaces/msg/light__type_support.cpp.o[K
[6.853s] [82/276] Building CXX object CMakeFiles/ros_gz_interfaces__rosidl_typesupport_c.dir/rosidl_typesupport_c/ros_gz_interfaces/msg/logical_camera_image__type_support.cpp.o[K
[6.854s] [82/276] Building CXX object CMakeFiles/ros_gz_interfaces__rosidl_typesupport_c.dir/rosidl_typesupport_c/ros_gz_interfaces/msg/logical_camera_image_model__type_support.cpp.o[K
[6.854s] [82/276] Building CXX object CMakeFiles/ros_gz_interfaces__rosidl_typesupport_c.dir/rosidl_typesupport_c/ros_gz_interfaces/msg/material_color__type_support.cpp.o[K
[6.854s] [82/276] Building CXX object CMakeFiles/ros_gz_interfaces__rosidl_typesupport_c.dir/rosidl_typesupport_c/ros_gz_interfaces/msg/param_vec__type_support.cpp.o[K
[6.854s] [82/276] Building CXX object CMakeFiles/ros_gz_interfaces__rosidl_typesupport_c.dir/rosidl_typesupport_c/ros_gz_interfaces/msg/sensor_noise__type_support.cpp.o[K
[6.854s] [82/276] Building CXX object CMakeFiles/ros_gz_interfaces__rosidl_typesupport_c.dir/rosidl_typesupport_c/ros_gz_interfaces/msg/string_vec__type_support.cpp.o[K
[6.854s] [82/276] Building CXX object CMakeFiles/ros_gz_interfaces__rosidl_typesupport_c.dir/rosidl_typesupport_c/ros_gz_interfaces/msg/track_visual__type_support.cpp.o[K
[6.854s] [82/276] Building CXX object CMakeFiles/ros_gz_interfaces__rosidl_typesupport_c.dir/rosidl_typesupport_c/ros_gz_interfaces/msg/video_record__type_support.cpp.o[K
[6.855s] [82/276] Building CXX object CMakeFiles/ros_gz_interfaces__rosidl_typesupport_c.dir/rosidl_typesupport_c/ros_gz_interfaces/msg/world_control__type_support.cpp.o[K
[6.855s] [82/276] Building CXX object CMakeFiles/ros_gz_interfaces__rosidl_typesupport_c.dir/rosidl_typesupport_c/ros_gz_interfaces/msg/world_reset__type_support.cpp.o[K
[6.855s] [82/276] Building CXX object CMakeFiles/ros_gz_interfaces__rosidl_typesupport_c.dir/rosidl_typesupport_c/ros_gz_interfaces/srv/control_world__type_support.cpp.o[K
[6.855s] [82/276] Building CXX object CMakeFiles/ros_gz_interfaces__rosidl_typesupport_c.dir/rosidl_typesupport_c/ros_gz_interfaces/srv/delete_entity__type_support.cpp.o[K
[6.857s] [82/276] Building CXX object CMakeFiles/ros_gz_interfaces__rosidl_typesupport_c.dir/rosidl_typesupport_c/ros_gz_interfaces/srv/set_entity_pose__type_support.cpp.o[K
[6.857s] [82/276] Building CXX object CMakeFiles/ros_gz_interfaces__rosidl_typesupport_c.dir/rosidl_typesupport_c/ros_gz_interfaces/srv/spawn_entity__type_support.cpp.o[K
[6.857s] [83/276] Generating C++ type support dispatch for ROS interfaces[K
[6.862s] [83/276] Building CXX object CMakeFiles/ros_gz_interfaces__rosidl_typesupport_cpp.dir/rosidl_typesupport_cpp/ros_gz_interfaces/msg/altimeter__type_support.cpp.o[K
[6.862s] [83/276] Building CXX object CMakeFiles/ros_gz_interfaces__rosidl_typesupport_cpp.dir/rosidl_typesupport_cpp/ros_gz_interfaces/msg/contact__type_support.cpp.o[K
[6.885s] [83/276] Building CXX object CMakeFiles/ros_gz_interfaces__rosidl_typesupport_cpp.dir/rosidl_typesupport_cpp/ros_gz_interfaces/msg/contacts__type_support.cpp.o[K
[6.886s] [84/276] Building CXX object CMakeFiles/ros_gz_interfaces__rosidl_typesupport_c.dir/rosidl_typesupport_c/ros_gz_interfaces/msg/entity_factory__type_support.cpp.o[K
[6.886s] [84/276] Building CXX object CMakeFiles/ros_gz_interfaces__rosidl_typesupport_cpp.dir/rosidl_typesupport_cpp/ros_gz_interfaces/msg/dataframe__type_support.cpp.o[K
[6.887s] [85/276] Building CXX object CMakeFiles/ros_gz_interfaces__rosidl_typesupport_c.dir/rosidl_typesupport_c/ros_gz_interfaces/msg/entity__type_support.cpp.o[K
[6.887s] [85/276] Building CXX object CMakeFiles/ros_gz_interfaces__rosidl_typesupport_cpp.dir/rosidl_typesupport_cpp/ros_gz_interfaces/msg/entity__type_support.cpp.o[K
[6.887s] [86/276] Building CXX object CMakeFiles/ros_gz_interfaces__rosidl_typesupport_c.dir/rosidl_typesupport_c/ros_gz_interfaces/msg/material_color__type_support.cpp.o[K
[6.887s] [86/276] Building CXX object CMakeFiles/ros_gz_interfaces__rosidl_typesupport_cpp.dir/rosidl_typesupport_cpp/ros_gz_interfaces/msg/entity_factory__type_support.cpp.o[K
[6.888s] [87/276] Building CXX object CMakeFiles/ros_gz_interfaces__rosidl_typesupport_c.dir/rosidl_typesupport_c/ros_gz_interfaces/msg/string_vec__type_support.cpp.o[K
[6.888s] [87/276] Building CXX object CMakeFiles/ros_gz_interfaces__rosidl_typesupport_cpp.dir/rosidl_typesupport_cpp/ros_gz_interfaces/msg/entity_wrench__type_support.cpp.o[K
[6.888s] [88/276] Building CXX object CMakeFiles/ros_gz_interfaces__rosidl_typesupport_c.dir/rosidl_typesupport_c/ros_gz_interfaces/msg/float32_array__type_support.cpp.o[K
[6.889s] [88/276] Building CXX object CMakeFiles/ros_gz_interfaces__rosidl_typesupport_cpp.dir/rosidl_typesupport_cpp/ros_gz_interfaces/msg/float32_array__type_support.cpp.o[K
[6.889s] [89/276] Building CXX object CMakeFiles/ros_gz_interfaces__rosidl_typesupport_c.dir/rosidl_typesupport_c/ros_gz_interfaces/msg/gui_camera__type_support.cpp.o[K
[6.889s] [89/276] Building CXX object CMakeFiles/ros_gz_interfaces__rosidl_typesupport_cpp.dir/rosidl_typesupport_cpp/ros_gz_interfaces/msg/gui_camera__type_support.cpp.o[K
[6.889s] [90/276] Building CXX object CMakeFiles/ros_gz_interfaces__rosidl_typesupport_c.dir/rosidl_typesupport_c/ros_gz_interfaces/msg/joint_wrench__type_support.cpp.o[K
[6.889s] [90/276] Building CXX object CMakeFiles/ros_gz_interfaces__rosidl_typesupport_cpp.dir/rosidl_typesupport_cpp/ros_gz_interfaces/msg/joint_wrench__type_support.cpp.o[K
[6.889s] [91/276] Building CXX object CMakeFiles/ros_gz_interfaces__rosidl_typesupport_c.dir/rosidl_typesupport_c/ros_gz_interfaces/msg/light__type_support.cpp.o[K
[6.889s] [91/276] Building CXX object CMakeFiles/ros_gz_interfaces__rosidl_typesupport_cpp.dir/rosidl_typesupport_cpp/ros_gz_interfaces/msg/light__type_support.cpp.o[K
[6.889s] [92/276] Building CXX object CMakeFiles/ros_gz_interfaces__rosidl_typesupport_c.dir/rosidl_typesupport_c/ros_gz_interfaces/msg/param_vec__type_support.cpp.o[K
[6.890s] [92/276] Building CXX object CMakeFiles/ros_gz_interfaces__rosidl_typesupport_cpp.dir/rosidl_typesupport_cpp/ros_gz_interfaces/msg/logical_camera_image__type_support.cpp.o[K
[6.890s] [93/276] Building CXX object CMakeFiles/ros_gz_interfaces__rosidl_typesupport_c.dir/rosidl_typesupport_c/ros_gz_interfaces/msg/world_reset__type_support.cpp.o[K
[6.890s] [93/276] Building CXX object CMakeFiles/ros_gz_interfaces__rosidl_typesupport_cpp.dir/rosidl_typesupport_cpp/ros_gz_interfaces/msg/logical_camera_image_model__type_support.cpp.o[K
[6.890s] [94/276] Building CXX object CMakeFiles/ros_gz_interfaces__rosidl_typesupport_c.dir/rosidl_typesupport_c/ros_gz_interfaces/msg/altimeter__type_support.cpp.o[K
[6.890s] [94/276] Building CXX object CMakeFiles/ros_gz_interfaces__rosidl_typesupport_cpp.dir/rosidl_typesupport_cpp/ros_gz_interfaces/msg/material_color__type_support.cpp.o[K
[6.890s] [95/276] Building CXX object CMakeFiles/ros_gz_interfaces__rosidl_typesupport_c.dir/rosidl_typesupport_c/ros_gz_interfaces/msg/contact__type_support.cpp.o[K
[6.890s] [95/276] Building CXX object CMakeFiles/ros_gz_interfaces__rosidl_typesupport_cpp.dir/rosidl_typesupport_cpp/ros_gz_interfaces/msg/param_vec__type_support.cpp.o[K
[6.890s] [96/276] Building CXX object CMakeFiles/ros_gz_interfaces__rosidl_typesupport_c.dir/rosidl_typesupport_c/ros_gz_interfaces/msg/contacts__type_support.cpp.o[K
[6.891s] [96/276] Building CXX object CMakeFiles/ros_gz_interfaces__rosidl_typesupport_cpp.dir/rosidl_typesupport_cpp/ros_gz_interfaces/msg/sensor_noise__type_support.cpp.o[K
[6.891s] [97/276] Building CXX object CMakeFiles/ros_gz_interfaces__rosidl_typesupport_c.dir/rosidl_typesupport_c/ros_gz_interfaces/msg/logical_camera_image__type_support.cpp.o[K
[6.891s] [97/276] Building CXX object CMakeFiles/ros_gz_interfaces__rosidl_typesupport_cpp.dir/rosidl_typesupport_cpp/ros_gz_interfaces/msg/string_vec__type_support.cpp.o[K
[6.891s] [98/276] Building CXX object CMakeFiles/ros_gz_interfaces__rosidl_typesupport_c.dir/rosidl_typesupport_c/ros_gz_interfaces/msg/logical_camera_image_model__type_support.cpp.o[K
[6.892s] [98/276] Building CXX object CMakeFiles/ros_gz_interfaces__rosidl_typesupport_cpp.dir/rosidl_typesupport_cpp/ros_gz_interfaces/msg/track_visual__type_support.cpp.o[K
[6.892s] [99/276] Building CXX object CMakeFiles/ros_gz_interfaces__rosidl_typesupport_c.dir/rosidl_typesupport_c/ros_gz_interfaces/msg/sensor_noise__type_support.cpp.o[K
[6.892s] [99/276] Building CXX object CMakeFiles/ros_gz_interfaces__rosidl_typesupport_cpp.dir/rosidl_typesupport_cpp/ros_gz_interfaces/msg/video_record__type_support.cpp.o[K
[6.892s] [100/276] Building CXX object CMakeFiles/ros_gz_interfaces__rosidl_typesupport_c.dir/rosidl_typesupport_c/ros_gz_interfaces/msg/track_visual__type_support.cpp.o[K
[6.893s] [100/276] Building CXX object CMakeFiles/ros_gz_interfaces__rosidl_typesupport_cpp.dir/rosidl_typesupport_cpp/ros_gz_interfaces/msg/world_control__type_support.cpp.o[K
[6.893s] [101/276] Building CXX object CMakeFiles/ros_gz_interfaces__rosidl_typesupport_c.dir/rosidl_typesupport_c/ros_gz_interfaces/msg/video_record__type_support.cpp.o[K
[6.894s] [101/276] Building CXX object CMakeFiles/ros_gz_interfaces__rosidl_typesupport_cpp.dir/rosidl_typesupport_cpp/ros_gz_interfaces/msg/world_reset__type_support.cpp.o[K
[6.894s] [102/276] Building CXX object CMakeFiles/ros_gz_interfaces__rosidl_typesupport_c.dir/rosidl_typesupport_c/ros_gz_interfaces/msg/world_control__type_support.cpp.o[K
[6.895s] [102/276] Building CXX object CMakeFiles/ros_gz_interfaces__rosidl_typesupport_cpp.dir/rosidl_typesupport_cpp/ros_gz_interfaces/srv/control_world__type_support.cpp.o[K
[6.895s] [103/276] Building CXX object CMakeFiles/ros_gz_interfaces__rosidl_typesupport_c.dir/rosidl_typesupport_c/ros_gz_interfaces/msg/dataframe__type_support.cpp.o[K
[6.895s] [103/276] Building CXX object CMakeFiles/ros_gz_interfaces__rosidl_typesupport_cpp.dir/rosidl_typesupport_cpp/ros_gz_interfaces/srv/delete_entity__type_support.cpp.o[K
[6.895s] [104/276] Building CXX object CMakeFiles/ros_gz_interfaces__rosidl_typesupport_c.dir/rosidl_typesupport_c/ros_gz_interfaces/srv/control_world__type_support.cpp.o[K
[6.895s] [104/276] Building CXX object CMakeFiles/ros_gz_interfaces__rosidl_typesupport_cpp.dir/rosidl_typesupport_cpp/ros_gz_interfaces/srv/set_entity_pose__type_support.cpp.o[K
[6.898s] [105/276] Building CXX object CMakeFiles/ros_gz_interfaces__rosidl_typesupport_c.dir/rosidl_typesupport_c/ros_gz_interfaces/srv/delete_entity__type_support.cpp.o[K
[6.899s] [105/276] Building CXX object CMakeFiles/ros_gz_interfaces__rosidl_typesupport_cpp.dir/rosidl_typesupport_cpp/ros_gz_interfaces/srv/spawn_entity__type_support.cpp.o[K
[6.899s] [106/276] Building CXX object CMakeFiles/ros_gz_interfaces__rosidl_typesupport_c.dir/rosidl_typesupport_c/ros_gz_interfaces/msg/entity_wrench__type_support.cpp.o[K
[6.911s] [107/276] Building CXX object CMakeFiles/ros_gz_interfaces__rosidl_typesupport_c.dir/rosidl_typesupport_c/ros_gz_interfaces/srv/set_entity_pose__type_support.cpp.o[K
[6.911s] [108/276] Building CXX object CMakeFiles/ros_gz_interfaces__rosidl_typesupport_c.dir/rosidl_typesupport_c/ros_gz_interfaces/srv/spawn_entity__type_support.cpp.o[K
[6.942s] [108/276] Linking CXX shared library libros_gz_interfaces__rosidl_typesupport_c.so[K
[7.072s] [109/276] Linking CXX shared library libros_gz_interfaces__rosidl_typesupport_c.so[K
[7.072s] [110/276] Generating C++ introspection for ROS interfaces[K
[7.075s] [110/276] Building CXX object CMakeFiles/ros_gz_interfaces__rosidl_typesupport_introspection_cpp.dir/rosidl_typesupport_introspection_cpp/ros_gz_interfaces/msg/detail/altimeter__type_support.cpp.o[K
[7.076s] [110/276] Building CXX object CMakeFiles/ros_gz_interfaces__rosidl_typesupport_introspection_cpp.dir/rosidl_typesupport_introspection_cpp/ros_gz_interfaces/msg/detail/contact__type_support.cpp.o[K
[7.077s] [110/276] Building CXX object CMakeFiles/ros_gz_interfaces__rosidl_typesupport_introspection_cpp.dir/rosidl_typesupport_introspection_cpp/ros_gz_interfaces/msg/detail/contacts__type_support.cpp.o[K
[7.097s] [110/276] Building CXX object CMakeFiles/ros_gz_interfaces__rosidl_typesupport_introspection_cpp.dir/rosidl_typesupport_introspection_cpp/ros_gz_interfaces/msg/detail/dataframe__type_support.cpp.o[K
[7.097s] [111/276] Generating C introspection for ROS interfaces[K
[7.145s] [111/276] Building C object CMakeFiles/ros_gz_interfaces__rosidl_typesupport_introspection_c.dir/rosidl_typesupport_introspection_c/ros_gz_interfaces/msg/detail/altimeter__type_support.c.o[K
[7.145s] [112/276] Building C object CMakeFiles/ros_gz_interfaces__rosidl_typesupport_introspection_c.dir/rosidl_typesupport_introspection_c/ros_gz_interfaces/msg/detail/altimeter__type_support.c.o[K
[7.149s] [112/276] Building C object CMakeFiles/ros_gz_interfaces__rosidl_typesupport_introspection_c.dir/rosidl_typesupport_introspection_c/ros_gz_interfaces/msg/detail/contact__type_support.c.o[K
[7.153s] [113/276] Building CXX object CMakeFiles/ros_gz_interfaces__rosidl_typesupport_cpp.dir/rosidl_typesupport_cpp/ros_gz_interfaces/msg/light__type_support.cpp.o[K
[7.153s] [113/276] Building C object CMakeFiles/ros_gz_interfaces__rosidl_typesupport_introspection_c.dir/rosidl_typesupport_introspection_c/ros_gz_interfaces/msg/detail/contacts__type_support.c.o[K
[7.153s] [114/276] Building CXX object CMakeFiles/ros_gz_interfaces__rosidl_typesupport_cpp.dir/rosidl_typesupport_cpp/ros_gz_interfaces/msg/altimeter__type_support.cpp.o[K
[7.171s] [114/276] Building C object CMakeFiles/ros_gz_interfaces__rosidl_typesupport_introspection_c.dir/rosidl_typesupport_introspection_c/ros_gz_interfaces/msg/detail/dataframe__type_support.c.o[K
[7.171s] [115/276] Building CXX object CMakeFiles/ros_gz_interfaces__rosidl_typesupport_cpp.dir/rosidl_typesupport_cpp/ros_gz_interfaces/msg/param_vec__type_support.cpp.o[K
[7.172s] [115/276] Building C object CMakeFiles/ros_gz_interfaces__rosidl_typesupport_introspection_c.dir/rosidl_typesupport_introspection_c/ros_gz_interfaces/msg/detail/entity__type_support.c.o[K
[7.172s] [116/276] Building CXX object CMakeFiles/ros_gz_interfaces__rosidl_typesupport_cpp.dir/rosidl_typesupport_cpp/ros_gz_interfaces/msg/contacts__type_support.cpp.o[K
[7.173s] [116/276] Building C object CMakeFiles/ros_gz_interfaces__rosidl_typesupport_introspection_c.dir/rosidl_typesupport_introspection_c/ros_gz_interfaces/msg/detail/entity_factory__type_support.c.o[K
[7.173s] [117/276] Building CXX object CMakeFiles/ros_gz_interfaces__rosidl_typesupport_cpp.dir/rosidl_typesupport_cpp/ros_gz_interfaces/msg/contact__type_support.cpp.o[K
[7.177s] [117/276] Building C object CMakeFiles/ros_gz_interfaces__rosidl_typesupport_introspection_c.dir/rosidl_typesupport_introspection_c/ros_gz_interfaces/msg/detail/entity_wrench__type_support.c.o[K
[7.177s] [118/276] Building CXX object CMakeFiles/ros_gz_interfaces__rosidl_typesupport_cpp.dir/rosidl_typesupport_cpp/ros_gz_interfaces/msg/float32_array__type_support.cpp.o[K
[7.184s] [118/276] Building C object CMakeFiles/ros_gz_interfaces__rosidl_typesupport_introspection_c.dir/rosidl_typesupport_introspection_c/ros_gz_interfaces/msg/detail/float32_array__type_support.c.o[K
[7.184s] [119/276] Building CXX object CMakeFiles/ros_gz_interfaces__rosidl_typesupport_cpp.dir/rosidl_typesupport_cpp/ros_gz_interfaces/msg/logical_camera_image_model__type_support.cpp.o[K
[7.186s] [119/276] Building C object CMakeFiles/ros_gz_interfaces__rosidl_typesupport_introspection_c.dir/rosidl_typesupport_introspection_c/ros_gz_interfaces/msg/detail/gui_camera__type_support.c.o[K
[7.186s] [120/276] Building C object CMakeFiles/ros_gz_interfaces__rosidl_typesupport_introspection_c.dir/rosidl_typesupport_introspection_c/ros_gz_interfaces/msg/detail/contacts__type_support.c.o[K
[7.191s] [120/276] Building C object CMakeFiles/ros_gz_interfaces__rosidl_typesupport_introspection_c.dir/rosidl_typesupport_introspection_c/ros_gz_interfaces/msg/detail/joint_wrench__type_support.c.o[K
[7.191s] [121/276] Building CXX object CMakeFiles/ros_gz_interfaces__rosidl_typesupport_cpp.dir/rosidl_typesupport_cpp/ros_gz_interfaces/msg/entity_factory__type_support.cpp.o[K
[7.194s] [121/276] Building C object CMakeFiles/ros_gz_interfaces__rosidl_typesupport_introspection_c.dir/rosidl_typesupport_introspection_c/ros_gz_interfaces/msg/detail/light__type_support.c.o[K
[7.195s] [122/276] Building C object CMakeFiles/ros_gz_interfaces__rosidl_typesupport_introspection_c.dir/rosidl_typesupport_introspection_c/ros_gz_interfaces/msg/detail/contact__type_support.c.o[K
[7.202s] [122/276] Building C object CMakeFiles/ros_gz_interfaces__rosidl_typesupport_introspection_c.dir/rosidl_typesupport_introspection_c/ros_gz_interfaces/msg/detail/logical_camera_image__type_support.c.o[K
[7.202s] [123/276] Building C object CMakeFiles/ros_gz_interfaces__rosidl_typesupport_introspection_c.dir/rosidl_typesupport_introspection_c/ros_gz_interfaces/msg/detail/entity__type_support.c.o[K
[7.204s] [123/276] Building C object CMakeFiles/ros_gz_interfaces__rosidl_typesupport_introspection_c.dir/rosidl_typesupport_introspection_c/ros_gz_interfaces/msg/detail/logical_camera_image_model__type_support.c.o[K
[7.204s] [124/276] Building C object CMakeFiles/ros_gz_interfaces__rosidl_typesupport_introspection_c.dir/rosidl_typesupport_introspection_c/ros_gz_interfaces/msg/detail/entity_factory__type_support.c.o[K
[7.206s] [124/276] Building C object CMakeFiles/ros_gz_interfaces__rosidl_typesupport_introspection_c.dir/rosidl_typesupport_introspection_c/ros_gz_interfaces/msg/detail/material_color__type_support.c.o[K
[7.207s] [125/276] Building CXX object CMakeFiles/ros_gz_interfaces__rosidl_typesupport_cpp.dir/rosidl_typesupport_cpp/ros_gz_interfaces/msg/track_visual__type_support.cpp.o[K
[7.207s] [125/276] Building C object CMakeFiles/ros_gz_interfaces__rosidl_typesupport_introspection_c.dir/rosidl_typesupport_introspection_c/ros_gz_interfaces/msg/detail/param_vec__type_support.c.o[K
[7.207s] [126/276] Building CXX object CMakeFiles/ros_gz_interfaces__rosidl_typesupport_cpp.dir/rosidl_typesupport_cpp/ros_gz_interfaces/msg/joint_wrench__type_support.cpp.o[K
[7.209s] [126/276] Building C object CMakeFiles/ros_gz_interfaces__rosidl_typesupport_introspection_c.dir/rosidl_typesupport_introspection_c/ros_gz_interfaces/msg/detail/sensor_noise__type_support.c.o[K
[7.209s] [127/276] Building CXX object CMakeFiles/ros_gz_interfaces__rosidl_typesupport_cpp.dir/rosidl_typesupport_cpp/ros_gz_interfaces/msg/entity__type_support.cpp.o[K
[7.209s] [127/276] Building C object CMakeFiles/ros_gz_interfaces__rosidl_typesupport_introspection_c.dir/rosidl_typesupport_introspection_c/ros_gz_interfaces/msg/detail/string_vec__type_support.c.o[K
[7.209s] [128/276] Building C object CMakeFiles/ros_gz_interfaces__rosidl_typesupport_introspection_c.dir/rosidl_typesupport_introspection_c/ros_gz_interfaces/msg/detail/float32_array__type_support.c.o[K
[7.212s] [128/276] Building C object CMakeFiles/ros_gz_interfaces__rosidl_typesupport_introspection_c.dir/rosidl_typesupport_introspection_c/ros_gz_interfaces/msg/detail/track_visual__type_support.c.o[K
[7.212s] [129/276] Building CXX object CMakeFiles/ros_gz_interfaces__rosidl_typesupport_cpp.dir/rosidl_typesupport_cpp/ros_gz_interfaces/msg/entity_wrench__type_support.cpp.o[K
[7.212s] [129/276] Building C object CMakeFiles/ros_gz_interfaces__rosidl_typesupport_introspection_c.dir/rosidl_typesupport_introspection_c/ros_gz_interfaces/msg/detail/video_record__type_support.c.o[K
[7.213s] [130/276] Building C object CMakeFiles/ros_gz_interfaces__rosidl_typesupport_introspection_c.dir/rosidl_typesupport_introspection_c/ros_gz_interfaces/msg/detail/dataframe__type_support.c.o[K
[7.215s] [130/276] Building C object CMakeFiles/ros_gz_interfaces__rosidl_typesupport_introspection_c.dir/rosidl_typesupport_introspection_c/ros_gz_interfaces/msg/detail/world_control__type_support.c.o[K
[7.215s] [131/276] Building C object CMakeFiles/ros_gz_interfaces__rosidl_typesupport_introspection_c.dir/rosidl_typesupport_introspection_c/ros_gz_interfaces/msg/detail/entity_wrench__type_support.c.o[K
[7.217s] [131/276] Building C object CMakeFiles/ros_gz_interfaces__rosidl_typesupport_introspection_c.dir/rosidl_typesupport_introspection_c/ros_gz_interfaces/msg/detail/world_reset__type_support.c.o[K
[7.217s] [132/276] Building C object CMakeFiles/ros_gz_interfaces__rosidl_typesupport_introspection_c.dir/rosidl_typesupport_introspection_c/ros_gz_interfaces/msg/detail/gui_camera__type_support.c.o[K
[7.218s] [132/276] Building C object CMakeFiles/ros_gz_interfaces__rosidl_typesupport_introspection_c.dir/rosidl_typesupport_introspection_c/ros_gz_interfaces/srv/detail/control_world__type_support.c.o[K
[7.219s] [133/276] Building CXX object CMakeFiles/ros_gz_interfaces__rosidl_typesupport_cpp.dir/rosidl_typesupport_cpp/ros_gz_interfaces/msg/logical_camera_image__type_support.cpp.o[K
[7.219s] [133/276] Building C object CMakeFiles/ros_gz_interfaces__rosidl_typesupport_introspection_c.dir/rosidl_typesupport_introspection_c/ros_gz_interfaces/srv/detail/delete_entity__type_support.c.o[K
[7.219s] [134/276] Building CXX object CMakeFiles/ros_gz_interfaces__rosidl_typesupport_cpp.dir/rosidl_typesupport_cpp/ros_gz_interfaces/msg/sensor_noise__type_support.cpp.o[K
[7.222s] [134/276] Building C object CMakeFiles/ros_gz_interfaces__rosidl_typesupport_introspection_c.dir/rosidl_typesupport_introspection_c/ros_gz_interfaces/srv/detail/set_entity_pose__type_support.c.o[K
[7.222s] [135/276] Building CXX object CMakeFiles/ros_gz_interfaces__rosidl_typesupport_cpp.dir/rosidl_typesupport_cpp/ros_gz_interfaces/msg/material_color__type_support.cpp.o[K
[7.222s] [135/276] Building C object CMakeFiles/ros_gz_interfaces__rosidl_typesupport_introspection_c.dir/rosidl_typesupport_introspection_c/ros_gz_interfaces/srv/detail/spawn_entity__type_support.c.o[K
[7.222s] [136/276] Building CXX object CMakeFiles/ros_gz_interfaces__rosidl_typesupport_cpp.dir/rosidl_typesupport_cpp/ros_gz_interfaces/msg/string_vec__type_support.cpp.o[K
[7.222s] [136/276] Building CXX object CMakeFiles/ros_gz_interfaces__rosidl_typesupport_introspection_cpp.dir/rosidl_typesupport_introspection_cpp/ros_gz_interfaces/msg/detail/entity__type_support.cpp.o[K
[7.223s] [137/276] Building CXX object CMakeFiles/ros_gz_interfaces__rosidl_typesupport_cpp.dir/rosidl_typesupport_cpp/ros_gz_interfaces/msg/world_control__type_support.cpp.o[K
[7.223s] [137/276] Building CXX object CMakeFiles/ros_gz_interfaces__rosidl_typesupport_introspection_cpp.dir/rosidl_typesupport_introspection_cpp/ros_gz_interfaces/msg/detail/entity_factory__type_support.cpp.o[K
[7.223s] [138/276] Building CXX object CMakeFiles/ros_gz_interfaces__rosidl_typesupport_cpp.dir/rosidl_typesupport_cpp/ros_gz_interfaces/msg/gui_camera__type_support.cpp.o[K
[7.224s] [138/276] Building CXX object CMakeFiles/ros_gz_interfaces__rosidl_typesupport_introspection_cpp.dir/rosidl_typesupport_introspection_cpp/ros_gz_interfaces/msg/detail/entity_wrench__type_support.cpp.o[K
[7.225s] [139/276] Building CXX object CMakeFiles/ros_gz_interfaces__rosidl_typesupport_cpp.dir/rosidl_typesupport_cpp/ros_gz_interfaces/msg/world_reset__type_support.cpp.o[K
[7.225s] [139/276] Building CXX object CMakeFiles/ros_gz_interfaces__rosidl_typesupport_introspection_cpp.dir/rosidl_typesupport_introspection_cpp/ros_gz_interfaces/msg/detail/float32_array__type_support.cpp.o[K
[7.225s] [140/276] Building CXX object CMakeFiles/ros_gz_interfaces__rosidl_typesupport_cpp.dir/rosidl_typesupport_cpp/ros_gz_interfaces/msg/dataframe__type_support.cpp.o[K
[7.226s] [140/276] Building CXX object CMakeFiles/ros_gz_interfaces__rosidl_typesupport_introspection_cpp.dir/rosidl_typesupport_introspection_cpp/ros_gz_interfaces/msg/detail/gui_camera__type_support.cpp.o[K
[7.226s] [141/276] Building C object CMakeFiles/ros_gz_interfaces__rosidl_typesupport_introspection_c.dir/rosidl_typesupport_introspection_c/ros_gz_interfaces/msg/detail/joint_wrench__type_support.c.o[K
[7.235s] [141/276] Building CXX object CMakeFiles/ros_gz_interfaces__rosidl_typesupport_introspection_cpp.dir/rosidl_typesupport_introspection_cpp/ros_gz_interfaces/msg/detail/joint_wrench__type_support.cpp.o[K
[7.235s] [142/276] Building C object CMakeFiles/ros_gz_interfaces__rosidl_typesupport_introspection_c.dir/rosidl_typesupport_introspection_c/ros_gz_interfaces/msg/detail/light__type_support.c.o[K
[7.235s] [142/276] Building CXX object CMakeFiles/ros_gz_interfaces__rosidl_typesupport_introspection_cpp.dir/rosidl_typesupport_introspection_cpp/ros_gz_interfaces/msg/detail/light__type_support.cpp.o[K
[7.235s] [143/276] Building CXX object CMakeFiles/ros_gz_interfaces__rosidl_typesupport_cpp.dir/rosidl_typesupport_cpp/ros_gz_interfaces/msg/video_record__type_support.cpp.o[K
[7.235s] [143/276] Building CXX object CMakeFiles/ros_gz_interfaces__rosidl_typesupport_introspection_cpp.dir/rosidl_typesupport_introspection_cpp/ros_gz_interfaces/msg/detail/logical_camera_image__type_support.cpp.o[K
[7.235s] [144/276] Building C object CMakeFiles/ros_gz_interfaces__rosidl_typesupport_introspection_c.dir/rosidl_typesupport_introspection_c/ros_gz_interfaces/msg/detail/logical_camera_image_model__type_support.c.o[K
[7.236s] [144/276] Building CXX object CMakeFiles/ros_gz_interfaces__rosidl_typesupport_introspection_cpp.dir/rosidl_typesupport_introspection_cpp/ros_gz_interfaces/msg/detail/logical_camera_image_model__type_support.cpp.o[K
[7.236s] [145/276] Building C object CMakeFiles/ros_gz_interfaces__rosidl_typesupport_introspection_c.dir/rosidl_typesupport_introspection_c/ros_gz_interfaces/msg/detail/material_color__type_support.c.o[K
[7.237s] [145/276] Building CXX object CMakeFiles/ros_gz_interfaces__rosidl_typesupport_introspection_cpp.dir/rosidl_typesupport_introspection_cpp/ros_gz_interfaces/msg/detail/material_color__type_support.cpp.o[K
[7.237s] [146/276] Building C object CMakeFiles/ros_gz_interfaces__rosidl_typesupport_introspection_c.dir/rosidl_typesupport_introspection_c/ros_gz_interfaces/msg/detail/track_visual__type_support.c.o[K
[7.238s] [146/276] Building CXX object CMakeFiles/ros_gz_interfaces__rosidl_typesupport_introspection_cpp.dir/rosidl_typesupport_introspection_cpp/ros_gz_interfaces/msg/detail/param_vec__type_support.cpp.o[K
[7.238s] [147/276] Building C object CMakeFiles/ros_gz_interfaces__rosidl_typesupport_introspection_c.dir/rosidl_typesupport_introspection_c/ros_gz_interfaces/msg/detail/sensor_noise__type_support.c.o[K
[7.240s] [147/276] Building CXX object CMakeFiles/ros_gz_interfaces__rosidl_typesupport_introspection_cpp.dir/rosidl_typesupport_introspection_cpp/ros_gz_interfaces/msg/detail/sensor_noise__type_support.cpp.o[K
[7.241s] [148/276] Building C object CMakeFiles/ros_gz_interfaces__rosidl_typesupport_introspection_c.dir/rosidl_typesupport_introspection_c/ros_gz_interfaces/msg/detail/param_vec__type_support.c.o[K
[7.243s] [148/276] Building CXX object CMakeFiles/ros_gz_interfaces__rosidl_typesupport_introspection_cpp.dir/rosidl_typesupport_introspection_cpp/ros_gz_interfaces/msg/detail/string_vec__type_support.cpp.o[K
[7.243s] [149/276] Building C object CMakeFiles/ros_gz_interfaces__rosidl_typesupport_introspection_c.dir/rosidl_typesupport_introspection_c/ros_gz_interfaces/msg/detail/string_vec__type_support.c.o[K
[7.246s] [149/276] Building CXX object CMakeFiles/ros_gz_interfaces__rosidl_typesupport_introspection_cpp.dir/rosidl_typesupport_introspection_cpp/ros_gz_interfaces/msg/detail/track_visual__type_support.cpp.o[K
[7.246s] [150/276] Building C object CMakeFiles/ros_gz_interfaces__rosidl_typesupport_introspection_c.dir/rosidl_typesupport_introspection_c/ros_gz_interfaces/msg/detail/logical_camera_image__type_support.c.o[K
[7.251s] [150/276] Building CXX object CMakeFiles/ros_gz_interfaces__rosidl_typesupport_introspection_cpp.dir/rosidl_typesupport_introspection_cpp/ros_gz_interfaces/msg/detail/video_record__type_support.cpp.o[K
[7.251s] [151/276] Building CXX object CMakeFiles/ros_gz_interfaces__rosidl_typesupport_cpp.dir/rosidl_typesupport_cpp/ros_gz_interfaces/srv/spawn_entity__type_support.cpp.o[K
[7.252s] [151/276] Building CXX object CMakeFiles/ros_gz_interfaces__rosidl_typesupport_introspection_cpp.dir/rosidl_typesupport_introspection_cpp/ros_gz_interfaces/msg/detail/world_control__type_support.cpp.o[K
[7.252s] [152/276] Building C object CMakeFiles/ros_gz_interfaces__rosidl_typesupport_introspection_c.dir/rosidl_typesupport_introspection_c/ros_gz_interfaces/msg/detail/world_control__type_support.c.o[K
[7.255s] [152/276] Building CXX object CMakeFiles/ros_gz_interfaces__rosidl_typesupport_introspection_cpp.dir/rosidl_typesupport_introspection_cpp/ros_gz_interfaces/msg/detail/world_reset__type_support.cpp.o[K
[7.255s] [153/276] Building C object CMakeFiles/ros_gz_interfaces__rosidl_typesupport_introspection_c.dir/rosidl_typesupport_introspection_c/ros_gz_interfaces/msg/detail/world_reset__type_support.c.o[K
[7.255s] [153/276] Building CXX object CMakeFiles/ros_gz_interfaces__rosidl_typesupport_introspection_cpp.dir/rosidl_typesupport_introspection_cpp/ros_gz_interfaces/srv/detail/control_world__type_support.cpp.o[K
[7.256s] [154/276] Building C object CMakeFiles/ros_gz_interfaces__rosidl_typesupport_introspection_c.dir/rosidl_typesupport_introspection_c/ros_gz_interfaces/msg/detail/video_record__type_support.c.o[K
[7.258s] [154/276] Building CXX object CMakeFiles/ros_gz_interfaces__rosidl_typesupport_introspection_cpp.dir/rosidl_typesupport_introspection_cpp/ros_gz_interfaces/srv/detail/delete_entity__type_support.cpp.o[K
[7.260s] [155/276] Building C object CMakeFiles/ros_gz_interfaces__rosidl_typesupport_introspection_c.dir/rosidl_typesupport_introspection_c/ros_gz_interfaces/srv/detail/delete_entity__type_support.c.o[K
[7.263s] [155/276] Building CXX object CMakeFiles/ros_gz_interfaces__rosidl_typesupport_introspection_cpp.dir/rosidl_typesupport_introspection_cpp/ros_gz_interfaces/srv/detail/set_entity_pose__type_support.cpp.o[K
[7.263s] [156/276] Building C object CMakeFiles/ros_gz_interfaces__rosidl_typesupport_introspection_c.dir/rosidl_typesupport_introspection_c/ros_gz_interfaces/srv/detail/spawn_entity__type_support.c.o[K
[7.264s] [156/276] Building CXX object CMakeFiles/ros_gz_interfaces__rosidl_typesupport_introspection_cpp.dir/rosidl_typesupport_introspection_cpp/ros_gz_interfaces/srv/detail/spawn_entity__type_support.cpp.o[K
[7.267s] [157/276] Building C object CMakeFiles/ros_gz_interfaces__rosidl_typesupport_introspection_c.dir/rosidl_typesupport_introspection_c/ros_gz_interfaces/srv/detail/control_world__type_support.c.o[K
[7.267s] [158/276] Building C object CMakeFiles/ros_gz_interfaces__rosidl_typesupport_introspection_c.dir/rosidl_typesupport_introspection_c/ros_gz_interfaces/srv/detail/set_entity_pose__type_support.c.o[K
[7.288s] [158/276] Linking C shared library libros_gz_interfaces__rosidl_typesupport_introspection_c.so[K
[7.299s] [159/276] Linking C shared library libros_gz_interfaces__rosidl_typesupport_introspection_c.so[K
[7.312s] [160/276] Building CXX object CMakeFiles/ros_gz_interfaces__rosidl_typesupport_cpp.dir/rosidl_typesupport_cpp/ros_gz_interfaces/srv/control_world__type_support.cpp.o[K
[7.322s] [161/276] Building CXX object CMakeFiles/ros_gz_interfaces__rosidl_typesupport_cpp.dir/rosidl_typesupport_cpp/ros_gz_interfaces/srv/delete_entity__type_support.cpp.o[K
[7.323s] [162/276] Building CXX object CMakeFiles/ros_gz_interfaces__rosidl_typesupport_cpp.dir/rosidl_typesupport_cpp/ros_gz_interfaces/srv/set_entity_pose__type_support.cpp.o[K
[7.401s] [162/276] Linking CXX shared library libros_gz_interfaces__rosidl_typesupport_cpp.so[K
[7.422s] [163/276] Linking CXX shared library libros_gz_interfaces__rosidl_typesupport_cpp.so[K
[7.462s] [164/276] Building CXX object CMakeFiles/ros_gz_interfaces__rosidl_typesupport_introspection_cpp.dir/rosidl_typesupport_introspection_cpp/ros_gz_interfaces/msg/detail/altimeter__type_support.cpp.o[K
[7.469s] [165/276] Building CXX object CMakeFiles/ros_gz_interfaces__rosidl_typesupport_introspection_cpp.dir/rosidl_typesupport_introspection_cpp/ros_gz_interfaces/msg/detail/video_record__type_support.cpp.o[K
[7.502s] [166/276] Building CXX object CMakeFiles/ros_gz_interfaces__rosidl_typesupport_introspection_cpp.dir/rosidl_typesupport_introspection_cpp/ros_gz_interfaces/msg/detail/world_reset__type_support.cpp.o[K
[7.507s] [167/276] Building CXX object CMakeFiles/ros_gz_interfaces__rosidl_typesupport_introspection_cpp.dir/rosidl_typesupport_introspection_cpp/ros_gz_interfaces/msg/detail/material_color__type_support.cpp.o[K
[7.514s] [168/276] Building CXX object CMakeFiles/ros_gz_interfaces__rosidl_typesupport_introspection_cpp.dir/rosidl_typesupport_introspection_cpp/ros_gz_interfaces/msg/detail/dataframe__type_support.cpp.o[K
[7.517s] [169/276] Building CXX object CMakeFiles/ros_gz_interfaces__rosidl_typesupport_introspection_cpp.dir/rosidl_typesupport_introspection_cpp/ros_gz_interfaces/msg/detail/track_visual__type_support.cpp.o[K
[7.517s] [170/276] Building CXX object CMakeFiles/ros_gz_interfaces__rosidl_typesupport_introspection_cpp.dir/rosidl_typesupport_introspection_cpp/ros_gz_interfaces/msg/detail/contact__type_support.cpp.o[K
[7.520s] [171/276] Building CXX object CMakeFiles/ros_gz_interfaces__rosidl_typesupport_introspection_cpp.dir/rosidl_typesupport_introspection_cpp/ros_gz_interfaces/msg/detail/entity_wrench__type_support.cpp.o[K
[7.529s] [172/276] Building CXX object CMakeFiles/ros_gz_interfaces__rosidl_typesupport_introspection_cpp.dir/rosidl_typesupport_introspection_cpp/ros_gz_interfaces/msg/detail/light__type_support.cpp.o[K
[7.535s] [173/276] Building CXX object CMakeFiles/ros_gz_interfaces__rosidl_typesupport_introspection_cpp.dir/rosidl_typesupport_introspection_cpp/ros_gz_interfaces/msg/detail/gui_camera__type_support.cpp.o[K
[7.544s] [174/276] Building CXX object CMakeFiles/ros_gz_interfaces__rosidl_typesupport_introspection_cpp.dir/rosidl_typesupport_introspection_cpp/ros_gz_interfaces/msg/detail/float32_array__type_support.cpp.o[K
[7.547s] [175/276] Building CXX object CMakeFiles/ros_gz_interfaces__rosidl_typesupport_introspection_cpp.dir/rosidl_typesupport_introspection_cpp/ros_gz_interfaces/msg/detail/logical_camera_image_model__type_support.cpp.o[K
[7.552s] [176/276] Building CXX object CMakeFiles/ros_gz_interfaces__rosidl_typesupport_introspection_cpp.dir/rosidl_typesupport_introspection_cpp/ros_gz_interfaces/msg/detail/entity__type_support.cpp.o[K
[7.552s] [177/276] Generating C++ type support for eProsima Fast-RTPS[K
[7.553s] [177/276] Building CXX object CMakeFiles/ros_gz_interfaces__rosidl_typesupport_fastrtps_cpp.dir/rosidl_typesupport_fastrtps_cpp/ros_gz_interfaces/msg/detail/dds_fastrtps/altimeter__type_support.cpp.o[K
[7.553s] [177/276] Building CXX object CMakeFiles/ros_gz_interfaces__rosidl_typesupport_fastrtps_cpp.dir/rosidl_typesupport_fastrtps_cpp/ros_gz_interfaces/msg/detail/dds_fastrtps/contact__type_support.cpp.o[K
[7.553s] [177/276] Building CXX object CMakeFiles/ros_gz_interfaces__rosidl_typesupport_fastrtps_cpp.dir/rosidl_typesupport_fastrtps_cpp/ros_gz_interfaces/msg/detail/dds_fastrtps/contacts__type_support.cpp.o[K
[7.553s] [177/276] Building CXX object CMakeFiles/ros_gz_interfaces__rosidl_typesupport_fastrtps_cpp.dir/rosidl_typesupport_fastrtps_cpp/ros_gz_interfaces/msg/detail/dds_fastrtps/dataframe__type_support.cpp.o[K
[7.553s] [177/276] Building CXX object CMakeFiles/ros_gz_interfaces__rosidl_typesupport_fastrtps_cpp.dir/rosidl_typesupport_fastrtps_cpp/ros_gz_interfaces/msg/detail/dds_fastrtps/entity__type_support.cpp.o[K
[7.554s] [177/276] Building CXX object CMakeFiles/ros_gz_interfaces__rosidl_typesupport_fastrtps_cpp.dir/rosidl_typesupport_fastrtps_cpp/ros_gz_interfaces/msg/detail/dds_fastrtps/entity_factory__type_support.cpp.o[K
[7.554s] [177/276] Building CXX object CMakeFiles/ros_gz_interfaces__rosidl_typesupport_fastrtps_cpp.dir/rosidl_typesupport_fastrtps_cpp/ros_gz_interfaces/msg/detail/dds_fastrtps/entity_wrench__type_support.cpp.o[K
[7.554s] [177/276] Building CXX object CMakeFiles/ros_gz_interfaces__rosidl_typesupport_fastrtps_cpp.dir/rosidl_typesupport_fastrtps_cpp/ros_gz_interfaces/msg/detail/dds_fastrtps/float32_array__type_support.cpp.o[K
[7.554s] [177/276] Building CXX object CMakeFiles/ros_gz_interfaces__rosidl_typesupport_fastrtps_cpp.dir/rosidl_typesupport_fastrtps_cpp/ros_gz_interfaces/msg/detail/dds_fastrtps/gui_camera__type_support.cpp.o[K
[7.554s] [177/276] Building CXX object CMakeFiles/ros_gz_interfaces__rosidl_typesupport_fastrtps_cpp.dir/rosidl_typesupport_fastrtps_cpp/ros_gz_interfaces/msg/detail/dds_fastrtps/joint_wrench__type_support.cpp.o[K
[7.554s] [177/276] Building CXX object CMakeFiles/ros_gz_interfaces__rosidl_typesupport_fastrtps_cpp.dir/rosidl_typesupport_fastrtps_cpp/ros_gz_interfaces/msg/detail/dds_fastrtps/light__type_support.cpp.o[K
[7.555s] [177/276] Building CXX object CMakeFiles/ros_gz_interfaces__rosidl_typesupport_fastrtps_cpp.dir/rosidl_typesupport_fastrtps_cpp/ros_gz_interfaces/msg/detail/dds_fastrtps/logical_camera_image__type_support.cpp.o[K
[7.555s] [177/276] Building CXX object CMakeFiles/ros_gz_interfaces__rosidl_typesupport_fastrtps_cpp.dir/rosidl_typesupport_fastrtps_cpp/ros_gz_interfaces/msg/detail/dds_fastrtps/logical_camera_image_model__type_support.cpp.o[K
[7.555s] [177/276] Building CXX object CMakeFiles/ros_gz_interfaces__rosidl_typesupport_fastrtps_cpp.dir/rosidl_typesupport_fastrtps_cpp/ros_gz_interfaces/msg/detail/dds_fastrtps/material_color__type_support.cpp.o[K
[7.555s] [177/276] Building CXX object CMakeFiles/ros_gz_interfaces__rosidl_typesupport_fastrtps_cpp.dir/rosidl_typesupport_fastrtps_cpp/ros_gz_interfaces/msg/detail/dds_fastrtps/param_vec__type_support.cpp.o[K
[7.555s] [177/276] Building CXX object CMakeFiles/ros_gz_interfaces__rosidl_typesupport_fastrtps_cpp.dir/rosidl_typesupport_fastrtps_cpp/ros_gz_interfaces/msg/detail/dds_fastrtps/sensor_noise__type_support.cpp.o[K
[7.555s] [177/276] Building CXX object CMakeFiles/ros_gz_interfaces__rosidl_typesupport_fastrtps_cpp.dir/rosidl_typesupport_fastrtps_cpp/ros_gz_interfaces/msg/detail/dds_fastrtps/string_vec__type_support.cpp.o[K
[7.555s] [177/276] Building CXX object CMakeFiles/ros_gz_interfaces__rosidl_typesupport_fastrtps_cpp.dir/rosidl_typesupport_fastrtps_cpp/ros_gz_interfaces/msg/detail/dds_fastrtps/track_visual__type_support.cpp.o[K
[7.566s] [177/276] Building CXX object CMakeFiles/ros_gz_interfaces__rosidl_typesupport_fastrtps_cpp.dir/rosidl_typesupport_fastrtps_cpp/ros_gz_interfaces/msg/detail/dds_fastrtps/video_record__type_support.cpp.o[K
[7.566s] [178/276] Building CXX object CMakeFiles/ros_gz_interfaces__rosidl_typesupport_introspection_cpp.dir/rosidl_typesupport_introspection_cpp/ros_gz_interfaces/msg/detail/entity_factory__type_support.cpp.o[K
[7.566s] [178/276] Building CXX object CMakeFiles/ros_gz_interfaces__rosidl_typesupport_fastrtps_cpp.dir/rosidl_typesupport_fastrtps_cpp/ros_gz_interfaces/msg/detail/dds_fastrtps/world_control__type_support.cpp.o[K
[7.566s] [179/276] Building CXX object CMakeFiles/ros_gz_interfaces__rosidl_typesupport_introspection_cpp.dir/rosidl_typesupport_introspection_cpp/ros_gz_interfaces/msg/detail/logical_camera_image__type_support.cpp.o[K
[7.568s] [179/276] Building CXX object CMakeFiles/ros_gz_interfaces__rosidl_typesupport_fastrtps_cpp.dir/rosidl_typesupport_fastrtps_cpp/ros_gz_interfaces/msg/detail/dds_fastrtps/world_reset__type_support.cpp.o[K
[7.568s] [180/276] Building CXX object CMakeFiles/ros_gz_interfaces__rosidl_typesupport_introspection_cpp.dir/rosidl_typesupport_introspection_cpp/ros_gz_interfaces/msg/detail/string_vec__type_support.cpp.o[K
[7.569s] [180/276] Building CXX object CMakeFiles/ros_gz_interfaces__rosidl_typesupport_fastrtps_cpp.dir/rosidl_typesupport_fastrtps_cpp/ros_gz_interfaces/srv/detail/dds_fastrtps/control_world__type_support.cpp.o[K
[7.569s] [181/276] Building CXX object CMakeFiles/ros_gz_interfaces__rosidl_typesupport_introspection_cpp.dir/rosidl_typesupport_introspection_cpp/ros_gz_interfaces/msg/detail/sensor_noise__type_support.cpp.o[K
[7.578s] [181/276] Building CXX object CMakeFiles/ros_gz_interfaces__rosidl_typesupport_fastrtps_cpp.dir/rosidl_typesupport_fastrtps_cpp/ros_gz_interfaces/srv/detail/dds_fastrtps/delete_entity__type_support.cpp.o[K
[7.579s] [182/276] Building CXX object CMakeFiles/ros_gz_interfaces__rosidl_typesupport_introspection_cpp.dir/rosidl_typesupport_introspection_cpp/ros_gz_interfaces/msg/detail/joint_wrench__type_support.cpp.o[K
[7.583s] [182/276] Building CXX object CMakeFiles/ros_gz_interfaces__rosidl_typesupport_fastrtps_cpp.dir/rosidl_typesupport_fastrtps_cpp/ros_gz_interfaces/srv/detail/dds_fastrtps/set_entity_pose__type_support.cpp.o[K
[7.584s] [183/276] Building CXX object CMakeFiles/ros_gz_interfaces__rosidl_typesupport_introspection_cpp.dir/rosidl_typesupport_introspection_cpp/ros_gz_interfaces/msg/detail/world_control__type_support.cpp.o[K
[7.634s] [183/276] Building CXX object CMakeFiles/ros_gz_interfaces__rosidl_typesupport_fastrtps_cpp.dir/rosidl_typesupport_fastrtps_cpp/ros_gz_interfaces/srv/detail/dds_fastrtps/spawn_entity__type_support.cpp.o[K
[7.661s] [184/276] Building CXX object CMakeFiles/ros_gz_interfaces__rosidl_typesupport_introspection_cpp.dir/rosidl_typesupport_introspection_cpp/ros_gz_interfaces/srv/detail/delete_entity__type_support.cpp.o[K
[7.667s] [185/276] Building CXX object CMakeFiles/ros_gz_interfaces__rosidl_typesupport_introspection_cpp.dir/rosidl_typesupport_introspection_cpp/ros_gz_interfaces/srv/detail/set_entity_pose__type_support.cpp.o[K
[7.709s] [186/276] Building CXX object CMakeFiles/ros_gz_interfaces__rosidl_typesupport_introspection_cpp.dir/rosidl_typesupport_introspection_cpp/ros_gz_interfaces/msg/detail/contacts__type_support.cpp.o[K
[7.731s] [187/276] Building CXX object CMakeFiles/ros_gz_interfaces__rosidl_typesupport_introspection_cpp.dir/rosidl_typesupport_introspection_cpp/ros_gz_interfaces/srv/detail/control_world__type_support.cpp.o[K
[7.754s] [188/276] Building CXX object CMakeFiles/ros_gz_interfaces__rosidl_typesupport_introspection_cpp.dir/rosidl_typesupport_introspection_cpp/ros_gz_interfaces/srv/detail/spawn_entity__type_support.cpp.o[K
[7.754s] [189/276] Generating C type support for eProsima Fast-RTPS[K
[7.755s] [189/276] Building CXX object CMakeFiles/ros_gz_interfaces__rosidl_typesupport_fastrtps_c.dir/rosidl_typesupport_fastrtps_c/ros_gz_interfaces/msg/detail/altimeter__type_support_c.cpp.o[K
[7.755s] [189/276] Building CXX object CMakeFiles/ros_gz_interfaces__rosidl_typesupport_fastrtps_c.dir/rosidl_typesupport_fastrtps_c/ros_gz_interfaces/msg/detail/contact__type_support_c.cpp.o[K
[7.756s] [189/276] Building CXX object CMakeFiles/ros_gz_interfaces__rosidl_typesupport_fastrtps_c.dir/rosidl_typesupport_fastrtps_c/ros_gz_interfaces/msg/detail/contacts__type_support_c.cpp.o[K
[7.756s] [189/276] Building CXX object CMakeFiles/ros_gz_interfaces__rosidl_typesupport_fastrtps_c.dir/rosidl_typesupport_fastrtps_c/ros_gz_interfaces/msg/detail/dataframe__type_support_c.cpp.o[K
[7.759s] [189/276] Building CXX object CMakeFiles/ros_gz_interfaces__rosidl_typesupport_fastrtps_c.dir/rosidl_typesupport_fastrtps_c/ros_gz_interfaces/msg/detail/entity__type_support_c.cpp.o[K
[7.855s] [189/276] Building CXX object CMakeFiles/ros_gz_interfaces__rosidl_typesupport_fastrtps_c.dir/rosidl_typesupport_fastrtps_c/ros_gz_interfaces/msg/detail/entity_factory__type_support_c.cpp.o[K
[7.855s] [190/276] Building CXX object CMakeFiles/ros_gz_interfaces__rosidl_typesupport_introspection_cpp.dir/rosidl_typesupport_introspection_cpp/ros_gz_interfaces/msg/detail/param_vec__type_support.cpp.o[K
[7.951s] [190/276] Building CXX object CMakeFiles/ros_gz_interfaces__rosidl_typesupport_fastrtps_c.dir/rosidl_typesupport_fastrtps_c/ros_gz_interfaces/msg/detail/entity_wrench__type_support_c.cpp.o[K
[7.951s] [191/276] Building CXX object CMakeFiles/ros_gz_interfaces__rosidl_typesupport_fastrtps_cpp.dir/rosidl_typesupport_fastrtps_cpp/ros_gz_interfaces/msg/detail/dds_fastrtps/entity_wrench__type_support.cpp.o[K
[7.987s] [191/276] Building CXX object CMakeFiles/ros_gz_interfaces__rosidl_typesupport_fastrtps_c.dir/rosidl_typesupport_fastrtps_c/ros_gz_interfaces/msg/detail/float32_array__type_support_c.cpp.o[K
[7.990s] [192/276] Building CXX object CMakeFiles/ros_gz_interfaces__rosidl_typesupport_fastrtps_cpp.dir/rosidl_typesupport_fastrtps_cpp/ros_gz_interfaces/msg/detail/dds_fastrtps/entity_factory__type_support.cpp.o[K
[7.992s] [192/276] Building CXX object CMakeFiles/ros_gz_interfaces__rosidl_typesupport_fastrtps_c.dir/rosidl_typesupport_fastrtps_c/ros_gz_interfaces/msg/detail/gui_camera__type_support_c.cpp.o[K
[7.993s] [193/276] Building CXX object CMakeFiles/ros_gz_interfaces__rosidl_typesupport_fastrtps_cpp.dir/rosidl_typesupport_fastrtps_cpp/ros_gz_interfaces/msg/detail/dds_fastrtps/world_control__type_support.cpp.o[K
[8.014s] [193/276] Building CXX object CMakeFiles/ros_gz_interfaces__rosidl_typesupport_fastrtps_c.dir/rosidl_typesupport_fastrtps_c/ros_gz_interfaces/msg/detail/joint_wrench__type_support_c.cpp.o[K
[8.014s] [194/276] Building CXX object CMakeFiles/ros_gz_interfaces__rosidl_typesupport_fastrtps_cpp.dir/rosidl_typesupport_fastrtps_cpp/ros_gz_interfaces/msg/detail/dds_fastrtps/logical_camera_image_model__type_support.cpp.o[K
[8.019s] [194/276] Building CXX object CMakeFiles/ros_gz_interfaces__rosidl_typesupport_fastrtps_c.dir/rosidl_typesupport_fastrtps_c/ros_gz_interfaces/msg/detail/light__type_support_c.cpp.o[K
[8.021s] [195/276] Building CXX object CMakeFiles/ros_gz_interfaces__rosidl_typesupport_fastrtps_cpp.dir/rosidl_typesupport_fastrtps_cpp/ros_gz_interfaces/msg/detail/dds_fastrtps/joint_wrench__type_support.cpp.o[K
[8.027s] [195/276] Building CXX object CMakeFiles/ros_gz_interfaces__rosidl_typesupport_fastrtps_c.dir/rosidl_typesupport_fastrtps_c/ros_gz_interfaces/msg/detail/logical_camera_image__type_support_c.cpp.o[K
[8.027s] [196/276] Building CXX object CMakeFiles/ros_gz_interfaces__rosidl_typesupport_fastrtps_cpp.dir/rosidl_typesupport_fastrtps_cpp/ros_gz_interfaces/msg/detail/dds_fastrtps/video_record__type_support.cpp.o[K
[8.032s] [196/276] Building CXX object CMakeFiles/ros_gz_interfaces__rosidl_typesupport_fastrtps_c.dir/rosidl_typesupport_fastrtps_c/ros_gz_interfaces/msg/detail/logical_camera_image_model__type_support_c.cpp.o[K
[8.032s] [197/276] Building CXX object CMakeFiles/ros_gz_interfaces__rosidl_typesupport_fastrtps_cpp.dir/rosidl_typesupport_fastrtps_cpp/ros_gz_interfaces/msg/detail/dds_fastrtps/light__type_support.cpp.o[K
[8.055s] [197/276] Building CXX object CMakeFiles/ros_gz_interfaces__rosidl_typesupport_fastrtps_c.dir/rosidl_typesupport_fastrtps_c/ros_gz_interfaces/msg/detail/material_color__type_support_c.cpp.o[K
[8.055s] [198/276] Building CXX object CMakeFiles/ros_gz_interfaces__rosidl_typesupport_fastrtps_cpp.dir/rosidl_typesupport_fastrtps_cpp/ros_gz_interfaces/msg/detail/dds_fastrtps/altimeter__type_support.cpp.o[K
[8.061s] [198/276] Building CXX object CMakeFiles/ros_gz_interfaces__rosidl_typesupport_fastrtps_c.dir/rosidl_typesupport_fastrtps_c/ros_gz_interfaces/msg/detail/param_vec__type_support_c.cpp.o[K
[8.061s] [199/276] Building CXX object CMakeFiles/ros_gz_interfaces__rosidl_typesupport_fastrtps_cpp.dir/rosidl_typesupport_fastrtps_cpp/ros_gz_interfaces/msg/detail/dds_fastrtps/entity__type_support.cpp.o[K
[8.061s] [199/276] Building CXX object CMakeFiles/ros_gz_interfaces__rosidl_typesupport_fastrtps_c.dir/rosidl_typesupport_fastrtps_c/ros_gz_interfaces/msg/detail/sensor_noise__type_support_c.cpp.o[K
[8.061s] [200/276] Building CXX object CMakeFiles/ros_gz_interfaces__rosidl_typesupport_fastrtps_cpp.dir/rosidl_typesupport_fastrtps_cpp/ros_gz_interfaces/msg/detail/dds_fastrtps/sensor_noise__type_support.cpp.o[K
[8.072s] [200/276] Building CXX object CMakeFiles/ros_gz_interfaces__rosidl_typesupport_fastrtps_c.dir/rosidl_typesupport_fastrtps_c/ros_gz_interfaces/msg/detail/string_vec__type_support_c.cpp.o[K
[8.072s] [201/276] Building CXX object CMakeFiles/ros_gz_interfaces__rosidl_typesupport_fastrtps_cpp.dir/rosidl_typesupport_fastrtps_cpp/ros_gz_interfaces/msg/detail/dds_fastrtps/world_reset__type_support.cpp.o[K
[8.073s] [201/276] Building CXX object CMakeFiles/ros_gz_interfaces__rosidl_typesupport_fastrtps_c.dir/rosidl_typesupport_fastrtps_c/ros_gz_interfaces/msg/detail/track_visual__type_support_c.cpp.o[K
[8.073s] [202/276] Building CXX object CMakeFiles/ros_gz_interfaces__rosidl_typesupport_fastrtps_cpp.dir/rosidl_typesupport_fastrtps_cpp/ros_gz_interfaces/msg/detail/dds_fastrtps/material_color__type_support.cpp.o[K
[8.081s] [202/276] Building CXX object CMakeFiles/ros_gz_interfaces__rosidl_typesupport_fastrtps_c.dir/rosidl_typesupport_fastrtps_c/ros_gz_interfaces/msg/detail/video_record__type_support_c.cpp.o[K
[8.081s] [203/276] Building CXX object CMakeFiles/ros_gz_interfaces__rosidl_typesupport_fastrtps_cpp.dir/rosidl_typesupport_fastrtps_cpp/ros_gz_interfaces/msg/detail/dds_fastrtps/float32_array__type_support.cpp.o[K
[8.086s] [203/276] Building CXX object CMakeFiles/ros_gz_interfaces__rosidl_typesupport_fastrtps_c.dir/rosidl_typesupport_fastrtps_c/ros_gz_interfaces/msg/detail/world_control__type_support_c.cpp.o[K
[8.086s] [204/276] Building CXX object CMakeFiles/ros_gz_interfaces__rosidl_typesupport_fastrtps_cpp.dir/rosidl_typesupport_fastrtps_cpp/ros_gz_interfaces/msg/detail/dds_fastrtps/track_visual__type_support.cpp.o[K
[8.092s] [204/276] Building CXX object CMakeFiles/ros_gz_interfaces__rosidl_typesupport_fastrtps_c.dir/rosidl_typesupport_fastrtps_c/ros_gz_interfaces/msg/detail/world_reset__type_support_c.cpp.o[K
[8.092s] [205/276] Building CXX object CMakeFiles/ros_gz_interfaces__rosidl_typesupport_fastrtps_cpp.dir/rosidl_typesupport_fastrtps_cpp/ros_gz_interfaces/msg/detail/dds_fastrtps/gui_camera__type_support.cpp.o[K
[8.095s] [205/276] Building CXX object CMakeFiles/ros_gz_interfaces__rosidl_typesupport_fastrtps_c.dir/rosidl_typesupport_fastrtps_c/ros_gz_interfaces/srv/detail/control_world__type_support_c.cpp.o[K
[8.097s] [206/276] Building CXX object CMakeFiles/ros_gz_interfaces__rosidl_typesupport_fastrtps_cpp.dir/rosidl_typesupport_fastrtps_cpp/ros_gz_interfaces/msg/detail/dds_fastrtps/string_vec__type_support.cpp.o[K
[8.098s] [206/276] Building CXX object CMakeFiles/ros_gz_interfaces__rosidl_typesupport_fastrtps_c.dir/rosidl_typesupport_fastrtps_c/ros_gz_interfaces/srv/detail/delete_entity__type_support_c.cpp.o[K
[8.098s] [207/276] Building CXX object CMakeFiles/ros_gz_interfaces__rosidl_typesupport_fastrtps_cpp.dir/rosidl_typesupport_fastrtps_cpp/ros_gz_interfaces/msg/detail/dds_fastrtps/logical_camera_image__type_support.cpp.o[K
[8.111s] [207/276] Building CXX object CMakeFiles/ros_gz_interfaces__rosidl_typesupport_fastrtps_c.dir/rosidl_typesupport_fastrtps_c/ros_gz_interfaces/srv/detail/set_entity_pose__type_support_c.cpp.o[K
[8.113s] [208/276] Building CXX object CMakeFiles/ros_gz_interfaces__rosidl_typesupport_fastrtps_cpp.dir/rosidl_typesupport_fastrtps_cpp/ros_gz_interfaces/msg/detail/dds_fastrtps/dataframe__type_support.cpp.o[K
[8.114s] [208/276] Building CXX object CMakeFiles/ros_gz_interfaces__rosidl_typesupport_fastrtps_c.dir/rosidl_typesupport_fastrtps_c/ros_gz_interfaces/srv/detail/spawn_entity__type_support_c.cpp.o[K
[8.114s] [209/276] Building CXX object CMakeFiles/ros_gz_interfaces__rosidl_typesupport_fastrtps_cpp.dir/rosidl_typesupport_fastrtps_cpp/ros_gz_interfaces/msg/detail/dds_fastrtps/param_vec__type_support.cpp.o[K
[8.167s] [209/276] Linking CXX shared library libros_gz_interfaces__rosidl_typesupport_introspection_cpp.so[K
[8.172s] [210/276] Building CXX object CMakeFiles/ros_gz_interfaces__rosidl_typesupport_fastrtps_cpp.dir/rosidl_typesupport_fastrtps_cpp/ros_gz_interfaces/msg/detail/dds_fastrtps/contact__type_support.cpp.o[K
[8.180s] [211/276] Building CXX object CMakeFiles/ros_gz_interfaces__rosidl_typesupport_fastrtps_cpp.dir/rosidl_typesupport_fastrtps_cpp/ros_gz_interfaces/srv/detail/dds_fastrtps/spawn_entity__type_support.cpp.o[K
[8.204s] [212/276] Building CXX object CMakeFiles/ros_gz_interfaces__rosidl_typesupport_fastrtps_cpp.dir/rosidl_typesupport_fastrtps_cpp/ros_gz_interfaces/srv/detail/dds_fastrtps/control_world__type_support.cpp.o[K
[8.214s] [213/276] Building CXX object CMakeFiles/ros_gz_interfaces__rosidl_typesupport_fastrtps_cpp.dir/rosidl_typesupport_fastrtps_cpp/ros_gz_interfaces/msg/detail/dds_fastrtps/contacts__type_support.cpp.o[K
[8.218s] [214/276] Building CXX object CMakeFiles/ros_gz_interfaces__rosidl_typesupport_fastrtps_cpp.dir/rosidl_typesupport_fastrtps_cpp/ros_gz_interfaces/srv/detail/dds_fastrtps/delete_entity__type_support.cpp.o[K
[8.225s] [215/276] Linking CXX shared library libros_gz_interfaces__rosidl_typesupport_introspection_cpp.so[K
[8.230s] [216/276] Building CXX object CMakeFiles/ros_gz_interfaces__rosidl_typesupport_fastrtps_c.dir/rosidl_typesupport_fastrtps_c/ros_gz_interfaces/msg/detail/entity_factory__type_support_c.cpp.o[K
[8.248s] [217/276] Building CXX object CMakeFiles/ros_gz_interfaces__rosidl_typesupport_fastrtps_c.dir/rosidl_typesupport_fastrtps_c/ros_gz_interfaces/msg/detail/entity__type_support_c.cpp.o[K
[8.248s] [218/276] Building CXX object CMakeFiles/ros_gz_interfaces__rosidl_typesupport_fastrtps_c.dir/rosidl_typesupport_fastrtps_c/ros_gz_interfaces/msg/detail/contacts__type_support_c.cpp.o[K
[8.250s] [219/276] Building CXX object CMakeFiles/ros_gz_interfaces__rosidl_typesupport_fastrtps_c.dir/rosidl_typesupport_fastrtps_c/ros_gz_interfaces/msg/detail/altimeter__type_support_c.cpp.o[K
[8.258s] [220/276] Building CXX object CMakeFiles/ros_gz_interfaces__rosidl_typesupport_fastrtps_c.dir/rosidl_typesupport_fastrtps_c/ros_gz_interfaces/msg/detail/contact__type_support_c.cpp.o[K
[8.258s] [221/276] Building CXX object CMakeFiles/ros_gz_interfaces__rosidl_typesupport_fastrtps_cpp.dir/rosidl_typesupport_fastrtps_cpp/ros_gz_interfaces/srv/detail/dds_fastrtps/set_entity_pose__type_support.cpp.o[K
[8.261s] [221/276] Linking CXX shared library libros_gz_interfaces__rosidl_typesupport_fastrtps_cpp.so[K
[8.310s] [222/276] Building CXX object CMakeFiles/ros_gz_interfaces__rosidl_typesupport_fastrtps_c.dir/rosidl_typesupport_fastrtps_c/ros_gz_interfaces/msg/detail/dataframe__type_support_c.cpp.o[K
[8.349s] [223/276] Building CXX object CMakeFiles/ros_gz_interfaces__rosidl_typesupport_fastrtps_c.dir/rosidl_typesupport_fastrtps_c/ros_gz_interfaces/msg/detail/entity_wrench__type_support_c.cpp.o[K
[8.361s] [224/276] Linking CXX shared library libros_gz_interfaces__rosidl_typesupport_fastrtps_cpp.so[K
[8.369s] [225/276] Building CXX object CMakeFiles/ros_gz_interfaces__rosidl_typesupport_fastrtps_c.dir/rosidl_typesupport_fastrtps_c/ros_gz_interfaces/msg/detail/joint_wrench__type_support_c.cpp.o[K
[8.369s] [226/276] Building CXX object CMakeFiles/ros_gz_interfaces__rosidl_typesupport_fastrtps_c.dir/rosidl_typesupport_fastrtps_c/ros_gz_interfaces/msg/detail/gui_camera__type_support_c.cpp.o[K
[8.380s] [227/276] Building CXX object CMakeFiles/ros_gz_interfaces__rosidl_typesupport_fastrtps_c.dir/rosidl_typesupport_fastrtps_c/ros_gz_interfaces/msg/detail/logical_camera_image__type_support_c.cpp.o[K
[8.387s] [228/276] Building CXX object CMakeFiles/ros_gz_interfaces__rosidl_typesupport_fastrtps_c.dir/rosidl_typesupport_fastrtps_c/ros_gz_interfaces/msg/detail/material_color__type_support_c.cpp.o[K
[8.404s] [229/276] Building CXX object CMakeFiles/ros_gz_interfaces__rosidl_typesupport_fastrtps_c.dir/rosidl_typesupport_fastrtps_c/ros_gz_interfaces/msg/detail/param_vec__type_support_c.cpp.o[K
[8.411s] [230/276] Building CXX object CMakeFiles/ros_gz_interfaces__rosidl_typesupport_fastrtps_c.dir/rosidl_typesupport_fastrtps_c/ros_gz_interfaces/msg/detail/track_visual__type_support_c.cpp.o[K
[8.442s] [231/276] Building CXX object CMakeFiles/ros_gz_interfaces__rosidl_typesupport_fastrtps_c.dir/rosidl_typesupport_fastrtps_c/ros_gz_interfaces/msg/detail/float32_array__type_support_c.cpp.o[K
[8.465s] [232/276] Building CXX object CMakeFiles/ros_gz_interfaces__rosidl_typesupport_fastrtps_c.dir/rosidl_typesupport_fastrtps_c/ros_gz_interfaces/msg/detail/sensor_noise__type_support_c.cpp.o[K
[8.465s] [233/276] Building CXX object CMakeFiles/ros_gz_interfaces__rosidl_typesupport_fastrtps_c.dir/rosidl_typesupport_fastrtps_c/ros_gz_interfaces/srv/detail/delete_entity__type_support_c.cpp.o[K
[8.483s] [234/276] Building CXX object CMakeFiles/ros_gz_interfaces__rosidl_typesupport_fastrtps_c.dir/rosidl_typesupport_fastrtps_c/ros_gz_interfaces/msg/detail/video_record__type_support_c.cpp.o[K
[8.489s] [235/276] Building CXX object CMakeFiles/ros_gz_interfaces__rosidl_typesupport_fastrtps_c.dir/rosidl_typesupport_fastrtps_c/ros_gz_interfaces/msg/detail/world_control__type_support_c.cpp.o[K
[8.496s] [236/276] Building CXX object CMakeFiles/ros_gz_interfaces__rosidl_typesupport_fastrtps_c.dir/rosidl_typesupport_fastrtps_c/ros_gz_interfaces/msg/detail/world_reset__type_support_c.cpp.o[K
[8.497s] [237/276] Building CXX object CMakeFiles/ros_gz_interfaces__rosidl_typesupport_fastrtps_c.dir/rosidl_typesupport_fastrtps_c/ros_gz_interfaces/msg/detail/light__type_support_c.cpp.o[K
[8.498s] [238/276] Building CXX object CMakeFiles/ros_gz_interfaces__rosidl_typesupport_fastrtps_c.dir/rosidl_typesupport_fastrtps_c/ros_gz_interfaces/msg/detail/logical_camera_image_model__type_support_c.cpp.o[K
[8.516s] [239/276] Building CXX object CMakeFiles/ros_gz_interfaces__rosidl_typesupport_fastrtps_c.dir/rosidl_typesupport_fastrtps_c/ros_gz_interfaces/msg/detail/string_vec__type_support_c.cpp.o[K
[8.524s] [240/276] Building CXX object CMakeFiles/ros_gz_interfaces__rosidl_typesupport_fastrtps_c.dir/rosidl_typesupport_fastrtps_c/ros_gz_interfaces/srv/detail/control_world__type_support_c.cpp.o[K
[8.576s] [241/276] Building CXX object CMakeFiles/ros_gz_interfaces__rosidl_typesupport_fastrtps_c.dir/rosidl_typesupport_fastrtps_c/ros_gz_interfaces/srv/detail/spawn_entity__type_support_c.cpp.o[K
[8.576s] [242/276] Building CXX object CMakeFiles/ros_gz_interfaces__rosidl_typesupport_fastrtps_c.dir/rosidl_typesupport_fastrtps_c/ros_gz_interfaces/srv/detail/set_entity_pose__type_support_c.cpp.o[K
[8.629s] [242/276] Linking CXX shared library libros_gz_interfaces__rosidl_typesupport_fastrtps_c.so[K
[8.629s] [243/276] Linking CXX shared library libros_gz_interfaces__rosidl_typesupport_fastrtps_c.so[K
[11.224s] [243/276] Generating Python code for ROS interfaces[K
[11.225s] [244/276] Generating Python code for ROS interfaces[K
[11.225s] [244/276] Building C object CMakeFiles/ros_gz_interfaces__rosidl_generator_py.dir/rosidl_generator_py/ros_gz_interfaces/msg/_altimeter_s.c.o[K
[11.225s] [244/276] Building C object CMakeFiles/ros_gz_interfaces__rosidl_generator_py.dir/rosidl_generator_py/ros_gz_interfaces/msg/_contact_s.c.o[K
[11.226s] [244/276] Building C object CMakeFiles/ros_gz_interfaces__rosidl_generator_py.dir/rosidl_generator_py/ros_gz_interfaces/msg/_contacts_s.c.o[K
[11.226s] [244/276] Building C object CMakeFiles/ros_gz_interfaces__rosidl_generator_py.dir/rosidl_generator_py/ros_gz_interfaces/msg/_dataframe_s.c.o[K
[11.226s] [244/276] Building C object CMakeFiles/ros_gz_interfaces__rosidl_generator_py.dir/rosidl_generator_py/ros_gz_interfaces/msg/_entity_s.c.o[K
[11.226s] [244/276] Building C object CMakeFiles/ros_gz_interfaces__rosidl_generator_py.dir/rosidl_generator_py/ros_gz_interfaces/msg/_entity_factory_s.c.o[K
[11.226s] [244/276] Building C object CMakeFiles/ros_gz_interfaces__rosidl_generator_py.dir/rosidl_generator_py/ros_gz_interfaces/msg/_entity_wrench_s.c.o[K
[11.227s] [244/276] Building C object CMakeFiles/ros_gz_interfaces__rosidl_generator_py.dir/rosidl_generator_py/ros_gz_interfaces/msg/_float32_array_s.c.o[K
[11.227s] [244/276] Building C object CMakeFiles/ros_gz_interfaces__rosidl_generator_py.dir/rosidl_generator_py/ros_gz_interfaces/msg/_gui_camera_s.c.o[K
[11.227s] [244/276] Building C object CMakeFiles/ros_gz_interfaces__rosidl_generator_py.dir/rosidl_generator_py/ros_gz_interfaces/msg/_joint_wrench_s.c.o[K
[11.227s] [244/276] Building C object CMakeFiles/ros_gz_interfaces__rosidl_generator_py.dir/rosidl_generator_py/ros_gz_interfaces/msg/_light_s.c.o[K
[11.227s] [244/276] Building C object CMakeFiles/ros_gz_interfaces__rosidl_generator_py.dir/rosidl_generator_py/ros_gz_interfaces/msg/_logical_camera_image_s.c.o[K
[11.228s] [244/276] Building C object CMakeFiles/ros_gz_interfaces__rosidl_generator_py.dir/rosidl_generator_py/ros_gz_interfaces/msg/_logical_camera_image_model_s.c.o[K
[11.228s] [244/276] Building C object CMakeFiles/ros_gz_interfaces__rosidl_generator_py.dir/rosidl_generator_py/ros_gz_interfaces/msg/_material_color_s.c.o[K
[11.228s] [244/276] Building C object CMakeFiles/ros_gz_interfaces__rosidl_generator_py.dir/rosidl_generator_py/ros_gz_interfaces/msg/_param_vec_s.c.o[K
[11.228s] [244/276] Building C object CMakeFiles/ros_gz_interfaces__rosidl_generator_py.dir/rosidl_generator_py/ros_gz_interfaces/msg/_sensor_noise_s.c.o[K
[11.228s] [244/276] Building C object CMakeFiles/ros_gz_interfaces__rosidl_generator_py.dir/rosidl_generator_py/ros_gz_interfaces/msg/_string_vec_s.c.o[K
[11.228s] [244/276] Building C object CMakeFiles/ros_gz_interfaces__rosidl_generator_py.dir/rosidl_generator_py/ros_gz_interfaces/msg/_track_visual_s.c.o[K
[11.229s] [244/276] Building C object CMakeFiles/ros_gz_interfaces__rosidl_generator_py.dir/rosidl_generator_py/ros_gz_interfaces/msg/_video_record_s.c.o[K
[11.229s] [244/276] Building C object CMakeFiles/ros_gz_interfaces__rosidl_generator_py.dir/rosidl_generator_py/ros_gz_interfaces/msg/_world_control_s.c.o[K
[11.229s] [244/276] Building C object CMakeFiles/ros_gz_interfaces__rosidl_generator_py.dir/rosidl_generator_py/ros_gz_interfaces/msg/_world_reset_s.c.o[K
[11.229s] [244/276] Building C object CMakeFiles/ros_gz_interfaces__rosidl_generator_py.dir/rosidl_generator_py/ros_gz_interfaces/srv/_control_world_s.c.o[K
[11.229s] [244/276] Building C object CMakeFiles/ros_gz_interfaces__rosidl_generator_py.dir/rosidl_generator_py/ros_gz_interfaces/srv/_delete_entity_s.c.o[K
[11.230s] [244/276] Building C object CMakeFiles/ros_gz_interfaces__rosidl_generator_py.dir/rosidl_generator_py/ros_gz_interfaces/srv/_set_entity_pose_s.c.o[K
[11.230s] [244/276] Building C object CMakeFiles/ros_gz_interfaces__rosidl_generator_py.dir/rosidl_generator_py/ros_gz_interfaces/srv/_spawn_entity_s.c.o[K
[11.230s] [244/276] Building C object CMakeFiles/ros_gz_interfaces_s__rosidl_typesupport_fastrtps_c.dir/rosidl_generator_py/ros_gz_interfaces/_ros_gz_interfaces_s.ep.rosidl_typesupport_fastrtps_c.c.o[K
[11.230s] [244/276] Building C object CMakeFiles/ros_gz_interfaces_s__rosidl_typesupport_introspection_c.dir/rosidl_generator_py/ros_gz_interfaces/_ros_gz_interfaces_s.ep.rosidl_typesupport_introspection_c.c.o[K
[11.309s] [244/276] Building C object CMakeFiles/ros_gz_interfaces_s__rosidl_typesupport_c.dir/rosidl_generator_py/ros_gz_interfaces/_ros_gz_interfaces_s.ep.rosidl_typesupport_c.c.o[K
[11.319s] [245/276] Building C object CMakeFiles/ros_gz_interfaces__rosidl_generator_py.dir/rosidl_generator_py/ros_gz_interfaces/msg/_altimeter_s.c.o[K
[11.340s] [246/276] Building C object CMakeFiles/ros_gz_interfaces__rosidl_generator_py.dir/rosidl_generator_py/ros_gz_interfaces/srv/_set_entity_pose_s.c.o[K
[11.340s] [247/276] Building C object CMakeFiles/ros_gz_interfaces__rosidl_generator_py.dir/rosidl_generator_py/ros_gz_interfaces/msg/_track_visual_s.c.o[K
[11.344s] [248/276] Building C object CMakeFiles/ros_gz_interfaces__rosidl_generator_py.dir/rosidl_generator_py/ros_gz_interfaces/msg/_dataframe_s.c.o[K
[11.345s] [249/276] Building C object CMakeFiles/ros_gz_interfaces__rosidl_generator_py.dir/rosidl_generator_py/ros_gz_interfaces/msg/_world_reset_s.c.o[K
[11.346s] [250/276] Building C object CMakeFiles/ros_gz_interfaces__rosidl_generator_py.dir/rosidl_generator_py/ros_gz_interfaces/msg/_entity_wrench_s.c.o[K
[11.347s] [251/276] Building C object CMakeFiles/ros_gz_interfaces__rosidl_generator_py.dir/rosidl_generator_py/ros_gz_interfaces/msg/_logical_camera_image_model_s.c.o[K
[11.348s] [252/276] Building C object CMakeFiles/ros_gz_interfaces__rosidl_generator_py.dir/rosidl_generator_py/ros_gz_interfaces/msg/_entity_s.c.o[K
[11.348s] [253/276] Building C object CMakeFiles/ros_gz_interfaces__rosidl_generator_py.dir/rosidl_generator_py/ros_gz_interfaces/msg/_param_vec_s.c.o[K
[11.350s] [254/276] Building C object CMakeFiles/ros_gz_interfaces__rosidl_generator_py.dir/rosidl_generator_py/ros_gz_interfaces/msg/_sensor_noise_s.c.o[K
[11.351s] [255/276] Building C object CMakeFiles/ros_gz_interfaces__rosidl_generator_py.dir/rosidl_generator_py/ros_gz_interfaces/msg/_contacts_s.c.o[K
[11.351s] [256/276] Building C object CMakeFiles/ros_gz_interfaces__rosidl_generator_py.dir/rosidl_generator_py/ros_gz_interfaces/msg/_world_control_s.c.o[K
[11.351s] [257/276] Building C object CMakeFiles/ros_gz_interfaces__rosidl_generator_py.dir/rosidl_generator_py/ros_gz_interfaces/msg/_video_record_s.c.o[K
[11.352s] [258/276] Building C object CMakeFiles/ros_gz_interfaces__rosidl_generator_py.dir/rosidl_generator_py/ros_gz_interfaces/msg/_joint_wrench_s.c.o[K
[11.352s] [259/276] Building C object CMakeFiles/ros_gz_interfaces__rosidl_generator_py.dir/rosidl_generator_py/ros_gz_interfaces/msg/_logical_camera_image_s.c.o[K
[11.355s] [260/276] Building C object CMakeFiles/ros_gz_interfaces__rosidl_generator_py.dir/rosidl_generator_py/ros_gz_interfaces/msg/_gui_camera_s.c.o[K
[11.355s] [261/276] Building C object CMakeFiles/ros_gz_interfaces__rosidl_generator_py.dir/rosidl_generator_py/ros_gz_interfaces/msg/_material_color_s.c.o[K
[11.356s] [262/276] Building C object CMakeFiles/ros_gz_interfaces__rosidl_generator_py.dir/rosidl_generator_py/ros_gz_interfaces/msg/_float32_array_s.c.o[K
[11.357s] [263/276] Building C object CMakeFiles/ros_gz_interfaces__rosidl_generator_py.dir/rosidl_generator_py/ros_gz_interfaces/msg/_string_vec_s.c.o[K
[11.360s] [264/276] Building C object CMakeFiles/ros_gz_interfaces__rosidl_generator_py.dir/rosidl_generator_py/ros_gz_interfaces/msg/_entity_factory_s.c.o[K
[11.360s] [265/276] Building C object CMakeFiles/ros_gz_interfaces__rosidl_generator_py.dir/rosidl_generator_py/ros_gz_interfaces/srv/_spawn_entity_s.c.o[K
[11.364s] [266/276] Building C object CMakeFiles/ros_gz_interfaces__rosidl_generator_py.dir/rosidl_generator_py/ros_gz_interfaces/srv/_control_world_s.c.o[K
[11.366s] [267/276] Building C object CMakeFiles/ros_gz_interfaces_s__rosidl_typesupport_fastrtps_c.dir/rosidl_generator_py/ros_gz_interfaces/_ros_gz_interfaces_s.ep.rosidl_typesupport_fastrtps_c.c.o[K
[11.369s] [268/276] Building C object CMakeFiles/ros_gz_interfaces_s__rosidl_typesupport_c.dir/rosidl_generator_py/ros_gz_interfaces/_ros_gz_interfaces_s.ep.rosidl_typesupport_c.c.o[K
[11.371s] [269/276] Building C object CMakeFiles/ros_gz_interfaces__rosidl_generator_py.dir/rosidl_generator_py/ros_gz_interfaces/msg/_light_s.c.o[K
[11.376s] [270/276] Building C object CMakeFiles/ros_gz_interfaces__rosidl_generator_py.dir/rosidl_generator_py/ros_gz_interfaces/srv/_delete_entity_s.c.o[K
[11.377s] [271/276] Building C object CMakeFiles/ros_gz_interfaces__rosidl_generator_py.dir/rosidl_generator_py/ros_gz_interfaces/msg/_contact_s.c.o[K
[11.407s] [271/276] Linking C shared library libros_gz_interfaces__rosidl_generator_py.so[K
[11.407s] [272/276] Linking C shared library libros_gz_interfaces__rosidl_generator_py.so[K
[11.407s] [272/276] Linking C shared module rosidl_generator_py/ros_gz_interfaces/ros_gz_interfaces_s__rosidl_typesupport_fastrtps_c.so[K
[11.413s] [272/276] Linking C shared module rosidl_generator_py/ros_gz_interfaces/ros_gz_interfaces_s__rosidl_typesupport_c.so[K
[11.413s] [273/276] Building C object CMakeFiles/ros_gz_interfaces_s__rosidl_typesupport_introspection_c.dir/rosidl_generator_py/ros_gz_interfaces/_ros_gz_interfaces_s.ep.rosidl_typesupport_introspection_c.c.o[K
[11.422s] [273/276] Linking C shared module rosidl_generator_py/ros_gz_interfaces/ros_gz_interfaces_s__rosidl_typesupport_introspection_c.so[K
[11.424s] [274/276] Linking C shared module rosidl_generator_py/ros_gz_interfaces/ros_gz_interfaces_s__rosidl_typesupport_fastrtps_c.so[K
[11.429s] [275/276] Linking C shared module rosidl_generator_py/ros_gz_interfaces/ros_gz_interfaces_s__rosidl_typesupport_c.so[K
[11.429s] [276/276] Linking C shared module rosidl_generator_py/ros_gz_interfaces/ros_gz_interfaces_s__rosidl_typesupport_introspection_c.so[K
[11.432s] Invoked command in '/home/cyberkanjousen/CLionProjects/ROS2_1/build/ros_gz_interfaces' returned '0': CMAKE_PREFIX_PATH=${CMAKE_PREFIX_PATH}:/opt/ros/jazzy DEBUGINFOD_URLS=https://debuginfod.ubuntu.com /usr/bin/cmake --build /home/cyberkanjousen/CLionProjects/ROS2_1/build/ros_gz_interfaces -- -j32 -l32
[11.432s] Invoking command in '/home/cyberkanjousen/CLionProjects/ROS2_1/build/ros_gz_interfaces': CMAKE_PREFIX_PATH=${CMAKE_PREFIX_PATH}:/opt/ros/jazzy DEBUGINFOD_URLS=https://debuginfod.ubuntu.com /usr/bin/cmake --install /home/cyberkanjousen/CLionProjects/ROS2_1/build/ros_gz_interfaces
[11.441s] -- Install configuration: ""
[11.441s] -- Installing: /home/cyberkanjousen/CLionProjects/ROS2_1/install/ros_gz_interfaces/share/ament_index/resource_index/rosidl_interfaces/ros_gz_interfaces
[11.442s] -- Installing: /home/cyberkanjousen/CLionProjects/ROS2_1/install/ros_gz_interfaces/share/ros_gz_interfaces/msg/Altimeter.json
[11.442s] -- Installing: /home/cyberkanjousen/CLionProjects/ROS2_1/install/ros_gz_interfaces/share/ros_gz_interfaces/msg/Contact.json
[11.442s] -- Installing: /home/cyberkanjousen/CLionProjects/ROS2_1/install/ros_gz_interfaces/share/ros_gz_interfaces/msg/Contacts.json
[11.442s] -- Installing: /home/cyberkanjousen/CLionProjects/ROS2_1/install/ros_gz_interfaces/share/ros_gz_interfaces/msg/Dataframe.json
[11.442s] -- Installing: /home/cyberkanjousen/CLionProjects/ROS2_1/install/ros_gz_interfaces/share/ros_gz_interfaces/msg/Entity.json
[11.443s] -- Installing: /home/cyberkanjousen/CLionProjects/ROS2_1/install/ros_gz_interfaces/share/ros_gz_interfaces/msg/EntityFactory.json
[11.443s] -- Installing: /home/cyberkanjousen/CLionProjects/ROS2_1/install/ros_gz_interfaces/share/ros_gz_interfaces/msg/EntityWrench.json
[11.443s] -- Installing: /home/cyberkanjousen/CLionProjects/ROS2_1/install/ros_gz_interfaces/share/ros_gz_interfaces/msg/Float32Array.json
[11.443s] -- Installing: /home/cyberkanjousen/CLionProjects/ROS2_1/install/ros_gz_interfaces/share/ros_gz_interfaces/msg/GuiCamera.json
[11.443s] -- Installing: /home/cyberkanjousen/CLionProjects/ROS2_1/install/ros_gz_interfaces/share/ros_gz_interfaces/msg/JointWrench.json
[11.444s] -- Installing: /home/cyberkanjousen/CLionProjects/ROS2_1/install/ros_gz_interfaces/share/ros_gz_interfaces/msg/Light.json
[11.444s] -- Installing: /home/cyberkanjousen/CLionProjects/ROS2_1/install/ros_gz_interfaces/share/ros_gz_interfaces/msg/LogicalCameraImage.json
[11.444s] -- Installing: /home/cyberkanjousen/CLionProjects/ROS2_1/install/ros_gz_interfaces/share/ros_gz_interfaces/msg/LogicalCameraImageModel.json
[11.444s] -- Installing: /home/cyberkanjousen/CLionProjects/ROS2_1/install/ros_gz_interfaces/share/ros_gz_interfaces/msg/MaterialColor.json
[11.444s] -- Installing: /home/cyberkanjousen/CLionProjects/ROS2_1/install/ros_gz_interfaces/share/ros_gz_interfaces/msg/ParamVec.json
[11.445s] -- Installing: /home/cyberkanjousen/CLionProjects/ROS2_1/install/ros_gz_interfaces/share/ros_gz_interfaces/msg/SensorNoise.json
[11.445s] -- Installing: /home/cyberkanjousen/CLionProjects/ROS2_1/install/ros_gz_interfaces/share/ros_gz_interfaces/msg/StringVec.json
[11.445s] -- Installing: /home/cyberkanjousen/CLionProjects/ROS2_1/install/ros_gz_interfaces/share/ros_gz_interfaces/msg/TrackVisual.json
[11.445s] -- Installing: /home/cyberkanjousen/CLionProjects/ROS2_1/install/ros_gz_interfaces/share/ros_gz_interfaces/msg/VideoRecord.json
[11.445s] -- Installing: /home/cyberkanjousen/CLionProjects/ROS2_1/install/ros_gz_interfaces/share/ros_gz_interfaces/msg/WorldControl.json
[11.446s] -- Installing: /home/cyberkanjousen/CLionProjects/ROS2_1/install/ros_gz_interfaces/share/ros_gz_interfaces/msg/WorldReset.json
[11.446s] -- Installing: /home/cyberkanjousen/CLionProjects/ROS2_1/install/ros_gz_interfaces/share/ros_gz_interfaces/srv/ControlWorld.json
[11.446s] -- Installing: /home/cyberkanjousen/CLionProjects/ROS2_1/install/ros_gz_interfaces/share/ros_gz_interfaces/srv/DeleteEntity.json
[11.446s] -- Installing: /home/cyberkanjousen/CLionProjects/ROS2_1/install/ros_gz_interfaces/share/ros_gz_interfaces/srv/SetEntityPose.json
[11.446s] -- Installing: /home/cyberkanjousen/CLionProjects/ROS2_1/install/ros_gz_interfaces/share/ros_gz_interfaces/srv/SpawnEntity.json
[11.447s] -- Installing: /home/cyberkanjousen/CLionProjects/ROS2_1/install/ros_gz_interfaces/include/ros_gz_interfaces/ros_gz_interfaces
[11.447s] -- Installing: /home/cyberkanjousen/CLionProjects/ROS2_1/install/ros_gz_interfaces/include/ros_gz_interfaces/ros_gz_interfaces/msg
[11.447s] -- Installing: /home/cyberkanjousen/CLionProjects/ROS2_1/install/ros_gz_interfaces/include/ros_gz_interfaces/ros_gz_interfaces/msg/altimeter.h
[11.447s] -- Installing: /home/cyberkanjousen/CLionProjects/ROS2_1/install/ros_gz_interfaces/include/ros_gz_interfaces/ros_gz_interfaces/msg/joint_wrench.h
[11.447s] -- Installing: /home/cyberkanjousen/CLionProjects/ROS2_1/install/ros_gz_interfaces/include/ros_gz_interfaces/ros_gz_interfaces/msg/entity_factory.h
[11.447s] -- Installing: /home/cyberkanjousen/CLionProjects/ROS2_1/install/ros_gz_interfaces/include/ros_gz_interfaces/ros_gz_interfaces/msg/string_vec.h
[11.447s] -- Installing: /home/cyberkanjousen/CLionProjects/ROS2_1/install/ros_gz_interfaces/include/ros_gz_interfaces/ros_gz_interfaces/msg/detail
[11.447s] -- Installing: /home/cyberkanjousen/CLionProjects/ROS2_1/install/ros_gz_interfaces/include/ros_gz_interfaces/ros_gz_interfaces/msg/detail/contact__type_support.h
[11.447s] -- Installing: /home/cyberkanjousen/CLionProjects/ROS2_1/install/ros_gz_interfaces/include/ros_gz_interfaces/ros_gz_interfaces/msg/detail/float32_array__description.c
[11.447s] -- Installing: /home/cyberkanjousen/CLionProjects/ROS2_1/install/ros_gz_interfaces/include/ros_gz_interfaces/ros_gz_interfaces/msg/detail/gui_camera__type_support.c
[11.447s] -- Installing: /home/cyberkanjousen/CLionProjects/ROS2_1/install/ros_gz_interfaces/include/ros_gz_interfaces/ros_gz_interfaces/msg/detail/entity__type_support.c
[11.447s] -- Installing: /home/cyberkanjousen/CLionProjects/ROS2_1/install/ros_gz_interfaces/include/ros_gz_interfaces/ros_gz_interfaces/msg/detail/contact__description.c
[11.447s] -- Installing: /home/cyberkanjousen/CLionProjects/ROS2_1/install/ros_gz_interfaces/include/ros_gz_interfaces/ros_gz_interfaces/msg/detail/logical_camera_image_model__type_support.c
[11.448s] -- Installing: /home/cyberkanjousen/CLionProjects/ROS2_1/install/ros_gz_interfaces/include/ros_gz_interfaces/ros_gz_interfaces/msg/detail/world_reset__functions.h
[11.448s] -- Installing: /home/cyberkanjousen/CLionProjects/ROS2_1/install/ros_gz_interfaces/include/ros_gz_interfaces/ros_gz_interfaces/msg/detail/sensor_noise__type_support.h
[11.448s] -- Installing: /home/cyberkanjousen/CLionProjects/ROS2_1/install/ros_gz_interfaces/include/ros_gz_interfaces/ros_gz_interfaces/msg/detail/entity_wrench__functions.c
[11.448s] -- Installing: /home/cyberkanjousen/CLionProjects/ROS2_1/install/ros_gz_interfaces/include/ros_gz_interfaces/ros_gz_interfaces/msg/detail/entity_wrench__functions.h
[11.448s] -- Installing: /home/cyberkanjousen/CLionProjects/ROS2_1/install/ros_gz_interfaces/include/ros_gz_interfaces/ros_gz_interfaces/msg/detail/logical_camera_image__functions.c
[11.448s] -- Installing: /home/cyberkanjousen/CLionProjects/ROS2_1/install/ros_gz_interfaces/include/ros_gz_interfaces/ros_gz_interfaces/msg/detail/track_visual__struct.h
[11.448s] -- Installing: /home/cyberkanjousen/CLionProjects/ROS2_1/install/ros_gz_interfaces/include/ros_gz_interfaces/ros_gz_interfaces/msg/detail/sensor_noise__type_support.c
[11.448s] -- Installing: /home/cyberkanjousen/CLionProjects/ROS2_1/install/ros_gz_interfaces/include/ros_gz_interfaces/ros_gz_interfaces/msg/detail/light__description.c
[11.448s] -- Installing: /home/cyberkanjousen/CLionProjects/ROS2_1/install/ros_gz_interfaces/include/ros_gz_interfaces/ros_gz_interfaces/msg/detail/world_reset__type_support.c
[11.448s] -- Installing: /home/cyberkanjousen/CLionProjects/ROS2_1/install/ros_gz_interfaces/include/ros_gz_interfaces/ros_gz_interfaces/msg/detail/logical_camera_image__functions.h
[11.448s] -- Installing: /home/cyberkanjousen/CLionProjects/ROS2_1/install/ros_gz_interfaces/include/ros_gz_interfaces/ros_gz_interfaces/msg/detail/altimeter__struct.h
[11.448s] -- Installing: /home/cyberkanjousen/CLionProjects/ROS2_1/install/ros_gz_interfaces/include/ros_gz_interfaces/ros_gz_interfaces/msg/detail/joint_wrench__functions.h
[11.448s] -- Installing: /home/cyberkanjousen/CLionProjects/ROS2_1/install/ros_gz_interfaces/include/ros_gz_interfaces/ros_gz_interfaces/msg/detail/light__type_support.h
[11.449s] -- Installing: /home/cyberkanjousen/CLionProjects/ROS2_1/install/ros_gz_interfaces/include/ros_gz_interfaces/ros_gz_interfaces/msg/detail/param_vec__functions.c
[11.449s] -- Installing: /home/cyberkanjousen/CLionProjects/ROS2_1/install/ros_gz_interfaces/include/ros_gz_interfaces/ros_gz_interfaces/msg/detail/world_reset__description.c
[11.449s] -- Installing: /home/cyberkanjousen/CLionProjects/ROS2_1/install/ros_gz_interfaces/include/ros_gz_interfaces/ros_gz_interfaces/msg/detail/joint_wrench__type_support.h
[11.449s] -- Installing: /home/cyberkanjousen/CLionProjects/ROS2_1/install/ros_gz_interfaces/include/ros_gz_interfaces/ros_gz_interfaces/msg/detail/dataframe__type_support.h
[11.449s] -- Installing: /home/cyberkanjousen/CLionProjects/ROS2_1/install/ros_gz_interfaces/include/ros_gz_interfaces/ros_gz_interfaces/msg/detail/logical_camera_image__struct.h
[11.449s] -- Installing: /home/cyberkanjousen/CLionProjects/ROS2_1/install/ros_gz_interfaces/include/ros_gz_interfaces/ros_gz_interfaces/msg/detail/string_vec__type_support.c
[11.449s] -- Installing: /home/cyberkanjousen/CLionProjects/ROS2_1/install/ros_gz_interfaces/include/ros_gz_interfaces/ros_gz_interfaces/msg/detail/entity_wrench__type_support.h
[11.449s] -- Installing: /home/cyberkanjousen/CLionProjects/ROS2_1/install/ros_gz_interfaces/include/ros_gz_interfaces/ros_gz_interfaces/msg/detail/float32_array__type_support.h
[11.449s] -- Installing: /home/cyberkanjousen/CLionProjects/ROS2_1/install/ros_gz_interfaces/include/ros_gz_interfaces/ros_gz_interfaces/msg/detail/param_vec__functions.h
[11.449s] -- Installing: /home/cyberkanjousen/CLionProjects/ROS2_1/install/ros_gz_interfaces/include/ros_gz_interfaces/ros_gz_interfaces/msg/detail/material_color__functions.h
[11.449s] -- Installing: /home/cyberkanjousen/CLionProjects/ROS2_1/install/ros_gz_interfaces/include/ros_gz_interfaces/ros_gz_interfaces/msg/detail/logical_camera_image__type_support.c
[11.449s] -- Installing: /home/cyberkanjousen/CLionProjects/ROS2_1/install/ros_gz_interfaces/include/ros_gz_interfaces/ros_gz_interfaces/msg/detail/material_color__description.c
[11.449s] -- Installing: /home/cyberkanjousen/CLionProjects/ROS2_1/install/ros_gz_interfaces/include/ros_gz_interfaces/ros_gz_interfaces/msg/detail/dataframe__struct.h
[11.449s] -- Installing: /home/cyberkanjousen/CLionProjects/ROS2_1/install/ros_gz_interfaces/include/ros_gz_interfaces/ros_gz_interfaces/msg/detail/entity__type_support.h
[11.449s] -- Installing: /home/cyberkanjousen/CLionProjects/ROS2_1/install/ros_gz_interfaces/include/ros_gz_interfaces/ros_gz_interfaces/msg/detail/track_visual__description.c
[11.449s] -- Installing: /home/cyberkanjousen/CLionProjects/ROS2_1/install/ros_gz_interfaces/include/ros_gz_interfaces/ros_gz_interfaces/msg/detail/param_vec__description.c
[11.450s] -- Installing: /home/cyberkanjousen/CLionProjects/ROS2_1/install/ros_gz_interfaces/include/ros_gz_interfaces/ros_gz_interfaces/msg/detail/entity_factory__type_support.h
[11.450s] -- Installing: /home/cyberkanjousen/CLionProjects/ROS2_1/install/ros_gz_interfaces/include/ros_gz_interfaces/ros_gz_interfaces/msg/detail/logical_camera_image__type_support.h
[11.450s] -- Installing: /home/cyberkanjousen/CLionProjects/ROS2_1/install/ros_gz_interfaces/include/ros_gz_interfaces/ros_gz_interfaces/msg/detail/entity__functions.c
[11.450s] -- Installing: /home/cyberkanjousen/CLionProjects/ROS2_1/install/ros_gz_interfaces/include/ros_gz_interfaces/ros_gz_interfaces/msg/detail/world_reset__functions.c
[11.450s] -- Installing: /home/cyberkanjousen/CLionProjects/ROS2_1/install/ros_gz_interfaces/include/ros_gz_interfaces/ros_gz_interfaces/msg/detail/logical_camera_image_model__struct.h
[11.450s] -- Installing: /home/cyberkanjousen/CLionProjects/ROS2_1/install/ros_gz_interfaces/include/ros_gz_interfaces/ros_gz_interfaces/msg/detail/string_vec__functions.h
[11.450s] -- Installing: /home/cyberkanjousen/CLionProjects/ROS2_1/install/ros_gz_interfaces/include/ros_gz_interfaces/ros_gz_interfaces/msg/detail/float32_array__type_support.c
[11.450s] -- Installing: /home/cyberkanjousen/CLionProjects/ROS2_1/install/ros_gz_interfaces/include/ros_gz_interfaces/ros_gz_interfaces/msg/detail/altimeter__type_support.c
[11.450s] -- Installing: /home/cyberkanjousen/CLionProjects/ROS2_1/install/ros_gz_interfaces/include/ros_gz_interfaces/ros_gz_interfaces/msg/detail/sensor_noise__description.c
[11.450s] -- Installing: /home/cyberkanjousen/CLionProjects/ROS2_1/install/ros_gz_interfaces/include/ros_gz_interfaces/ros_gz_interfaces/msg/detail/contacts__type_support.h
[11.450s] -- Installing: /home/cyberkanjousen/CLionProjects/ROS2_1/install/ros_gz_interfaces/include/ros_gz_interfaces/ros_gz_interfaces/msg/detail/contact__struct.h
[11.450s] -- Installing: /home/cyberkanjousen/CLionProjects/ROS2_1/install/ros_gz_interfaces/include/ros_gz_interfaces/ros_gz_interfaces/msg/detail/video_record__type_support.h
[11.450s] -- Installing: /home/cyberkanjousen/CLionProjects/ROS2_1/install/ros_gz_interfaces/include/ros_gz_interfaces/ros_gz_interfaces/msg/detail/contact__functions.h
[11.450s] -- Installing: /home/cyberkanjousen/CLionProjects/ROS2_1/install/ros_gz_interfaces/include/ros_gz_interfaces/ros_gz_interfaces/msg/detail/logical_camera_image__description.c
[11.450s] -- Installing: /home/cyberkanjousen/CLionProjects/ROS2_1/install/ros_gz_interfaces/include/ros_gz_interfaces/ros_gz_interfaces/msg/detail/logical_camera_image_model__type_support.h
[11.450s] -- Installing: /home/cyberkanjousen/CLionProjects/ROS2_1/install/ros_gz_interfaces/include/ros_gz_interfaces/ros_gz_interfaces/msg/detail/material_color__type_support.h
[11.450s] -- Installing: /home/cyberkanjousen/CLionProjects/ROS2_1/install/ros_gz_interfaces/include/ros_gz_interfaces/ros_gz_interfaces/msg/detail/gui_camera__struct.h
[11.450s] -- Installing: /home/cyberkanjousen/CLionProjects/ROS2_1/install/ros_gz_interfaces/include/ros_gz_interfaces/ros_gz_interfaces/msg/detail/world_control__type_support.h
[11.451s] -- Installing: /home/cyberkanjousen/CLionProjects/ROS2_1/install/ros_gz_interfaces/include/ros_gz_interfaces/ros_gz_interfaces/msg/detail/contacts__struct.h
[11.451s] -- Installing: /home/cyberkanjousen/CLionProjects/ROS2_1/install/ros_gz_interfaces/include/ros_gz_interfaces/ros_gz_interfaces/msg/detail/param_vec__type_support.c
[11.451s] -- Installing: /home/cyberkanjousen/CLionProjects/ROS2_1/install/ros_gz_interfaces/include/ros_gz_interfaces/ros_gz_interfaces/msg/detail/dataframe__description.c
[11.451s] -- Installing: /home/cyberkanjousen/CLionProjects/ROS2_1/install/ros_gz_interfaces/include/ros_gz_interfaces/ros_gz_interfaces/msg/detail/world_reset__struct.h
[11.451s] -- Installing: /home/cyberkanjousen/CLionProjects/ROS2_1/install/ros_gz_interfaces/include/ros_gz_interfaces/ros_gz_interfaces/msg/detail/dataframe__type_support.c
[11.451s] -- Installing: /home/cyberkanjousen/CLionProjects/ROS2_1/install/ros_gz_interfaces/include/ros_gz_interfaces/ros_gz_interfaces/msg/detail/world_control__struct.h
[11.451s] -- Installing: /home/cyberkanjousen/CLionProjects/ROS2_1/install/ros_gz_interfaces/include/ros_gz_interfaces/ros_gz_interfaces/msg/detail/world_control__functions.h
[11.451s] -- Installing: /home/cyberkanjousen/CLionProjects/ROS2_1/install/ros_gz_interfaces/include/ros_gz_interfaces/ros_gz_interfaces/msg/detail/world_reset__type_support.h
[11.451s] -- Installing: /home/cyberkanjousen/CLionProjects/ROS2_1/install/ros_gz_interfaces/include/ros_gz_interfaces/ros_gz_interfaces/msg/detail/entity_factory__functions.h
[11.451s] -- Installing: /home/cyberkanjousen/CLionProjects/ROS2_1/install/ros_gz_interfaces/include/ros_gz_interfaces/ros_gz_interfaces/msg/detail/entity_wrench__type_support.c
[11.451s] -- Installing: /home/cyberkanjousen/CLionProjects/ROS2_1/install/ros_gz_interfaces/include/ros_gz_interfaces/ros_gz_interfaces/msg/detail/track_visual__functions.h
[11.451s] -- Installing: /home/cyberkanjousen/CLionProjects/ROS2_1/install/ros_gz_interfaces/include/ros_gz_interfaces/ros_gz_interfaces/msg/detail/video_record__functions.c
[11.451s] -- Installing: /home/cyberkanjousen/CLionProjects/ROS2_1/install/ros_gz_interfaces/include/ros_gz_interfaces/ros_gz_interfaces/msg/detail/world_control__type_support.c
[11.452s] -- Installing: /home/cyberkanjousen/CLionProjects/ROS2_1/install/ros_gz_interfaces/include/ros_gz_interfaces/ros_gz_interfaces/msg/detail/joint_wrench__functions.c
[11.452s] -- Installing: /home/cyberkanjousen/CLionProjects/ROS2_1/install/ros_gz_interfaces/include/ros_gz_interfaces/ros_gz_interfaces/msg/detail/entity_factory__functions.c
[11.452s] -- Installing: /home/cyberkanjousen/CLionProjects/ROS2_1/install/ros_gz_interfaces/include/ros_gz_interfaces/ros_gz_interfaces/msg/detail/joint_wrench__description.c
[11.452s] -- Installing: /home/cyberkanjousen/CLionProjects/ROS2_1/install/ros_gz_interfaces/include/ros_gz_interfaces/ros_gz_interfaces/msg/detail/entity__struct.h
[11.452s] -- Installing: /home/cyberkanjousen/CLionProjects/ROS2_1/install/ros_gz_interfaces/include/ros_gz_interfaces/ros_gz_interfaces/msg/detail/video_record__type_support.c
[11.452s] -- Installing: /home/cyberkanjousen/CLionProjects/ROS2_1/install/ros_gz_interfaces/include/ros_gz_interfaces/ros_gz_interfaces/msg/detail/gui_camera__description.c
[11.452s] -- Installing: /home/cyberkanjousen/CLionProjects/ROS2_1/install/ros_gz_interfaces/include/ros_gz_interfaces/ros_gz_interfaces/msg/detail/param_vec__type_support.h
[11.452s] -- Installing: /home/cyberkanjousen/CLionProjects/ROS2_1/install/ros_gz_interfaces/include/ros_gz_interfaces/ros_gz_interfaces/msg/detail/light__struct.h
[11.452s] -- Installing: /home/cyberkanjousen/CLionProjects/ROS2_1/install/ros_gz_interfaces/include/ros_gz_interfaces/ros_gz_interfaces/msg/detail/world_control__functions.c
[11.452s] -- Installing: /home/cyberkanjousen/CLionProjects/ROS2_1/install/ros_gz_interfaces/include/ros_gz_interfaces/ros_gz_interfaces/msg/detail/light__type_support.c
[11.452s] -- Installing: /home/cyberkanjousen/CLionProjects/ROS2_1/install/ros_gz_interfaces/include/ros_gz_interfaces/ros_gz_interfaces/msg/detail/entity_factory__description.c
[11.452s] -- Installing: /home/cyberkanjousen/CLionProjects/ROS2_1/install/ros_gz_interfaces/include/ros_gz_interfaces/ros_gz_interfaces/msg/detail/sensor_noise__struct.h
[11.452s] -- Installing: /home/cyberkanjousen/CLionProjects/ROS2_1/install/ros_gz_interfaces/include/ros_gz_interfaces/ros_gz_interfaces/msg/detail/float32_array__functions.c
[11.452s] -- Installing: /home/cyberkanjousen/CLionProjects/ROS2_1/install/ros_gz_interfaces/include/ros_gz_interfaces/ros_gz_interfaces/msg/detail/param_vec__struct.h
[11.452s] -- Installing: /home/cyberkanjousen/CLionProjects/ROS2_1/install/ros_gz_interfaces/include/ros_gz_interfaces/ros_gz_interfaces/msg/detail/contacts__description.c
[11.452s] -- Installing: /home/cyberkanjousen/CLionProjects/ROS2_1/install/ros_gz_interfaces/include/ros_gz_interfaces/ros_gz_interfaces/msg/detail/entity_factory__struct.h
[11.453s] -- Installing: /home/cyberkanjousen/CLionProjects/ROS2_1/install/ros_gz_interfaces/include/ros_gz_interfaces/ros_gz_interfaces/msg/detail/sensor_noise__functions.h
[11.453s] -- Installing: /home/cyberkanjousen/CLionProjects/ROS2_1/install/ros_gz_interfaces/include/ros_gz_interfaces/ros_gz_interfaces/msg/detail/material_color__struct.h
[11.453s] -- Installing: /home/cyberkanjousen/CLionProjects/ROS2_1/install/ros_gz_interfaces/include/ros_gz_interfaces/ros_gz_interfaces/msg/detail/track_visual__type_support.c
[11.453s] -- Installing: /home/cyberkanjousen/CLionProjects/ROS2_1/install/ros_gz_interfaces/include/ros_gz_interfaces/ros_gz_interfaces/msg/detail/dataframe__functions.h
[11.453s] -- Installing: /home/cyberkanjousen/CLionProjects/ROS2_1/install/ros_gz_interfaces/include/ros_gz_interfaces/ros_gz_interfaces/msg/detail/contact__functions.c
[11.453s] -- Installing: /home/cyberkanjousen/CLionProjects/ROS2_1/install/ros_gz_interfaces/include/ros_gz_interfaces/ros_gz_interfaces/msg/detail/float32_array__functions.h
[11.453s] -- Installing: /home/cyberkanjousen/CLionProjects/ROS2_1/install/ros_gz_interfaces/include/ros_gz_interfaces/ros_gz_interfaces/msg/detail/string_vec__functions.c
[11.453s] -- Installing: /home/cyberkanjousen/CLionProjects/ROS2_1/install/ros_gz_interfaces/include/ros_gz_interfaces/ros_gz_interfaces/msg/detail/track_visual__functions.c
[11.453s] -- Installing: /home/cyberkanjousen/CLionProjects/ROS2_1/install/ros_gz_interfaces/include/ros_gz_interfaces/ros_gz_interfaces/msg/detail/altimeter__type_support.h
[11.453s] -- Installing: /home/cyberkanjousen/CLionProjects/ROS2_1/install/ros_gz_interfaces/include/ros_gz_interfaces/ros_gz_interfaces/msg/detail/video_record__functions.h
[11.453s] -- Installing: /home/cyberkanjousen/CLionProjects/ROS2_1/install/ros_gz_interfaces/include/ros_gz_interfaces/ros_gz_interfaces/msg/detail/float32_array__struct.h
[11.453s] -- Installing: /home/cyberkanjousen/CLionProjects/ROS2_1/install/ros_gz_interfaces/include/ros_gz_interfaces/ros_gz_interfaces/msg/detail/entity_wrench__struct.h
[11.453s] -- Installing: /home/cyberkanjousen/CLionProjects/ROS2_1/install/ros_gz_interfaces/include/ros_gz_interfaces/ros_gz_interfaces/msg/detail/world_control__description.c
[11.453s] -- Installing: /home/cyberkanjousen/CLionProjects/ROS2_1/install/ros_gz_interfaces/include/ros_gz_interfaces/ros_gz_interfaces/msg/detail/contacts__type_support.c
[11.453s] -- Installing: /home/cyberkanjousen/CLionProjects/ROS2_1/install/ros_gz_interfaces/include/ros_gz_interfaces/ros_gz_interfaces/msg/detail/contact__type_support.c
[11.454s] -- Installing: /home/cyberkanjousen/CLionProjects/ROS2_1/install/ros_gz_interfaces/include/ros_gz_interfaces/ros_gz_interfaces/msg/detail/logical_camera_image_model__functions.h
[11.454s] -- Installing: /home/cyberkanjousen/CLionProjects/ROS2_1/install/ros_gz_interfaces/include/ros_gz_interfaces/ros_gz_interfaces/msg/detail/joint_wrench__type_support.c
[11.454s] -- Installing: /home/cyberkanjousen/CLionProjects/ROS2_1/install/ros_gz_interfaces/include/ros_gz_interfaces/ros_gz_interfaces/msg/detail/contacts__functions.c
[11.454s] -- Installing: /home/cyberkanjousen/CLionProjects/ROS2_1/install/ros_gz_interfaces/include/ros_gz_interfaces/ros_gz_interfaces/msg/detail/string_vec__struct.h
[11.454s] -- Installing: /home/cyberkanjousen/CLionProjects/ROS2_1/install/ros_gz_interfaces/include/ros_gz_interfaces/ros_gz_interfaces/msg/detail/gui_camera__type_support.h
[11.454s] -- Installing: /home/cyberkanjousen/CLionProjects/ROS2_1/install/ros_gz_interfaces/include/ros_gz_interfaces/ros_gz_interfaces/msg/detail/entity__functions.h
[11.454s] -- Installing: /home/cyberkanjousen/CLionProjects/ROS2_1/install/ros_gz_interfaces/include/ros_gz_interfaces/ros_gz_interfaces/msg/detail/entity__description.c
[11.454s] -- Installing: /home/cyberkanjousen/CLionProjects/ROS2_1/install/ros_gz_interfaces/include/ros_gz_interfaces/ros_gz_interfaces/msg/detail/entity_wrench__description.c
[11.454s] -- Installing: /home/cyberkanjousen/CLionProjects/ROS2_1/install/ros_gz_interfaces/include/ros_gz_interfaces/ros_gz_interfaces/msg/detail/sensor_noise__functions.c
[11.454s] -- Installing: /home/cyberkanjousen/CLionProjects/ROS2_1/install/ros_gz_interfaces/include/ros_gz_interfaces/ros_gz_interfaces/msg/detail/light__functions.c
[11.454s] -- Installing: /home/cyberkanjousen/CLionProjects/ROS2_1/install/ros_gz_interfaces/include/ros_gz_interfaces/ros_gz_interfaces/msg/detail/altimeter__functions.h
[11.454s] -- Installing: /home/cyberkanjousen/CLionProjects/ROS2_1/install/ros_gz_interfaces/include/ros_gz_interfaces/ros_gz_interfaces/msg/detail/track_visual__type_support.h
[11.454s] -- Installing: /home/cyberkanjousen/CLionProjects/ROS2_1/install/ros_gz_interfaces/include/ros_gz_interfaces/ros_gz_interfaces/msg/detail/dataframe__functions.c
[11.454s] -- Installing: /home/cyberkanjousen/CLionProjects/ROS2_1/install/ros_gz_interfaces/include/ros_gz_interfaces/ros_gz_interfaces/msg/detail/logical_camera_image_model__description.c
[11.454s] -- Installing: /home/cyberkanjousen/CLionProjects/ROS2_1/install/ros_gz_interfaces/include/ros_gz_interfaces/ros_gz_interfaces/msg/detail/joint_wrench__struct.h
[11.455s] -- Installing: /home/cyberkanjousen/CLionProjects/ROS2_1/install/ros_gz_interfaces/include/ros_gz_interfaces/ros_gz_interfaces/msg/detail/altimeter__functions.c
[11.455s] -- Installing: /home/cyberkanjousen/CLionProjects/ROS2_1/install/ros_gz_interfaces/include/ros_gz_interfaces/ros_gz_interfaces/msg/detail/video_record__struct.h
[11.455s] -- Installing: /home/cyberkanjousen/CLionProjects/ROS2_1/install/ros_gz_interfaces/include/ros_gz_interfaces/ros_gz_interfaces/msg/detail/entity_factory__type_support.c
[11.455s] -- Installing: /home/cyberkanjousen/CLionProjects/ROS2_1/install/ros_gz_interfaces/include/ros_gz_interfaces/ros_gz_interfaces/msg/detail/logical_camera_image_model__functions.c
[11.455s] -- Installing: /home/cyberkanjousen/CLionProjects/ROS2_1/install/ros_gz_interfaces/include/ros_gz_interfaces/ros_gz_interfaces/msg/detail/string_vec__description.c
[11.455s] -- Installing: /home/cyberkanjousen/CLionProjects/ROS2_1/install/ros_gz_interfaces/include/ros_gz_interfaces/ros_gz_interfaces/msg/detail/contacts__functions.h
[11.455s] -- Installing: /home/cyberkanjousen/CLionProjects/ROS2_1/install/ros_gz_interfaces/include/ros_gz_interfaces/ros_gz_interfaces/msg/detail/material_color__functions.c
[11.455s] -- Installing: /home/cyberkanjousen/CLionProjects/ROS2_1/install/ros_gz_interfaces/include/ros_gz_interfaces/ros_gz_interfaces/msg/detail/light__functions.h
[11.455s] -- Installing: /home/cyberkanjousen/CLionProjects/ROS2_1/install/ros_gz_interfaces/include/ros_gz_interfaces/ros_gz_interfaces/msg/detail/gui_camera__functions.h
[11.455s] -- Installing: /home/cyberkanjousen/CLionProjects/ROS2_1/install/ros_gz_interfaces/include/ros_gz_interfaces/ros_gz_interfaces/msg/detail/video_record__description.c
[11.455s] -- Installing: /home/cyberkanjousen/CLionProjects/ROS2_1/install/ros_gz_interfaces/include/ros_gz_interfaces/ros_gz_interfaces/msg/detail/material_color__type_support.c
[11.455s] -- Installing: /home/cyberkanjousen/CLionProjects/ROS2_1/install/ros_gz_interfaces/include/ros_gz_interfaces/ros_gz_interfaces/msg/detail/altimeter__description.c
[11.455s] -- Installing: /home/cyberkanjousen/CLionProjects/ROS2_1/install/ros_gz_interfaces/include/ros_gz_interfaces/ros_gz_interfaces/msg/detail/string_vec__type_support.h
[11.455s] -- Installing: /home/cyberkanjousen/CLionProjects/ROS2_1/install/ros_gz_interfaces/include/ros_gz_interfaces/ros_gz_interfaces/msg/detail/gui_camera__functions.c
[11.455s] -- Installing: /home/cyberkanjousen/CLionProjects/ROS2_1/install/ros_gz_interfaces/include/ros_gz_interfaces/ros_gz_interfaces/msg/entity_wrench.h
[11.456s] -- Installing: /home/cyberkanjousen/CLionProjects/ROS2_1/install/ros_gz_interfaces/include/ros_gz_interfaces/ros_gz_interfaces/msg/float32_array.h
[11.456s] -- Installing: /home/cyberkanjousen/CLionProjects/ROS2_1/install/ros_gz_interfaces/include/ros_gz_interfaces/ros_gz_interfaces/msg/logical_camera_image_model.h
[11.456s] -- Installing: /home/cyberkanjousen/CLionProjects/ROS2_1/install/ros_gz_interfaces/include/ros_gz_interfaces/ros_gz_interfaces/msg/sensor_noise.h
[11.456s] -- Installing: /home/cyberkanjousen/CLionProjects/ROS2_1/install/ros_gz_interfaces/include/ros_gz_interfaces/ros_gz_interfaces/msg/world_reset.h
[11.456s] -- Installing: /home/cyberkanjousen/CLionProjects/ROS2_1/install/ros_gz_interfaces/include/ros_gz_interfaces/ros_gz_interfaces/msg/rosidl_generator_c__visibility_control.h
[11.456s] -- Installing: /home/cyberkanjousen/CLionProjects/ROS2_1/install/ros_gz_interfaces/include/ros_gz_interfaces/ros_gz_interfaces/msg/dataframe.h
[11.456s] -- Installing: /home/cyberkanjousen/CLionProjects/ROS2_1/install/ros_gz_interfaces/include/ros_gz_interfaces/ros_gz_interfaces/msg/track_visual.h
[11.456s] -- Installing: /home/cyberkanjousen/CLionProjects/ROS2_1/install/ros_gz_interfaces/include/ros_gz_interfaces/ros_gz_interfaces/msg/contact.h
[11.456s] -- Installing: /home/cyberkanjousen/CLionProjects/ROS2_1/install/ros_gz_interfaces/include/ros_gz_interfaces/ros_gz_interfaces/msg/video_record.h
[11.456s] -- Installing: /home/cyberkanjousen/CLionProjects/ROS2_1/install/ros_gz_interfaces/include/ros_gz_interfaces/ros_gz_interfaces/msg/contacts.h
[11.456s] -- Installing: /home/cyberkanjousen/CLionProjects/ROS2_1/install/ros_gz_interfaces/include/ros_gz_interfaces/ros_gz_interfaces/msg/gui_camera.h
[11.456s] -- Installing: /home/cyberkanjousen/CLionProjects/ROS2_1/install/ros_gz_interfaces/include/ros_gz_interfaces/ros_gz_interfaces/msg/logical_camera_image.h
[11.456s] -- Installing: /home/cyberkanjousen/CLionProjects/ROS2_1/install/ros_gz_interfaces/include/ros_gz_interfaces/ros_gz_interfaces/msg/param_vec.h
[11.456s] -- Installing: /home/cyberkanjousen/CLionProjects/ROS2_1/install/ros_gz_interfaces/include/ros_gz_interfaces/ros_gz_interfaces/msg/entity.h
[11.456s] -- Installing: /home/cyberkanjousen/CLionProjects/ROS2_1/install/ros_gz_interfaces/include/ros_gz_interfaces/ros_gz_interfaces/msg/material_color.h
[11.456s] -- Installing: /home/cyberkanjousen/CLionProjects/ROS2_1/install/ros_gz_interfaces/include/ros_gz_interfaces/ros_gz_interfaces/msg/world_control.h
[11.456s] -- Installing: /home/cyberkanjousen/CLionProjects/ROS2_1/install/ros_gz_interfaces/include/ros_gz_interfaces/ros_gz_interfaces/msg/light.h
[11.456s] -- Installing: /home/cyberkanjousen/CLionProjects/ROS2_1/install/ros_gz_interfaces/include/ros_gz_interfaces/ros_gz_interfaces/srv
[11.457s] -- Installing: /home/cyberkanjousen/CLionProjects/ROS2_1/install/ros_gz_interfaces/include/ros_gz_interfaces/ros_gz_interfaces/srv/set_entity_pose.h
[11.457s] -- Installing: /home/cyberkanjousen/CLionProjects/ROS2_1/install/ros_gz_interfaces/include/ros_gz_interfaces/ros_gz_interfaces/srv/control_world.h
[11.457s] -- Installing: /home/cyberkanjousen/CLionProjects/ROS2_1/install/ros_gz_interfaces/include/ros_gz_interfaces/ros_gz_interfaces/srv/detail
[11.457s] -- Installing: /home/cyberkanjousen/CLionProjects/ROS2_1/install/ros_gz_interfaces/include/ros_gz_interfaces/ros_gz_interfaces/srv/detail/delete_entity__struct.h
[11.457s] -- Installing: /home/cyberkanjousen/CLionProjects/ROS2_1/install/ros_gz_interfaces/include/ros_gz_interfaces/ros_gz_interfaces/srv/detail/spawn_entity__type_support.c
[11.457s] -- Installing: /home/cyberkanjousen/CLionProjects/ROS2_1/install/ros_gz_interfaces/include/ros_gz_interfaces/ros_gz_interfaces/srv/detail/spawn_entity__type_support.h
[11.457s] -- Installing: /home/cyberkanjousen/CLionProjects/ROS2_1/install/ros_gz_interfaces/include/ros_gz_interfaces/ros_gz_interfaces/srv/detail/control_world__type_support.h
[11.457s] -- Installing: /home/cyberkanjousen/CLionProjects/ROS2_1/install/ros_gz_interfaces/include/ros_gz_interfaces/ros_gz_interfaces/srv/detail/delete_entity__functions.h
[11.457s] -- Installing: /home/cyberkanjousen/CLionProjects/ROS2_1/install/ros_gz_interfaces/include/ros_gz_interfaces/ros_gz_interfaces/srv/detail/delete_entity__description.c
[11.457s] -- Installing: /home/cyberkanjousen/CLionProjects/ROS2_1/install/ros_gz_interfaces/include/ros_gz_interfaces/ros_gz_interfaces/srv/detail/control_world__description.c
[11.457s] -- Installing: /home/cyberkanjousen/CLionProjects/ROS2_1/install/ros_gz_interfaces/include/ros_gz_interfaces/ros_gz_interfaces/srv/detail/spawn_entity__struct.h
[11.457s] -- Installing: /home/cyberkanjousen/CLionProjects/ROS2_1/install/ros_gz_interfaces/include/ros_gz_interfaces/ros_gz_interfaces/srv/detail/control_world__type_support.c
[11.457s] -- Installing: /home/cyberkanjousen/CLionProjects/ROS2_1/install/ros_gz_interfaces/include/ros_gz_interfaces/ros_gz_interfaces/srv/detail/set_entity_pose__type_support.h
[11.457s] -- Installing: /home/cyberkanjousen/CLionProjects/ROS2_1/install/ros_gz_interfaces/include/ros_gz_interfaces/ros_gz_interfaces/srv/detail/delete_entity__type_support.h
[11.457s] -- Installing: /home/cyberkanjousen/CLionProjects/ROS2_1/install/ros_gz_interfaces/include/ros_gz_interfaces/ros_gz_interfaces/srv/detail/set_entity_pose__struct.h
[11.457s] -- Installing: /home/cyberkanjousen/CLionProjects/ROS2_1/install/ros_gz_interfaces/include/ros_gz_interfaces/ros_gz_interfaces/srv/detail/spawn_entity__functions.c
[11.457s] -- Installing: /home/cyberkanjousen/CLionProjects/ROS2_1/install/ros_gz_interfaces/include/ros_gz_interfaces/ros_gz_interfaces/srv/detail/set_entity_pose__functions.c
[11.457s] -- Installing: /home/cyberkanjousen/CLionProjects/ROS2_1/install/ros_gz_interfaces/include/ros_gz_interfaces/ros_gz_interfaces/srv/detail/control_world__functions.h
[11.458s] -- Installing: /home/cyberkanjousen/CLionProjects/ROS2_1/install/ros_gz_interfaces/include/ros_gz_interfaces/ros_gz_interfaces/srv/detail/spawn_entity__description.c
[11.458s] -- Installing: /home/cyberkanjousen/CLionProjects/ROS2_1/install/ros_gz_interfaces/include/ros_gz_interfaces/ros_gz_interfaces/srv/detail/control_world__functions.c
[11.458s] -- Installing: /home/cyberkanjousen/CLionProjects/ROS2_1/install/ros_gz_interfaces/include/ros_gz_interfaces/ros_gz_interfaces/srv/detail/spawn_entity__functions.h
[11.458s] -- Installing: /home/cyberkanjousen/CLionProjects/ROS2_1/install/ros_gz_interfaces/include/ros_gz_interfaces/ros_gz_interfaces/srv/detail/delete_entity__type_support.c
[11.458s] -- Installing: /home/cyberkanjousen/CLionProjects/ROS2_1/install/ros_gz_interfaces/include/ros_gz_interfaces/ros_gz_interfaces/srv/detail/set_entity_pose__description.c
[11.458s] -- Installing: /home/cyberkanjousen/CLionProjects/ROS2_1/install/ros_gz_interfaces/include/ros_gz_interfaces/ros_gz_interfaces/srv/detail/set_entity_pose__type_support.c
[11.458s] -- Installing: /home/cyberkanjousen/CLionProjects/ROS2_1/install/ros_gz_interfaces/include/ros_gz_interfaces/ros_gz_interfaces/srv/detail/control_world__struct.h
[11.458s] -- Installing: /home/cyberkanjousen/CLionProjects/ROS2_1/install/ros_gz_interfaces/include/ros_gz_interfaces/ros_gz_interfaces/srv/detail/delete_entity__functions.c
[11.458s] -- Installing: /home/cyberkanjousen/CLionProjects/ROS2_1/install/ros_gz_interfaces/include/ros_gz_interfaces/ros_gz_interfaces/srv/detail/set_entity_pose__functions.h
[11.458s] -- Installing: /home/cyberkanjousen/CLionProjects/ROS2_1/install/ros_gz_interfaces/include/ros_gz_interfaces/ros_gz_interfaces/srv/spawn_entity.h
[11.458s] -- Installing: /home/cyberkanjousen/CLionProjects/ROS2_1/install/ros_gz_interfaces/include/ros_gz_interfaces/ros_gz_interfaces/srv/delete_entity.h
[11.458s] -- Installing: /home/cyberkanjousen/CLionProjects/ROS2_1/install/ros_gz_interfaces/share/ros_gz_interfaces/environment/library_path.sh
[11.458s] -- Installing: /home/cyberkanjousen/CLionProjects/ROS2_1/install/ros_gz_interfaces/share/ros_gz_interfaces/environment/library_path.dsv
[11.459s] -- Installing: /home/cyberkanjousen/CLionProjects/ROS2_1/install/ros_gz_interfaces/lib/libros_gz_interfaces__rosidl_generator_c.so
[11.459s] -- Set non-toolchain portion of runtime path of "/home/cyberkanjousen/CLionProjects/ROS2_1/install/ros_gz_interfaces/lib/libros_gz_interfaces__rosidl_generator_c.so" to ""
[11.459s] -- Up-to-date: /home/cyberkanjousen/CLionProjects/ROS2_1/install/ros_gz_interfaces/include/ros_gz_interfaces/ros_gz_interfaces
[11.459s] -- Up-to-date: /home/cyberkanjousen/CLionProjects/ROS2_1/install/ros_gz_interfaces/include/ros_gz_interfaces/ros_gz_interfaces/msg
[11.459s] -- Up-to-date: /home/cyberkanjousen/CLionProjects/ROS2_1/install/ros_gz_interfaces/include/ros_gz_interfaces/ros_gz_interfaces/msg/detail
[11.459s] -- Installing: /home/cyberkanjousen/CLionProjects/ROS2_1/install/ros_gz_interfaces/include/ros_gz_interfaces/ros_gz_interfaces/msg/detail/float32_array__rosidl_typesupport_fastrtps_c.h
[11.459s] -- Installing: /home/cyberkanjousen/CLionProjects/ROS2_1/install/ros_gz_interfaces/include/ros_gz_interfaces/ros_gz_interfaces/msg/detail/sensor_noise__rosidl_typesupport_fastrtps_c.h
[11.459s] -- Installing: /home/cyberkanjousen/CLionProjects/ROS2_1/install/ros_gz_interfaces/include/ros_gz_interfaces/ros_gz_interfaces/msg/detail/altimeter__rosidl_typesupport_fastrtps_c.h
[11.459s] -- Installing: /home/cyberkanjousen/CLionProjects/ROS2_1/install/ros_gz_interfaces/include/ros_gz_interfaces/ros_gz_interfaces/msg/detail/contact__rosidl_typesupport_fastrtps_c.h
[11.459s] -- Installing: /home/cyberkanjousen/CLionProjects/ROS2_1/install/ros_gz_interfaces/include/ros_gz_interfaces/ros_gz_interfaces/msg/detail/entity__rosidl_typesupport_fastrtps_c.h
[11.459s] -- Installing: /home/cyberkanjousen/CLionProjects/ROS2_1/install/ros_gz_interfaces/include/ros_gz_interfaces/ros_gz_interfaces/msg/detail/entity_factory__rosidl_typesupport_fastrtps_c.h
[11.459s] -- Installing: /home/cyberkanjousen/CLionProjects/ROS2_1/install/ros_gz_interfaces/include/ros_gz_interfaces/ros_gz_interfaces/msg/detail/string_vec__rosidl_typesupport_fastrtps_c.h
[11.459s] -- Installing: /home/cyberkanjousen/CLionProjects/ROS2_1/install/ros_gz_interfaces/include/ros_gz_interfaces/ros_gz_interfaces/msg/detail/contacts__rosidl_typesupport_fastrtps_c.h
[11.460s] -- Installing: /home/cyberkanjousen/CLionProjects/ROS2_1/install/ros_gz_interfaces/include/ros_gz_interfaces/ros_gz_interfaces/msg/detail/logical_camera_image__rosidl_typesupport_fastrtps_c.h
[11.460s] -- Installing: /home/cyberkanjousen/CLionProjects/ROS2_1/install/ros_gz_interfaces/include/ros_gz_interfaces/ros_gz_interfaces/msg/detail/gui_camera__rosidl_typesupport_fastrtps_c.h
[11.460s] -- Installing: /home/cyberkanjousen/CLionProjects/ROS2_1/install/ros_gz_interfaces/include/ros_gz_interfaces/ros_gz_interfaces/msg/detail/dataframe__rosidl_typesupport_fastrtps_c.h
[11.460s] -- Installing: /home/cyberkanjousen/CLionProjects/ROS2_1/install/ros_gz_interfaces/include/ros_gz_interfaces/ros_gz_interfaces/msg/detail/material_color__rosidl_typesupport_fastrtps_c.h
[11.460s] -- Installing: /home/cyberkanjousen/CLionProjects/ROS2_1/install/ros_gz_interfaces/include/ros_gz_interfaces/ros_gz_interfaces/msg/detail/joint_wrench__rosidl_typesupport_fastrtps_c.h
[11.460s] -- Installing: /home/cyberkanjousen/CLionProjects/ROS2_1/install/ros_gz_interfaces/include/ros_gz_interfaces/ros_gz_interfaces/msg/detail/light__rosidl_typesupport_fastrtps_c.h
[11.460s] -- Installing: /home/cyberkanjousen/CLionProjects/ROS2_1/install/ros_gz_interfaces/include/ros_gz_interfaces/ros_gz_interfaces/msg/detail/world_control__rosidl_typesupport_fastrtps_c.h
[11.460s] -- Installing: /home/cyberkanjousen/CLionProjects/ROS2_1/install/ros_gz_interfaces/include/ros_gz_interfaces/ros_gz_interfaces/msg/detail/entity_wrench__rosidl_typesupport_fastrtps_c.h
[11.460s] -- Installing: /home/cyberkanjousen/CLionProjects/ROS2_1/install/ros_gz_interfaces/include/ros_gz_interfaces/ros_gz_interfaces/msg/detail/world_reset__rosidl_typesupport_fastrtps_c.h
[11.460s] -- Installing: /home/cyberkanjousen/CLionProjects/ROS2_1/install/ros_gz_interfaces/include/ros_gz_interfaces/ros_gz_interfaces/msg/detail/track_visual__rosidl_typesupport_fastrtps_c.h
[11.460s] -- Installing: /home/cyberkanjousen/CLionProjects/ROS2_1/install/ros_gz_interfaces/include/ros_gz_interfaces/ros_gz_interfaces/msg/detail/logical_camera_image_model__rosidl_typesupport_fastrtps_c.h
[11.460s] -- Installing: /home/cyberkanjousen/CLionProjects/ROS2_1/install/ros_gz_interfaces/include/ros_gz_interfaces/ros_gz_interfaces/msg/detail/video_record__rosidl_typesupport_fastrtps_c.h
[11.460s] -- Installing: /home/cyberkanjousen/CLionProjects/ROS2_1/install/ros_gz_interfaces/include/ros_gz_interfaces/ros_gz_interfaces/msg/detail/param_vec__rosidl_typesupport_fastrtps_c.h
[11.460s] -- Installing: /home/cyberkanjousen/CLionProjects/ROS2_1/install/ros_gz_interfaces/include/ros_gz_interfaces/ros_gz_interfaces/msg/rosidl_typesupport_fastrtps_c__visibility_control.h
[11.460s] -- Up-to-date: /home/cyberkanjousen/CLionProjects/ROS2_1/install/ros_gz_interfaces/include/ros_gz_interfaces/ros_gz_interfaces/srv
[11.461s] -- Up-to-date: /home/cyberkanjousen/CLionProjects/ROS2_1/install/ros_gz_interfaces/include/ros_gz_interfaces/ros_gz_interfaces/srv/detail
[11.461s] -- Installing: /home/cyberkanjousen/CLionProjects/ROS2_1/install/ros_gz_interfaces/include/ros_gz_interfaces/ros_gz_interfaces/srv/detail/set_entity_pose__rosidl_typesupport_fastrtps_c.h
[11.461s] -- Installing: /home/cyberkanjousen/CLionProjects/ROS2_1/install/ros_gz_interfaces/include/ros_gz_interfaces/ros_gz_interfaces/srv/detail/spawn_entity__rosidl_typesupport_fastrtps_c.h
[11.461s] -- Installing: /home/cyberkanjousen/CLionProjects/ROS2_1/install/ros_gz_interfaces/include/ros_gz_interfaces/ros_gz_interfaces/srv/detail/control_world__rosidl_typesupport_fastrtps_c.h
[11.461s] -- Installing: /home/cyberkanjousen/CLionProjects/ROS2_1/install/ros_gz_interfaces/include/ros_gz_interfaces/ros_gz_interfaces/srv/detail/delete_entity__rosidl_typesupport_fastrtps_c.h
[11.461s] -- Installing: /home/cyberkanjousen/CLionProjects/ROS2_1/install/ros_gz_interfaces/lib/libros_gz_interfaces__rosidl_typesupport_fastrtps_c.so
[11.461s] -- Set non-toolchain portion of runtime path of "/home/cyberkanjousen/CLionProjects/ROS2_1/install/ros_gz_interfaces/lib/libros_gz_interfaces__rosidl_typesupport_fastrtps_c.so" to ""
[11.461s] -- Up-to-date: /home/cyberkanjousen/CLionProjects/ROS2_1/install/ros_gz_interfaces/include/ros_gz_interfaces/ros_gz_interfaces
[11.461s] -- Up-to-date: /home/cyberkanjousen/CLionProjects/ROS2_1/install/ros_gz_interfaces/include/ros_gz_interfaces/ros_gz_interfaces/msg
[11.461s] -- Installing: /home/cyberkanjousen/CLionProjects/ROS2_1/install/ros_gz_interfaces/include/ros_gz_interfaces/ros_gz_interfaces/msg/world_reset.hpp
[11.461s] -- Installing: /home/cyberkanjousen/CLionProjects/ROS2_1/install/ros_gz_interfaces/include/ros_gz_interfaces/ros_gz_interfaces/msg/param_vec.hpp
[11.461s] -- Installing: /home/cyberkanjousen/CLionProjects/ROS2_1/install/ros_gz_interfaces/include/ros_gz_interfaces/ros_gz_interfaces/msg/logical_camera_image.hpp
[11.461s] -- Installing: /home/cyberkanjousen/CLionProjects/ROS2_1/install/ros_gz_interfaces/include/ros_gz_interfaces/ros_gz_interfaces/msg/contacts.hpp
[11.461s] -- Installing: /home/cyberkanjousen/CLionProjects/ROS2_1/install/ros_gz_interfaces/include/ros_gz_interfaces/ros_gz_interfaces/msg/float32_array.hpp
[11.462s] -- Up-to-date: /home/cyberkanjousen/CLionProjects/ROS2_1/install/ros_gz_interfaces/include/ros_gz_interfaces/ros_gz_interfaces/msg/detail
[11.462s] -- Installing: /home/cyberkanjousen/CLionProjects/ROS2_1/install/ros_gz_interfaces/include/ros_gz_interfaces/ros_gz_interfaces/msg/detail/string_vec__builder.hpp
[11.462s] -- Installing: /home/cyberkanjousen/CLionProjects/ROS2_1/install/ros_gz_interfaces/include/ros_gz_interfaces/ros_gz_interfaces/msg/detail/entity_factory__struct.hpp
[11.462s] -- Installing: /home/cyberkanjousen/CLionProjects/ROS2_1/install/ros_gz_interfaces/include/ros_gz_interfaces/ros_gz_interfaces/msg/detail/material_color__struct.hpp
[11.462s] -- Installing: /home/cyberkanjousen/CLionProjects/ROS2_1/install/ros_gz_interfaces/include/ros_gz_interfaces/ros_gz_interfaces/msg/detail/entity_wrench__type_support.hpp
[11.462s] -- Installing: /home/cyberkanjousen/CLionProjects/ROS2_1/install/ros_gz_interfaces/include/ros_gz_interfaces/ros_gz_interfaces/msg/detail/altimeter__traits.hpp
[11.462s] -- Installing: /home/cyberkanjousen/CLionProjects/ROS2_1/install/ros_gz_interfaces/include/ros_gz_interfaces/ros_gz_interfaces/msg/detail/entity_factory__builder.hpp
[11.462s] -- Installing: /home/cyberkanjousen/CLionProjects/ROS2_1/install/ros_gz_interfaces/include/ros_gz_interfaces/ros_gz_interfaces/msg/detail/string_vec__type_support.hpp
[11.462s] -- Installing: /home/cyberkanjousen/CLionProjects/ROS2_1/install/ros_gz_interfaces/include/ros_gz_interfaces/ros_gz_interfaces/msg/detail/altimeter__type_support.hpp
[11.462s] -- Installing: /home/cyberkanjousen/CLionProjects/ROS2_1/install/ros_gz_interfaces/include/ros_gz_interfaces/ros_gz_interfaces/msg/detail/float32_array__struct.hpp
[11.462s] -- Installing: /home/cyberkanjousen/CLionProjects/ROS2_1/install/ros_gz_interfaces/include/ros_gz_interfaces/ros_gz_interfaces/msg/detail/sensor_noise__builder.hpp
[11.462s] -- Installing: /home/cyberkanjousen/CLionProjects/ROS2_1/install/ros_gz_interfaces/include/ros_gz_interfaces/ros_gz_interfaces/msg/detail/contact__type_support.hpp
[11.462s] -- Installing: /home/cyberkanjousen/CLionProjects/ROS2_1/install/ros_gz_interfaces/include/ros_gz_interfaces/ros_gz_interfaces/msg/detail/gui_camera__struct.hpp
[11.462s] -- Installing: /home/cyberkanjousen/CLionProjects/ROS2_1/install/ros_gz_interfaces/include/ros_gz_interfaces/ros_gz_interfaces/msg/detail/gui_camera__builder.hpp
[11.462s] -- Installing: /home/cyberkanjousen/CLionProjects/ROS2_1/install/ros_gz_interfaces/include/ros_gz_interfaces/ros_gz_interfaces/msg/detail/light__builder.hpp
[11.462s] -- Installing: /home/cyberkanjousen/CLionProjects/ROS2_1/install/ros_gz_interfaces/include/ros_gz_interfaces/ros_gz_interfaces/msg/detail/material_color__builder.hpp
[11.462s] -- Installing: /home/cyberkanjousen/CLionProjects/ROS2_1/install/ros_gz_interfaces/include/ros_gz_interfaces/ros_gz_interfaces/msg/detail/track_visual__traits.hpp
[11.463s] -- Installing: /home/cyberkanjousen/CLionProjects/ROS2_1/install/ros_gz_interfaces/include/ros_gz_interfaces/ros_gz_interfaces/msg/detail/light__struct.hpp
[11.463s] -- Installing: /home/cyberkanjousen/CLionProjects/ROS2_1/install/ros_gz_interfaces/include/ros_gz_interfaces/ros_gz_interfaces/msg/detail/material_color__traits.hpp
[11.463s] -- Installing: /home/cyberkanjousen/CLionProjects/ROS2_1/install/ros_gz_interfaces/include/ros_gz_interfaces/ros_gz_interfaces/msg/detail/logical_camera_image__builder.hpp
[11.463s] -- Installing: /home/cyberkanjousen/CLionProjects/ROS2_1/install/ros_gz_interfaces/include/ros_gz_interfaces/ros_gz_interfaces/msg/detail/track_visual__builder.hpp
[11.463s] -- Installing: /home/cyberkanjousen/CLionProjects/ROS2_1/install/ros_gz_interfaces/include/ros_gz_interfaces/ros_gz_interfaces/msg/detail/string_vec__struct.hpp
[11.463s] -- Installing: /home/cyberkanjousen/CLionProjects/ROS2_1/install/ros_gz_interfaces/include/ros_gz_interfaces/ros_gz_interfaces/msg/detail/param_vec__builder.hpp
[11.463s] -- Installing: /home/cyberkanjousen/CLionProjects/ROS2_1/install/ros_gz_interfaces/include/ros_gz_interfaces/ros_gz_interfaces/msg/detail/contacts__type_support.hpp
[11.463s] -- Installing: /home/cyberkanjousen/CLionProjects/ROS2_1/install/ros_gz_interfaces/include/ros_gz_interfaces/ros_gz_interfaces/msg/detail/contact__struct.hpp
[11.463s] -- Installing: /home/cyberkanjousen/CLionProjects/ROS2_1/install/ros_gz_interfaces/include/ros_gz_interfaces/ros_gz_interfaces/msg/detail/dataframe__type_support.hpp
[11.463s] -- Installing: /home/cyberkanjousen/CLionProjects/ROS2_1/install/ros_gz_interfaces/include/ros_gz_interfaces/ros_gz_interfaces/msg/detail/sensor_noise__type_support.hpp
[11.463s] -- Installing: /home/cyberkanjousen/CLionProjects/ROS2_1/install/ros_gz_interfaces/include/ros_gz_interfaces/ros_gz_interfaces/msg/detail/world_control__type_support.hpp
[11.463s] -- Installing: /home/cyberkanjousen/CLionProjects/ROS2_1/install/ros_gz_interfaces/include/ros_gz_interfaces/ros_gz_interfaces/msg/detail/world_control__builder.hpp
[11.463s] -- Installing: /home/cyberkanjousen/CLionProjects/ROS2_1/install/ros_gz_interfaces/include/ros_gz_interfaces/ros_gz_interfaces/msg/detail/dataframe__struct.hpp
[11.463s] -- Installing: /home/cyberkanjousen/CLionProjects/ROS2_1/install/ros_gz_interfaces/include/ros_gz_interfaces/ros_gz_interfaces/msg/detail/contacts__builder.hpp
[11.463s] -- Installing: /home/cyberkanjousen/CLionProjects/ROS2_1/install/ros_gz_interfaces/include/ros_gz_interfaces/ros_gz_interfaces/msg/detail/light__type_support.hpp
[11.464s] -- Installing: /home/cyberkanjousen/CLionProjects/ROS2_1/install/ros_gz_interfaces/include/ros_gz_interfaces/ros_gz_interfaces/msg/detail/float32_array__type_support.hpp
[11.464s] -- Installing: /home/cyberkanjousen/CLionProjects/ROS2_1/install/ros_gz_interfaces/include/ros_gz_interfaces/ros_gz_interfaces/msg/detail/world_reset__traits.hpp
[11.464s] -- Installing: /home/cyberkanjousen/CLionProjects/ROS2_1/install/ros_gz_interfaces/include/ros_gz_interfaces/ros_gz_interfaces/msg/detail/logical_camera_image_model__builder.hpp
[11.464s] -- Installing: /home/cyberkanjousen/CLionProjects/ROS2_1/install/ros_gz_interfaces/include/ros_gz_interfaces/ros_gz_interfaces/msg/detail/joint_wrench__struct.hpp
[11.464s] -- Installing: /home/cyberkanjousen/CLionProjects/ROS2_1/install/ros_gz_interfaces/include/ros_gz_interfaces/ros_gz_interfaces/msg/detail/dataframe__builder.hpp
[11.464s] -- Installing: /home/cyberkanjousen/CLionProjects/ROS2_1/install/ros_gz_interfaces/include/ros_gz_interfaces/ros_gz_interfaces/msg/detail/entity_wrench__struct.hpp
[11.464s] -- Installing: /home/cyberkanjousen/CLionProjects/ROS2_1/install/ros_gz_interfaces/include/ros_gz_interfaces/ros_gz_interfaces/msg/detail/gui_camera__type_support.hpp
[11.464s] -- Installing: /home/cyberkanjousen/CLionProjects/ROS2_1/install/ros_gz_interfaces/include/ros_gz_interfaces/ros_gz_interfaces/msg/detail/entity_wrench__builder.hpp
[11.464s] -- Installing: /home/cyberkanjousen/CLionProjects/ROS2_1/install/ros_gz_interfaces/include/ros_gz_interfaces/ros_gz_interfaces/msg/detail/logical_camera_image_model__traits.hpp
[11.464s] -- Installing: /home/cyberkanjousen/CLionProjects/ROS2_1/install/ros_gz_interfaces/include/ros_gz_interfaces/ros_gz_interfaces/msg/detail/param_vec__traits.hpp
[11.464s] -- Installing: /home/cyberkanjousen/CLionProjects/ROS2_1/install/ros_gz_interfaces/include/ros_gz_interfaces/ros_gz_interfaces/msg/detail/contact__builder.hpp
[11.464s] -- Installing: /home/cyberkanjousen/CLionProjects/ROS2_1/install/ros_gz_interfaces/include/ros_gz_interfaces/ros_gz_interfaces/msg/detail/video_record__traits.hpp
[11.464s] -- Installing: /home/cyberkanjousen/CLionProjects/ROS2_1/install/ros_gz_interfaces/include/ros_gz_interfaces/ros_gz_interfaces/msg/detail/logical_camera_image__type_support.hpp
[11.464s] -- Installing: /home/cyberkanjousen/CLionProjects/ROS2_1/install/ros_gz_interfaces/include/ros_gz_interfaces/ros_gz_interfaces/msg/detail/string_vec__traits.hpp
[11.464s] -- Installing: /home/cyberkanjousen/CLionProjects/ROS2_1/install/ros_gz_interfaces/include/ros_gz_interfaces/ros_gz_interfaces/msg/detail/joint_wrench__builder.hpp
[11.464s] -- Installing: /home/cyberkanjousen/CLionProjects/ROS2_1/install/ros_gz_interfaces/include/ros_gz_interfaces/ros_gz_interfaces/msg/detail/altimeter__struct.hpp
[11.465s] -- Installing: /home/cyberkanjousen/CLionProjects/ROS2_1/install/ros_gz_interfaces/include/ros_gz_interfaces/ros_gz_interfaces/msg/detail/world_reset__builder.hpp
[11.465s] -- Installing: /home/cyberkanjousen/CLionProjects/ROS2_1/install/ros_gz_interfaces/include/ros_gz_interfaces/ros_gz_interfaces/msg/detail/param_vec__struct.hpp
[11.465s] -- Installing: /home/cyberkanjousen/CLionProjects/ROS2_1/install/ros_gz_interfaces/include/ros_gz_interfaces/ros_gz_interfaces/msg/detail/joint_wrench__traits.hpp
[11.465s] -- Installing: /home/cyberkanjousen/CLionProjects/ROS2_1/install/ros_gz_interfaces/include/ros_gz_interfaces/ros_gz_interfaces/msg/detail/world_reset__struct.hpp
[11.465s] -- Installing: /home/cyberkanjousen/CLionProjects/ROS2_1/install/ros_gz_interfaces/include/ros_gz_interfaces/ros_gz_interfaces/msg/detail/entity_wrench__traits.hpp
[11.465s] -- Installing: /home/cyberkanjousen/CLionProjects/ROS2_1/install/ros_gz_interfaces/include/ros_gz_interfaces/ros_gz_interfaces/msg/detail/param_vec__type_support.hpp
[11.465s] -- Installing: /home/cyberkanjousen/CLionProjects/ROS2_1/install/ros_gz_interfaces/include/ros_gz_interfaces/ros_gz_interfaces/msg/detail/world_control__traits.hpp
[11.465s] -- Installing: /home/cyberkanjousen/CLionProjects/ROS2_1/install/ros_gz_interfaces/include/ros_gz_interfaces/ros_gz_interfaces/msg/detail/gui_camera__traits.hpp
[11.465s] -- Installing: /home/cyberkanjousen/CLionProjects/ROS2_1/install/ros_gz_interfaces/include/ros_gz_interfaces/ros_gz_interfaces/msg/detail/entity__struct.hpp
[11.465s] -- Installing: /home/cyberkanjousen/CLionProjects/ROS2_1/install/ros_gz_interfaces/include/ros_gz_interfaces/ros_gz_interfaces/msg/detail/contacts__traits.hpp
[11.465s] -- Installing: /home/cyberkanjousen/CLionProjects/ROS2_1/install/ros_gz_interfaces/include/ros_gz_interfaces/ros_gz_interfaces/msg/detail/entity_factory__type_support.hpp
[11.465s] -- Installing: /home/cyberkanjousen/CLionProjects/ROS2_1/install/ros_gz_interfaces/include/ros_gz_interfaces/ros_gz_interfaces/msg/detail/float32_array__builder.hpp
[11.465s] -- Installing: /home/cyberkanjousen/CLionProjects/ROS2_1/install/ros_gz_interfaces/include/ros_gz_interfaces/ros_gz_interfaces/msg/detail/contacts__struct.hpp
[11.465s] -- Installing: /home/cyberkanjousen/CLionProjects/ROS2_1/install/ros_gz_interfaces/include/ros_gz_interfaces/ros_gz_interfaces/msg/detail/entity__type_support.hpp
[11.465s] -- Installing: /home/cyberkanjousen/CLionProjects/ROS2_1/install/ros_gz_interfaces/include/ros_gz_interfaces/ros_gz_interfaces/msg/detail/entity__builder.hpp
[11.465s] -- Installing: /home/cyberkanjousen/CLionProjects/ROS2_1/install/ros_gz_interfaces/include/ros_gz_interfaces/ros_gz_interfaces/msg/detail/entity__traits.hpp
[11.466s] -- Installing: /home/cyberkanjousen/CLionProjects/ROS2_1/install/ros_gz_interfaces/include/ros_gz_interfaces/ros_gz_interfaces/msg/detail/track_visual__struct.hpp
[11.466s] -- Installing: /home/cyberkanjousen/CLionProjects/ROS2_1/install/ros_gz_interfaces/include/ros_gz_interfaces/ros_gz_interfaces/msg/detail/light__traits.hpp
[11.466s] -- Installing: /home/cyberkanjousen/CLionProjects/ROS2_1/install/ros_gz_interfaces/include/ros_gz_interfaces/ros_gz_interfaces/msg/detail/dataframe__traits.hpp
[11.466s] -- Installing: /home/cyberkanjousen/CLionProjects/ROS2_1/install/ros_gz_interfaces/include/ros_gz_interfaces/ros_gz_interfaces/msg/detail/logical_camera_image_model__struct.hpp
[11.466s] -- Installing: /home/cyberkanjousen/CLionProjects/ROS2_1/install/ros_gz_interfaces/include/ros_gz_interfaces/ros_gz_interfaces/msg/detail/world_reset__type_support.hpp
[11.466s] -- Installing: /home/cyberkanjousen/CLionProjects/ROS2_1/install/ros_gz_interfaces/include/ros_gz_interfaces/ros_gz_interfaces/msg/detail/track_visual__type_support.hpp
[11.466s] -- Installing: /home/cyberkanjousen/CLionProjects/ROS2_1/install/ros_gz_interfaces/include/ros_gz_interfaces/ros_gz_interfaces/msg/detail/entity_factory__traits.hpp
[11.466s] -- Installing: /home/cyberkanjousen/CLionProjects/ROS2_1/install/ros_gz_interfaces/include/ros_gz_interfaces/ros_gz_interfaces/msg/detail/float32_array__traits.hpp
[11.466s] -- Installing: /home/cyberkanjousen/CLionProjects/ROS2_1/install/ros_gz_interfaces/include/ros_gz_interfaces/ros_gz_interfaces/msg/detail/logical_camera_image__struct.hpp
[11.466s] -- Installing: /home/cyberkanjousen/CLionProjects/ROS2_1/install/ros_gz_interfaces/include/ros_gz_interfaces/ros_gz_interfaces/msg/detail/sensor_noise__struct.hpp
[11.466s] -- Installing: /home/cyberkanjousen/CLionProjects/ROS2_1/install/ros_gz_interfaces/include/ros_gz_interfaces/ros_gz_interfaces/msg/detail/contact__traits.hpp
[11.466s] -- Installing: /home/cyberkanjousen/CLionProjects/ROS2_1/install/ros_gz_interfaces/include/ros_gz_interfaces/ros_gz_interfaces/msg/detail/sensor_noise__traits.hpp
[11.466s] -- Installing: /home/cyberkanjousen/CLionProjects/ROS2_1/install/ros_gz_interfaces/include/ros_gz_interfaces/ros_gz_interfaces/msg/detail/world_control__struct.hpp
[11.466s] -- Installing: /home/cyberkanjousen/CLionProjects/ROS2_1/install/ros_gz_interfaces/include/ros_gz_interfaces/ros_gz_interfaces/msg/detail/joint_wrench__type_support.hpp
[11.466s] -- Installing: /home/cyberkanjousen/CLionProjects/ROS2_1/install/ros_gz_interfaces/include/ros_gz_interfaces/ros_gz_interfaces/msg/detail/altimeter__builder.hpp
[11.467s] -- Installing: /home/cyberkanjousen/CLionProjects/ROS2_1/install/ros_gz_interfaces/include/ros_gz_interfaces/ros_gz_interfaces/msg/detail/material_color__type_support.hpp
[11.467s] -- Installing: /home/cyberkanjousen/CLionProjects/ROS2_1/install/ros_gz_interfaces/include/ros_gz_interfaces/ros_gz_interfaces/msg/detail/video_record__builder.hpp
[11.467s] -- Installing: /home/cyberkanjousen/CLionProjects/ROS2_1/install/ros_gz_interfaces/include/ros_gz_interfaces/ros_gz_interfaces/msg/detail/logical_camera_image_model__type_support.hpp
[11.467s] -- Installing: /home/cyberkanjousen/CLionProjects/ROS2_1/install/ros_gz_interfaces/include/ros_gz_interfaces/ros_gz_interfaces/msg/detail/video_record__struct.hpp
[11.467s] -- Installing: /home/cyberkanjousen/CLionProjects/ROS2_1/install/ros_gz_interfaces/include/ros_gz_interfaces/ros_gz_interfaces/msg/detail/video_record__type_support.hpp
[11.467s] -- Installing: /home/cyberkanjousen/CLionProjects/ROS2_1/install/ros_gz_interfaces/include/ros_gz_interfaces/ros_gz_interfaces/msg/detail/logical_camera_image__traits.hpp
[11.467s] -- Installing: /home/cyberkanjousen/CLionProjects/ROS2_1/install/ros_gz_interfaces/include/ros_gz_interfaces/ros_gz_interfaces/msg/light.hpp
[11.467s] -- Installing: /home/cyberkanjousen/CLionProjects/ROS2_1/install/ros_gz_interfaces/include/ros_gz_interfaces/ros_gz_interfaces/msg/dataframe.hpp
[11.467s] -- Installing: /home/cyberkanjousen/CLionProjects/ROS2_1/install/ros_gz_interfaces/include/ros_gz_interfaces/ros_gz_interfaces/msg/track_visual.hpp
[11.467s] -- Installing: /home/cyberkanjousen/CLionProjects/ROS2_1/install/ros_gz_interfaces/include/ros_gz_interfaces/ros_gz_interfaces/msg/contact.hpp
[11.467s] -- Installing: /home/cyberkanjousen/CLionProjects/ROS2_1/install/ros_gz_interfaces/include/ros_gz_interfaces/ros_gz_interfaces/msg/rosidl_generator_cpp__visibility_control.hpp
[11.467s] -- Installing: /home/cyberkanjousen/CLionProjects/ROS2_1/install/ros_gz_interfaces/include/ros_gz_interfaces/ros_gz_interfaces/msg/gui_camera.hpp
[11.467s] -- Installing: /home/cyberkanjousen/CLionProjects/ROS2_1/install/ros_gz_interfaces/include/ros_gz_interfaces/ros_gz_interfaces/msg/material_color.hpp
[11.467s] -- Installing: /home/cyberkanjousen/CLionProjects/ROS2_1/install/ros_gz_interfaces/include/ros_gz_interfaces/ros_gz_interfaces/msg/altimeter.hpp
[11.467s] -- Installing: /home/cyberkanjousen/CLionProjects/ROS2_1/install/ros_gz_interfaces/include/ros_gz_interfaces/ros_gz_interfaces/msg/string_vec.hpp
[11.467s] -- Installing: /home/cyberkanjousen/CLionProjects/ROS2_1/install/ros_gz_interfaces/include/ros_gz_interfaces/ros_gz_interfaces/msg/sensor_noise.hpp
[11.467s] -- Installing: /home/cyberkanjousen/CLionProjects/ROS2_1/install/ros_gz_interfaces/include/ros_gz_interfaces/ros_gz_interfaces/msg/entity.hpp
[11.468s] -- Installing: /home/cyberkanjousen/CLionProjects/ROS2_1/install/ros_gz_interfaces/include/ros_gz_interfaces/ros_gz_interfaces/msg/entity_factory.hpp
[11.468s] -- Installing: /home/cyberkanjousen/CLionProjects/ROS2_1/install/ros_gz_interfaces/include/ros_gz_interfaces/ros_gz_interfaces/msg/entity_wrench.hpp
[11.468s] -- Installing: /home/cyberkanjousen/CLionProjects/ROS2_1/install/ros_gz_interfaces/include/ros_gz_interfaces/ros_gz_interfaces/msg/world_control.hpp
[11.468s] -- Installing: /home/cyberkanjousen/CLionProjects/ROS2_1/install/ros_gz_interfaces/include/ros_gz_interfaces/ros_gz_interfaces/msg/joint_wrench.hpp
[11.468s] -- Installing: /home/cyberkanjousen/CLionProjects/ROS2_1/install/ros_gz_interfaces/include/ros_gz_interfaces/ros_gz_interfaces/msg/logical_camera_image_model.hpp
[11.468s] -- Installing: /home/cyberkanjousen/CLionProjects/ROS2_1/install/ros_gz_interfaces/include/ros_gz_interfaces/ros_gz_interfaces/msg/video_record.hpp
[11.468s] -- Up-to-date: /home/cyberkanjousen/CLionProjects/ROS2_1/install/ros_gz_interfaces/include/ros_gz_interfaces/ros_gz_interfaces/srv
[11.468s] -- Installing: /home/cyberkanjousen/CLionProjects/ROS2_1/install/ros_gz_interfaces/include/ros_gz_interfaces/ros_gz_interfaces/srv/set_entity_pose.hpp
[11.468s] -- Up-to-date: /home/cyberkanjousen/CLionProjects/ROS2_1/install/ros_gz_interfaces/include/ros_gz_interfaces/ros_gz_interfaces/srv/detail
[11.468s] -- Installing: /home/cyberkanjousen/CLionProjects/ROS2_1/install/ros_gz_interfaces/include/ros_gz_interfaces/ros_gz_interfaces/srv/detail/spawn_entity__type_support.hpp
[11.468s] -- Installing: /home/cyberkanjousen/CLionProjects/ROS2_1/install/ros_gz_interfaces/include/ros_gz_interfaces/ros_gz_interfaces/srv/detail/control_world__builder.hpp
[11.468s] -- Installing: /home/cyberkanjousen/CLionProjects/ROS2_1/install/ros_gz_interfaces/include/ros_gz_interfaces/ros_gz_interfaces/srv/detail/spawn_entity__builder.hpp
[11.468s] -- Installing: /home/cyberkanjousen/CLionProjects/ROS2_1/install/ros_gz_interfaces/include/ros_gz_interfaces/ros_gz_interfaces/srv/detail/delete_entity__struct.hpp
[11.468s] -- Installing: /home/cyberkanjousen/CLionProjects/ROS2_1/install/ros_gz_interfaces/include/ros_gz_interfaces/ros_gz_interfaces/srv/detail/control_world__traits.hpp
[11.468s] -- Installing: /home/cyberkanjousen/CLionProjects/ROS2_1/install/ros_gz_interfaces/include/ros_gz_interfaces/ros_gz_interfaces/srv/detail/delete_entity__type_support.hpp
[11.468s] -- Installing: /home/cyberkanjousen/CLionProjects/ROS2_1/install/ros_gz_interfaces/include/ros_gz_interfaces/ros_gz_interfaces/srv/detail/spawn_entity__struct.hpp
[11.468s] -- Installing: /home/cyberkanjousen/CLionProjects/ROS2_1/install/ros_gz_interfaces/include/ros_gz_interfaces/ros_gz_interfaces/srv/detail/delete_entity__builder.hpp
[11.469s] -- Installing: /home/cyberkanjousen/CLionProjects/ROS2_1/install/ros_gz_interfaces/include/ros_gz_interfaces/ros_gz_interfaces/srv/detail/set_entity_pose__builder.hpp
[11.469s] -- Installing: /home/cyberkanjousen/CLionProjects/ROS2_1/install/ros_gz_interfaces/include/ros_gz_interfaces/ros_gz_interfaces/srv/detail/spawn_entity__traits.hpp
[11.469s] -- Installing: /home/cyberkanjousen/CLionProjects/ROS2_1/install/ros_gz_interfaces/include/ros_gz_interfaces/ros_gz_interfaces/srv/detail/set_entity_pose__traits.hpp
[11.469s] -- Installing: /home/cyberkanjousen/CLionProjects/ROS2_1/install/ros_gz_interfaces/include/ros_gz_interfaces/ros_gz_interfaces/srv/detail/delete_entity__traits.hpp
[11.469s] -- Installing: /home/cyberkanjousen/CLionProjects/ROS2_1/install/ros_gz_interfaces/include/ros_gz_interfaces/ros_gz_interfaces/srv/detail/control_world__struct.hpp
[11.469s] -- Installing: /home/cyberkanjousen/CLionProjects/ROS2_1/install/ros_gz_interfaces/include/ros_gz_interfaces/ros_gz_interfaces/srv/detail/set_entity_pose__type_support.hpp
[11.469s] -- Installing: /home/cyberkanjousen/CLionProjects/ROS2_1/install/ros_gz_interfaces/include/ros_gz_interfaces/ros_gz_interfaces/srv/detail/set_entity_pose__struct.hpp
[11.469s] -- Installing: /home/cyberkanjousen/CLionProjects/ROS2_1/install/ros_gz_interfaces/include/ros_gz_interfaces/ros_gz_interfaces/srv/detail/control_world__type_support.hpp
[11.469s] -- Installing: /home/cyberkanjousen/CLionProjects/ROS2_1/install/ros_gz_interfaces/include/ros_gz_interfaces/ros_gz_interfaces/srv/control_world.hpp
[11.469s] -- Installing: /home/cyberkanjousen/CLionProjects/ROS2_1/install/ros_gz_interfaces/include/ros_gz_interfaces/ros_gz_interfaces/srv/spawn_entity.hpp
[11.469s] -- Installing: /home/cyberkanjousen/CLionProjects/ROS2_1/install/ros_gz_interfaces/include/ros_gz_interfaces/ros_gz_interfaces/srv/delete_entity.hpp
[11.469s] -- Up-to-date: /home/cyberkanjousen/CLionProjects/ROS2_1/install/ros_gz_interfaces/include/ros_gz_interfaces/ros_gz_interfaces
[11.469s] -- Up-to-date: /home/cyberkanjousen/CLionProjects/ROS2_1/install/ros_gz_interfaces/include/ros_gz_interfaces/ros_gz_interfaces/msg
[11.469s] -- Up-to-date: /home/cyberkanjousen/CLionProjects/ROS2_1/install/ros_gz_interfaces/include/ros_gz_interfaces/ros_gz_interfaces/msg/detail
[11.469s] -- Installing: /home/cyberkanjousen/CLionProjects/ROS2_1/install/ros_gz_interfaces/include/ros_gz_interfaces/ros_gz_interfaces/msg/detail/world_reset__rosidl_typesupport_fastrtps_cpp.hpp
[11.469s] -- Installing: /home/cyberkanjousen/CLionProjects/ROS2_1/install/ros_gz_interfaces/include/ros_gz_interfaces/ros_gz_interfaces/msg/detail/altimeter__rosidl_typesupport_fastrtps_cpp.hpp
[11.469s] -- Installing: /home/cyberkanjousen/CLionProjects/ROS2_1/install/ros_gz_interfaces/include/ros_gz_interfaces/ros_gz_interfaces/msg/detail/dds_fastrtps
[11.470s] -- Installing: /home/cyberkanjousen/CLionProjects/ROS2_1/install/ros_gz_interfaces/include/ros_gz_interfaces/ros_gz_interfaces/msg/detail/material_color__rosidl_typesupport_fastrtps_cpp.hpp
[11.470s] -- Installing: /home/cyberkanjousen/CLionProjects/ROS2_1/install/ros_gz_interfaces/include/ros_gz_interfaces/ros_gz_interfaces/msg/detail/dataframe__rosidl_typesupport_fastrtps_cpp.hpp
[11.470s] -- Installing: /home/cyberkanjousen/CLionProjects/ROS2_1/install/ros_gz_interfaces/include/ros_gz_interfaces/ros_gz_interfaces/msg/detail/contacts__rosidl_typesupport_fastrtps_cpp.hpp
[11.470s] -- Installing: /home/cyberkanjousen/CLionProjects/ROS2_1/install/ros_gz_interfaces/include/ros_gz_interfaces/ros_gz_interfaces/msg/detail/string_vec__rosidl_typesupport_fastrtps_cpp.hpp
[11.470s] -- Installing: /home/cyberkanjousen/CLionProjects/ROS2_1/install/ros_gz_interfaces/include/ros_gz_interfaces/ros_gz_interfaces/msg/detail/video_record__rosidl_typesupport_fastrtps_cpp.hpp
[11.470s] -- Installing: /home/cyberkanjousen/CLionProjects/ROS2_1/install/ros_gz_interfaces/include/ros_gz_interfaces/ros_gz_interfaces/msg/detail/gui_camera__rosidl_typesupport_fastrtps_cpp.hpp
[11.470s] -- Installing: /home/cyberkanjousen/CLionProjects/ROS2_1/install/ros_gz_interfaces/include/ros_gz_interfaces/ros_gz_interfaces/msg/detail/world_control__rosidl_typesupport_fastrtps_cpp.hpp
[11.470s] -- Installing: /home/cyberkanjousen/CLionProjects/ROS2_1/install/ros_gz_interfaces/include/ros_gz_interfaces/ros_gz_interfaces/msg/detail/logical_camera_image_model__rosidl_typesupport_fastrtps_cpp.hpp
[11.470s] -- Installing: /home/cyberkanjousen/CLionProjects/ROS2_1/install/ros_gz_interfaces/include/ros_gz_interfaces/ros_gz_interfaces/msg/detail/track_visual__rosidl_typesupport_fastrtps_cpp.hpp
[11.470s] -- Installing: /home/cyberkanjousen/CLionProjects/ROS2_1/install/ros_gz_interfaces/include/ros_gz_interfaces/ros_gz_interfaces/msg/detail/param_vec__rosidl_typesupport_fastrtps_cpp.hpp
[11.470s] -- Installing: /home/cyberkanjousen/CLionProjects/ROS2_1/install/ros_gz_interfaces/include/ros_gz_interfaces/ros_gz_interfaces/msg/detail/contact__rosidl_typesupport_fastrtps_cpp.hpp
[11.470s] -- Installing: /home/cyberkanjousen/CLionProjects/ROS2_1/install/ros_gz_interfaces/include/ros_gz_interfaces/ros_gz_interfaces/msg/detail/logical_camera_image__rosidl_typesupport_fastrtps_cpp.hpp
[11.470s] -- Installing: /home/cyberkanjousen/CLionProjects/ROS2_1/install/ros_gz_interfaces/include/ros_gz_interfaces/ros_gz_interfaces/msg/detail/entity__rosidl_typesupport_fastrtps_cpp.hpp
[11.470s] -- Installing: /home/cyberkanjousen/CLionProjects/ROS2_1/install/ros_gz_interfaces/include/ros_gz_interfaces/ros_gz_interfaces/msg/detail/float32_array__rosidl_typesupport_fastrtps_cpp.hpp
[11.470s] -- Installing: /home/cyberkanjousen/CLionProjects/ROS2_1/install/ros_gz_interfaces/include/ros_gz_interfaces/ros_gz_interfaces/msg/detail/entity_wrench__rosidl_typesupport_fastrtps_cpp.hpp
[11.471s] -- Installing: /home/cyberkanjousen/CLionProjects/ROS2_1/install/ros_gz_interfaces/include/ros_gz_interfaces/ros_gz_interfaces/msg/detail/entity_factory__rosidl_typesupport_fastrtps_cpp.hpp
[11.471s] -- Installing: /home/cyberkanjousen/CLionProjects/ROS2_1/install/ros_gz_interfaces/include/ros_gz_interfaces/ros_gz_interfaces/msg/detail/joint_wrench__rosidl_typesupport_fastrtps_cpp.hpp
[11.471s] -- Installing: /home/cyberkanjousen/CLionProjects/ROS2_1/install/ros_gz_interfaces/include/ros_gz_interfaces/ros_gz_interfaces/msg/detail/sensor_noise__rosidl_typesupport_fastrtps_cpp.hpp
[11.471s] -- Installing: /home/cyberkanjousen/CLionProjects/ROS2_1/install/ros_gz_interfaces/include/ros_gz_interfaces/ros_gz_interfaces/msg/detail/light__rosidl_typesupport_fastrtps_cpp.hpp
[11.471s] -- Installing: /home/cyberkanjousen/CLionProjects/ROS2_1/install/ros_gz_interfaces/include/ros_gz_interfaces/ros_gz_interfaces/msg/rosidl_typesupport_fastrtps_cpp__visibility_control.h
[11.471s] -- Up-to-date: /home/cyberkanjousen/CLionProjects/ROS2_1/install/ros_gz_interfaces/include/ros_gz_interfaces/ros_gz_interfaces/srv
[11.471s] -- Up-to-date: /home/cyberkanjousen/CLionProjects/ROS2_1/install/ros_gz_interfaces/include/ros_gz_interfaces/ros_gz_interfaces/srv/detail
[11.471s] -- Installing: /home/cyberkanjousen/CLionProjects/ROS2_1/install/ros_gz_interfaces/include/ros_gz_interfaces/ros_gz_interfaces/srv/detail/control_world__rosidl_typesupport_fastrtps_cpp.hpp
[11.471s] -- Installing: /home/cyberkanjousen/CLionProjects/ROS2_1/install/ros_gz_interfaces/include/ros_gz_interfaces/ros_gz_interfaces/srv/detail/set_entity_pose__rosidl_typesupport_fastrtps_cpp.hpp
[11.471s] -- Installing: /home/cyberkanjousen/CLionProjects/ROS2_1/install/ros_gz_interfaces/include/ros_gz_interfaces/ros_gz_interfaces/srv/detail/dds_fastrtps
[11.471s] -- Installing: /home/cyberkanjousen/CLionProjects/ROS2_1/install/ros_gz_interfaces/include/ros_gz_interfaces/ros_gz_interfaces/srv/detail/delete_entity__rosidl_typesupport_fastrtps_cpp.hpp
[11.471s] -- Installing: /home/cyberkanjousen/CLionProjects/ROS2_1/install/ros_gz_interfaces/include/ros_gz_interfaces/ros_gz_interfaces/srv/detail/spawn_entity__rosidl_typesupport_fastrtps_cpp.hpp
[11.471s] -- Installing: /home/cyberkanjousen/CLionProjects/ROS2_1/install/ros_gz_interfaces/lib/libros_gz_interfaces__rosidl_typesupport_fastrtps_cpp.so
[11.472s] -- Set non-toolchain portion of runtime path of "/home/cyberkanjousen/CLionProjects/ROS2_1/install/ros_gz_interfaces/lib/libros_gz_interfaces__rosidl_typesupport_fastrtps_cpp.so" to ""
[11.472s] -- Up-to-date: /home/cyberkanjousen/CLionProjects/ROS2_1/install/ros_gz_interfaces/include/ros_gz_interfaces/ros_gz_interfaces
[11.472s] -- Up-to-date: /home/cyberkanjousen/CLionProjects/ROS2_1/install/ros_gz_interfaces/include/ros_gz_interfaces/ros_gz_interfaces/msg
[11.472s] -- Up-to-date: /home/cyberkanjousen/CLionProjects/ROS2_1/install/ros_gz_interfaces/include/ros_gz_interfaces/ros_gz_interfaces/msg/detail
[11.472s] -- Installing: /home/cyberkanjousen/CLionProjects/ROS2_1/install/ros_gz_interfaces/include/ros_gz_interfaces/ros_gz_interfaces/msg/detail/gui_camera__type_support.c
[11.472s] -- Installing: /home/cyberkanjousen/CLionProjects/ROS2_1/install/ros_gz_interfaces/include/ros_gz_interfaces/ros_gz_interfaces/msg/detail/entity__type_support.c
[11.472s] -- Installing: /home/cyberkanjousen/CLionProjects/ROS2_1/install/ros_gz_interfaces/include/ros_gz_interfaces/ros_gz_interfaces/msg/detail/logical_camera_image_model__type_support.c
[11.472s] -- Installing: /home/cyberkanjousen/CLionProjects/ROS2_1/install/ros_gz_interfaces/include/ros_gz_interfaces/ros_gz_interfaces/msg/detail/sensor_noise__type_support.c
[11.472s] -- Installing: /home/cyberkanjousen/CLionProjects/ROS2_1/install/ros_gz_interfaces/include/ros_gz_interfaces/ros_gz_interfaces/msg/detail/world_reset__type_support.c
[11.472s] -- Installing: /home/cyberkanjousen/CLionProjects/ROS2_1/install/ros_gz_interfaces/include/ros_gz_interfaces/ros_gz_interfaces/msg/detail/light__rosidl_typesupport_introspection_c.h
[11.472s] -- Installing: /home/cyberkanjousen/CLionProjects/ROS2_1/install/ros_gz_interfaces/include/ros_gz_interfaces/ros_gz_interfaces/msg/detail/gui_camera__rosidl_typesupport_introspection_c.h
[11.472s] -- Installing: /home/cyberkanjousen/CLionProjects/ROS2_1/install/ros_gz_interfaces/include/ros_gz_interfaces/ros_gz_interfaces/msg/detail/float32_array__rosidl_typesupport_introspection_c.h
[11.473s] -- Installing: /home/cyberkanjousen/CLionProjects/ROS2_1/install/ros_gz_interfaces/include/ros_gz_interfaces/ros_gz_interfaces/msg/detail/string_vec__type_support.c
[11.473s] -- Installing: /home/cyberkanjousen/CLionProjects/ROS2_1/install/ros_gz_interfaces/include/ros_gz_interfaces/ros_gz_interfaces/msg/detail/entity_wrench__rosidl_typesupport_introspection_c.h
[11.473s] -- Installing: /home/cyberkanjousen/CLionProjects/ROS2_1/install/ros_gz_interfaces/include/ros_gz_interfaces/ros_gz_interfaces/msg/detail/logical_camera_image__type_support.c
[11.473s] -- Installing: /home/cyberkanjousen/CLionProjects/ROS2_1/install/ros_gz_interfaces/include/ros_gz_interfaces/ros_gz_interfaces/msg/detail/entity_factory__rosidl_typesupport_introspection_c.h
[11.473s] -- Installing: /home/cyberkanjousen/CLionProjects/ROS2_1/install/ros_gz_interfaces/include/ros_gz_interfaces/ros_gz_interfaces/msg/detail/float32_array__type_support.c
[11.473s] -- Installing: /home/cyberkanjousen/CLionProjects/ROS2_1/install/ros_gz_interfaces/include/ros_gz_interfaces/ros_gz_interfaces/msg/detail/altimeter__type_support.c
[11.473s] -- Installing: /home/cyberkanjousen/CLionProjects/ROS2_1/install/ros_gz_interfaces/include/ros_gz_interfaces/ros_gz_interfaces/msg/detail/param_vec__type_support.c
[11.473s] -- Installing: /home/cyberkanjousen/CLionProjects/ROS2_1/install/ros_gz_interfaces/include/ros_gz_interfaces/ros_gz_interfaces/msg/detail/dataframe__type_support.c
[11.473s] -- Installing: /home/cyberkanjousen/CLionProjects/ROS2_1/install/ros_gz_interfaces/include/ros_gz_interfaces/ros_gz_interfaces/msg/detail/entity_wrench__type_support.c
[11.473s] -- Installing: /home/cyberkanjousen/CLionProjects/ROS2_1/install/ros_gz_interfaces/include/ros_gz_interfaces/ros_gz_interfaces/msg/detail/world_control__type_support.c
[11.473s] -- Installing: /home/cyberkanjousen/CLionProjects/ROS2_1/install/ros_gz_interfaces/include/ros_gz_interfaces/ros_gz_interfaces/msg/detail/entity__rosidl_typesupport_introspection_c.h
[11.473s] -- Installing: /home/cyberkanjousen/CLionProjects/ROS2_1/install/ros_gz_interfaces/include/ros_gz_interfaces/ros_gz_interfaces/msg/detail/video_record__type_support.c
[11.473s] -- Installing: /home/cyberkanjousen/CLionProjects/ROS2_1/install/ros_gz_interfaces/include/ros_gz_interfaces/ros_gz_interfaces/msg/detail/dataframe__rosidl_typesupport_introspection_c.h
[11.473s] -- Installing: /home/cyberkanjousen/CLionProjects/ROS2_1/install/ros_gz_interfaces/include/ros_gz_interfaces/ros_gz_interfaces/msg/detail/contact__rosidl_typesupport_introspection_c.h
[11.474s] -- Installing: /home/cyberkanjousen/CLionProjects/ROS2_1/install/ros_gz_interfaces/include/ros_gz_interfaces/ros_gz_interfaces/msg/detail/light__type_support.c
[11.474s] -- Installing: /home/cyberkanjousen/CLionProjects/ROS2_1/install/ros_gz_interfaces/include/ros_gz_interfaces/ros_gz_interfaces/msg/detail/material_color__rosidl_typesupport_introspection_c.h
[11.474s] -- Installing: /home/cyberkanjousen/CLionProjects/ROS2_1/install/ros_gz_interfaces/include/ros_gz_interfaces/ros_gz_interfaces/msg/detail/param_vec__rosidl_typesupport_introspection_c.h
[11.474s] -- Installing: /home/cyberkanjousen/CLionProjects/ROS2_1/install/ros_gz_interfaces/include/ros_gz_interfaces/ros_gz_interfaces/msg/detail/string_vec__rosidl_typesupport_introspection_c.h
[11.474s] -- Installing: /home/cyberkanjousen/CLionProjects/ROS2_1/install/ros_gz_interfaces/include/ros_gz_interfaces/ros_gz_interfaces/msg/detail/track_visual__type_support.c
[11.474s] -- Installing: /home/cyberkanjousen/CLionProjects/ROS2_1/install/ros_gz_interfaces/include/ros_gz_interfaces/ros_gz_interfaces/msg/detail/contacts__type_support.c
[11.474s] -- Installing: /home/cyberkanjousen/CLionProjects/ROS2_1/install/ros_gz_interfaces/include/ros_gz_interfaces/ros_gz_interfaces/msg/detail/contact__type_support.c
[11.474s] -- Installing: /home/cyberkanjousen/CLionProjects/ROS2_1/install/ros_gz_interfaces/include/ros_gz_interfaces/ros_gz_interfaces/msg/detail/joint_wrench__type_support.c
[11.474s] -- Installing: /home/cyberkanjousen/CLionProjects/ROS2_1/install/ros_gz_interfaces/include/ros_gz_interfaces/ros_gz_interfaces/msg/detail/sensor_noise__rosidl_typesupport_introspection_c.h
[11.474s] -- Installing: /home/cyberkanjousen/CLionProjects/ROS2_1/install/ros_gz_interfaces/include/ros_gz_interfaces/ros_gz_interfaces/msg/detail/world_control__rosidl_typesupport_introspection_c.h
[11.474s] -- Installing: /home/cyberkanjousen/CLionProjects/ROS2_1/install/ros_gz_interfaces/include/ros_gz_interfaces/ros_gz_interfaces/msg/detail/altimeter__rosidl_typesupport_introspection_c.h
[11.474s] -- Installing: /home/cyberkanjousen/CLionProjects/ROS2_1/install/ros_gz_interfaces/include/ros_gz_interfaces/ros_gz_interfaces/msg/detail/world_reset__rosidl_typesupport_introspection_c.h
[11.474s] -- Installing: /home/cyberkanjousen/CLionProjects/ROS2_1/install/ros_gz_interfaces/include/ros_gz_interfaces/ros_gz_interfaces/msg/detail/logical_camera_image_model__rosidl_typesupport_introspection_c.h
[11.474s] -- Installing: /home/cyberkanjousen/CLionProjects/ROS2_1/install/ros_gz_interfaces/include/ros_gz_interfaces/ros_gz_interfaces/msg/detail/logical_camera_image__rosidl_typesupport_introspection_c.h
[11.474s] -- Installing: /home/cyberkanjousen/CLionProjects/ROS2_1/install/ros_gz_interfaces/include/ros_gz_interfaces/ros_gz_interfaces/msg/detail/contacts__rosidl_typesupport_introspection_c.h
[11.475s] -- Installing: /home/cyberkanjousen/CLionProjects/ROS2_1/install/ros_gz_interfaces/include/ros_gz_interfaces/ros_gz_interfaces/msg/detail/entity_factory__type_support.c
[11.475s] -- Installing: /home/cyberkanjousen/CLionProjects/ROS2_1/install/ros_gz_interfaces/include/ros_gz_interfaces/ros_gz_interfaces/msg/detail/video_record__rosidl_typesupport_introspection_c.h
[11.475s] -- Installing: /home/cyberkanjousen/CLionProjects/ROS2_1/install/ros_gz_interfaces/include/ros_gz_interfaces/ros_gz_interfaces/msg/detail/track_visual__rosidl_typesupport_introspection_c.h
[11.475s] -- Installing: /home/cyberkanjousen/CLionProjects/ROS2_1/install/ros_gz_interfaces/include/ros_gz_interfaces/ros_gz_interfaces/msg/detail/material_color__type_support.c
[11.475s] -- Installing: /home/cyberkanjousen/CLionProjects/ROS2_1/install/ros_gz_interfaces/include/ros_gz_interfaces/ros_gz_interfaces/msg/detail/joint_wrench__rosidl_typesupport_introspection_c.h
[11.475s] -- Installing: /home/cyberkanjousen/CLionProjects/ROS2_1/install/ros_gz_interfaces/include/ros_gz_interfaces/ros_gz_interfaces/msg/rosidl_typesupport_introspection_c__visibility_control.h
[11.475s] -- Up-to-date: /home/cyberkanjousen/CLionProjects/ROS2_1/install/ros_gz_interfaces/include/ros_gz_interfaces/ros_gz_interfaces/srv
[11.475s] -- Up-to-date: /home/cyberkanjousen/CLionProjects/ROS2_1/install/ros_gz_interfaces/include/ros_gz_interfaces/ros_gz_interfaces/srv/detail
[11.475s] -- Installing: /home/cyberkanjousen/CLionProjects/ROS2_1/install/ros_gz_interfaces/include/ros_gz_interfaces/ros_gz_interfaces/srv/detail/spawn_entity__rosidl_typesupport_introspection_c.h
[11.475s] -- Installing: /home/cyberkanjousen/CLionProjects/ROS2_1/install/ros_gz_interfaces/include/ros_gz_interfaces/ros_gz_interfaces/srv/detail/spawn_entity__type_support.c
[11.475s] -- Installing: /home/cyberkanjousen/CLionProjects/ROS2_1/install/ros_gz_interfaces/include/ros_gz_interfaces/ros_gz_interfaces/srv/detail/control_world__type_support.c
[11.475s] -- Installing: /home/cyberkanjousen/CLionProjects/ROS2_1/install/ros_gz_interfaces/include/ros_gz_interfaces/ros_gz_interfaces/srv/detail/set_entity_pose__rosidl_typesupport_introspection_c.h
[11.475s] -- Installing: /home/cyberkanjousen/CLionProjects/ROS2_1/install/ros_gz_interfaces/include/ros_gz_interfaces/ros_gz_interfaces/srv/detail/control_world__rosidl_typesupport_introspection_c.h
[11.475s] -- Installing: /home/cyberkanjousen/CLionProjects/ROS2_1/install/ros_gz_interfaces/include/ros_gz_interfaces/ros_gz_interfaces/srv/detail/delete_entity__rosidl_typesupport_introspection_c.h
[11.475s] -- Installing: /home/cyberkanjousen/CLionProjects/ROS2_1/install/ros_gz_interfaces/include/ros_gz_interfaces/ros_gz_interfaces/srv/detail/delete_entity__type_support.c
[11.475s] -- Installing: /home/cyberkanjousen/CLionProjects/ROS2_1/install/ros_gz_interfaces/include/ros_gz_interfaces/ros_gz_interfaces/srv/detail/set_entity_pose__type_support.c
[11.476s] -- Installing: /home/cyberkanjousen/CLionProjects/ROS2_1/install/ros_gz_interfaces/lib/libros_gz_interfaces__rosidl_typesupport_introspection_c.so
[11.476s] -- Set non-toolchain portion of runtime path of "/home/cyberkanjousen/CLionProjects/ROS2_1/install/ros_gz_interfaces/lib/libros_gz_interfaces__rosidl_typesupport_introspection_c.so" to ""
[11.476s] -- Installing: /home/cyberkanjousen/CLionProjects/ROS2_1/install/ros_gz_interfaces/lib/libros_gz_interfaces__rosidl_typesupport_c.so
[11.476s] -- Set non-toolchain portion of runtime path of "/home/cyberkanjousen/CLionProjects/ROS2_1/install/ros_gz_interfaces/lib/libros_gz_interfaces__rosidl_typesupport_c.so" to ""
[11.476s] -- Up-to-date: /home/cyberkanjousen/CLionProjects/ROS2_1/install/ros_gz_interfaces/include/ros_gz_interfaces/ros_gz_interfaces
[11.476s] -- Up-to-date: /home/cyberkanjousen/CLionProjects/ROS2_1/install/ros_gz_interfaces/include/ros_gz_interfaces/ros_gz_interfaces/msg
[11.476s] -- Up-to-date: /home/cyberkanjousen/CLionProjects/ROS2_1/install/ros_gz_interfaces/include/ros_gz_interfaces/ros_gz_interfaces/msg/detail
[11.476s] -- Installing: /home/cyberkanjousen/CLionProjects/ROS2_1/install/ros_gz_interfaces/include/ros_gz_interfaces/ros_gz_interfaces/msg/detail/video_record__rosidl_typesupport_introspection_cpp.hpp
[11.476s] -- Installing: /home/cyberkanjousen/CLionProjects/ROS2_1/install/ros_gz_interfaces/include/ros_gz_interfaces/ros_gz_interfaces/msg/detail/track_visual__rosidl_typesupport_introspection_cpp.hpp
[11.476s] -- Installing: /home/cyberkanjousen/CLionProjects/ROS2_1/install/ros_gz_interfaces/include/ros_gz_interfaces/ros_gz_interfaces/msg/detail/contact__rosidl_typesupport_introspection_cpp.hpp
[11.476s] -- Installing: /home/cyberkanjousen/CLionProjects/ROS2_1/install/ros_gz_interfaces/include/ros_gz_interfaces/ros_gz_interfaces/msg/detail/logical_camera_image_model__type_support.cpp
[11.476s] -- Installing: /home/cyberkanjousen/CLionProjects/ROS2_1/install/ros_gz_interfaces/include/ros_gz_interfaces/ros_gz_interfaces/msg/detail/float32_array__type_support.cpp
[11.477s] -- Installing: /home/cyberkanjousen/CLionProjects/ROS2_1/install/ros_gz_interfaces/include/ros_gz_interfaces/ros_gz_interfaces/msg/detail/float32_array__rosidl_typesupport_introspection_cpp.hpp
[11.477s] -- Installing: /home/cyberkanjousen/CLionProjects/ROS2_1/install/ros_gz_interfaces/include/ros_gz_interfaces/ros_gz_interfaces/msg/detail/material_color__rosidl_typesupport_introspection_cpp.hpp
[11.477s] -- Installing: /home/cyberkanjousen/CLionProjects/ROS2_1/install/ros_gz_interfaces/include/ros_gz_interfaces/ros_gz_interfaces/msg/detail/sensor_noise__type_support.cpp
[11.477s] -- Installing: /home/cyberkanjousen/CLionProjects/ROS2_1/install/ros_gz_interfaces/include/ros_gz_interfaces/ros_gz_interfaces/msg/detail/material_color__type_support.cpp
[11.477s] -- Installing: /home/cyberkanjousen/CLionProjects/ROS2_1/install/ros_gz_interfaces/include/ros_gz_interfaces/ros_gz_interfaces/msg/detail/world_reset__rosidl_typesupport_introspection_cpp.hpp
[11.477s] -- Installing: /home/cyberkanjousen/CLionProjects/ROS2_1/install/ros_gz_interfaces/include/ros_gz_interfaces/ros_gz_interfaces/msg/detail/gui_camera__type_support.cpp
[11.477s] -- Installing: /home/cyberkanjousen/CLionProjects/ROS2_1/install/ros_gz_interfaces/include/ros_gz_interfaces/ros_gz_interfaces/msg/detail/string_vec__rosidl_typesupport_introspection_cpp.hpp
[11.477s] -- Installing: /home/cyberkanjousen/CLionProjects/ROS2_1/install/ros_gz_interfaces/include/ros_gz_interfaces/ros_gz_interfaces/msg/detail/param_vec__rosidl_typesupport_introspection_cpp.hpp
[11.477s] -- Installing: /home/cyberkanjousen/CLionProjects/ROS2_1/install/ros_gz_interfaces/include/ros_gz_interfaces/ros_gz_interfaces/msg/detail/contacts__rosidl_typesupport_introspection_cpp.hpp
[11.477s] -- Installing: /home/cyberkanjousen/CLionProjects/ROS2_1/install/ros_gz_interfaces/include/ros_gz_interfaces/ros_gz_interfaces/msg/detail/altimeter__rosidl_typesupport_introspection_cpp.hpp
[11.477s] -- Installing: /home/cyberkanjousen/CLionProjects/ROS2_1/install/ros_gz_interfaces/include/ros_gz_interfaces/ros_gz_interfaces/msg/detail/joint_wrench__type_support.cpp
[11.477s] -- Installing: /home/cyberkanjousen/CLionProjects/ROS2_1/install/ros_gz_interfaces/include/ros_gz_interfaces/ros_gz_interfaces/msg/detail/world_control__type_support.cpp
[11.477s] -- Installing: /home/cyberkanjousen/CLionProjects/ROS2_1/install/ros_gz_interfaces/include/ros_gz_interfaces/ros_gz_interfaces/msg/detail/light__rosidl_typesupport_introspection_cpp.hpp
[11.477s] -- Installing: /home/cyberkanjousen/CLionProjects/ROS2_1/install/ros_gz_interfaces/include/ros_gz_interfaces/ros_gz_interfaces/msg/detail/dataframe__rosidl_typesupport_introspection_cpp.hpp
[11.477s] -- Installing: /home/cyberkanjousen/CLionProjects/ROS2_1/install/ros_gz_interfaces/include/ros_gz_interfaces/ros_gz_interfaces/msg/detail/entity_factory__rosidl_typesupport_introspection_cpp.hpp
[11.478s] -- Installing: /home/cyberkanjousen/CLionProjects/ROS2_1/install/ros_gz_interfaces/include/ros_gz_interfaces/ros_gz_interfaces/msg/detail/logical_camera_image__type_support.cpp
[11.478s] -- Installing: /home/cyberkanjousen/CLionProjects/ROS2_1/install/ros_gz_interfaces/include/ros_gz_interfaces/ros_gz_interfaces/msg/detail/entity_factory__type_support.cpp
[11.478s] -- Installing: /home/cyberkanjousen/CLionProjects/ROS2_1/install/ros_gz_interfaces/include/ros_gz_interfaces/ros_gz_interfaces/msg/detail/dataframe__type_support.cpp
[11.478s] -- Installing: /home/cyberkanjousen/CLionProjects/ROS2_1/install/ros_gz_interfaces/include/ros_gz_interfaces/ros_gz_interfaces/msg/detail/contact__type_support.cpp
[11.478s] -- Installing: /home/cyberkanjousen/CLionProjects/ROS2_1/install/ros_gz_interfaces/include/ros_gz_interfaces/ros_gz_interfaces/msg/detail/video_record__type_support.cpp
[11.478s] -- Installing: /home/cyberkanjousen/CLionProjects/ROS2_1/install/ros_gz_interfaces/include/ros_gz_interfaces/ros_gz_interfaces/msg/detail/altimeter__type_support.cpp
[11.478s] -- Installing: /home/cyberkanjousen/CLionProjects/ROS2_1/install/ros_gz_interfaces/include/ros_gz_interfaces/ros_gz_interfaces/msg/detail/joint_wrench__rosidl_typesupport_introspection_cpp.hpp
[11.478s] -- Installing: /home/cyberkanjousen/CLionProjects/ROS2_1/install/ros_gz_interfaces/include/ros_gz_interfaces/ros_gz_interfaces/msg/detail/world_control__rosidl_typesupport_introspection_cpp.hpp
[11.478s] -- Installing: /home/cyberkanjousen/CLionProjects/ROS2_1/install/ros_gz_interfaces/include/ros_gz_interfaces/ros_gz_interfaces/msg/detail/sensor_noise__rosidl_typesupport_introspection_cpp.hpp
[11.478s] -- Installing: /home/cyberkanjousen/CLionProjects/ROS2_1/install/ros_gz_interfaces/include/ros_gz_interfaces/ros_gz_interfaces/msg/detail/logical_camera_image__rosidl_typesupport_introspection_cpp.hpp
[11.478s] -- Installing: /home/cyberkanjousen/CLionProjects/ROS2_1/install/ros_gz_interfaces/include/ros_gz_interfaces/ros_gz_interfaces/msg/detail/entity_wrench__type_support.cpp
[11.478s] -- Installing: /home/cyberkanjousen/CLionProjects/ROS2_1/install/ros_gz_interfaces/include/ros_gz_interfaces/ros_gz_interfaces/msg/detail/gui_camera__rosidl_typesupport_introspection_cpp.hpp
[11.478s] -- Installing: /home/cyberkanjousen/CLionProjects/ROS2_1/install/ros_gz_interfaces/include/ros_gz_interfaces/ros_gz_interfaces/msg/detail/string_vec__type_support.cpp
[11.478s] -- Installing: /home/cyberkanjousen/CLionProjects/ROS2_1/install/ros_gz_interfaces/include/ros_gz_interfaces/ros_gz_interfaces/msg/detail/light__type_support.cpp
[11.478s] -- Installing: /home/cyberkanjousen/CLionProjects/ROS2_1/install/ros_gz_interfaces/include/ros_gz_interfaces/ros_gz_interfaces/msg/detail/world_reset__type_support.cpp
[11.479s] -- Installing: /home/cyberkanjousen/CLionProjects/ROS2_1/install/ros_gz_interfaces/include/ros_gz_interfaces/ros_gz_interfaces/msg/detail/entity__type_support.cpp
[11.479s] -- Installing: /home/cyberkanjousen/CLionProjects/ROS2_1/install/ros_gz_interfaces/include/ros_gz_interfaces/ros_gz_interfaces/msg/detail/track_visual__type_support.cpp
[11.479s] -- Installing: /home/cyberkanjousen/CLionProjects/ROS2_1/install/ros_gz_interfaces/include/ros_gz_interfaces/ros_gz_interfaces/msg/detail/param_vec__type_support.cpp
[11.479s] -- Installing: /home/cyberkanjousen/CLionProjects/ROS2_1/install/ros_gz_interfaces/include/ros_gz_interfaces/ros_gz_interfaces/msg/detail/contacts__type_support.cpp
[11.479s] -- Installing: /home/cyberkanjousen/CLionProjects/ROS2_1/install/ros_gz_interfaces/include/ros_gz_interfaces/ros_gz_interfaces/msg/detail/entity_wrench__rosidl_typesupport_introspection_cpp.hpp
[11.479s] -- Installing: /home/cyberkanjousen/CLionProjects/ROS2_1/install/ros_gz_interfaces/include/ros_gz_interfaces/ros_gz_interfaces/msg/detail/logical_camera_image_model__rosidl_typesupport_introspection_cpp.hpp
[11.479s] -- Installing: /home/cyberkanjousen/CLionProjects/ROS2_1/install/ros_gz_interfaces/include/ros_gz_interfaces/ros_gz_interfaces/msg/detail/entity__rosidl_typesupport_introspection_cpp.hpp
[11.479s] -- Up-to-date: /home/cyberkanjousen/CLionProjects/ROS2_1/install/ros_gz_interfaces/include/ros_gz_interfaces/ros_gz_interfaces/srv
[11.479s] -- Up-to-date: /home/cyberkanjousen/CLionProjects/ROS2_1/install/ros_gz_interfaces/include/ros_gz_interfaces/ros_gz_interfaces/srv/detail
[11.479s] -- Installing: /home/cyberkanjousen/CLionProjects/ROS2_1/install/ros_gz_interfaces/include/ros_gz_interfaces/ros_gz_interfaces/srv/detail/delete_entity__type_support.cpp
[11.479s] -- Installing: /home/cyberkanjousen/CLionProjects/ROS2_1/install/ros_gz_interfaces/include/ros_gz_interfaces/ros_gz_interfaces/srv/detail/set_entity_pose__rosidl_typesupport_introspection_cpp.hpp
[11.479s] -- Installing: /home/cyberkanjousen/CLionProjects/ROS2_1/install/ros_gz_interfaces/include/ros_gz_interfaces/ros_gz_interfaces/srv/detail/control_world__rosidl_typesupport_introspection_cpp.hpp
[11.479s] -- Installing: /home/cyberkanjousen/CLionProjects/ROS2_1/install/ros_gz_interfaces/include/ros_gz_interfaces/ros_gz_interfaces/srv/detail/spawn_entity__type_support.cpp
[11.479s] -- Installing: /home/cyberkanjousen/CLionProjects/ROS2_1/install/ros_gz_interfaces/include/ros_gz_interfaces/ros_gz_interfaces/srv/detail/spawn_entity__rosidl_typesupport_introspection_cpp.hpp
[11.479s] -- Installing: /home/cyberkanjousen/CLionProjects/ROS2_1/install/ros_gz_interfaces/include/ros_gz_interfaces/ros_gz_interfaces/srv/detail/set_entity_pose__type_support.cpp
[11.479s] -- Installing: /home/cyberkanjousen/CLionProjects/ROS2_1/install/ros_gz_interfaces/include/ros_gz_interfaces/ros_gz_interfaces/srv/detail/control_world__type_support.cpp
[11.480s] -- Installing: /home/cyberkanjousen/CLionProjects/ROS2_1/install/ros_gz_interfaces/include/ros_gz_interfaces/ros_gz_interfaces/srv/detail/delete_entity__rosidl_typesupport_introspection_cpp.hpp
[11.480s] -- Installing: /home/cyberkanjousen/CLionProjects/ROS2_1/install/ros_gz_interfaces/lib/libros_gz_interfaces__rosidl_typesupport_introspection_cpp.so
[11.480s] -- Set non-toolchain portion of runtime path of "/home/cyberkanjousen/CLionProjects/ROS2_1/install/ros_gz_interfaces/lib/libros_gz_interfaces__rosidl_typesupport_introspection_cpp.so" to ""
[11.480s] -- Installing: /home/cyberkanjousen/CLionProjects/ROS2_1/install/ros_gz_interfaces/lib/libros_gz_interfaces__rosidl_typesupport_cpp.so
[11.481s] -- Set non-toolchain portion of runtime path of "/home/cyberkanjousen/CLionProjects/ROS2_1/install/ros_gz_interfaces/lib/libros_gz_interfaces__rosidl_typesupport_cpp.so" to ""
[11.481s] -- Installing: /home/cyberkanjousen/CLionProjects/ROS2_1/install/ros_gz_interfaces/share/ros_gz_interfaces/environment/pythonpath.sh
[11.481s] -- Installing: /home/cyberkanjousen/CLionProjects/ROS2_1/install/ros_gz_interfaces/share/ros_gz_interfaces/environment/pythonpath.dsv
[11.481s] -- Installing: /home/cyberkanjousen/CLionProjects/ROS2_1/install/ros_gz_interfaces/lib/python3.12/site-packages/ros_gz_interfaces-3.0.4-py3.12.egg-info
[11.481s] -- Installing: /home/cyberkanjousen/CLionProjects/ROS2_1/install/ros_gz_interfaces/lib/python3.12/site-packages/ros_gz_interfaces-3.0.4-py3.12.egg-info/PKG-INFO
[11.481s] -- Installing: /home/cyberkanjousen/CLionProjects/ROS2_1/install/ros_gz_interfaces/lib/python3.12/site-packages/ros_gz_interfaces-3.0.4-py3.12.egg-info/top_level.txt
[11.481s] -- Installing: /home/cyberkanjousen/CLionProjects/ROS2_1/install/ros_gz_interfaces/lib/python3.12/site-packages/ros_gz_interfaces-3.0.4-py3.12.egg-info/SOURCES.txt
[11.481s] -- Installing: /home/cyberkanjousen/CLionProjects/ROS2_1/install/ros_gz_interfaces/lib/python3.12/site-packages/ros_gz_interfaces-3.0.4-py3.12.egg-info/dependency_links.txt
[11.481s] -- Installing: /home/cyberkanjousen/CLionProjects/ROS2_1/install/ros_gz_interfaces/lib/python3.12/site-packages/ros_gz_interfaces
[11.481s] -- Installing: /home/cyberkanjousen/CLionProjects/ROS2_1/install/ros_gz_interfaces/lib/python3.12/site-packages/ros_gz_interfaces/ros_gz_interfaces_s__rosidl_typesupport_introspection_c.so
[11.481s] -- Installing: /home/cyberkanjousen/CLionProjects/ROS2_1/install/ros_gz_interfaces/lib/python3.12/site-packages/ros_gz_interfaces/_ros_gz_interfaces_s.ep.rosidl_typesupport_c.c
[11.481s] -- Installing: /home/cyberkanjousen/CLionProjects/ROS2_1/install/ros_gz_interfaces/lib/python3.12/site-packages/ros_gz_interfaces/_ros_gz_interfaces_s.ep.rosidl_typesupport_introspection_c.c
[11.482s] -- Installing: /home/cyberkanjousen/CLionProjects/ROS2_1/install/ros_gz_interfaces/lib/python3.12/site-packages/ros_gz_interfaces/ros_gz_interfaces_s__rosidl_typesupport_fastrtps_c.so
[11.482s] -- Installing: /home/cyberkanjousen/CLionProjects/ROS2_1/install/ros_gz_interfaces/lib/python3.12/site-packages/ros_gz_interfaces/ros_gz_interfaces_s__rosidl_typesupport_c.so
[11.482s] -- Installing: /home/cyberkanjousen/CLionProjects/ROS2_1/install/ros_gz_interfaces/lib/python3.12/site-packages/ros_gz_interfaces/msg
[11.482s] -- Installing: /home/cyberkanjousen/CLionProjects/ROS2_1/install/ros_gz_interfaces/lib/python3.12/site-packages/ros_gz_interfaces/msg/_track_visual.py
[11.482s] -- Installing: /home/cyberkanjousen/CLionProjects/ROS2_1/install/ros_gz_interfaces/lib/python3.12/site-packages/ros_gz_interfaces/msg/_param_vec_s.c
[11.482s] -- Installing: /home/cyberkanjousen/CLionProjects/ROS2_1/install/ros_gz_interfaces/lib/python3.12/site-packages/ros_gz_interfaces/msg/_joint_wrench.py
[11.482s] -- Installing: /home/cyberkanjousen/CLionProjects/ROS2_1/install/ros_gz_interfaces/lib/python3.12/site-packages/ros_gz_interfaces/msg/_float32_array.py
[11.482s] -- Installing: /home/cyberkanjousen/CLionProjects/ROS2_1/install/ros_gz_interfaces/lib/python3.12/site-packages/ros_gz_interfaces/msg/_string_vec_s.c
[11.482s] -- Installing: /home/cyberkanjousen/CLionProjects/ROS2_1/install/ros_gz_interfaces/lib/python3.12/site-packages/ros_gz_interfaces/msg/_joint_wrench_s.c
[11.482s] -- Installing: /home/cyberkanjousen/CLionProjects/ROS2_1/install/ros_gz_interfaces/lib/python3.12/site-packages/ros_gz_interfaces/msg/_video_record.py
[11.482s] -- Installing: /home/cyberkanjousen/CLionProjects/ROS2_1/install/ros_gz_interfaces/lib/python3.12/site-packages/ros_gz_interfaces/msg/_track_visual_s.c
[11.482s] -- Installing: /home/cyberkanjousen/CLionProjects/ROS2_1/install/ros_gz_interfaces/lib/python3.12/site-packages/ros_gz_interfaces/msg/_contacts_s.c
[11.482s] -- Installing: /home/cyberkanjousen/CLionProjects/ROS2_1/install/ros_gz_interfaces/lib/python3.12/site-packages/ros_gz_interfaces/msg/_world_reset_s.c
[11.482s] -- Installing: /home/cyberkanjousen/CLionProjects/ROS2_1/install/ros_gz_interfaces/lib/python3.12/site-packages/ros_gz_interfaces/msg/_gui_camera_s.c
[11.482s] -- Installing: /home/cyberkanjousen/CLionProjects/ROS2_1/install/ros_gz_interfaces/lib/python3.12/site-packages/ros_gz_interfaces/msg/_contact_s.c
[11.482s] -- Installing: /home/cyberkanjousen/CLionProjects/ROS2_1/install/ros_gz_interfaces/lib/python3.12/site-packages/ros_gz_interfaces/msg/_string_vec.py
[11.483s] -- Installing: /home/cyberkanjousen/CLionProjects/ROS2_1/install/ros_gz_interfaces/lib/python3.12/site-packages/ros_gz_interfaces/msg/_altimeter_s.c
[11.483s] -- Installing: /home/cyberkanjousen/CLionProjects/ROS2_1/install/ros_gz_interfaces/lib/python3.12/site-packages/ros_gz_interfaces/msg/_video_record_s.c
[11.483s] -- Installing: /home/cyberkanjousen/CLionProjects/ROS2_1/install/ros_gz_interfaces/lib/python3.12/site-packages/ros_gz_interfaces/msg/_logical_camera_image_model_s.c
[11.483s] -- Installing: /home/cyberkanjousen/CLionProjects/ROS2_1/install/ros_gz_interfaces/lib/python3.12/site-packages/ros_gz_interfaces/msg/_dataframe_s.c
[11.483s] -- Installing: /home/cyberkanjousen/CLionProjects/ROS2_1/install/ros_gz_interfaces/lib/python3.12/site-packages/ros_gz_interfaces/msg/_light.py
[11.483s] -- Installing: /home/cyberkanjousen/CLionProjects/ROS2_1/install/ros_gz_interfaces/lib/python3.12/site-packages/ros_gz_interfaces/msg/_sensor_noise.py
[11.483s] -- Installing: /home/cyberkanjousen/CLionProjects/ROS2_1/install/ros_gz_interfaces/lib/python3.12/site-packages/ros_gz_interfaces/msg/_sensor_noise_s.c
[11.483s] -- Installing: /home/cyberkanjousen/CLionProjects/ROS2_1/install/ros_gz_interfaces/lib/python3.12/site-packages/ros_gz_interfaces/msg/__init__.py
[11.483s] -- Installing: /home/cyberkanjousen/CLionProjects/ROS2_1/install/ros_gz_interfaces/lib/python3.12/site-packages/ros_gz_interfaces/msg/_logical_camera_image.py
[11.483s] -- Installing: /home/cyberkanjousen/CLionProjects/ROS2_1/install/ros_gz_interfaces/lib/python3.12/site-packages/ros_gz_interfaces/msg/_light_s.c
[11.483s] -- Installing: /home/cyberkanjousen/CLionProjects/ROS2_1/install/ros_gz_interfaces/lib/python3.12/site-packages/ros_gz_interfaces/msg/_contacts.py
[11.483s] -- Installing: /home/cyberkanjousen/CLionProjects/ROS2_1/install/ros_gz_interfaces/lib/python3.12/site-packages/ros_gz_interfaces/msg/_contact.py
[11.483s] -- Installing: /home/cyberkanjousen/CLionProjects/ROS2_1/install/ros_gz_interfaces/lib/python3.12/site-packages/ros_gz_interfaces/msg/_logical_camera_image_model.py
[11.483s] -- Installing: /home/cyberkanjousen/CLionProjects/ROS2_1/install/ros_gz_interfaces/lib/python3.12/site-packages/ros_gz_interfaces/msg/_float32_array_s.c
[11.483s] -- Installing: /home/cyberkanjousen/CLionProjects/ROS2_1/install/ros_gz_interfaces/lib/python3.12/site-packages/ros_gz_interfaces/msg/_material_color.py
[11.483s] -- Installing: /home/cyberkanjousen/CLionProjects/ROS2_1/install/ros_gz_interfaces/lib/python3.12/site-packages/ros_gz_interfaces/msg/_entity_wrench_s.c
[11.483s] -- Installing: /home/cyberkanjousen/CLionProjects/ROS2_1/install/ros_gz_interfaces/lib/python3.12/site-packages/ros_gz_interfaces/msg/_param_vec.py
[11.484s] -- Installing: /home/cyberkanjousen/CLionProjects/ROS2_1/install/ros_gz_interfaces/lib/python3.12/site-packages/ros_gz_interfaces/msg/_entity_factory.py
[11.484s] -- Installing: /home/cyberkanjousen/CLionProjects/ROS2_1/install/ros_gz_interfaces/lib/python3.12/site-packages/ros_gz_interfaces/msg/_world_reset.py
[11.484s] -- Installing: /home/cyberkanjousen/CLionProjects/ROS2_1/install/ros_gz_interfaces/lib/python3.12/site-packages/ros_gz_interfaces/msg/_entity_factory_s.c
[11.484s] -- Installing: /home/cyberkanjousen/CLionProjects/ROS2_1/install/ros_gz_interfaces/lib/python3.12/site-packages/ros_gz_interfaces/msg/_entity_s.c
[11.484s] -- Installing: /home/cyberkanjousen/CLionProjects/ROS2_1/install/ros_gz_interfaces/lib/python3.12/site-packages/ros_gz_interfaces/msg/_entity.py
[11.484s] -- Installing: /home/cyberkanjousen/CLionProjects/ROS2_1/install/ros_gz_interfaces/lib/python3.12/site-packages/ros_gz_interfaces/msg/_material_color_s.c
[11.484s] -- Installing: /home/cyberkanjousen/CLionProjects/ROS2_1/install/ros_gz_interfaces/lib/python3.12/site-packages/ros_gz_interfaces/msg/_world_control.py
[11.484s] -- Installing: /home/cyberkanjousen/CLionProjects/ROS2_1/install/ros_gz_interfaces/lib/python3.12/site-packages/ros_gz_interfaces/msg/_world_control_s.c
[11.484s] -- Installing: /home/cyberkanjousen/CLionProjects/ROS2_1/install/ros_gz_interfaces/lib/python3.12/site-packages/ros_gz_interfaces/msg/_entity_wrench.py
[11.484s] -- Installing: /home/cyberkanjousen/CLionProjects/ROS2_1/install/ros_gz_interfaces/lib/python3.12/site-packages/ros_gz_interfaces/msg/_logical_camera_image_s.c
[11.484s] -- Installing: /home/cyberkanjousen/CLionProjects/ROS2_1/install/ros_gz_interfaces/lib/python3.12/site-packages/ros_gz_interfaces/msg/_altimeter.py
[11.484s] -- Installing: /home/cyberkanjousen/CLionProjects/ROS2_1/install/ros_gz_interfaces/lib/python3.12/site-packages/ros_gz_interfaces/msg/_dataframe.py
[11.484s] -- Installing: /home/cyberkanjousen/CLionProjects/ROS2_1/install/ros_gz_interfaces/lib/python3.12/site-packages/ros_gz_interfaces/msg/_gui_camera.py
[11.484s] -- Installing: /home/cyberkanjousen/CLionProjects/ROS2_1/install/ros_gz_interfaces/lib/python3.12/site-packages/ros_gz_interfaces/__init__.py
[11.485s] -- Installing: /home/cyberkanjousen/CLionProjects/ROS2_1/install/ros_gz_interfaces/lib/python3.12/site-packages/ros_gz_interfaces/_ros_gz_interfaces_s.ep.rosidl_typesupport_fastrtps_c.c
[11.485s] -- Installing: /home/cyberkanjousen/CLionProjects/ROS2_1/install/ros_gz_interfaces/lib/python3.12/site-packages/ros_gz_interfaces/srv
[11.485s] -- Installing: /home/cyberkanjousen/CLionProjects/ROS2_1/install/ros_gz_interfaces/lib/python3.12/site-packages/ros_gz_interfaces/srv/_control_world_s.c
[11.485s] -- Installing: /home/cyberkanjousen/CLionProjects/ROS2_1/install/ros_gz_interfaces/lib/python3.12/site-packages/ros_gz_interfaces/srv/_spawn_entity_s.c
[11.485s] -- Installing: /home/cyberkanjousen/CLionProjects/ROS2_1/install/ros_gz_interfaces/lib/python3.12/site-packages/ros_gz_interfaces/srv/_control_world.py
[11.485s] -- Installing: /home/cyberkanjousen/CLionProjects/ROS2_1/install/ros_gz_interfaces/lib/python3.12/site-packages/ros_gz_interfaces/srv/_spawn_entity.py
[11.485s] -- Installing: /home/cyberkanjousen/CLionProjects/ROS2_1/install/ros_gz_interfaces/lib/python3.12/site-packages/ros_gz_interfaces/srv/__init__.py
[11.485s] -- Installing: /home/cyberkanjousen/CLionProjects/ROS2_1/install/ros_gz_interfaces/lib/python3.12/site-packages/ros_gz_interfaces/srv/_delete_entity_s.c
[11.485s] -- Installing: /home/cyberkanjousen/CLionProjects/ROS2_1/install/ros_gz_interfaces/lib/python3.12/site-packages/ros_gz_interfaces/srv/_set_entity_pose.py
[11.485s] -- Installing: /home/cyberkanjousen/CLionProjects/ROS2_1/install/ros_gz_interfaces/lib/python3.12/site-packages/ros_gz_interfaces/srv/_delete_entity.py
[11.485s] -- Installing: /home/cyberkanjousen/CLionProjects/ROS2_1/install/ros_gz_interfaces/lib/python3.12/site-packages/ros_gz_interfaces/srv/_set_entity_pose_s.c
[11.546s] Listing '/home/cyberkanjousen/CLionProjects/ROS2_1/install/ros_gz_interfaces/lib/python3.12/site-packages/ros_gz_interfaces'...
[11.546s] Compiling '/home/cyberkanjousen/CLionProjects/ROS2_1/install/ros_gz_interfaces/lib/python3.12/site-packages/ros_gz_interfaces/__init__.py'...
[11.546s] Listing '/home/cyberkanjousen/CLionProjects/ROS2_1/install/ros_gz_interfaces/lib/python3.12/site-packages/ros_gz_interfaces/msg'...
[11.546s] Compiling '/home/cyberkanjousen/CLionProjects/ROS2_1/install/ros_gz_interfaces/lib/python3.12/site-packages/ros_gz_interfaces/msg/__init__.py'...
[11.546s] Compiling '/home/cyberkanjousen/CLionProjects/ROS2_1/install/ros_gz_interfaces/lib/python3.12/site-packages/ros_gz_interfaces/msg/_altimeter.py'...
[11.546s] Compiling '/home/cyberkanjousen/CLionProjects/ROS2_1/install/ros_gz_interfaces/lib/python3.12/site-packages/ros_gz_interfaces/msg/_contact.py'...
[11.546s] Compiling '/home/cyberkanjousen/CLionProjects/ROS2_1/install/ros_gz_interfaces/lib/python3.12/site-packages/ros_gz_interfaces/msg/_contacts.py'...
[11.546s] Compiling '/home/cyberkanjousen/CLionProjects/ROS2_1/install/ros_gz_interfaces/lib/python3.12/site-packages/ros_gz_interfaces/msg/_dataframe.py'...
[11.546s] Compiling '/home/cyberkanjousen/CLionProjects/ROS2_1/install/ros_gz_interfaces/lib/python3.12/site-packages/ros_gz_interfaces/msg/_entity.py'...
[11.546s] Compiling '/home/cyberkanjousen/CLionProjects/ROS2_1/install/ros_gz_interfaces/lib/python3.12/site-packages/ros_gz_interfaces/msg/_entity_factory.py'...
[11.546s] Compiling '/home/cyberkanjousen/CLionProjects/ROS2_1/install/ros_gz_interfaces/lib/python3.12/site-packages/ros_gz_interfaces/msg/_entity_wrench.py'...
[11.546s] Compiling '/home/cyberkanjousen/CLionProjects/ROS2_1/install/ros_gz_interfaces/lib/python3.12/site-packages/ros_gz_interfaces/msg/_float32_array.py'...
[11.546s] Compiling '/home/cyberkanjousen/CLionProjects/ROS2_1/install/ros_gz_interfaces/lib/python3.12/site-packages/ros_gz_interfaces/msg/_gui_camera.py'...
[11.546s] Compiling '/home/cyberkanjousen/CLionProjects/ROS2_1/install/ros_gz_interfaces/lib/python3.12/site-packages/ros_gz_interfaces/msg/_joint_wrench.py'...
[11.546s] Compiling '/home/cyberkanjousen/CLionProjects/ROS2_1/install/ros_gz_interfaces/lib/python3.12/site-packages/ros_gz_interfaces/msg/_light.py'...
[11.546s] Compiling '/home/cyberkanjousen/CLionProjects/ROS2_1/install/ros_gz_interfaces/lib/python3.12/site-packages/ros_gz_interfaces/msg/_logical_camera_image.py'...
[11.546s] Compiling '/home/cyberkanjousen/CLionProjects/ROS2_1/install/ros_gz_interfaces/lib/python3.12/site-packages/ros_gz_interfaces/msg/_logical_camera_image_model.py'...
[11.546s] Compiling '/home/cyberkanjousen/CLionProjects/ROS2_1/install/ros_gz_interfaces/lib/python3.12/site-packages/ros_gz_interfaces/msg/_material_color.py'...
[11.546s] Compiling '/home/cyberkanjousen/CLionProjects/ROS2_1/install/ros_gz_interfaces/lib/python3.12/site-packages/ros_gz_interfaces/msg/_param_vec.py'...
[11.546s] Compiling '/home/cyberkanjousen/CLionProjects/ROS2_1/install/ros_gz_interfaces/lib/python3.12/site-packages/ros_gz_interfaces/msg/_sensor_noise.py'...
[11.546s] Compiling '/home/cyberkanjousen/CLionProjects/ROS2_1/install/ros_gz_interfaces/lib/python3.12/site-packages/ros_gz_interfaces/msg/_string_vec.py'...
[11.547s] Compiling '/home/cyberkanjousen/CLionProjects/ROS2_1/install/ros_gz_interfaces/lib/python3.12/site-packages/ros_gz_interfaces/msg/_track_visual.py'...
[11.547s] Compiling '/home/cyberkanjousen/CLionProjects/ROS2_1/install/ros_gz_interfaces/lib/python3.12/site-packages/ros_gz_interfaces/msg/_video_record.py'...
[11.547s] Compiling '/home/cyberkanjousen/CLionProjects/ROS2_1/install/ros_gz_interfaces/lib/python3.12/site-packages/ros_gz_interfaces/msg/_world_control.py'...
[11.547s] Compiling '/home/cyberkanjousen/CLionProjects/ROS2_1/install/ros_gz_interfaces/lib/python3.12/site-packages/ros_gz_interfaces/msg/_world_reset.py'...
[11.547s] Listing '/home/cyberkanjousen/CLionProjects/ROS2_1/install/ros_gz_interfaces/lib/python3.12/site-packages/ros_gz_interfaces/srv'...
[11.547s] Compiling '/home/cyberkanjousen/CLionProjects/ROS2_1/install/ros_gz_interfaces/lib/python3.12/site-packages/ros_gz_interfaces/srv/__init__.py'...
[11.547s] Compiling '/home/cyberkanjousen/CLionProjects/ROS2_1/install/ros_gz_interfaces/lib/python3.12/site-packages/ros_gz_interfaces/srv/_control_world.py'...
[11.547s] Compiling '/home/cyberkanjousen/CLionProjects/ROS2_1/install/ros_gz_interfaces/lib/python3.12/site-packages/ros_gz_interfaces/srv/_delete_entity.py'...
[11.547s] Compiling '/home/cyberkanjousen/CLionProjects/ROS2_1/install/ros_gz_interfaces/lib/python3.12/site-packages/ros_gz_interfaces/srv/_set_entity_pose.py'...
[11.547s] Compiling '/home/cyberkanjousen/CLionProjects/ROS2_1/install/ros_gz_interfaces/lib/python3.12/site-packages/ros_gz_interfaces/srv/_spawn_entity.py'...
[11.550s] -- Installing: /home/cyberkanjousen/CLionProjects/ROS2_1/install/ros_gz_interfaces/lib/python3.12/site-packages/ros_gz_interfaces/ros_gz_interfaces_s__rosidl_typesupport_fastrtps_c.so
[11.550s] -- Set non-toolchain portion of runtime path of "/home/cyberkanjousen/CLionProjects/ROS2_1/install/ros_gz_interfaces/lib/python3.12/site-packages/ros_gz_interfaces/ros_gz_interfaces_s__rosidl_typesupport_fastrtps_c.so" to ""
[11.551s] -- Installing: /home/cyberkanjousen/CLionProjects/ROS2_1/install/ros_gz_interfaces/lib/python3.12/site-packages/ros_gz_interfaces/ros_gz_interfaces_s__rosidl_typesupport_introspection_c.so
[11.551s] -- Set non-toolchain portion of runtime path of "/home/cyberkanjousen/CLionProjects/ROS2_1/install/ros_gz_interfaces/lib/python3.12/site-packages/ros_gz_interfaces/ros_gz_interfaces_s__rosidl_typesupport_introspection_c.so" to ""
[11.551s] -- Installing: /home/cyberkanjousen/CLionProjects/ROS2_1/install/ros_gz_interfaces/lib/python3.12/site-packages/ros_gz_interfaces/ros_gz_interfaces_s__rosidl_typesupport_c.so
[11.551s] -- Set non-toolchain portion of runtime path of "/home/cyberkanjousen/CLionProjects/ROS2_1/install/ros_gz_interfaces/lib/python3.12/site-packages/ros_gz_interfaces/ros_gz_interfaces_s__rosidl_typesupport_c.so" to ""
[11.551s] -- Installing: /home/cyberkanjousen/CLionProjects/ROS2_1/install/ros_gz_interfaces/lib/libros_gz_interfaces__rosidl_generator_py.so
[11.552s] -- Set non-toolchain portion of runtime path of "/home/cyberkanjousen/CLionProjects/ROS2_1/install/ros_gz_interfaces/lib/libros_gz_interfaces__rosidl_generator_py.so" to ""
[11.552s] -- Installing: /home/cyberkanjousen/CLionProjects/ROS2_1/install/ros_gz_interfaces/share/ros_gz_interfaces/msg/Altimeter.idl
[11.552s] -- Installing: /home/cyberkanjousen/CLionProjects/ROS2_1/install/ros_gz_interfaces/share/ros_gz_interfaces/msg/Contact.idl
[11.552s] -- Installing: /home/cyberkanjousen/CLionProjects/ROS2_1/install/ros_gz_interfaces/share/ros_gz_interfaces/msg/Contacts.idl
[11.552s] -- Installing: /home/cyberkanjousen/CLionProjects/ROS2_1/install/ros_gz_interfaces/share/ros_gz_interfaces/msg/Dataframe.idl
[11.552s] -- Installing: /home/cyberkanjousen/CLionProjects/ROS2_1/install/ros_gz_interfaces/share/ros_gz_interfaces/msg/Entity.idl
[11.552s] -- Installing: /home/cyberkanjousen/CLionProjects/ROS2_1/install/ros_gz_interfaces/share/ros_gz_interfaces/msg/EntityFactory.idl
[11.552s] -- Installing: /home/cyberkanjousen/CLionProjects/ROS2_1/install/ros_gz_interfaces/share/ros_gz_interfaces/msg/EntityWrench.idl
[11.552s] -- Installing: /home/cyberkanjousen/CLionProjects/ROS2_1/install/ros_gz_interfaces/share/ros_gz_interfaces/msg/Float32Array.idl
[11.552s] -- Installing: /home/cyberkanjousen/CLionProjects/ROS2_1/install/ros_gz_interfaces/share/ros_gz_interfaces/msg/GuiCamera.idl
[11.552s] -- Installing: /home/cyberkanjousen/CLionProjects/ROS2_1/install/ros_gz_interfaces/share/ros_gz_interfaces/msg/JointWrench.idl
[11.553s] -- Installing: /home/cyberkanjousen/CLionProjects/ROS2_1/install/ros_gz_interfaces/share/ros_gz_interfaces/msg/Light.idl
[11.553s] -- Installing: /home/cyberkanjousen/CLionProjects/ROS2_1/install/ros_gz_interfaces/share/ros_gz_interfaces/msg/LogicalCameraImage.idl
[11.553s] -- Installing: /home/cyberkanjousen/CLionProjects/ROS2_1/install/ros_gz_interfaces/share/ros_gz_interfaces/msg/LogicalCameraImageModel.idl
[11.553s] -- Installing: /home/cyberkanjousen/CLionProjects/ROS2_1/install/ros_gz_interfaces/share/ros_gz_interfaces/msg/MaterialColor.idl
[11.553s] -- Installing: /home/cyberkanjousen/CLionProjects/ROS2_1/install/ros_gz_interfaces/share/ros_gz_interfaces/msg/ParamVec.idl
[11.553s] -- Installing: /home/cyberkanjousen/CLionProjects/ROS2_1/install/ros_gz_interfaces/share/ros_gz_interfaces/msg/SensorNoise.idl
[11.553s] -- Installing: /home/cyberkanjousen/CLionProjects/ROS2_1/install/ros_gz_interfaces/share/ros_gz_interfaces/msg/StringVec.idl
[11.553s] -- Installing: /home/cyberkanjousen/CLionProjects/ROS2_1/install/ros_gz_interfaces/share/ros_gz_interfaces/msg/TrackVisual.idl
[11.553s] -- Installing: /home/cyberkanjousen/CLionProjects/ROS2_1/install/ros_gz_interfaces/share/ros_gz_interfaces/msg/VideoRecord.idl
[11.553s] -- Installing: /home/cyberkanjousen/CLionProjects/ROS2_1/install/ros_gz_interfaces/share/ros_gz_interfaces/msg/WorldControl.idl
[11.553s] -- Installing: /home/cyberkanjousen/CLionProjects/ROS2_1/install/ros_gz_interfaces/share/ros_gz_interfaces/msg/WorldReset.idl
[11.554s] -- Installing: /home/cyberkanjousen/CLionProjects/ROS2_1/install/ros_gz_interfaces/share/ros_gz_interfaces/srv/ControlWorld.idl
[11.554s] -- Installing: /home/cyberkanjousen/CLionProjects/ROS2_1/install/ros_gz_interfaces/share/ros_gz_interfaces/srv/DeleteEntity.idl
[11.554s] -- Installing: /home/cyberkanjousen/CLionProjects/ROS2_1/install/ros_gz_interfaces/share/ros_gz_interfaces/srv/SetEntityPose.idl
[11.554s] -- Installing: /home/cyberkanjousen/CLionProjects/ROS2_1/install/ros_gz_interfaces/share/ros_gz_interfaces/srv/SpawnEntity.idl
[11.554s] -- Installing: /home/cyberkanjousen/CLionProjects/ROS2_1/install/ros_gz_interfaces/share/ros_gz_interfaces/msg/Altimeter.msg
[11.554s] -- Installing: /home/cyberkanjousen/CLionProjects/ROS2_1/install/ros_gz_interfaces/share/ros_gz_interfaces/msg/Contact.msg
[11.554s] -- Installing: /home/cyberkanjousen/CLionProjects/ROS2_1/install/ros_gz_interfaces/share/ros_gz_interfaces/msg/Contacts.msg
[11.554s] -- Installing: /home/cyberkanjousen/CLionProjects/ROS2_1/install/ros_gz_interfaces/share/ros_gz_interfaces/msg/Dataframe.msg
[11.554s] -- Installing: /home/cyberkanjousen/CLionProjects/ROS2_1/install/ros_gz_interfaces/share/ros_gz_interfaces/msg/Entity.msg
[11.554s] -- Installing: /home/cyberkanjousen/CLionProjects/ROS2_1/install/ros_gz_interfaces/share/ros_gz_interfaces/msg/EntityFactory.msg
[11.554s] -- Installing: /home/cyberkanjousen/CLionProjects/ROS2_1/install/ros_gz_interfaces/share/ros_gz_interfaces/msg/EntityWrench.msg
[11.555s] -- Installing: /home/cyberkanjousen/CLionProjects/ROS2_1/install/ros_gz_interfaces/share/ros_gz_interfaces/msg/Float32Array.msg
[11.555s] -- Installing: /home/cyberkanjousen/CLionProjects/ROS2_1/install/ros_gz_interfaces/share/ros_gz_interfaces/msg/GuiCamera.msg
[11.555s] -- Installing: /home/cyberkanjousen/CLionProjects/ROS2_1/install/ros_gz_interfaces/share/ros_gz_interfaces/msg/JointWrench.msg
[11.555s] -- Installing: /home/cyberkanjousen/CLionProjects/ROS2_1/install/ros_gz_interfaces/share/ros_gz_interfaces/msg/Light.msg
[11.555s] -- Installing: /home/cyberkanjousen/CLionProjects/ROS2_1/install/ros_gz_interfaces/share/ros_gz_interfaces/msg/LogicalCameraImage.msg
[11.555s] -- Installing: /home/cyberkanjousen/CLionProjects/ROS2_1/install/ros_gz_interfaces/share/ros_gz_interfaces/msg/LogicalCameraImageModel.msg
[11.555s] -- Installing: /home/cyberkanjousen/CLionProjects/ROS2_1/install/ros_gz_interfaces/share/ros_gz_interfaces/msg/MaterialColor.msg
[11.555s] -- Installing: /home/cyberkanjousen/CLionProjects/ROS2_1/install/ros_gz_interfaces/share/ros_gz_interfaces/msg/ParamVec.msg
[11.555s] -- Installing: /home/cyberkanjousen/CLionProjects/ROS2_1/install/ros_gz_interfaces/share/ros_gz_interfaces/msg/SensorNoise.msg
[11.555s] -- Installing: /home/cyberkanjousen/CLionProjects/ROS2_1/install/ros_gz_interfaces/share/ros_gz_interfaces/msg/StringVec.msg
[11.555s] -- Installing: /home/cyberkanjousen/CLionProjects/ROS2_1/install/ros_gz_interfaces/share/ros_gz_interfaces/msg/TrackVisual.msg
[11.556s] -- Installing: /home/cyberkanjousen/CLionProjects/ROS2_1/install/ros_gz_interfaces/share/ros_gz_interfaces/msg/VideoRecord.msg
[11.556s] -- Installing: /home/cyberkanjousen/CLionProjects/ROS2_1/install/ros_gz_interfaces/share/ros_gz_interfaces/msg/WorldControl.msg
[11.556s] -- Installing: /home/cyberkanjousen/CLionProjects/ROS2_1/install/ros_gz_interfaces/share/ros_gz_interfaces/msg/WorldReset.msg
[11.556s] -- Installing: /home/cyberkanjousen/CLionProjects/ROS2_1/install/ros_gz_interfaces/share/ros_gz_interfaces/srv/ControlWorld.srv
[11.556s] -- Installing: /home/cyberkanjousen/CLionProjects/ROS2_1/install/ros_gz_interfaces/share/ros_gz_interfaces/srv/DeleteEntity.srv
[11.556s] -- Installing: /home/cyberkanjousen/CLionProjects/ROS2_1/install/ros_gz_interfaces/share/ros_gz_interfaces/srv/SetEntityPose.srv
[11.556s] -- Installing: /home/cyberkanjousen/CLionProjects/ROS2_1/install/ros_gz_interfaces/share/ros_gz_interfaces/srv/SpawnEntity.srv
[11.556s] -- Installing: /home/cyberkanjousen/CLionProjects/ROS2_1/install/ros_gz_interfaces/share/ament_index/resource_index/package_run_dependencies/ros_gz_interfaces
[11.556s] -- Installing: /home/cyberkanjousen/CLionProjects/ROS2_1/install/ros_gz_interfaces/share/ament_index/resource_index/parent_prefix_path/ros_gz_interfaces
[11.556s] -- Installing: /home/cyberkanjousen/CLionProjects/ROS2_1/install/ros_gz_interfaces/share/ros_gz_interfaces/environment/ament_prefix_path.sh
[11.557s] -- Installing: /home/cyberkanjousen/CLionProjects/ROS2_1/install/ros_gz_interfaces/share/ros_gz_interfaces/environment/ament_prefix_path.dsv
[11.557s] -- Installing: /home/cyberkanjousen/CLionProjects/ROS2_1/install/ros_gz_interfaces/share/ros_gz_interfaces/environment/path.sh
[11.557s] -- Installing: /home/cyberkanjousen/CLionProjects/ROS2_1/install/ros_gz_interfaces/share/ros_gz_interfaces/environment/path.dsv
[11.557s] -- Installing: /home/cyberkanjousen/CLionProjects/ROS2_1/install/ros_gz_interfaces/share/ros_gz_interfaces/local_setup.bash
[11.557s] -- Installing: /home/cyberkanjousen/CLionProjects/ROS2_1/install/ros_gz_interfaces/share/ros_gz_interfaces/local_setup.sh
[11.557s] -- Installing: /home/cyberkanjousen/CLionProjects/ROS2_1/install/ros_gz_interfaces/share/ros_gz_interfaces/local_setup.zsh
[11.557s] -- Installing: /home/cyberkanjousen/CLionProjects/ROS2_1/install/ros_gz_interfaces/share/ros_gz_interfaces/local_setup.dsv
[11.557s] -- Installing: /home/cyberkanjousen/CLionProjects/ROS2_1/install/ros_gz_interfaces/share/ros_gz_interfaces/package.dsv
[11.557s] -- Installing: /home/cyberkanjousen/CLionProjects/ROS2_1/install/ros_gz_interfaces/share/ament_index/resource_index/packages/ros_gz_interfaces
[11.557s] -- Installing: /home/cyberkanjousen/CLionProjects/ROS2_1/install/ros_gz_interfaces/share/ros_gz_interfaces/cmake/export_ros_gz_interfaces__rosidl_generator_cExport.cmake
[11.558s] -- Installing: /home/cyberkanjousen/CLionProjects/ROS2_1/install/ros_gz_interfaces/share/ros_gz_interfaces/cmake/export_ros_gz_interfaces__rosidl_generator_cExport-noconfig.cmake
[11.558s] -- Installing: /home/cyberkanjousen/CLionProjects/ROS2_1/install/ros_gz_interfaces/share/ros_gz_interfaces/cmake/export_ros_gz_interfaces__rosidl_typesupport_fastrtps_cExport.cmake
[11.558s] -- Installing: /home/cyberkanjousen/CLionProjects/ROS2_1/install/ros_gz_interfaces/share/ros_gz_interfaces/cmake/export_ros_gz_interfaces__rosidl_typesupport_fastrtps_cExport-noconfig.cmake
[11.558s] -- Installing: /home/cyberkanjousen/CLionProjects/ROS2_1/install/ros_gz_interfaces/share/ros_gz_interfaces/cmake/export_ros_gz_interfaces__rosidl_generator_cppExport.cmake
[11.558s] -- Installing: /home/cyberkanjousen/CLionProjects/ROS2_1/install/ros_gz_interfaces/share/ros_gz_interfaces/cmake/export_ros_gz_interfaces__rosidl_typesupport_fastrtps_cppExport.cmake
[11.558s] -- Installing: /home/cyberkanjousen/CLionProjects/ROS2_1/install/ros_gz_interfaces/share/ros_gz_interfaces/cmake/export_ros_gz_interfaces__rosidl_typesupport_fastrtps_cppExport-noconfig.cmake
[11.558s] -- Installing: /home/cyberkanjousen/CLionProjects/ROS2_1/install/ros_gz_interfaces/share/ros_gz_interfaces/cmake/ros_gz_interfaces__rosidl_typesupport_introspection_cExport.cmake
[11.558s] -- Installing: /home/cyberkanjousen/CLionProjects/ROS2_1/install/ros_gz_interfaces/share/ros_gz_interfaces/cmake/ros_gz_interfaces__rosidl_typesupport_introspection_cExport-noconfig.cmake
[11.558s] -- Installing: /home/cyberkanjousen/CLionProjects/ROS2_1/install/ros_gz_interfaces/share/ros_gz_interfaces/cmake/ros_gz_interfaces__rosidl_typesupport_cExport.cmake
[11.559s] -- Installing: /home/cyberkanjousen/CLionProjects/ROS2_1/install/ros_gz_interfaces/share/ros_gz_interfaces/cmake/ros_gz_interfaces__rosidl_typesupport_cExport-noconfig.cmake
[11.559s] -- Installing: /home/cyberkanjousen/CLionProjects/ROS2_1/install/ros_gz_interfaces/share/ros_gz_interfaces/cmake/ros_gz_interfaces__rosidl_typesupport_introspection_cppExport.cmake
[11.559s] -- Installing: /home/cyberkanjousen/CLionProjects/ROS2_1/install/ros_gz_interfaces/share/ros_gz_interfaces/cmake/ros_gz_interfaces__rosidl_typesupport_introspection_cppExport-noconfig.cmake
[11.559s] -- Installing: /home/cyberkanjousen/CLionProjects/ROS2_1/install/ros_gz_interfaces/share/ros_gz_interfaces/cmake/ros_gz_interfaces__rosidl_typesupport_cppExport.cmake
[11.559s] -- Installing: /home/cyberkanjousen/CLionProjects/ROS2_1/install/ros_gz_interfaces/share/ros_gz_interfaces/cmake/ros_gz_interfaces__rosidl_typesupport_cppExport-noconfig.cmake
[11.559s] -- Installing: /home/cyberkanjousen/CLionProjects/ROS2_1/install/ros_gz_interfaces/share/ros_gz_interfaces/cmake/export_ros_gz_interfaces__rosidl_generator_pyExport.cmake
[11.559s] -- Installing: /home/cyberkanjousen/CLionProjects/ROS2_1/install/ros_gz_interfaces/share/ros_gz_interfaces/cmake/export_ros_gz_interfaces__rosidl_generator_pyExport-noconfig.cmake
[11.559s] -- Installing: /home/cyberkanjousen/CLionProjects/ROS2_1/install/ros_gz_interfaces/share/ros_gz_interfaces/cmake/rosidl_cmake-extras.cmake
[11.559s] -- Installing: /home/cyberkanjousen/CLionProjects/ROS2_1/install/ros_gz_interfaces/share/ros_gz_interfaces/cmake/ament_cmake_export_dependencies-extras.cmake
[11.559s] -- Installing: /home/cyberkanjousen/CLionProjects/ROS2_1/install/ros_gz_interfaces/share/ros_gz_interfaces/cmake/ament_cmake_export_include_directories-extras.cmake
[11.559s] -- Installing: /home/cyberkanjousen/CLionProjects/ROS2_1/install/ros_gz_interfaces/share/ros_gz_interfaces/cmake/ament_cmake_export_libraries-extras.cmake
[11.560s] -- Installing: /home/cyberkanjousen/CLionProjects/ROS2_1/install/ros_gz_interfaces/share/ros_gz_interfaces/cmake/ament_cmake_export_targets-extras.cmake
[11.560s] -- Installing: /home/cyberkanjousen/CLionProjects/ROS2_1/install/ros_gz_interfaces/share/ros_gz_interfaces/cmake/rosidl_cmake_export_typesupport_targets-extras.cmake
[11.560s] -- Installing: /home/cyberkanjousen/CLionProjects/ROS2_1/install/ros_gz_interfaces/share/ros_gz_interfaces/cmake/rosidl_cmake_export_typesupport_libraries-extras.cmake
[11.560s] -- Installing: /home/cyberkanjousen/CLionProjects/ROS2_1/install/ros_gz_interfaces/share/ros_gz_interfaces/cmake/ros_gz_interfacesConfig.cmake
[11.560s] -- Installing: /home/cyberkanjousen/CLionProjects/ROS2_1/install/ros_gz_interfaces/share/ros_gz_interfaces/cmake/ros_gz_interfacesConfig-version.cmake
[11.560s] -- Installing: /home/cyberkanjousen/CLionProjects/ROS2_1/install/ros_gz_interfaces/share/ros_gz_interfaces/package.xml
[11.562s] Invoked command in '/home/cyberkanjousen/CLionProjects/ROS2_1/build/ros_gz_interfaces' returned '0': CMAKE_PREFIX_PATH=${CMAKE_PREFIX_PATH}:/opt/ros/jazzy DEBUGINFOD_URLS=https://debuginfod.ubuntu.com /usr/bin/cmake --install /home/cyberkanjousen/CLionProjects/ROS2_1/build/ros_gz_interfaces
