[0.069s] DEBUG:colcon:Command line arguments: ['/usr/bin/colcon', 'build', '--cmake-args', '-DCMAKE_EXPORT_COMPILE_COMMANDS=ON', '-G', 'Ninja']
[0.069s] DEBUG:colcon:Parsed command line arguments: Namespace(log_base=None, log_level=None, verb_name='build', build_base='build', install_base='install', merge_install=False, symlink_install=False, test_result_base=None, continue_on_error=False, executor='parallel', parallel_workers=32, event_handlers=None, ignore_user_meta=False, metas=['./colcon.meta'], base_paths=['.'], packages_ignore=None, packages_ignore_regex=None, paths=None, packages_up_to=None, packages_up_to_regex=None, packages_above=None, packages_above_and_dependencies=None, packages_above_depth=None, packages_select_by_dep=None, packages_skip_by_dep=None, packages_skip_up_to=None, packages_select_build_failed=False, packages_skip_build_finished=False, packages_select_test_failures=False, packages_skip_test_passed=False, packages_select=None, packages_skip=None, packages_select_regex=None, packages_skip_regex=None, packages_start=None, packages_end=None, allow_overriding=[], cmake_args=['-DCMAKE_EXPORT_COMPILE_COMMANDS=ON', '-G', 'Ninja'], cmake_target=None, cmake_target_skip_unavailable=False, cmake_clean_cache=False, cmake_clean_first=False, cmake_force_configure=False, ament_cmake_args=None, catkin_cmake_args=None, catkin_skip_building_tests=False, verb_parser=<colcon_defaults.argument_parser.defaults.DefaultArgumentsDecorator object at 0x7844bac264b0>, verb_extension=<colcon_core.verb.build.BuildVerb object at 0x7844bac25c10>, main=<bound method BuildVerb.main of <colcon_core.verb.build.BuildVerb object at 0x7844bac25c10>>)
[0.095s] Level 1:colcon.colcon_core.package_discovery:discover_packages(colcon_meta) check parameters
[0.095s] Level 1:colcon.colcon_core.package_discovery:discover_packages(recursive) check parameters
[0.095s] Level 1:colcon.colcon_core.package_discovery:discover_packages(ignore) check parameters
[0.095s] Level 1:colcon.colcon_core.package_discovery:discover_packages(path) check parameters
[0.095s] Level 1:colcon.colcon_core.package_discovery:discover_packages(colcon_meta) discover
[0.095s] Level 1:colcon.colcon_core.package_discovery:discover_packages(recursive) discover
[0.095s] INFO:colcon.colcon_core.package_discovery:Crawling recursively for packages in '/home/cyberkanjousen/CLionProjects/ROS2_1'
[0.095s] Level 1:colcon.colcon_core.package_identification:_identify(.) by extensions ['ignore', 'ignore_ament_install']
[0.095s] Level 1:colcon.colcon_core.package_identification:_identify(.) by extension 'ignore'
[0.095s] Level 1:colcon.colcon_core.package_identification:_identify(.) by extension 'ignore_ament_install'
[0.095s] Level 1:colcon.colcon_core.package_identification:_identify(.) by extensions ['colcon_pkg']
[0.095s] Level 1:colcon.colcon_core.package_identification:_identify(.) by extension 'colcon_pkg'
[0.095s] Level 1:colcon.colcon_core.package_identification:_identify(.) by extensions ['colcon_meta']
[0.095s] Level 1:colcon.colcon_core.package_identification:_identify(.) by extension 'colcon_meta'
[0.095s] Level 1:colcon.colcon_core.package_identification:_identify(.) by extensions ['ros']
[0.095s] Level 1:colcon.colcon_core.package_identification:_identify(.) by extension 'ros'
[0.113s] Level 1:colcon.colcon_core.package_identification:_identify(.) by extensions ['cmake', 'python']
[0.113s] Level 1:colcon.colcon_core.package_identification:_identify(.) by extension 'cmake'
[0.113s] Level 1:colcon.colcon_core.package_identification:_identify(.) by extension 'python'
[0.113s] Level 1:colcon.colcon_core.package_identification:_identify(.) by extensions ['python_setup_py']
[0.113s] Level 1:colcon.colcon_core.package_identification:_identify(.) by extension 'python_setup_py'
[0.113s] Level 1:colcon.colcon_core.package_identification:_identify(build) by extensions ['ignore', 'ignore_ament_install']
[0.113s] Level 1:colcon.colcon_core.package_identification:_identify(build) by extension 'ignore'
[0.113s] Level 1:colcon.colcon_core.package_identification:_identify(build) ignored
[0.113s] Level 1:colcon.colcon_core.package_identification:_identify(install) by extensions ['ignore', 'ignore_ament_install']
[0.113s] Level 1:colcon.colcon_core.package_identification:_identify(install) by extension 'ignore'
[0.113s] Level 1:colcon.colcon_core.package_identification:_identify(install) ignored
[0.113s] Level 1:colcon.colcon_core.package_identification:_identify(log) by extensions ['ignore', 'ignore_ament_install']
[0.113s] Level 1:colcon.colcon_core.package_identification:_identify(log) by extension 'ignore'
[0.113s] Level 1:colcon.colcon_core.package_identification:_identify(log) ignored
[0.113s] Level 1:colcon.colcon_core.package_identification:_identify(src) by extensions ['ignore', 'ignore_ament_install']
[0.114s] Level 1:colcon.colcon_core.package_identification:_identify(src) by extension 'ignore'
[0.114s] Level 1:colcon.colcon_core.package_identification:_identify(src) by extension 'ignore_ament_install'
[0.114s] Level 1:colcon.colcon_core.package_identification:_identify(src) by extensions ['colcon_pkg']
[0.114s] Level 1:colcon.colcon_core.package_identification:_identify(src) by extension 'colcon_pkg'
[0.114s] Level 1:colcon.colcon_core.package_identification:_identify(src) by extensions ['colcon_meta']
[0.114s] Level 1:colcon.colcon_core.package_identification:_identify(src) by extension 'colcon_meta'
[0.114s] Level 1:colcon.colcon_core.package_identification:_identify(src) by extensions ['ros']
[0.114s] Level 1:colcon.colcon_core.package_identification:_identify(src) by extension 'ros'
[0.114s] Level 1:colcon.colcon_core.package_identification:_identify(src) by extensions ['cmake', 'python']
[0.114s] Level 1:colcon.colcon_core.package_identification:_identify(src) by extension 'cmake'
[0.114s] Level 1:colcon.colcon_core.package_identification:_identify(src) by extension 'python'
[0.114s] Level 1:colcon.colcon_core.package_identification:_identify(src) by extensions ['python_setup_py']
[0.114s] Level 1:colcon.colcon_core.package_identification:_identify(src) by extension 'python_setup_py'
[0.114s] Level 1:colcon.colcon_core.package_identification:_identify(src/cpp_pubsub) by extensions ['ignore', 'ignore_ament_install']
[0.114s] Level 1:colcon.colcon_core.package_identification:_identify(src/cpp_pubsub) by extension 'ignore'
[0.114s] Level 1:colcon.colcon_core.package_identification:_identify(src/cpp_pubsub) by extension 'ignore_ament_install'
[0.114s] Level 1:colcon.colcon_core.package_identification:_identify(src/cpp_pubsub) by extensions ['colcon_pkg']
[0.114s] Level 1:colcon.colcon_core.package_identification:_identify(src/cpp_pubsub) by extension 'colcon_pkg'
[0.114s] Level 1:colcon.colcon_core.package_identification:_identify(src/cpp_pubsub) by extensions ['colcon_meta']
[0.114s] Level 1:colcon.colcon_core.package_identification:_identify(src/cpp_pubsub) by extension 'colcon_meta'
[0.114s] Level 1:colcon.colcon_core.package_identification:_identify(src/cpp_pubsub) by extensions ['ros']
[0.114s] Level 1:colcon.colcon_core.package_identification:_identify(src/cpp_pubsub) by extension 'ros'
[0.116s] DEBUG:colcon.colcon_core.package_identification:Package 'src/cpp_pubsub' with type 'ros.ament_cmake' and name 'cpp_pubsub'
[0.116s] Level 1:colcon.colcon_core.package_identification:_identify(src/cpp_srvcli) by extensions ['ignore', 'ignore_ament_install']
[0.116s] Level 1:colcon.colcon_core.package_identification:_identify(src/cpp_srvcli) by extension 'ignore'
[0.116s] Level 1:colcon.colcon_core.package_identification:_identify(src/cpp_srvcli) by extension 'ignore_ament_install'
[0.116s] Level 1:colcon.colcon_core.package_identification:_identify(src/cpp_srvcli) by extensions ['colcon_pkg']
[0.116s] Level 1:colcon.colcon_core.package_identification:_identify(src/cpp_srvcli) by extension 'colcon_pkg'
[0.116s] Level 1:colcon.colcon_core.package_identification:_identify(src/cpp_srvcli) by extensions ['colcon_meta']
[0.116s] Level 1:colcon.colcon_core.package_identification:_identify(src/cpp_srvcli) by extension 'colcon_meta'
[0.116s] Level 1:colcon.colcon_core.package_identification:_identify(src/cpp_srvcli) by extensions ['ros']
[0.116s] Level 1:colcon.colcon_core.package_identification:_identify(src/cpp_srvcli) by extension 'ros'
[0.117s] DEBUG:colcon.colcon_core.package_identification:Package 'src/cpp_srvcli' with type 'ros.ament_cmake' and name 'cpp_srvcli'
[0.117s] Level 1:colcon.colcon_core.package_identification:_identify(src/learning_tf2_cpp) by extensions ['ignore', 'ignore_ament_install']
[0.117s] Level 1:colcon.colcon_core.package_identification:_identify(src/learning_tf2_cpp) by extension 'ignore'
[0.117s] Level 1:colcon.colcon_core.package_identification:_identify(src/learning_tf2_cpp) by extension 'ignore_ament_install'
[0.117s] Level 1:colcon.colcon_core.package_identification:_identify(src/learning_tf2_cpp) by extensions ['colcon_pkg']
[0.117s] Level 1:colcon.colcon_core.package_identification:_identify(src/learning_tf2_cpp) by extension 'colcon_pkg'
[0.117s] Level 1:colcon.colcon_core.package_identification:_identify(src/learning_tf2_cpp) by extensions ['colcon_meta']
[0.117s] Level 1:colcon.colcon_core.package_identification:_identify(src/learning_tf2_cpp) by extension 'colcon_meta'
[0.117s] Level 1:colcon.colcon_core.package_identification:_identify(src/learning_tf2_cpp) by extensions ['ros']
[0.117s] Level 1:colcon.colcon_core.package_identification:_identify(src/learning_tf2_cpp) by extension 'ros'
[0.117s] DEBUG:colcon.colcon_core.package_identification:Package 'src/learning_tf2_cpp' with type 'ros.ament_cmake' and name 'learning_tf2_cpp'
[0.118s] Level 1:colcon.colcon_core.package_identification:_identify(src/ros_gz) by extensions ['ignore', 'ignore_ament_install']
[0.118s] Level 1:colcon.colcon_core.package_identification:_identify(src/ros_gz) by extension 'ignore'
[0.118s] Level 1:colcon.colcon_core.package_identification:_identify(src/ros_gz) by extension 'ignore_ament_install'
[0.118s] Level 1:colcon.colcon_core.package_identification:_identify(src/ros_gz) by extensions ['colcon_pkg']
[0.118s] Level 1:colcon.colcon_core.package_identification:_identify(src/ros_gz) by extension 'colcon_pkg'
[0.118s] Level 1:colcon.colcon_core.package_identification:_identify(src/ros_gz) by extensions ['colcon_meta']
[0.118s] Level 1:colcon.colcon_core.package_identification:_identify(src/ros_gz) by extension 'colcon_meta'
[0.118s] Level 1:colcon.colcon_core.package_identification:_identify(src/ros_gz) by extensions ['ros']
[0.118s] Level 1:colcon.colcon_core.package_identification:_identify(src/ros_gz) by extension 'ros'
[0.118s] DEBUG:colcon.colcon_core.package_identification:Package 'src/ros_gz' with type 'ros.ament_cmake' and name 'ros_gz'
[0.118s] Level 1:colcon.colcon_core.package_identification:_identify(src/ros_gz_bridge) by extensions ['ignore', 'ignore_ament_install']
[0.118s] Level 1:colcon.colcon_core.package_identification:_identify(src/ros_gz_bridge) by extension 'ignore'
[0.118s] Level 1:colcon.colcon_core.package_identification:_identify(src/ros_gz_bridge) by extension 'ignore_ament_install'
[0.118s] Level 1:colcon.colcon_core.package_identification:_identify(src/ros_gz_bridge) by extensions ['colcon_pkg']
[0.118s] Level 1:colcon.colcon_core.package_identification:_identify(src/ros_gz_bridge) by extension 'colcon_pkg'
[0.118s] Level 1:colcon.colcon_core.package_identification:_identify(src/ros_gz_bridge) by extensions ['colcon_meta']
[0.118s] Level 1:colcon.colcon_core.package_identification:_identify(src/ros_gz_bridge) by extension 'colcon_meta'
[0.118s] Level 1:colcon.colcon_core.package_identification:_identify(src/ros_gz_bridge) by extensions ['ros']
[0.118s] Level 1:colcon.colcon_core.package_identification:_identify(src/ros_gz_bridge) by extension 'ros'
[0.119s] DEBUG:colcon.colcon_core.package_identification:Package 'src/ros_gz_bridge' with type 'ros.ament_cmake' and name 'ros_gz_bridge'
[0.119s] Level 1:colcon.colcon_core.package_identification:_identify(src/ros_gz_image) by extensions ['ignore', 'ignore_ament_install']
[0.119s] Level 1:colcon.colcon_core.package_identification:_identify(src/ros_gz_image) by extension 'ignore'
[0.119s] Level 1:colcon.colcon_core.package_identification:_identify(src/ros_gz_image) by extension 'ignore_ament_install'
[0.120s] Level 1:colcon.colcon_core.package_identification:_identify(src/ros_gz_image) by extensions ['colcon_pkg']
[0.120s] Level 1:colcon.colcon_core.package_identification:_identify(src/ros_gz_image) by extension 'colcon_pkg'
[0.120s] Level 1:colcon.colcon_core.package_identification:_identify(src/ros_gz_image) by extensions ['colcon_meta']
[0.120s] Level 1:colcon.colcon_core.package_identification:_identify(src/ros_gz_image) by extension 'colcon_meta'
[0.120s] Level 1:colcon.colcon_core.package_identification:_identify(src/ros_gz_image) by extensions ['ros']
[0.120s] Level 1:colcon.colcon_core.package_identification:_identify(src/ros_gz_image) by extension 'ros'
[0.120s] DEBUG:colcon.colcon_core.package_identification:Package 'src/ros_gz_image' with type 'ros.ament_cmake' and name 'ros_gz_image'
[0.120s] Level 1:colcon.colcon_core.package_identification:_identify(src/ros_gz_interfaces) by extensions ['ignore', 'ignore_ament_install']
[0.120s] Level 1:colcon.colcon_core.package_identification:_identify(src/ros_gz_interfaces) by extension 'ignore'
[0.120s] Level 1:colcon.colcon_core.package_identification:_identify(src/ros_gz_interfaces) by extension 'ignore_ament_install'
[0.120s] Level 1:colcon.colcon_core.package_identification:_identify(src/ros_gz_interfaces) by extensions ['colcon_pkg']
[0.120s] Level 1:colcon.colcon_core.package_identification:_identify(src/ros_gz_interfaces) by extension 'colcon_pkg'
[0.120s] Level 1:colcon.colcon_core.package_identification:_identify(src/ros_gz_interfaces) by extensions ['colcon_meta']
[0.120s] Level 1:colcon.colcon_core.package_identification:_identify(src/ros_gz_interfaces) by extension 'colcon_meta'
[0.120s] Level 1:colcon.colcon_core.package_identification:_identify(src/ros_gz_interfaces) by extensions ['ros']
[0.120s] Level 1:colcon.colcon_core.package_identification:_identify(src/ros_gz_interfaces) by extension 'ros'
[0.121s] DEBUG:colcon.colcon_core.package_identification:Package 'src/ros_gz_interfaces' with type 'ros.ament_cmake' and name 'ros_gz_interfaces'
[0.121s] Level 1:colcon.colcon_core.package_identification:_identify(src/ros_gz_point_cloud) by extensions ['ignore', 'ignore_ament_install']
[0.121s] Level 1:colcon.colcon_core.package_identification:_identify(src/ros_gz_point_cloud) by extension 'ignore'
[0.121s] Level 1:colcon.colcon_core.package_identification:_identify(src/ros_gz_point_cloud) ignored
[0.121s] Level 1:colcon.colcon_core.package_identification:_identify(src/ros_gz_sim) by extensions ['ignore', 'ignore_ament_install']
[0.121s] Level 1:colcon.colcon_core.package_identification:_identify(src/ros_gz_sim) by extension 'ignore'
[0.121s] Level 1:colcon.colcon_core.package_identification:_identify(src/ros_gz_sim) by extension 'ignore_ament_install'
[0.121s] Level 1:colcon.colcon_core.package_identification:_identify(src/ros_gz_sim) by extensions ['colcon_pkg']
[0.121s] Level 1:colcon.colcon_core.package_identification:_identify(src/ros_gz_sim) by extension 'colcon_pkg'
[0.121s] Level 1:colcon.colcon_core.package_identification:_identify(src/ros_gz_sim) by extensions ['colcon_meta']
[0.121s] Level 1:colcon.colcon_core.package_identification:_identify(src/ros_gz_sim) by extension 'colcon_meta'
[0.121s] Level 1:colcon.colcon_core.package_identification:_identify(src/ros_gz_sim) by extensions ['ros']
[0.121s] Level 1:colcon.colcon_core.package_identification:_identify(src/ros_gz_sim) by extension 'ros'
[0.122s] DEBUG:colcon.colcon_core.package_identification:Package 'src/ros_gz_sim' with type 'ros.ament_cmake' and name 'ros_gz_sim'
[0.122s] Level 1:colcon.colcon_core.package_identification:_identify(src/sensor_robot) by extensions ['ignore', 'ignore_ament_install']
[0.122s] Level 1:colcon.colcon_core.package_identification:_identify(src/sensor_robot) by extension 'ignore'
[0.122s] Level 1:colcon.colcon_core.package_identification:_identify(src/sensor_robot) by extension 'ignore_ament_install'
[0.122s] Level 1:colcon.colcon_core.package_identification:_identify(src/sensor_robot) by extensions ['colcon_pkg']
[0.122s] Level 1:colcon.colcon_core.package_identification:_identify(src/sensor_robot) by extension 'colcon_pkg'
[0.122s] Level 1:colcon.colcon_core.package_identification:_identify(src/sensor_robot) by extensions ['colcon_meta']
[0.122s] Level 1:colcon.colcon_core.package_identification:_identify(src/sensor_robot) by extension 'colcon_meta'
[0.122s] Level 1:colcon.colcon_core.package_identification:_identify(src/sensor_robot) by extensions ['ros']
[0.122s] Level 1:colcon.colcon_core.package_identification:_identify(src/sensor_robot) by extension 'ros'
[0.123s] DEBUG:colcon.colcon_core.package_identification:Package 'src/sensor_robot' with type 'ros.ament_cmake' and name 'sensor_robot'
[0.123s] Level 1:colcon.colcon_core.package_identification:_identify(src/service_114514) by extensions ['ignore', 'ignore_ament_install']
[0.123s] Level 1:colcon.colcon_core.package_identification:_identify(src/service_114514) by extension 'ignore'
[0.123s] Level 1:colcon.colcon_core.package_identification:_identify(src/service_114514) by extension 'ignore_ament_install'
[0.123s] Level 1:colcon.colcon_core.package_identification:_identify(src/service_114514) by extensions ['colcon_pkg']
[0.123s] Level 1:colcon.colcon_core.package_identification:_identify(src/service_114514) by extension 'colcon_pkg'
[0.123s] Level 1:colcon.colcon_core.package_identification:_identify(src/service_114514) by extensions ['colcon_meta']
[0.123s] Level 1:colcon.colcon_core.package_identification:_identify(src/service_114514) by extension 'colcon_meta'
[0.123s] Level 1:colcon.colcon_core.package_identification:_identify(src/service_114514) by extensions ['ros']
[0.123s] Level 1:colcon.colcon_core.package_identification:_identify(src/service_114514) by extension 'ros'
[0.123s] DEBUG:colcon.colcon_core.package_identification:Package 'src/service_114514' with type 'ros.ament_cmake' and name 'service_114514'
[0.123s] Level 1:colcon.colcon_core.package_discovery:discover_packages(recursive) using defaults
[0.123s] Level 1:colcon.colcon_core.package_discovery:discover_packages(ignore) discover
[0.123s] Level 1:colcon.colcon_core.package_discovery:discover_packages(ignore) using defaults
[0.123s] Level 1:colcon.colcon_core.package_discovery:discover_packages(path) discover
[0.123s] Level 1:colcon.colcon_core.package_discovery:discover_packages(path) using defaults
[0.137s] Level 1:colcon.colcon_core.package_discovery:discover_packages(prefix_path) check parameters
[0.137s] Level 1:colcon.colcon_core.package_discovery:discover_packages(prefix_path) discover
[0.138s] DEBUG:colcon.colcon_installed_package_information.package_discovery:Found 8 installed packages in /home/cyberkanjousen/CLionProjects/ROS2_1/install
[0.139s] DEBUG:colcon.colcon_installed_package_information.package_discovery:Found 286 installed packages in /opt/ros/jazzy
[0.140s] Level 1:colcon.colcon_core.package_discovery:discover_packages(prefix_path) using defaults
[0.164s] Level 5:colcon.colcon_core.verb:set package 'cpp_pubsub' build argument 'cmake_args' from command line to '['-DCMAKE_EXPORT_COMPILE_COMMANDS=ON', '-G', 'Ninja']'
[0.164s] Level 5:colcon.colcon_core.verb:set package 'cpp_pubsub' build argument 'cmake_target' from command line to 'None'
[0.164s] Level 5:colcon.colcon_core.verb:set package 'cpp_pubsub' build argument 'cmake_target_skip_unavailable' from command line to 'False'
[0.164s] Level 5:colcon.colcon_core.verb:set package 'cpp_pubsub' build argument 'cmake_clean_cache' from command line to 'False'
[0.164s] Level 5:colcon.colcon_core.verb:set package 'cpp_pubsub' build argument 'cmake_clean_first' from command line to 'False'
[0.164s] Level 5:colcon.colcon_core.verb:set package 'cpp_pubsub' build argument 'cmake_force_configure' from command line to 'False'
[0.164s] Level 5:colcon.colcon_core.verb:set package 'cpp_pubsub' build argument 'ament_cmake_args' from command line to 'None'
[0.164s] Level 5:colcon.colcon_core.verb:set package 'cpp_pubsub' build argument 'catkin_cmake_args' from command line to 'None'
[0.164s] Level 5:colcon.colcon_core.verb:set package 'cpp_pubsub' build argument 'catkin_skip_building_tests' from command line to 'False'
[0.164s] DEBUG:colcon.colcon_core.verb:Building package 'cpp_pubsub' with the following arguments: {'ament_cmake_args': None, 'build_base': '/home/cyberkanjousen/CLionProjects/ROS2_1/build/cpp_pubsub', 'catkin_cmake_args': None, 'catkin_skip_building_tests': False, 'cmake_args': ['-DCMAKE_EXPORT_COMPILE_COMMANDS=ON', '-G', 'Ninja'], 'cmake_clean_cache': False, 'cmake_clean_first': False, 'cmake_force_configure': False, 'cmake_target': None, 'cmake_target_skip_unavailable': False, 'install_base': '/home/cyberkanjousen/CLionProjects/ROS2_1/install/cpp_pubsub', 'merge_install': False, 'path': '/home/cyberkanjousen/CLionProjects/ROS2_1/src/cpp_pubsub', 'symlink_install': False, 'test_result_base': None}
[0.164s] Level 5:colcon.colcon_core.verb:set package 'learning_tf2_cpp' build argument 'cmake_args' from command line to '['-DCMAKE_EXPORT_COMPILE_COMMANDS=ON', '-G', 'Ninja']'
[0.164s] Level 5:colcon.colcon_core.verb:set package 'learning_tf2_cpp' build argument 'cmake_target' from command line to 'None'
[0.164s] Level 5:colcon.colcon_core.verb:set package 'learning_tf2_cpp' build argument 'cmake_target_skip_unavailable' from command line to 'False'
[0.164s] Level 5:colcon.colcon_core.verb:set package 'learning_tf2_cpp' build argument 'cmake_clean_cache' from command line to 'False'
[0.164s] Level 5:colcon.colcon_core.verb:set package 'learning_tf2_cpp' build argument 'cmake_clean_first' from command line to 'False'
[0.164s] Level 5:colcon.colcon_core.verb:set package 'learning_tf2_cpp' build argument 'cmake_force_configure' from command line to 'False'
[0.164s] Level 5:colcon.colcon_core.verb:set package 'learning_tf2_cpp' build argument 'ament_cmake_args' from command line to 'None'
[0.164s] Level 5:colcon.colcon_core.verb:set package 'learning_tf2_cpp' build argument 'catkin_cmake_args' from command line to 'None'
[0.164s] Level 5:colcon.colcon_core.verb:set package 'learning_tf2_cpp' build argument 'catkin_skip_building_tests' from command line to 'False'
[0.164s] DEBUG:colcon.colcon_core.verb:Building package 'learning_tf2_cpp' with the following arguments: {'ament_cmake_args': None, 'build_base': '/home/cyberkanjousen/CLionProjects/ROS2_1/build/learning_tf2_cpp', 'catkin_cmake_args': None, 'catkin_skip_building_tests': False, 'cmake_args': ['-DCMAKE_EXPORT_COMPILE_COMMANDS=ON', '-G', 'Ninja'], 'cmake_clean_cache': False, 'cmake_clean_first': False, 'cmake_force_configure': False, 'cmake_target': None, 'cmake_target_skip_unavailable': False, 'install_base': '/home/cyberkanjousen/CLionProjects/ROS2_1/install/learning_tf2_cpp', 'merge_install': False, 'path': '/home/cyberkanjousen/CLionProjects/ROS2_1/src/learning_tf2_cpp', 'symlink_install': False, 'test_result_base': None}
[0.165s] Level 5:colcon.colcon_core.verb:set package 'ros_gz_interfaces' build argument 'cmake_args' from command line to '['-DCMAKE_EXPORT_COMPILE_COMMANDS=ON', '-G', 'Ninja']'
[0.165s] Level 5:colcon.colcon_core.verb:set package 'ros_gz_interfaces' build argument 'cmake_target' from command line to 'None'
[0.165s] Level 5:colcon.colcon_core.verb:set package 'ros_gz_interfaces' build argument 'cmake_target_skip_unavailable' from command line to 'False'
[0.165s] Level 5:colcon.colcon_core.verb:set package 'ros_gz_interfaces' build argument 'cmake_clean_cache' from command line to 'False'
[0.165s] Level 5:colcon.colcon_core.verb:set package 'ros_gz_interfaces' build argument 'cmake_clean_first' from command line to 'False'
[0.165s] Level 5:colcon.colcon_core.verb:set package 'ros_gz_interfaces' build argument 'cmake_force_configure' from command line to 'False'
[0.165s] Level 5:colcon.colcon_core.verb:set package 'ros_gz_interfaces' build argument 'ament_cmake_args' from command line to 'None'
[0.165s] Level 5:colcon.colcon_core.verb:set package 'ros_gz_interfaces' build argument 'catkin_cmake_args' from command line to 'None'
[0.165s] Level 5:colcon.colcon_core.verb:set package 'ros_gz_interfaces' build argument 'catkin_skip_building_tests' from command line to 'False'
[0.165s] DEBUG:colcon.colcon_core.verb:Building package 'ros_gz_interfaces' with the following arguments: {'ament_cmake_args': None, 'build_base': '/home/cyberkanjousen/CLionProjects/ROS2_1/build/ros_gz_interfaces', 'catkin_cmake_args': None, 'catkin_skip_building_tests': False, 'cmake_args': ['-DCMAKE_EXPORT_COMPILE_COMMANDS=ON', '-G', 'Ninja'], 'cmake_clean_cache': False, 'cmake_clean_first': False, 'cmake_force_configure': False, 'cmake_target': None, 'cmake_target_skip_unavailable': False, 'install_base': '/home/cyberkanjousen/CLionProjects/ROS2_1/install/ros_gz_interfaces', 'merge_install': False, 'path': '/home/cyberkanjousen/CLionProjects/ROS2_1/src/ros_gz_interfaces', 'symlink_install': False, 'test_result_base': None}
[0.165s] Level 5:colcon.colcon_core.verb:set package 'sensor_robot' build argument 'cmake_args' from command line to '['-DCMAKE_EXPORT_COMPILE_COMMANDS=ON', '-G', 'Ninja']'
[0.165s] Level 5:colcon.colcon_core.verb:set package 'sensor_robot' build argument 'cmake_target' from command line to 'None'
[0.165s] Level 5:colcon.colcon_core.verb:set package 'sensor_robot' build argument 'cmake_target_skip_unavailable' from command line to 'False'
[0.165s] Level 5:colcon.colcon_core.verb:set package 'sensor_robot' build argument 'cmake_clean_cache' from command line to 'False'
[0.165s] Level 5:colcon.colcon_core.verb:set package 'sensor_robot' build argument 'cmake_clean_first' from command line to 'False'
[0.165s] Level 5:colcon.colcon_core.verb:set package 'sensor_robot' build argument 'cmake_force_configure' from command line to 'False'
[0.165s] Level 5:colcon.colcon_core.verb:set package 'sensor_robot' build argument 'ament_cmake_args' from command line to 'None'
[0.165s] Level 5:colcon.colcon_core.verb:set package 'sensor_robot' build argument 'catkin_cmake_args' from command line to 'None'
[0.165s] Level 5:colcon.colcon_core.verb:set package 'sensor_robot' build argument 'catkin_skip_building_tests' from command line to 'False'
[0.165s] DEBUG:colcon.colcon_core.verb:Building package 'sensor_robot' with the following arguments: {'ament_cmake_args': None, 'build_base': '/home/cyberkanjousen/CLionProjects/ROS2_1/build/sensor_robot', 'catkin_cmake_args': None, 'catkin_skip_building_tests': False, 'cmake_args': ['-DCMAKE_EXPORT_COMPILE_COMMANDS=ON', '-G', 'Ninja'], 'cmake_clean_cache': False, 'cmake_clean_first': False, 'cmake_force_configure': False, 'cmake_target': None, 'cmake_target_skip_unavailable': False, 'install_base': '/home/cyberkanjousen/CLionProjects/ROS2_1/install/sensor_robot', 'merge_install': False, 'path': '/home/cyberkanjousen/CLionProjects/ROS2_1/src/sensor_robot', 'symlink_install': False, 'test_result_base': None}
[0.165s] Level 5:colcon.colcon_core.verb:set package 'service_114514' build argument 'cmake_args' from command line to '['-DCMAKE_EXPORT_COMPILE_COMMANDS=ON', '-G', 'Ninja']'
[0.165s] Level 5:colcon.colcon_core.verb:set package 'service_114514' build argument 'cmake_target' from command line to 'None'
[0.165s] Level 5:colcon.colcon_core.verb:set package 'service_114514' build argument 'cmake_target_skip_unavailable' from command line to 'False'
[0.165s] Level 5:colcon.colcon_core.verb:set package 'service_114514' build argument 'cmake_clean_cache' from command line to 'False'
[0.165s] Level 5:colcon.colcon_core.verb:set package 'service_114514' build argument 'cmake_clean_first' from command line to 'False'
[0.165s] Level 5:colcon.colcon_core.verb:set package 'service_114514' build argument 'cmake_force_configure' from command line to 'False'
[0.165s] Level 5:colcon.colcon_core.verb:set package 'service_114514' build argument 'ament_cmake_args' from command line to 'None'
[0.165s] Level 5:colcon.colcon_core.verb:set package 'service_114514' build argument 'catkin_cmake_args' from command line to 'None'
[0.165s] Level 5:colcon.colcon_core.verb:set package 'service_114514' build argument 'catkin_skip_building_tests' from command line to 'False'
[0.165s] DEBUG:colcon.colcon_core.verb:Building package 'service_114514' with the following arguments: {'ament_cmake_args': None, 'build_base': '/home/cyberkanjousen/CLionProjects/ROS2_1/build/service_114514', 'catkin_cmake_args': None, 'catkin_skip_building_tests': False, 'cmake_args': ['-DCMAKE_EXPORT_COMPILE_COMMANDS=ON', '-G', 'Ninja'], 'cmake_clean_cache': False, 'cmake_clean_first': False, 'cmake_force_configure': False, 'cmake_target': None, 'cmake_target_skip_unavailable': False, 'install_base': '/home/cyberkanjousen/CLionProjects/ROS2_1/install/service_114514', 'merge_install': False, 'path': '/home/cyberkanjousen/CLionProjects/ROS2_1/src/service_114514', 'symlink_install': False, 'test_result_base': None}
[0.165s] Level 5:colcon.colcon_core.verb:set package 'cpp_srvcli' build argument 'cmake_args' from command line to '['-DCMAKE_EXPORT_COMPILE_COMMANDS=ON', '-G', 'Ninja']'
[0.165s] Level 5:colcon.colcon_core.verb:set package 'cpp_srvcli' build argument 'cmake_target' from command line to 'None'
[0.165s] Level 5:colcon.colcon_core.verb:set package 'cpp_srvcli' build argument 'cmake_target_skip_unavailable' from command line to 'False'
[0.165s] Level 5:colcon.colcon_core.verb:set package 'cpp_srvcli' build argument 'cmake_clean_cache' from command line to 'False'
[0.165s] Level 5:colcon.colcon_core.verb:set package 'cpp_srvcli' build argument 'cmake_clean_first' from command line to 'False'
[0.165s] Level 5:colcon.colcon_core.verb:set package 'cpp_srvcli' build argument 'cmake_force_configure' from command line to 'False'
[0.165s] Level 5:colcon.colcon_core.verb:set package 'cpp_srvcli' build argument 'ament_cmake_args' from command line to 'None'
[0.165s] Level 5:colcon.colcon_core.verb:set package 'cpp_srvcli' build argument 'catkin_cmake_args' from command line to 'None'
[0.165s] Level 5:colcon.colcon_core.verb:set package 'cpp_srvcli' build argument 'catkin_skip_building_tests' from command line to 'False'
[0.165s] DEBUG:colcon.colcon_core.verb:Building package 'cpp_srvcli' with the following arguments: {'ament_cmake_args': None, 'build_base': '/home/cyberkanjousen/CLionProjects/ROS2_1/build/cpp_srvcli', 'catkin_cmake_args': None, 'catkin_skip_building_tests': False, 'cmake_args': ['-DCMAKE_EXPORT_COMPILE_COMMANDS=ON', '-G', 'Ninja'], 'cmake_clean_cache': False, 'cmake_clean_first': False, 'cmake_force_configure': False, 'cmake_target': None, 'cmake_target_skip_unavailable': False, 'install_base': '/home/cyberkanjousen/CLionProjects/ROS2_1/install/cpp_srvcli', 'merge_install': False, 'path': '/home/cyberkanjousen/CLionProjects/ROS2_1/src/cpp_srvcli', 'symlink_install': False, 'test_result_base': None}
[0.166s] Level 5:colcon.colcon_core.verb:set package 'ros_gz_bridge' build argument 'cmake_args' from command line to '['-DCMAKE_EXPORT_COMPILE_COMMANDS=ON', '-G', 'Ninja']'
[0.166s] Level 5:colcon.colcon_core.verb:set package 'ros_gz_bridge' build argument 'cmake_target' from command line to 'None'
[0.166s] Level 5:colcon.colcon_core.verb:set package 'ros_gz_bridge' build argument 'cmake_target_skip_unavailable' from command line to 'False'
[0.166s] Level 5:colcon.colcon_core.verb:set package 'ros_gz_bridge' build argument 'cmake_clean_cache' from command line to 'False'
[0.166s] Level 5:colcon.colcon_core.verb:set package 'ros_gz_bridge' build argument 'cmake_clean_first' from command line to 'False'
[0.166s] Level 5:colcon.colcon_core.verb:set package 'ros_gz_bridge' build argument 'cmake_force_configure' from command line to 'False'
[0.166s] Level 5:colcon.colcon_core.verb:set package 'ros_gz_bridge' build argument 'ament_cmake_args' from command line to 'None'
[0.166s] Level 5:colcon.colcon_core.verb:set package 'ros_gz_bridge' build argument 'catkin_cmake_args' from command line to 'None'
[0.166s] Level 5:colcon.colcon_core.verb:set package 'ros_gz_bridge' build argument 'catkin_skip_building_tests' from command line to 'False'
[0.166s] DEBUG:colcon.colcon_core.verb:Building package 'ros_gz_bridge' with the following arguments: {'ament_cmake_args': None, 'build_base': '/home/cyberkanjousen/CLionProjects/ROS2_1/build/ros_gz_bridge', 'catkin_cmake_args': None, 'catkin_skip_building_tests': False, 'cmake_args': ['-DCMAKE_EXPORT_COMPILE_COMMANDS=ON', '-G', 'Ninja'], 'cmake_clean_cache': False, 'cmake_clean_first': False, 'cmake_force_configure': False, 'cmake_target': None, 'cmake_target_skip_unavailable': False, 'install_base': '/home/cyberkanjousen/CLionProjects/ROS2_1/install/ros_gz_bridge', 'merge_install': False, 'path': '/home/cyberkanjousen/CLionProjects/ROS2_1/src/ros_gz_bridge', 'symlink_install': False, 'test_result_base': None}
[0.166s] Level 5:colcon.colcon_core.verb:set package 'ros_gz_image' build argument 'cmake_args' from command line to '['-DCMAKE_EXPORT_COMPILE_COMMANDS=ON', '-G', 'Ninja']'
[0.166s] Level 5:colcon.colcon_core.verb:set package 'ros_gz_image' build argument 'cmake_target' from command line to 'None'
[0.166s] Level 5:colcon.colcon_core.verb:set package 'ros_gz_image' build argument 'cmake_target_skip_unavailable' from command line to 'False'
[0.166s] Level 5:colcon.colcon_core.verb:set package 'ros_gz_image' build argument 'cmake_clean_cache' from command line to 'False'
[0.166s] Level 5:colcon.colcon_core.verb:set package 'ros_gz_image' build argument 'cmake_clean_first' from command line to 'False'
[0.166s] Level 5:colcon.colcon_core.verb:set package 'ros_gz_image' build argument 'cmake_force_configure' from command line to 'False'
[0.166s] Level 5:colcon.colcon_core.verb:set package 'ros_gz_image' build argument 'ament_cmake_args' from command line to 'None'
[0.166s] Level 5:colcon.colcon_core.verb:set package 'ros_gz_image' build argument 'catkin_cmake_args' from command line to 'None'
[0.166s] Level 5:colcon.colcon_core.verb:set package 'ros_gz_image' build argument 'catkin_skip_building_tests' from command line to 'False'
[0.166s] DEBUG:colcon.colcon_core.verb:Building package 'ros_gz_image' with the following arguments: {'ament_cmake_args': None, 'build_base': '/home/cyberkanjousen/CLionProjects/ROS2_1/build/ros_gz_image', 'catkin_cmake_args': None, 'catkin_skip_building_tests': False, 'cmake_args': ['-DCMAKE_EXPORT_COMPILE_COMMANDS=ON', '-G', 'Ninja'], 'cmake_clean_cache': False, 'cmake_clean_first': False, 'cmake_force_configure': False, 'cmake_target': None, 'cmake_target_skip_unavailable': False, 'install_base': '/home/cyberkanjousen/CLionProjects/ROS2_1/install/ros_gz_image', 'merge_install': False, 'path': '/home/cyberkanjousen/CLionProjects/ROS2_1/src/ros_gz_image', 'symlink_install': False, 'test_result_base': None}
[0.166s] Level 5:colcon.colcon_core.verb:set package 'ros_gz_sim' build argument 'cmake_args' from command line to '['-DCMAKE_EXPORT_COMPILE_COMMANDS=ON', '-G', 'Ninja']'
[0.166s] Level 5:colcon.colcon_core.verb:set package 'ros_gz_sim' build argument 'cmake_target' from command line to 'None'
[0.166s] Level 5:colcon.colcon_core.verb:set package 'ros_gz_sim' build argument 'cmake_target_skip_unavailable' from command line to 'False'
[0.166s] Level 5:colcon.colcon_core.verb:set package 'ros_gz_sim' build argument 'cmake_clean_cache' from command line to 'False'
[0.166s] Level 5:colcon.colcon_core.verb:set package 'ros_gz_sim' build argument 'cmake_clean_first' from command line to 'False'
[0.166s] Level 5:colcon.colcon_core.verb:set package 'ros_gz_sim' build argument 'cmake_force_configure' from command line to 'False'
[0.166s] Level 5:colcon.colcon_core.verb:set package 'ros_gz_sim' build argument 'ament_cmake_args' from command line to 'None'
[0.166s] Level 5:colcon.colcon_core.verb:set package 'ros_gz_sim' build argument 'catkin_cmake_args' from command line to 'None'
[0.166s] Level 5:colcon.colcon_core.verb:set package 'ros_gz_sim' build argument 'catkin_skip_building_tests' from command line to 'False'
[0.166s] DEBUG:colcon.colcon_core.verb:Building package 'ros_gz_sim' with the following arguments: {'ament_cmake_args': None, 'build_base': '/home/cyberkanjousen/CLionProjects/ROS2_1/build/ros_gz_sim', 'catkin_cmake_args': None, 'catkin_skip_building_tests': False, 'cmake_args': ['-DCMAKE_EXPORT_COMPILE_COMMANDS=ON', '-G', 'Ninja'], 'cmake_clean_cache': False, 'cmake_clean_first': False, 'cmake_force_configure': False, 'cmake_target': None, 'cmake_target_skip_unavailable': False, 'install_base': '/home/cyberkanjousen/CLionProjects/ROS2_1/install/ros_gz_sim', 'merge_install': False, 'path': '/home/cyberkanjousen/CLionProjects/ROS2_1/src/ros_gz_sim', 'symlink_install': False, 'test_result_base': None}
[0.166s] Level 5:colcon.colcon_core.verb:set package 'ros_gz' build argument 'cmake_args' from command line to '['-DCMAKE_EXPORT_COMPILE_COMMANDS=ON', '-G', 'Ninja']'
[0.166s] Level 5:colcon.colcon_core.verb:set package 'ros_gz' build argument 'cmake_target' from command line to 'None'
[0.166s] Level 5:colcon.colcon_core.verb:set package 'ros_gz' build argument 'cmake_target_skip_unavailable' from command line to 'False'
[0.166s] Level 5:colcon.colcon_core.verb:set package 'ros_gz' build argument 'cmake_clean_cache' from command line to 'False'
[0.166s] Level 5:colcon.colcon_core.verb:set package 'ros_gz' build argument 'cmake_clean_first' from command line to 'False'
[0.166s] Level 5:colcon.colcon_core.verb:set package 'ros_gz' build argument 'cmake_force_configure' from command line to 'False'
[0.166s] Level 5:colcon.colcon_core.verb:set package 'ros_gz' build argument 'ament_cmake_args' from command line to 'None'
[0.166s] Level 5:colcon.colcon_core.verb:set package 'ros_gz' build argument 'catkin_cmake_args' from command line to 'None'
[0.166s] Level 5:colcon.colcon_core.verb:set package 'ros_gz' build argument 'catkin_skip_building_tests' from command line to 'False'
[0.166s] DEBUG:colcon.colcon_core.verb:Building package 'ros_gz' with the following arguments: {'ament_cmake_args': None, 'build_base': '/home/cyberkanjousen/CLionProjects/ROS2_1/build/ros_gz', 'catkin_cmake_args': None, 'catkin_skip_building_tests': False, 'cmake_args': ['-DCMAKE_EXPORT_COMPILE_COMMANDS=ON', '-G', 'Ninja'], 'cmake_clean_cache': False, 'cmake_clean_first': False, 'cmake_force_configure': False, 'cmake_target': None, 'cmake_target_skip_unavailable': False, 'install_base': '/home/cyberkanjousen/CLionProjects/ROS2_1/install/ros_gz', 'merge_install': False, 'path': '/home/cyberkanjousen/CLionProjects/ROS2_1/src/ros_gz', 'symlink_install': False, 'test_result_base': None}
[0.166s] INFO:colcon.colcon_core.executor:Executing jobs using 'parallel' executor
[0.167s] DEBUG:colcon.colcon_parallel_executor.executor.parallel:run_until_complete
[0.167s] INFO:colcon.colcon_ros.task.ament_cmake.build:Building ROS package in '/home/cyberkanjousen/CLionProjects/ROS2_1/src/ros_gz_interfaces' with build type 'ament_cmake'
[0.167s] INFO:colcon.colcon_cmake.task.cmake.build:Building CMake package in '/home/cyberkanjousen/CLionProjects/ROS2_1/src/ros_gz_interfaces'
[0.169s] INFO:colcon.colcon_core.plugin_system:Skipping extension 'colcon_core.shell.bat': Not used on non-Windows systems
[0.169s] INFO:colcon.colcon_core.shell:Skip shell extension 'powershell' for command environment: Not usable outside of PowerShell
[0.169s] DEBUG:colcon.colcon_core.shell:Skip shell extension 'dsv' for command environment
[0.171s] INFO:colcon.colcon_ros.task.ament_cmake.build:Building ROS package in '/home/cyberkanjousen/CLionProjects/ROS2_1/src/service_114514' with build type 'ament_cmake'
[0.172s] INFO:colcon.colcon_cmake.task.cmake.build:Building CMake package in '/home/cyberkanjousen/CLionProjects/ROS2_1/src/service_114514'
[0.172s] INFO:colcon.colcon_core.shell:Skip shell extension 'powershell' for command environment: Not usable outside of PowerShell
[0.172s] DEBUG:colcon.colcon_core.shell:Skip shell extension 'dsv' for command environment
[0.174s] INFO:colcon.colcon_ros.task.ament_cmake.build:Building ROS package in '/home/cyberkanjousen/CLionProjects/ROS2_1/src/cpp_pubsub' with build type 'ament_cmake'
[0.174s] INFO:colcon.colcon_cmake.task.cmake.build:Building CMake package in '/home/cyberkanjousen/CLionProjects/ROS2_1/src/cpp_pubsub'
[0.174s] INFO:colcon.colcon_core.shell:Skip shell extension 'powershell' for command environment: Not usable outside of PowerShell
[0.174s] DEBUG:colcon.colcon_core.shell:Skip shell extension 'dsv' for command environment
[0.176s] INFO:colcon.colcon_ros.task.ament_cmake.build:Building ROS package in '/home/cyberkanjousen/CLionProjects/ROS2_1/src/learning_tf2_cpp' with build type 'ament_cmake'
[0.176s] INFO:colcon.colcon_cmake.task.cmake.build:Building CMake package in '/home/cyberkanjousen/CLionProjects/ROS2_1/src/learning_tf2_cpp'
[0.176s] INFO:colcon.colcon_core.shell:Skip shell extension 'powershell' for command environment: Not usable outside of PowerShell
[0.176s] DEBUG:colcon.colcon_core.shell:Skip shell extension 'dsv' for command environment
[0.178s] INFO:colcon.colcon_ros.task.ament_cmake.build:Building ROS package in '/home/cyberkanjousen/CLionProjects/ROS2_1/src/sensor_robot' with build type 'ament_cmake'
[0.178s] INFO:colcon.colcon_cmake.task.cmake.build:Building CMake package in '/home/cyberkanjousen/CLionProjects/ROS2_1/src/sensor_robot'
[0.178s] INFO:colcon.colcon_core.shell:Skip shell extension 'powershell' for command environment: Not usable outside of PowerShell
[0.178s] DEBUG:colcon.colcon_core.shell:Skip shell extension 'dsv' for command environment
[0.183s] DEBUG:colcon.colcon_core.event_handler.log_command:Invoking command in '/home/cyberkanjousen/CLionProjects/ROS2_1/build/ros_gz_interfaces': CMAKE_PREFIX_PATH=${CMAKE_PREFIX_PATH}:/opt/ros/jazzy DEBUGINFOD_URLS=https://debuginfod.ubuntu.com /usr/bin/cmake /home/cyberkanjousen/CLionProjects/ROS2_1/src/ros_gz_interfaces -DCMAKE_EXPORT_COMPILE_COMMANDS=ON -G Ninja -DCMAKE_INSTALL_PREFIX=/home/cyberkanjousen/CLionProjects/ROS2_1/install/ros_gz_interfaces
[0.184s] DEBUG:colcon.colcon_core.event_handler.log_command:Invoking command in '/home/cyberkanjousen/CLionProjects/ROS2_1/build/service_114514': CMAKE_PREFIX_PATH=${CMAKE_PREFIX_PATH}:/opt/ros/jazzy DEBUGINFOD_URLS=https://debuginfod.ubuntu.com /usr/bin/cmake /home/cyberkanjousen/CLionProjects/ROS2_1/src/service_114514 -DCMAKE_EXPORT_COMPILE_COMMANDS=ON -G Ninja -DCMAKE_INSTALL_PREFIX=/home/cyberkanjousen/CLionProjects/ROS2_1/install/service_114514
[0.185s] DEBUG:colcon.colcon_core.event_handler.log_command:Invoking command in '/home/cyberkanjousen/CLionProjects/ROS2_1/build/cpp_pubsub': CMAKE_PREFIX_PATH=${CMAKE_PREFIX_PATH}:/opt/ros/jazzy DEBUGINFOD_URLS=https://debuginfod.ubuntu.com /usr/bin/cmake /home/cyberkanjousen/CLionProjects/ROS2_1/src/cpp_pubsub -DCMAKE_EXPORT_COMPILE_COMMANDS=ON -G Ninja -DCMAKE_INSTALL_PREFIX=/home/cyberkanjousen/CLionProjects/ROS2_1/install/cpp_pubsub
[0.186s] DEBUG:colcon.colcon_core.event_handler.log_command:Invoking command in '/home/cyberkanjousen/CLionProjects/ROS2_1/build/learning_tf2_cpp': CMAKE_PREFIX_PATH=${CMAKE_PREFIX_PATH}:/opt/ros/jazzy DEBUGINFOD_URLS=https://debuginfod.ubuntu.com /usr/bin/cmake /home/cyberkanjousen/CLionProjects/ROS2_1/src/learning_tf2_cpp -DCMAKE_EXPORT_COMPILE_COMMANDS=ON -G Ninja -DCMAKE_INSTALL_PREFIX=/home/cyberkanjousen/CLionProjects/ROS2_1/install/learning_tf2_cpp
[0.189s] DEBUG:colcon.colcon_core.event_handler.log_command:Invoking command in '/home/cyberkanjousen/CLionProjects/ROS2_1/build/sensor_robot': CMAKE_PREFIX_PATH=${CMAKE_PREFIX_PATH}:/opt/ros/jazzy DEBUGINFOD_URLS=https://debuginfod.ubuntu.com /usr/bin/cmake /home/cyberkanjousen/CLionProjects/ROS2_1/src/sensor_robot -DCMAKE_EXPORT_COMPILE_COMMANDS=ON -G Ninja -DCMAKE_INSTALL_PREFIX=/home/cyberkanjousen/CLionProjects/ROS2_1/install/sensor_robot
[1.016s] DEBUG:colcon.colcon_core.event_handler.log_command:Invoked command in '/home/cyberkanjousen/CLionProjects/ROS2_1/build/sensor_robot' returned '0': CMAKE_PREFIX_PATH=${CMAKE_PREFIX_PATH}:/opt/ros/jazzy DEBUGINFOD_URLS=https://debuginfod.ubuntu.com /usr/bin/cmake /home/cyberkanjousen/CLionProjects/ROS2_1/src/sensor_robot -DCMAKE_EXPORT_COMPILE_COMMANDS=ON -G Ninja -DCMAKE_INSTALL_PREFIX=/home/cyberkanjousen/CLionProjects/ROS2_1/install/sensor_robot
[1.018s] DEBUG:colcon.colcon_core.event_handler.log_command:Invoking command in '/home/cyberkanjousen/CLionProjects/ROS2_1/build/sensor_robot': CMAKE_PREFIX_PATH=${CMAKE_PREFIX_PATH}:/opt/ros/jazzy DEBUGINFOD_URLS=https://debuginfod.ubuntu.com /usr/bin/cmake --build /home/cyberkanjousen/CLionProjects/ROS2_1/build/sensor_robot -- -j32 -l32
[1.056s] DEBUG:colcon.colcon_core.event_handler.log_command:Invoked command in '/home/cyberkanjousen/CLionProjects/ROS2_1/build/cpp_pubsub' returned '0': CMAKE_PREFIX_PATH=${CMAKE_PREFIX_PATH}:/opt/ros/jazzy DEBUGINFOD_URLS=https://debuginfod.ubuntu.com /usr/bin/cmake /home/cyberkanjousen/CLionProjects/ROS2_1/src/cpp_pubsub -DCMAKE_EXPORT_COMPILE_COMMANDS=ON -G Ninja -DCMAKE_INSTALL_PREFIX=/home/cyberkanjousen/CLionProjects/ROS2_1/install/cpp_pubsub
[1.057s] DEBUG:colcon.colcon_core.event_handler.log_command:Invoking command in '/home/cyberkanjousen/CLionProjects/ROS2_1/build/cpp_pubsub': CMAKE_PREFIX_PATH=${CMAKE_PREFIX_PATH}:/opt/ros/jazzy DEBUGINFOD_URLS=https://debuginfod.ubuntu.com /usr/bin/cmake --build /home/cyberkanjousen/CLionProjects/ROS2_1/build/cpp_pubsub -- -j32 -l32
[1.209s] DEBUG:colcon.colcon_core.event_handler.log_command:Invoked command in '/home/cyberkanjousen/CLionProjects/ROS2_1/build/learning_tf2_cpp' returned '0': CMAKE_PREFIX_PATH=${CMAKE_PREFIX_PATH}:/opt/ros/jazzy DEBUGINFOD_URLS=https://debuginfod.ubuntu.com /usr/bin/cmake /home/cyberkanjousen/CLionProjects/ROS2_1/src/learning_tf2_cpp -DCMAKE_EXPORT_COMPILE_COMMANDS=ON -G Ninja -DCMAKE_INSTALL_PREFIX=/home/cyberkanjousen/CLionProjects/ROS2_1/install/learning_tf2_cpp
[1.210s] DEBUG:colcon.colcon_core.event_handler.log_command:Invoking command in '/home/cyberkanjousen/CLionProjects/ROS2_1/build/learning_tf2_cpp': CMAKE_PREFIX_PATH=${CMAKE_PREFIX_PATH}:/opt/ros/jazzy DEBUGINFOD_URLS=https://debuginfod.ubuntu.com /usr/bin/cmake --build /home/cyberkanjousen/CLionProjects/ROS2_1/build/learning_tf2_cpp -- -j32 -l32
[1.980s] DEBUG:colcon.colcon_core.event_handler.log_command:Invoked command in '/home/cyberkanjousen/CLionProjects/ROS2_1/build/sensor_robot' returned '0': CMAKE_PREFIX_PATH=${CMAKE_PREFIX_PATH}:/opt/ros/jazzy DEBUGINFOD_URLS=https://debuginfod.ubuntu.com /usr/bin/cmake --build /home/cyberkanjousen/CLionProjects/ROS2_1/build/sensor_robot -- -j32 -l32
[1.991s] DEBUG:colcon.colcon_core.event_handler.log_command:Invoking command in '/home/cyberkanjousen/CLionProjects/ROS2_1/build/sensor_robot': CMAKE_PREFIX_PATH=${CMAKE_PREFIX_PATH}:/opt/ros/jazzy DEBUGINFOD_URLS=https://debuginfod.ubuntu.com /usr/bin/cmake --install /home/cyberkanjousen/CLionProjects/ROS2_1/build/sensor_robot
[1.999s] Level 1:colcon.colcon_core.environment:create_environment_scripts_only(sensor_robot)
[2.000s] DEBUG:colcon.colcon_core.event_handler.log_command:Invoked command in '/home/cyberkanjousen/CLionProjects/ROS2_1/build/sensor_robot' returned '0': CMAKE_PREFIX_PATH=${CMAKE_PREFIX_PATH}:/opt/ros/jazzy DEBUGINFOD_URLS=https://debuginfod.ubuntu.com /usr/bin/cmake --install /home/cyberkanjousen/CLionProjects/ROS2_1/build/sensor_robot
[2.002s] Level 1:colcon.colcon_core.environment:checking '/home/cyberkanjousen/CLionProjects/ROS2_1/install/sensor_robot' for CMake module files
[2.003s] Level 1:colcon.colcon_core.environment:checking '/home/cyberkanjousen/CLionProjects/ROS2_1/install/sensor_robot' for CMake config files
[2.003s] Level 1:colcon.colcon_core.shell:create_environment_hook('sensor_robot', 'cmake_prefix_path')
[2.003s] INFO:colcon.colcon_core.shell:Creating environment hook '/home/cyberkanjousen/CLionProjects/ROS2_1/install/sensor_robot/share/sensor_robot/hook/cmake_prefix_path.ps1'
[2.004s] INFO:colcon.colcon_core.shell:Creating environment descriptor '/home/cyberkanjousen/CLionProjects/ROS2_1/install/sensor_robot/share/sensor_robot/hook/cmake_prefix_path.dsv'
[2.004s] INFO:colcon.colcon_core.shell:Creating environment hook '/home/cyberkanjousen/CLionProjects/ROS2_1/install/sensor_robot/share/sensor_robot/hook/cmake_prefix_path.sh'
[2.005s] Level 1:colcon.colcon_core.environment:checking '/home/cyberkanjousen/CLionProjects/ROS2_1/install/sensor_robot/bin'
[2.005s] Level 1:colcon.colcon_core.environment:checking '/home/cyberkanjousen/CLionProjects/ROS2_1/install/sensor_robot/lib/pkgconfig/sensor_robot.pc'
[2.005s] Level 1:colcon.colcon_core.environment:checking '/home/cyberkanjousen/CLionProjects/ROS2_1/install/sensor_robot/lib/python3.12/site-packages'
[2.006s] Level 1:colcon.colcon_core.environment:checking '/home/cyberkanjousen/CLionProjects/ROS2_1/install/sensor_robot/bin'
[2.006s] INFO:colcon.colcon_core.shell:Creating package script '/home/cyberkanjousen/CLionProjects/ROS2_1/install/sensor_robot/share/sensor_robot/package.ps1'
[2.007s] INFO:colcon.colcon_core.shell:Creating package descriptor '/home/cyberkanjousen/CLionProjects/ROS2_1/install/sensor_robot/share/sensor_robot/package.dsv'
[2.007s] INFO:colcon.colcon_core.shell:Creating package script '/home/cyberkanjousen/CLionProjects/ROS2_1/install/sensor_robot/share/sensor_robot/package.sh'
[2.008s] INFO:colcon.colcon_core.shell:Creating package script '/home/cyberkanjousen/CLionProjects/ROS2_1/install/sensor_robot/share/sensor_robot/package.bash'
[2.008s] INFO:colcon.colcon_core.shell:Creating package script '/home/cyberkanjousen/CLionProjects/ROS2_1/install/sensor_robot/share/sensor_robot/package.zsh'
[2.009s] Level 1:colcon.colcon_core.environment:create_file_with_runtime_dependencies(/home/cyberkanjousen/CLionProjects/ROS2_1/install/sensor_robot/share/colcon-core/packages/sensor_robot)
[2.009s] Level 1:colcon.colcon_core.environment:create_environment_scripts_only(sensor_robot)
[2.009s] Level 1:colcon.colcon_core.environment:checking '/home/cyberkanjousen/CLionProjects/ROS2_1/install/sensor_robot' for CMake module files
[2.010s] Level 1:colcon.colcon_core.environment:checking '/home/cyberkanjousen/CLionProjects/ROS2_1/install/sensor_robot' for CMake config files
[2.010s] Level 1:colcon.colcon_core.shell:create_environment_hook('sensor_robot', 'cmake_prefix_path')
[2.010s] INFO:colcon.colcon_core.shell:Creating environment hook '/home/cyberkanjousen/CLionProjects/ROS2_1/install/sensor_robot/share/sensor_robot/hook/cmake_prefix_path.ps1'
[2.011s] INFO:colcon.colcon_core.shell:Creating environment descriptor '/home/cyberkanjousen/CLionProjects/ROS2_1/install/sensor_robot/share/sensor_robot/hook/cmake_prefix_path.dsv'
[2.011s] INFO:colcon.colcon_core.shell:Creating environment hook '/home/cyberkanjousen/CLionProjects/ROS2_1/install/sensor_robot/share/sensor_robot/hook/cmake_prefix_path.sh'
[2.011s] Level 1:colcon.colcon_core.environment:checking '/home/cyberkanjousen/CLionProjects/ROS2_1/install/sensor_robot/bin'
[2.011s] Level 1:colcon.colcon_core.environment:checking '/home/cyberkanjousen/CLionProjects/ROS2_1/install/sensor_robot/lib/pkgconfig/sensor_robot.pc'
[2.012s] Level 1:colcon.colcon_core.environment:checking '/home/cyberkanjousen/CLionProjects/ROS2_1/install/sensor_robot/lib/python3.12/site-packages'
[2.012s] Level 1:colcon.colcon_core.environment:checking '/home/cyberkanjousen/CLionProjects/ROS2_1/install/sensor_robot/bin'
[2.012s] INFO:colcon.colcon_core.shell:Creating package script '/home/cyberkanjousen/CLionProjects/ROS2_1/install/sensor_robot/share/sensor_robot/package.ps1'
[2.013s] INFO:colcon.colcon_core.shell:Creating package descriptor '/home/cyberkanjousen/CLionProjects/ROS2_1/install/sensor_robot/share/sensor_robot/package.dsv'
[2.013s] INFO:colcon.colcon_core.shell:Creating package script '/home/cyberkanjousen/CLionProjects/ROS2_1/install/sensor_robot/share/sensor_robot/package.sh'
[2.013s] INFO:colcon.colcon_core.shell:Creating package script '/home/cyberkanjousen/CLionProjects/ROS2_1/install/sensor_robot/share/sensor_robot/package.bash'
[2.014s] INFO:colcon.colcon_core.shell:Creating package script '/home/cyberkanjousen/CLionProjects/ROS2_1/install/sensor_robot/share/sensor_robot/package.zsh'
[2.014s] Level 1:colcon.colcon_core.environment:create_file_with_runtime_dependencies(/home/cyberkanjousen/CLionProjects/ROS2_1/install/sensor_robot/share/colcon-core/packages/sensor_robot)
[2.724s] DEBUG:colcon.colcon_core.event_handler.log_command:Invoked command in '/home/cyberkanjousen/CLionProjects/ROS2_1/build/service_114514' returned '0': CMAKE_PREFIX_PATH=${CMAKE_PREFIX_PATH}:/opt/ros/jazzy DEBUGINFOD_URLS=https://debuginfod.ubuntu.com /usr/bin/cmake /home/cyberkanjousen/CLionProjects/ROS2_1/src/service_114514 -DCMAKE_EXPORT_COMPILE_COMMANDS=ON -G Ninja -DCMAKE_INSTALL_PREFIX=/home/cyberkanjousen/CLionProjects/ROS2_1/install/service_114514
[2.725s] DEBUG:colcon.colcon_core.event_handler.log_command:Invoking command in '/home/cyberkanjousen/CLionProjects/ROS2_1/build/service_114514': CMAKE_PREFIX_PATH=${CMAKE_PREFIX_PATH}:/opt/ros/jazzy DEBUGINFOD_URLS=https://debuginfod.ubuntu.com /usr/bin/cmake --build /home/cyberkanjousen/CLionProjects/ROS2_1/build/service_114514 -- -j32 -l32
[3.274s] DEBUG:colcon.colcon_core.event_handler.log_command:Invoked command in '/home/cyberkanjousen/CLionProjects/ROS2_1/build/ros_gz_interfaces' returned '0': CMAKE_PREFIX_PATH=${CMAKE_PREFIX_PATH}:/opt/ros/jazzy DEBUGINFOD_URLS=https://debuginfod.ubuntu.com /usr/bin/cmake /home/cyberkanjousen/CLionProjects/ROS2_1/src/ros_gz_interfaces -DCMAKE_EXPORT_COMPILE_COMMANDS=ON -G Ninja -DCMAKE_INSTALL_PREFIX=/home/cyberkanjousen/CLionProjects/ROS2_1/install/ros_gz_interfaces
[3.275s] DEBUG:colcon.colcon_core.event_handler.log_command:Invoking command in '/home/cyberkanjousen/CLionProjects/ROS2_1/build/ros_gz_interfaces': CMAKE_PREFIX_PATH=${CMAKE_PREFIX_PATH}:/opt/ros/jazzy DEBUGINFOD_URLS=https://debuginfod.ubuntu.com /usr/bin/cmake --build /home/cyberkanjousen/CLionProjects/ROS2_1/build/ros_gz_interfaces -- -j32 -l32
[3.937s] DEBUG:colcon.colcon_core.event_handler.log_command:Invoked command in '/home/cyberkanjousen/CLionProjects/ROS2_1/build/learning_tf2_cpp' returned '0': CMAKE_PREFIX_PATH=${CMAKE_PREFIX_PATH}:/opt/ros/jazzy DEBUGINFOD_URLS=https://debuginfod.ubuntu.com /usr/bin/cmake --build /home/cyberkanjousen/CLionProjects/ROS2_1/build/learning_tf2_cpp -- -j32 -l32
[3.938s] DEBUG:colcon.colcon_core.event_handler.log_command:Invoking command in '/home/cyberkanjousen/CLionProjects/ROS2_1/build/learning_tf2_cpp': CMAKE_PREFIX_PATH=${CMAKE_PREFIX_PATH}:/opt/ros/jazzy DEBUGINFOD_URLS=https://debuginfod.ubuntu.com /usr/bin/cmake --install /home/cyberkanjousen/CLionProjects/ROS2_1/build/learning_tf2_cpp
[3.946s] Level 1:colcon.colcon_core.environment:create_environment_scripts_only(learning_tf2_cpp)
[3.946s] Level 1:colcon.colcon_core.environment:checking '/home/cyberkanjousen/CLionProjects/ROS2_1/install/learning_tf2_cpp' for CMake module files
[3.946s] DEBUG:colcon.colcon_core.event_handler.log_command:Invoked command in '/home/cyberkanjousen/CLionProjects/ROS2_1/build/learning_tf2_cpp' returned '0': CMAKE_PREFIX_PATH=${CMAKE_PREFIX_PATH}:/opt/ros/jazzy DEBUGINFOD_URLS=https://debuginfod.ubuntu.com /usr/bin/cmake --install /home/cyberkanjousen/CLionProjects/ROS2_1/build/learning_tf2_cpp
[3.947s] Level 1:colcon.colcon_core.environment:checking '/home/cyberkanjousen/CLionProjects/ROS2_1/install/learning_tf2_cpp' for CMake config files
[3.947s] Level 1:colcon.colcon_core.shell:create_environment_hook('learning_tf2_cpp', 'cmake_prefix_path')
[3.947s] INFO:colcon.colcon_core.shell:Creating environment hook '/home/cyberkanjousen/CLionProjects/ROS2_1/install/learning_tf2_cpp/share/learning_tf2_cpp/hook/cmake_prefix_path.ps1'
[3.948s] INFO:colcon.colcon_core.shell:Creating environment descriptor '/home/cyberkanjousen/CLionProjects/ROS2_1/install/learning_tf2_cpp/share/learning_tf2_cpp/hook/cmake_prefix_path.dsv'
[3.948s] INFO:colcon.colcon_core.shell:Creating environment hook '/home/cyberkanjousen/CLionProjects/ROS2_1/install/learning_tf2_cpp/share/learning_tf2_cpp/hook/cmake_prefix_path.sh'
[3.949s] Level 1:colcon.colcon_core.environment:checking '/home/cyberkanjousen/CLionProjects/ROS2_1/install/learning_tf2_cpp/lib'
[3.949s] Level 1:colcon.colcon_core.environment:checking '/home/cyberkanjousen/CLionProjects/ROS2_1/install/learning_tf2_cpp/bin'
[3.949s] Level 1:colcon.colcon_core.environment:checking '/home/cyberkanjousen/CLionProjects/ROS2_1/install/learning_tf2_cpp/lib/pkgconfig/learning_tf2_cpp.pc'
[3.949s] Level 1:colcon.colcon_core.environment:checking '/home/cyberkanjousen/CLionProjects/ROS2_1/install/learning_tf2_cpp/lib/python3.12/site-packages'
[3.950s] Level 1:colcon.colcon_core.environment:checking '/home/cyberkanjousen/CLionProjects/ROS2_1/install/learning_tf2_cpp/bin'
[3.950s] INFO:colcon.colcon_core.shell:Creating package script '/home/cyberkanjousen/CLionProjects/ROS2_1/install/learning_tf2_cpp/share/learning_tf2_cpp/package.ps1'
[3.950s] INFO:colcon.colcon_core.shell:Creating package descriptor '/home/cyberkanjousen/CLionProjects/ROS2_1/install/learning_tf2_cpp/share/learning_tf2_cpp/package.dsv'
[3.951s] INFO:colcon.colcon_core.shell:Creating package script '/home/cyberkanjousen/CLionProjects/ROS2_1/install/learning_tf2_cpp/share/learning_tf2_cpp/package.sh'
[3.951s] INFO:colcon.colcon_core.shell:Creating package script '/home/cyberkanjousen/CLionProjects/ROS2_1/install/learning_tf2_cpp/share/learning_tf2_cpp/package.bash'
[3.951s] INFO:colcon.colcon_core.shell:Creating package script '/home/cyberkanjousen/CLionProjects/ROS2_1/install/learning_tf2_cpp/share/learning_tf2_cpp/package.zsh'
[3.952s] Level 1:colcon.colcon_core.environment:create_file_with_runtime_dependencies(/home/cyberkanjousen/CLionProjects/ROS2_1/install/learning_tf2_cpp/share/colcon-core/packages/learning_tf2_cpp)
[3.952s] Level 1:colcon.colcon_core.environment:create_environment_scripts_only(learning_tf2_cpp)
[3.952s] Level 1:colcon.colcon_core.environment:checking '/home/cyberkanjousen/CLionProjects/ROS2_1/install/learning_tf2_cpp' for CMake module files
[3.953s] Level 1:colcon.colcon_core.environment:checking '/home/cyberkanjousen/CLionProjects/ROS2_1/install/learning_tf2_cpp' for CMake config files
[3.953s] Level 1:colcon.colcon_core.shell:create_environment_hook('learning_tf2_cpp', 'cmake_prefix_path')
[3.953s] INFO:colcon.colcon_core.shell:Creating environment hook '/home/cyberkanjousen/CLionProjects/ROS2_1/install/learning_tf2_cpp/share/learning_tf2_cpp/hook/cmake_prefix_path.ps1'
[3.953s] INFO:colcon.colcon_core.shell:Creating environment descriptor '/home/cyberkanjousen/CLionProjects/ROS2_1/install/learning_tf2_cpp/share/learning_tf2_cpp/hook/cmake_prefix_path.dsv'
[3.954s] INFO:colcon.colcon_core.shell:Creating environment hook '/home/cyberkanjousen/CLionProjects/ROS2_1/install/learning_tf2_cpp/share/learning_tf2_cpp/hook/cmake_prefix_path.sh'
[3.954s] Level 1:colcon.colcon_core.environment:checking '/home/cyberkanjousen/CLionProjects/ROS2_1/install/learning_tf2_cpp/lib'
[3.954s] Level 1:colcon.colcon_core.environment:checking '/home/cyberkanjousen/CLionProjects/ROS2_1/install/learning_tf2_cpp/bin'
[3.954s] Level 1:colcon.colcon_core.environment:checking '/home/cyberkanjousen/CLionProjects/ROS2_1/install/learning_tf2_cpp/lib/pkgconfig/learning_tf2_cpp.pc'
[3.955s] Level 1:colcon.colcon_core.environment:checking '/home/cyberkanjousen/CLionProjects/ROS2_1/install/learning_tf2_cpp/lib/python3.12/site-packages'
[3.955s] Level 1:colcon.colcon_core.environment:checking '/home/cyberkanjousen/CLionProjects/ROS2_1/install/learning_tf2_cpp/bin'
[3.955s] INFO:colcon.colcon_core.shell:Creating package script '/home/cyberkanjousen/CLionProjects/ROS2_1/install/learning_tf2_cpp/share/learning_tf2_cpp/package.ps1'
[3.956s] INFO:colcon.colcon_core.shell:Creating package descriptor '/home/cyberkanjousen/CLionProjects/ROS2_1/install/learning_tf2_cpp/share/learning_tf2_cpp/package.dsv'
[3.956s] INFO:colcon.colcon_core.shell:Creating package script '/home/cyberkanjousen/CLionProjects/ROS2_1/install/learning_tf2_cpp/share/learning_tf2_cpp/package.sh'
[3.956s] INFO:colcon.colcon_core.shell:Creating package script '/home/cyberkanjousen/CLionProjects/ROS2_1/install/learning_tf2_cpp/share/learning_tf2_cpp/package.bash'
[3.957s] INFO:colcon.colcon_core.shell:Creating package script '/home/cyberkanjousen/CLionProjects/ROS2_1/install/learning_tf2_cpp/share/learning_tf2_cpp/package.zsh'
[3.957s] Level 1:colcon.colcon_core.environment:create_file_with_runtime_dependencies(/home/cyberkanjousen/CLionProjects/ROS2_1/install/learning_tf2_cpp/share/colcon-core/packages/learning_tf2_cpp)
[4.147s] DEBUG:colcon.colcon_core.event_handler.log_command:Invoked command in '/home/cyberkanjousen/CLionProjects/ROS2_1/build/service_114514' returned '0': CMAKE_PREFIX_PATH=${CMAKE_PREFIX_PATH}:/opt/ros/jazzy DEBUGINFOD_URLS=https://debuginfod.ubuntu.com /usr/bin/cmake --build /home/cyberkanjousen/CLionProjects/ROS2_1/build/service_114514 -- -j32 -l32
[4.148s] DEBUG:colcon.colcon_core.event_handler.log_command:Invoking command in '/home/cyberkanjousen/CLionProjects/ROS2_1/build/service_114514': CMAKE_PREFIX_PATH=${CMAKE_PREFIX_PATH}:/opt/ros/jazzy DEBUGINFOD_URLS=https://debuginfod.ubuntu.com /usr/bin/cmake --install /home/cyberkanjousen/CLionProjects/ROS2_1/build/service_114514
[4.209s] Level 1:colcon.colcon_core.environment:create_environment_scripts_only(service_114514)
[4.209s] Level 1:colcon.colcon_core.environment:checking '/home/cyberkanjousen/CLionProjects/ROS2_1/install/service_114514' for CMake module files
[4.210s] DEBUG:colcon.colcon_core.event_handler.log_command:Invoked command in '/home/cyberkanjousen/CLionProjects/ROS2_1/build/service_114514' returned '0': CMAKE_PREFIX_PATH=${CMAKE_PREFIX_PATH}:/opt/ros/jazzy DEBUGINFOD_URLS=https://debuginfod.ubuntu.com /usr/bin/cmake --install /home/cyberkanjousen/CLionProjects/ROS2_1/build/service_114514
[4.210s] Level 1:colcon.colcon_core.environment:checking '/home/cyberkanjousen/CLionProjects/ROS2_1/install/service_114514' for CMake config files
[4.211s] Level 1:colcon.colcon_core.shell:create_environment_hook('service_114514', 'cmake_prefix_path')
[4.211s] INFO:colcon.colcon_core.shell:Creating environment hook '/home/cyberkanjousen/CLionProjects/ROS2_1/install/service_114514/share/service_114514/hook/cmake_prefix_path.ps1'
[4.211s] INFO:colcon.colcon_core.shell:Creating environment descriptor '/home/cyberkanjousen/CLionProjects/ROS2_1/install/service_114514/share/service_114514/hook/cmake_prefix_path.dsv'
[4.212s] INFO:colcon.colcon_core.shell:Creating environment hook '/home/cyberkanjousen/CLionProjects/ROS2_1/install/service_114514/share/service_114514/hook/cmake_prefix_path.sh'
[4.212s] Level 1:colcon.colcon_core.environment:checking '/home/cyberkanjousen/CLionProjects/ROS2_1/install/service_114514/lib'
[4.212s] Level 1:colcon.colcon_core.shell:create_environment_hook('service_114514', 'ld_library_path_lib')
[4.212s] INFO:colcon.colcon_core.shell:Creating environment hook '/home/cyberkanjousen/CLionProjects/ROS2_1/install/service_114514/share/service_114514/hook/ld_library_path_lib.ps1'
[4.213s] INFO:colcon.colcon_core.shell:Creating environment descriptor '/home/cyberkanjousen/CLionProjects/ROS2_1/install/service_114514/share/service_114514/hook/ld_library_path_lib.dsv'
[4.213s] INFO:colcon.colcon_core.shell:Creating environment hook '/home/cyberkanjousen/CLionProjects/ROS2_1/install/service_114514/share/service_114514/hook/ld_library_path_lib.sh'
[4.213s] Level 1:colcon.colcon_core.environment:checking '/home/cyberkanjousen/CLionProjects/ROS2_1/install/service_114514/bin'
[4.214s] Level 1:colcon.colcon_core.environment:checking '/home/cyberkanjousen/CLionProjects/ROS2_1/install/service_114514/lib/pkgconfig/service_114514.pc'
[4.214s] Level 1:colcon.colcon_core.environment:checking '/home/cyberkanjousen/CLionProjects/ROS2_1/install/service_114514/lib/python3.12/site-packages'
[4.214s] Level 1:colcon.colcon_core.shell:create_environment_hook('service_114514', 'pythonpath')
[4.214s] INFO:colcon.colcon_core.shell:Creating environment hook '/home/cyberkanjousen/CLionProjects/ROS2_1/install/service_114514/share/service_114514/hook/pythonpath.ps1'
[4.214s] INFO:colcon.colcon_core.shell:Creating environment descriptor '/home/cyberkanjousen/CLionProjects/ROS2_1/install/service_114514/share/service_114514/hook/pythonpath.dsv'
[4.215s] INFO:colcon.colcon_core.shell:Creating environment hook '/home/cyberkanjousen/CLionProjects/ROS2_1/install/service_114514/share/service_114514/hook/pythonpath.sh'
[4.215s] Level 1:colcon.colcon_core.environment:checking '/home/cyberkanjousen/CLionProjects/ROS2_1/install/service_114514/bin'
[4.215s] INFO:colcon.colcon_core.shell:Creating package script '/home/cyberkanjousen/CLionProjects/ROS2_1/install/service_114514/share/service_114514/package.ps1'
[4.215s] INFO:colcon.colcon_core.shell:Creating package descriptor '/home/cyberkanjousen/CLionProjects/ROS2_1/install/service_114514/share/service_114514/package.dsv'
[4.216s] INFO:colcon.colcon_core.shell:Creating package script '/home/cyberkanjousen/CLionProjects/ROS2_1/install/service_114514/share/service_114514/package.sh'
[4.216s] INFO:colcon.colcon_core.shell:Creating package script '/home/cyberkanjousen/CLionProjects/ROS2_1/install/service_114514/share/service_114514/package.bash'
[4.216s] INFO:colcon.colcon_core.shell:Creating package script '/home/cyberkanjousen/CLionProjects/ROS2_1/install/service_114514/share/service_114514/package.zsh'
[4.216s] Level 1:colcon.colcon_core.environment:create_file_with_runtime_dependencies(/home/cyberkanjousen/CLionProjects/ROS2_1/install/service_114514/share/colcon-core/packages/service_114514)
[4.217s] Level 1:colcon.colcon_core.environment:create_environment_scripts_only(service_114514)
[4.217s] Level 1:colcon.colcon_core.environment:checking '/home/cyberkanjousen/CLionProjects/ROS2_1/install/service_114514' for CMake module files
[4.217s] Level 1:colcon.colcon_core.environment:checking '/home/cyberkanjousen/CLionProjects/ROS2_1/install/service_114514' for CMake config files
[4.218s] Level 1:colcon.colcon_core.shell:create_environment_hook('service_114514', 'cmake_prefix_path')
[4.218s] INFO:colcon.colcon_core.shell:Creating environment hook '/home/cyberkanjousen/CLionProjects/ROS2_1/install/service_114514/share/service_114514/hook/cmake_prefix_path.ps1'
[4.218s] INFO:colcon.colcon_core.shell:Creating environment descriptor '/home/cyberkanjousen/CLionProjects/ROS2_1/install/service_114514/share/service_114514/hook/cmake_prefix_path.dsv'
[4.218s] INFO:colcon.colcon_core.shell:Creating environment hook '/home/cyberkanjousen/CLionProjects/ROS2_1/install/service_114514/share/service_114514/hook/cmake_prefix_path.sh'
[4.218s] Level 1:colcon.colcon_core.environment:checking '/home/cyberkanjousen/CLionProjects/ROS2_1/install/service_114514/lib'
[4.219s] Level 1:colcon.colcon_core.shell:create_environment_hook('service_114514', 'ld_library_path_lib')
[4.219s] INFO:colcon.colcon_core.shell:Creating environment hook '/home/cyberkanjousen/CLionProjects/ROS2_1/install/service_114514/share/service_114514/hook/ld_library_path_lib.ps1'
[4.219s] INFO:colcon.colcon_core.shell:Creating environment descriptor '/home/cyberkanjousen/CLionProjects/ROS2_1/install/service_114514/share/service_114514/hook/ld_library_path_lib.dsv'
[4.219s] INFO:colcon.colcon_core.shell:Creating environment hook '/home/cyberkanjousen/CLionProjects/ROS2_1/install/service_114514/share/service_114514/hook/ld_library_path_lib.sh'
[4.220s] Level 1:colcon.colcon_core.environment:checking '/home/cyberkanjousen/CLionProjects/ROS2_1/install/service_114514/bin'
[4.220s] Level 1:colcon.colcon_core.environment:checking '/home/cyberkanjousen/CLionProjects/ROS2_1/install/service_114514/lib/pkgconfig/service_114514.pc'
[4.220s] Level 1:colcon.colcon_core.environment:checking '/home/cyberkanjousen/CLionProjects/ROS2_1/install/service_114514/lib/python3.12/site-packages'
[4.220s] Level 1:colcon.colcon_core.shell:create_environment_hook('service_114514', 'pythonpath')
[4.220s] INFO:colcon.colcon_core.shell:Creating environment hook '/home/cyberkanjousen/CLionProjects/ROS2_1/install/service_114514/share/service_114514/hook/pythonpath.ps1'
[4.220s] INFO:colcon.colcon_core.shell:Creating environment descriptor '/home/cyberkanjousen/CLionProjects/ROS2_1/install/service_114514/share/service_114514/hook/pythonpath.dsv'
[4.220s] INFO:colcon.colcon_core.shell:Creating environment hook '/home/cyberkanjousen/CLionProjects/ROS2_1/install/service_114514/share/service_114514/hook/pythonpath.sh'
[4.221s] Level 1:colcon.colcon_core.environment:checking '/home/cyberkanjousen/CLionProjects/ROS2_1/install/service_114514/bin'
[4.221s] INFO:colcon.colcon_core.shell:Creating package script '/home/cyberkanjousen/CLionProjects/ROS2_1/install/service_114514/share/service_114514/package.ps1'
[4.221s] INFO:colcon.colcon_core.shell:Creating package descriptor '/home/cyberkanjousen/CLionProjects/ROS2_1/install/service_114514/share/service_114514/package.dsv'
[4.222s] INFO:colcon.colcon_core.shell:Creating package script '/home/cyberkanjousen/CLionProjects/ROS2_1/install/service_114514/share/service_114514/package.sh'
[4.222s] INFO:colcon.colcon_core.shell:Creating package script '/home/cyberkanjousen/CLionProjects/ROS2_1/install/service_114514/share/service_114514/package.bash'
[4.222s] INFO:colcon.colcon_core.shell:Creating package script '/home/cyberkanjousen/CLionProjects/ROS2_1/install/service_114514/share/service_114514/package.zsh'
[4.222s] Level 1:colcon.colcon_core.environment:create_file_with_runtime_dependencies(/home/cyberkanjousen/CLionProjects/ROS2_1/install/service_114514/share/colcon-core/packages/service_114514)
[4.222s] INFO:colcon.colcon_ros.task.ament_cmake.build:Building ROS package in '/home/cyberkanjousen/CLionProjects/ROS2_1/src/cpp_srvcli' with build type 'ament_cmake'
[4.222s] INFO:colcon.colcon_cmake.task.cmake.build:Building CMake package in '/home/cyberkanjousen/CLionProjects/ROS2_1/src/cpp_srvcli'
[4.222s] INFO:colcon.colcon_core.shell:Skip shell extension 'powershell' for command environment: Not usable outside of PowerShell
[4.223s] DEBUG:colcon.colcon_core.shell:Skip shell extension 'dsv' for command environment
[4.231s] DEBUG:colcon.colcon_core.event_handler.log_command:Invoking command in '/home/cyberkanjousen/CLionProjects/ROS2_1/build/cpp_srvcli': CMAKE_PREFIX_PATH=/home/cyberkanjousen/CLionProjects/ROS2_1/install/service_114514:/home/cyberkanjousen/CLionProjects/ROS2_1/install/cpp_srvcli:/home/cyberkanjousen/CLionProjects/ROS2_1/install/sensor_robot:/home/cyberkanjousen/CLionProjects/ROS2_1/install/learning_tf2_cpp:/home/cyberkanjousen/CLionProjects/ROS2_1/install/cpp_pubsub:/opt/ros/jazzy/opt/gz_math_vendor:/opt/ros/jazzy/opt/gz_utils_vendor:/opt/ros/jazzy/opt/gz_cmake_vendor:/opt/ros/jazzy DEBUGINFOD_URLS=https://debuginfod.ubuntu.com /usr/bin/cmake /home/cyberkanjousen/CLionProjects/ROS2_1/src/cpp_srvcli -DCMAKE_EXPORT_COMPILE_COMMANDS=ON -G Ninja -DCMAKE_INSTALL_PREFIX=/home/cyberkanjousen/CLionProjects/ROS2_1/install/cpp_srvcli
[5.071s] DEBUG:colcon.colcon_core.event_handler.log_command:Invoked command in '/home/cyberkanjousen/CLionProjects/ROS2_1/build/cpp_srvcli' returned '0': CMAKE_PREFIX_PATH=/home/cyberkanjousen/CLionProjects/ROS2_1/install/service_114514:/home/cyberkanjousen/CLionProjects/ROS2_1/install/cpp_srvcli:/home/cyberkanjousen/CLionProjects/ROS2_1/install/sensor_robot:/home/cyberkanjousen/CLionProjects/ROS2_1/install/learning_tf2_cpp:/home/cyberkanjousen/CLionProjects/ROS2_1/install/cpp_pubsub:/opt/ros/jazzy/opt/gz_math_vendor:/opt/ros/jazzy/opt/gz_utils_vendor:/opt/ros/jazzy/opt/gz_cmake_vendor:/opt/ros/jazzy DEBUGINFOD_URLS=https://debuginfod.ubuntu.com /usr/bin/cmake /home/cyberkanjousen/CLionProjects/ROS2_1/src/cpp_srvcli -DCMAKE_EXPORT_COMPILE_COMMANDS=ON -G Ninja -DCMAKE_INSTALL_PREFIX=/home/cyberkanjousen/CLionProjects/ROS2_1/install/cpp_srvcli
[5.072s] DEBUG:colcon.colcon_core.event_handler.log_command:Invoking command in '/home/cyberkanjousen/CLionProjects/ROS2_1/build/cpp_srvcli': CMAKE_PREFIX_PATH=/home/cyberkanjousen/CLionProjects/ROS2_1/install/service_114514:/home/cyberkanjousen/CLionProjects/ROS2_1/install/cpp_srvcli:/home/cyberkanjousen/CLionProjects/ROS2_1/install/sensor_robot:/home/cyberkanjousen/CLionProjects/ROS2_1/install/learning_tf2_cpp:/home/cyberkanjousen/CLionProjects/ROS2_1/install/cpp_pubsub:/opt/ros/jazzy/opt/gz_math_vendor:/opt/ros/jazzy/opt/gz_utils_vendor:/opt/ros/jazzy/opt/gz_cmake_vendor:/opt/ros/jazzy DEBUGINFOD_URLS=https://debuginfod.ubuntu.com /usr/bin/cmake --build /home/cyberkanjousen/CLionProjects/ROS2_1/build/cpp_srvcli -- -j32 -l32
[5.987s] DEBUG:colcon.colcon_core.event_handler.log_command:Invoked command in '/home/cyberkanjousen/CLionProjects/ROS2_1/build/cpp_pubsub' returned '0': CMAKE_PREFIX_PATH=${CMAKE_PREFIX_PATH}:/opt/ros/jazzy DEBUGINFOD_URLS=https://debuginfod.ubuntu.com /usr/bin/cmake --build /home/cyberkanjousen/CLionProjects/ROS2_1/build/cpp_pubsub -- -j32 -l32
[5.989s] DEBUG:colcon.colcon_core.event_handler.log_command:Invoking command in '/home/cyberkanjousen/CLionProjects/ROS2_1/build/cpp_pubsub': CMAKE_PREFIX_PATH=${CMAKE_PREFIX_PATH}:/opt/ros/jazzy DEBUGINFOD_URLS=https://debuginfod.ubuntu.com /usr/bin/cmake --install /home/cyberkanjousen/CLionProjects/ROS2_1/build/cpp_pubsub
[6.004s] Level 1:colcon.colcon_core.environment:create_environment_scripts_only(cpp_pubsub)
[6.005s] DEBUG:colcon.colcon_core.event_handler.log_command:Invoked command in '/home/cyberkanjousen/CLionProjects/ROS2_1/build/cpp_pubsub' returned '0': CMAKE_PREFIX_PATH=${CMAKE_PREFIX_PATH}:/opt/ros/jazzy DEBUGINFOD_URLS=https://debuginfod.ubuntu.com /usr/bin/cmake --install /home/cyberkanjousen/CLionProjects/ROS2_1/build/cpp_pubsub
[6.005s] Level 1:colcon.colcon_core.environment:checking '/home/cyberkanjousen/CLionProjects/ROS2_1/install/cpp_pubsub' for CMake module files
[6.006s] Level 1:colcon.colcon_core.environment:checking '/home/cyberkanjousen/CLionProjects/ROS2_1/install/cpp_pubsub' for CMake config files
[6.006s] Level 1:colcon.colcon_core.shell:create_environment_hook('cpp_pubsub', 'cmake_prefix_path')
[6.006s] INFO:colcon.colcon_core.shell:Creating environment hook '/home/cyberkanjousen/CLionProjects/ROS2_1/install/cpp_pubsub/share/cpp_pubsub/hook/cmake_prefix_path.ps1'
[6.007s] INFO:colcon.colcon_core.shell:Creating environment descriptor '/home/cyberkanjousen/CLionProjects/ROS2_1/install/cpp_pubsub/share/cpp_pubsub/hook/cmake_prefix_path.dsv'
[6.007s] INFO:colcon.colcon_core.shell:Creating environment hook '/home/cyberkanjousen/CLionProjects/ROS2_1/install/cpp_pubsub/share/cpp_pubsub/hook/cmake_prefix_path.sh'
[6.008s] Level 1:colcon.colcon_core.environment:checking '/home/cyberkanjousen/CLionProjects/ROS2_1/install/cpp_pubsub/lib'
[6.008s] Level 1:colcon.colcon_core.environment:checking '/home/cyberkanjousen/CLionProjects/ROS2_1/install/cpp_pubsub/bin'
[6.008s] Level 1:colcon.colcon_core.environment:checking '/home/cyberkanjousen/CLionProjects/ROS2_1/install/cpp_pubsub/lib/pkgconfig/cpp_pubsub.pc'
[6.008s] Level 1:colcon.colcon_core.environment:checking '/home/cyberkanjousen/CLionProjects/ROS2_1/install/cpp_pubsub/lib/python3.12/site-packages'
[6.008s] Level 1:colcon.colcon_core.environment:checking '/home/cyberkanjousen/CLionProjects/ROS2_1/install/cpp_pubsub/bin'
[6.009s] INFO:colcon.colcon_core.shell:Creating package script '/home/cyberkanjousen/CLionProjects/ROS2_1/install/cpp_pubsub/share/cpp_pubsub/package.ps1'
[6.009s] INFO:colcon.colcon_core.shell:Creating package descriptor '/home/cyberkanjousen/CLionProjects/ROS2_1/install/cpp_pubsub/share/cpp_pubsub/package.dsv'
[6.009s] INFO:colcon.colcon_core.shell:Creating package script '/home/cyberkanjousen/CLionProjects/ROS2_1/install/cpp_pubsub/share/cpp_pubsub/package.sh'
[6.010s] INFO:colcon.colcon_core.shell:Creating package script '/home/cyberkanjousen/CLionProjects/ROS2_1/install/cpp_pubsub/share/cpp_pubsub/package.bash'
[6.010s] INFO:colcon.colcon_core.shell:Creating package script '/home/cyberkanjousen/CLionProjects/ROS2_1/install/cpp_pubsub/share/cpp_pubsub/package.zsh'
[6.010s] Level 1:colcon.colcon_core.environment:create_file_with_runtime_dependencies(/home/cyberkanjousen/CLionProjects/ROS2_1/install/cpp_pubsub/share/colcon-core/packages/cpp_pubsub)
[6.011s] Level 1:colcon.colcon_core.environment:create_environment_scripts_only(cpp_pubsub)
[6.011s] Level 1:colcon.colcon_core.environment:checking '/home/cyberkanjousen/CLionProjects/ROS2_1/install/cpp_pubsub' for CMake module files
[6.012s] Level 1:colcon.colcon_core.environment:checking '/home/cyberkanjousen/CLionProjects/ROS2_1/install/cpp_pubsub' for CMake config files
[6.012s] Level 1:colcon.colcon_core.shell:create_environment_hook('cpp_pubsub', 'cmake_prefix_path')
[6.012s] INFO:colcon.colcon_core.shell:Creating environment hook '/home/cyberkanjousen/CLionProjects/ROS2_1/install/cpp_pubsub/share/cpp_pubsub/hook/cmake_prefix_path.ps1'
[6.013s] INFO:colcon.colcon_core.shell:Creating environment descriptor '/home/cyberkanjousen/CLionProjects/ROS2_1/install/cpp_pubsub/share/cpp_pubsub/hook/cmake_prefix_path.dsv'
[6.013s] INFO:colcon.colcon_core.shell:Creating environment hook '/home/cyberkanjousen/CLionProjects/ROS2_1/install/cpp_pubsub/share/cpp_pubsub/hook/cmake_prefix_path.sh'
[6.013s] Level 1:colcon.colcon_core.environment:checking '/home/cyberkanjousen/CLionProjects/ROS2_1/install/cpp_pubsub/lib'
[6.014s] Level 1:colcon.colcon_core.environment:checking '/home/cyberkanjousen/CLionProjects/ROS2_1/install/cpp_pubsub/bin'
[6.014s] Level 1:colcon.colcon_core.environment:checking '/home/cyberkanjousen/CLionProjects/ROS2_1/install/cpp_pubsub/lib/pkgconfig/cpp_pubsub.pc'
[6.014s] Level 1:colcon.colcon_core.environment:checking '/home/cyberkanjousen/CLionProjects/ROS2_1/install/cpp_pubsub/lib/python3.12/site-packages'
[6.014s] Level 1:colcon.colcon_core.environment:checking '/home/cyberkanjousen/CLionProjects/ROS2_1/install/cpp_pubsub/bin'
[6.014s] INFO:colcon.colcon_core.shell:Creating package script '/home/cyberkanjousen/CLionProjects/ROS2_1/install/cpp_pubsub/share/cpp_pubsub/package.ps1'
[6.015s] INFO:colcon.colcon_core.shell:Creating package descriptor '/home/cyberkanjousen/CLionProjects/ROS2_1/install/cpp_pubsub/share/cpp_pubsub/package.dsv'
[6.015s] INFO:colcon.colcon_core.shell:Creating package script '/home/cyberkanjousen/CLionProjects/ROS2_1/install/cpp_pubsub/share/cpp_pubsub/package.sh'
[6.016s] INFO:colcon.colcon_core.shell:Creating package script '/home/cyberkanjousen/CLionProjects/ROS2_1/install/cpp_pubsub/share/cpp_pubsub/package.bash'
[6.016s] INFO:colcon.colcon_core.shell:Creating package script '/home/cyberkanjousen/CLionProjects/ROS2_1/install/cpp_pubsub/share/cpp_pubsub/package.zsh'
[6.016s] Level 1:colcon.colcon_core.environment:create_file_with_runtime_dependencies(/home/cyberkanjousen/CLionProjects/ROS2_1/install/cpp_pubsub/share/colcon-core/packages/cpp_pubsub)
[7.732s] DEBUG:colcon.colcon_core.event_handler.log_command:Invoked command in '/home/cyberkanjousen/CLionProjects/ROS2_1/build/cpp_srvcli' returned '0': CMAKE_PREFIX_PATH=/home/cyberkanjousen/CLionProjects/ROS2_1/install/service_114514:/home/cyberkanjousen/CLionProjects/ROS2_1/install/cpp_srvcli:/home/cyberkanjousen/CLionProjects/ROS2_1/install/sensor_robot:/home/cyberkanjousen/CLionProjects/ROS2_1/install/learning_tf2_cpp:/home/cyberkanjousen/CLionProjects/ROS2_1/install/cpp_pubsub:/opt/ros/jazzy/opt/gz_math_vendor:/opt/ros/jazzy/opt/gz_utils_vendor:/opt/ros/jazzy/opt/gz_cmake_vendor:/opt/ros/jazzy DEBUGINFOD_URLS=https://debuginfod.ubuntu.com /usr/bin/cmake --build /home/cyberkanjousen/CLionProjects/ROS2_1/build/cpp_srvcli -- -j32 -l32
[7.733s] DEBUG:colcon.colcon_core.event_handler.log_command:Invoking command in '/home/cyberkanjousen/CLionProjects/ROS2_1/build/cpp_srvcli': CMAKE_PREFIX_PATH=/home/cyberkanjousen/CLionProjects/ROS2_1/install/service_114514:/home/cyberkanjousen/CLionProjects/ROS2_1/install/cpp_srvcli:/home/cyberkanjousen/CLionProjects/ROS2_1/install/sensor_robot:/home/cyberkanjousen/CLionProjects/ROS2_1/install/learning_tf2_cpp:/home/cyberkanjousen/CLionProjects/ROS2_1/install/cpp_pubsub:/opt/ros/jazzy/opt/gz_math_vendor:/opt/ros/jazzy/opt/gz_utils_vendor:/opt/ros/jazzy/opt/gz_cmake_vendor:/opt/ros/jazzy DEBUGINFOD_URLS=https://debuginfod.ubuntu.com /usr/bin/cmake --install /home/cyberkanjousen/CLionProjects/ROS2_1/build/cpp_srvcli
[7.744s] Level 1:colcon.colcon_core.environment:create_environment_scripts_only(cpp_srvcli)
[7.744s] Level 1:colcon.colcon_core.environment:checking '/home/cyberkanjousen/CLionProjects/ROS2_1/install/cpp_srvcli' for CMake module files
[7.745s] DEBUG:colcon.colcon_core.event_handler.log_command:Invoked command in '/home/cyberkanjousen/CLionProjects/ROS2_1/build/cpp_srvcli' returned '0': CMAKE_PREFIX_PATH=/home/cyberkanjousen/CLionProjects/ROS2_1/install/service_114514:/home/cyberkanjousen/CLionProjects/ROS2_1/install/cpp_srvcli:/home/cyberkanjousen/CLionProjects/ROS2_1/install/sensor_robot:/home/cyberkanjousen/CLionProjects/ROS2_1/install/learning_tf2_cpp:/home/cyberkanjousen/CLionProjects/ROS2_1/install/cpp_pubsub:/opt/ros/jazzy/opt/gz_math_vendor:/opt/ros/jazzy/opt/gz_utils_vendor:/opt/ros/jazzy/opt/gz_cmake_vendor:/opt/ros/jazzy DEBUGINFOD_URLS=https://debuginfod.ubuntu.com /usr/bin/cmake --install /home/cyberkanjousen/CLionProjects/ROS2_1/build/cpp_srvcli
[7.745s] Level 1:colcon.colcon_core.environment:checking '/home/cyberkanjousen/CLionProjects/ROS2_1/install/cpp_srvcli' for CMake config files
[7.745s] Level 1:colcon.colcon_core.shell:create_environment_hook('cpp_srvcli', 'cmake_prefix_path')
[7.746s] INFO:colcon.colcon_core.shell:Creating environment hook '/home/cyberkanjousen/CLionProjects/ROS2_1/install/cpp_srvcli/share/cpp_srvcli/hook/cmake_prefix_path.ps1'
[7.746s] INFO:colcon.colcon_core.shell:Creating environment descriptor '/home/cyberkanjousen/CLionProjects/ROS2_1/install/cpp_srvcli/share/cpp_srvcli/hook/cmake_prefix_path.dsv'
[7.746s] INFO:colcon.colcon_core.shell:Creating environment hook '/home/cyberkanjousen/CLionProjects/ROS2_1/install/cpp_srvcli/share/cpp_srvcli/hook/cmake_prefix_path.sh'
[7.747s] Level 1:colcon.colcon_core.environment:checking '/home/cyberkanjousen/CLionProjects/ROS2_1/install/cpp_srvcli/lib'
[7.747s] Level 1:colcon.colcon_core.environment:checking '/home/cyberkanjousen/CLionProjects/ROS2_1/install/cpp_srvcli/bin'
[7.747s] Level 1:colcon.colcon_core.environment:checking '/home/cyberkanjousen/CLionProjects/ROS2_1/install/cpp_srvcli/lib/pkgconfig/cpp_srvcli.pc'
[7.747s] Level 1:colcon.colcon_core.environment:checking '/home/cyberkanjousen/CLionProjects/ROS2_1/install/cpp_srvcli/lib/python3.12/site-packages'
[7.748s] Level 1:colcon.colcon_core.environment:checking '/home/cyberkanjousen/CLionProjects/ROS2_1/install/cpp_srvcli/bin'
[7.748s] INFO:colcon.colcon_core.shell:Creating package script '/home/cyberkanjousen/CLionProjects/ROS2_1/install/cpp_srvcli/share/cpp_srvcli/package.ps1'
[7.748s] INFO:colcon.colcon_core.shell:Creating package descriptor '/home/cyberkanjousen/CLionProjects/ROS2_1/install/cpp_srvcli/share/cpp_srvcli/package.dsv'
[7.749s] INFO:colcon.colcon_core.shell:Creating package script '/home/cyberkanjousen/CLionProjects/ROS2_1/install/cpp_srvcli/share/cpp_srvcli/package.sh'
[7.749s] INFO:colcon.colcon_core.shell:Creating package script '/home/cyberkanjousen/CLionProjects/ROS2_1/install/cpp_srvcli/share/cpp_srvcli/package.bash'
[7.749s] INFO:colcon.colcon_core.shell:Creating package script '/home/cyberkanjousen/CLionProjects/ROS2_1/install/cpp_srvcli/share/cpp_srvcli/package.zsh'
[7.750s] Level 1:colcon.colcon_core.environment:create_file_with_runtime_dependencies(/home/cyberkanjousen/CLionProjects/ROS2_1/install/cpp_srvcli/share/colcon-core/packages/cpp_srvcli)
[7.750s] Level 1:colcon.colcon_core.environment:create_environment_scripts_only(cpp_srvcli)
[7.750s] Level 1:colcon.colcon_core.environment:checking '/home/cyberkanjousen/CLionProjects/ROS2_1/install/cpp_srvcli' for CMake module files
[7.751s] Level 1:colcon.colcon_core.environment:checking '/home/cyberkanjousen/CLionProjects/ROS2_1/install/cpp_srvcli' for CMake config files
[7.751s] Level 1:colcon.colcon_core.shell:create_environment_hook('cpp_srvcli', 'cmake_prefix_path')
[7.751s] INFO:colcon.colcon_core.shell:Creating environment hook '/home/cyberkanjousen/CLionProjects/ROS2_1/install/cpp_srvcli/share/cpp_srvcli/hook/cmake_prefix_path.ps1'
[7.752s] INFO:colcon.colcon_core.shell:Creating environment descriptor '/home/cyberkanjousen/CLionProjects/ROS2_1/install/cpp_srvcli/share/cpp_srvcli/hook/cmake_prefix_path.dsv'
[7.752s] INFO:colcon.colcon_core.shell:Creating environment hook '/home/cyberkanjousen/CLionProjects/ROS2_1/install/cpp_srvcli/share/cpp_srvcli/hook/cmake_prefix_path.sh'
[7.753s] Level 1:colcon.colcon_core.environment:checking '/home/cyberkanjousen/CLionProjects/ROS2_1/install/cpp_srvcli/lib'
[7.753s] Level 1:colcon.colcon_core.environment:checking '/home/cyberkanjousen/CLionProjects/ROS2_1/install/cpp_srvcli/bin'
[7.753s] Level 1:colcon.colcon_core.environment:checking '/home/cyberkanjousen/CLionProjects/ROS2_1/install/cpp_srvcli/lib/pkgconfig/cpp_srvcli.pc'
[7.753s] Level 1:colcon.colcon_core.environment:checking '/home/cyberkanjousen/CLionProjects/ROS2_1/install/cpp_srvcli/lib/python3.12/site-packages'
[7.753s] Level 1:colcon.colcon_core.environment:checking '/home/cyberkanjousen/CLionProjects/ROS2_1/install/cpp_srvcli/bin'
[7.754s] INFO:colcon.colcon_core.shell:Creating package script '/home/cyberkanjousen/CLionProjects/ROS2_1/install/cpp_srvcli/share/cpp_srvcli/package.ps1'
[7.754s] INFO:colcon.colcon_core.shell:Creating package descriptor '/home/cyberkanjousen/CLionProjects/ROS2_1/install/cpp_srvcli/share/cpp_srvcli/package.dsv'
[7.754s] INFO:colcon.colcon_core.shell:Creating package script '/home/cyberkanjousen/CLionProjects/ROS2_1/install/cpp_srvcli/share/cpp_srvcli/package.sh'
[7.755s] INFO:colcon.colcon_core.shell:Creating package script '/home/cyberkanjousen/CLionProjects/ROS2_1/install/cpp_srvcli/share/cpp_srvcli/package.bash'
[7.755s] INFO:colcon.colcon_core.shell:Creating package script '/home/cyberkanjousen/CLionProjects/ROS2_1/install/cpp_srvcli/share/cpp_srvcli/package.zsh'
[7.756s] Level 1:colcon.colcon_core.environment:create_file_with_runtime_dependencies(/home/cyberkanjousen/CLionProjects/ROS2_1/install/cpp_srvcli/share/colcon-core/packages/cpp_srvcli)
[11.601s] DEBUG:colcon.colcon_core.event_handler.log_command:Invoked command in '/home/cyberkanjousen/CLionProjects/ROS2_1/build/ros_gz_interfaces' returned '0': CMAKE_PREFIX_PATH=${CMAKE_PREFIX_PATH}:/opt/ros/jazzy DEBUGINFOD_URLS=https://debuginfod.ubuntu.com /usr/bin/cmake --build /home/cyberkanjousen/CLionProjects/ROS2_1/build/ros_gz_interfaces -- -j32 -l32
[11.602s] DEBUG:colcon.colcon_core.event_handler.log_command:Invoking command in '/home/cyberkanjousen/CLionProjects/ROS2_1/build/ros_gz_interfaces': CMAKE_PREFIX_PATH=${CMAKE_PREFIX_PATH}:/opt/ros/jazzy DEBUGINFOD_URLS=https://debuginfod.ubuntu.com /usr/bin/cmake --install /home/cyberkanjousen/CLionProjects/ROS2_1/build/ros_gz_interfaces
[11.746s] Level 1:colcon.colcon_core.environment:create_environment_scripts_only(ros_gz_interfaces)
[11.746s] Level 1:colcon.colcon_core.environment:checking '/home/cyberkanjousen/CLionProjects/ROS2_1/install/ros_gz_interfaces' for CMake module files
[11.746s] DEBUG:colcon.colcon_core.event_handler.log_command:Invoked command in '/home/cyberkanjousen/CLionProjects/ROS2_1/build/ros_gz_interfaces' returned '0': CMAKE_PREFIX_PATH=${CMAKE_PREFIX_PATH}:/opt/ros/jazzy DEBUGINFOD_URLS=https://debuginfod.ubuntu.com /usr/bin/cmake --install /home/cyberkanjousen/CLionProjects/ROS2_1/build/ros_gz_interfaces
[11.747s] Level 1:colcon.colcon_core.environment:checking '/home/cyberkanjousen/CLionProjects/ROS2_1/install/ros_gz_interfaces' for CMake config files
[11.747s] Level 1:colcon.colcon_core.shell:create_environment_hook('ros_gz_interfaces', 'cmake_prefix_path')
[11.747s] INFO:colcon.colcon_core.shell:Creating environment hook '/home/cyberkanjousen/CLionProjects/ROS2_1/install/ros_gz_interfaces/share/ros_gz_interfaces/hook/cmake_prefix_path.ps1'
[11.748s] INFO:colcon.colcon_core.shell:Creating environment descriptor '/home/cyberkanjousen/CLionProjects/ROS2_1/install/ros_gz_interfaces/share/ros_gz_interfaces/hook/cmake_prefix_path.dsv'
[11.748s] INFO:colcon.colcon_core.shell:Creating environment hook '/home/cyberkanjousen/CLionProjects/ROS2_1/install/ros_gz_interfaces/share/ros_gz_interfaces/hook/cmake_prefix_path.sh'
[11.748s] Level 1:colcon.colcon_core.environment:checking '/home/cyberkanjousen/CLionProjects/ROS2_1/install/ros_gz_interfaces/lib'
[11.748s] Level 1:colcon.colcon_core.shell:create_environment_hook('ros_gz_interfaces', 'ld_library_path_lib')
[11.748s] INFO:colcon.colcon_core.shell:Creating environment hook '/home/cyberkanjousen/CLionProjects/ROS2_1/install/ros_gz_interfaces/share/ros_gz_interfaces/hook/ld_library_path_lib.ps1'
[11.749s] INFO:colcon.colcon_core.shell:Creating environment descriptor '/home/cyberkanjousen/CLionProjects/ROS2_1/install/ros_gz_interfaces/share/ros_gz_interfaces/hook/ld_library_path_lib.dsv'
[11.749s] INFO:colcon.colcon_core.shell:Creating environment hook '/home/cyberkanjousen/CLionProjects/ROS2_1/install/ros_gz_interfaces/share/ros_gz_interfaces/hook/ld_library_path_lib.sh'
[11.749s] Level 1:colcon.colcon_core.environment:checking '/home/cyberkanjousen/CLionProjects/ROS2_1/install/ros_gz_interfaces/bin'
[11.749s] Level 1:colcon.colcon_core.environment:checking '/home/cyberkanjousen/CLionProjects/ROS2_1/install/ros_gz_interfaces/lib/pkgconfig/ros_gz_interfaces.pc'
[11.749s] Level 1:colcon.colcon_core.environment:checking '/home/cyberkanjousen/CLionProjects/ROS2_1/install/ros_gz_interfaces/lib/python3.12/site-packages'
[11.749s] Level 1:colcon.colcon_core.shell:create_environment_hook('ros_gz_interfaces', 'pythonpath')
[11.749s] INFO:colcon.colcon_core.shell:Creating environment hook '/home/cyberkanjousen/CLionProjects/ROS2_1/install/ros_gz_interfaces/share/ros_gz_interfaces/hook/pythonpath.ps1'
[11.750s] INFO:colcon.colcon_core.shell:Creating environment descriptor '/home/cyberkanjousen/CLionProjects/ROS2_1/install/ros_gz_interfaces/share/ros_gz_interfaces/hook/pythonpath.dsv'
[11.750s] INFO:colcon.colcon_core.shell:Creating environment hook '/home/cyberkanjousen/CLionProjects/ROS2_1/install/ros_gz_interfaces/share/ros_gz_interfaces/hook/pythonpath.sh'
[11.750s] Level 1:colcon.colcon_core.environment:checking '/home/cyberkanjousen/CLionProjects/ROS2_1/install/ros_gz_interfaces/bin'
[11.750s] INFO:colcon.colcon_core.shell:Creating package script '/home/cyberkanjousen/CLionProjects/ROS2_1/install/ros_gz_interfaces/share/ros_gz_interfaces/package.ps1'
[11.751s] INFO:colcon.colcon_core.shell:Creating package descriptor '/home/cyberkanjousen/CLionProjects/ROS2_1/install/ros_gz_interfaces/share/ros_gz_interfaces/package.dsv'
[11.751s] INFO:colcon.colcon_core.shell:Creating package script '/home/cyberkanjousen/CLionProjects/ROS2_1/install/ros_gz_interfaces/share/ros_gz_interfaces/package.sh'
[11.751s] INFO:colcon.colcon_core.shell:Creating package script '/home/cyberkanjousen/CLionProjects/ROS2_1/install/ros_gz_interfaces/share/ros_gz_interfaces/package.bash'
[11.751s] INFO:colcon.colcon_core.shell:Creating package script '/home/cyberkanjousen/CLionProjects/ROS2_1/install/ros_gz_interfaces/share/ros_gz_interfaces/package.zsh'
[11.751s] Level 1:colcon.colcon_core.environment:create_file_with_runtime_dependencies(/home/cyberkanjousen/CLionProjects/ROS2_1/install/ros_gz_interfaces/share/colcon-core/packages/ros_gz_interfaces)
[11.752s] Level 1:colcon.colcon_core.environment:create_environment_scripts_only(ros_gz_interfaces)
[11.752s] Level 1:colcon.colcon_core.environment:checking '/home/cyberkanjousen/CLionProjects/ROS2_1/install/ros_gz_interfaces' for CMake module files
[11.752s] Level 1:colcon.colcon_core.environment:checking '/home/cyberkanjousen/CLionProjects/ROS2_1/install/ros_gz_interfaces' for CMake config files
[11.753s] Level 1:colcon.colcon_core.shell:create_environment_hook('ros_gz_interfaces', 'cmake_prefix_path')
[11.753s] INFO:colcon.colcon_core.shell:Creating environment hook '/home/cyberkanjousen/CLionProjects/ROS2_1/install/ros_gz_interfaces/share/ros_gz_interfaces/hook/cmake_prefix_path.ps1'
[11.753s] INFO:colcon.colcon_core.shell:Creating environment descriptor '/home/cyberkanjousen/CLionProjects/ROS2_1/install/ros_gz_interfaces/share/ros_gz_interfaces/hook/cmake_prefix_path.dsv'
[11.753s] INFO:colcon.colcon_core.shell:Creating environment hook '/home/cyberkanjousen/CLionProjects/ROS2_1/install/ros_gz_interfaces/share/ros_gz_interfaces/hook/cmake_prefix_path.sh'
[11.754s] Level 1:colcon.colcon_core.environment:checking '/home/cyberkanjousen/CLionProjects/ROS2_1/install/ros_gz_interfaces/lib'
[11.754s] Level 1:colcon.colcon_core.shell:create_environment_hook('ros_gz_interfaces', 'ld_library_path_lib')
[11.754s] INFO:colcon.colcon_core.shell:Creating environment hook '/home/cyberkanjousen/CLionProjects/ROS2_1/install/ros_gz_interfaces/share/ros_gz_interfaces/hook/ld_library_path_lib.ps1'
[11.754s] INFO:colcon.colcon_core.shell:Creating environment descriptor '/home/cyberkanjousen/CLionProjects/ROS2_1/install/ros_gz_interfaces/share/ros_gz_interfaces/hook/ld_library_path_lib.dsv'
[11.754s] INFO:colcon.colcon_core.shell:Creating environment hook '/home/cyberkanjousen/CLionProjects/ROS2_1/install/ros_gz_interfaces/share/ros_gz_interfaces/hook/ld_library_path_lib.sh'
[11.754s] Level 1:colcon.colcon_core.environment:checking '/home/cyberkanjousen/CLionProjects/ROS2_1/install/ros_gz_interfaces/bin'
[11.754s] Level 1:colcon.colcon_core.environment:checking '/home/cyberkanjousen/CLionProjects/ROS2_1/install/ros_gz_interfaces/lib/pkgconfig/ros_gz_interfaces.pc'
[11.754s] Level 1:colcon.colcon_core.environment:checking '/home/cyberkanjousen/CLionProjects/ROS2_1/install/ros_gz_interfaces/lib/python3.12/site-packages'
[11.755s] Level 1:colcon.colcon_core.shell:create_environment_hook('ros_gz_interfaces', 'pythonpath')
[11.755s] INFO:colcon.colcon_core.shell:Creating environment hook '/home/cyberkanjousen/CLionProjects/ROS2_1/install/ros_gz_interfaces/share/ros_gz_interfaces/hook/pythonpath.ps1'
[11.755s] INFO:colcon.colcon_core.shell:Creating environment descriptor '/home/cyberkanjousen/CLionProjects/ROS2_1/install/ros_gz_interfaces/share/ros_gz_interfaces/hook/pythonpath.dsv'
[11.755s] INFO:colcon.colcon_core.shell:Creating environment hook '/home/cyberkanjousen/CLionProjects/ROS2_1/install/ros_gz_interfaces/share/ros_gz_interfaces/hook/pythonpath.sh'
[11.755s] Level 1:colcon.colcon_core.environment:checking '/home/cyberkanjousen/CLionProjects/ROS2_1/install/ros_gz_interfaces/bin'
[11.756s] INFO:colcon.colcon_core.shell:Creating package script '/home/cyberkanjousen/CLionProjects/ROS2_1/install/ros_gz_interfaces/share/ros_gz_interfaces/package.ps1'
[11.756s] INFO:colcon.colcon_core.shell:Creating package descriptor '/home/cyberkanjousen/CLionProjects/ROS2_1/install/ros_gz_interfaces/share/ros_gz_interfaces/package.dsv'
[11.756s] INFO:colcon.colcon_core.shell:Creating package script '/home/cyberkanjousen/CLionProjects/ROS2_1/install/ros_gz_interfaces/share/ros_gz_interfaces/package.sh'
[11.756s] INFO:colcon.colcon_core.shell:Creating package script '/home/cyberkanjousen/CLionProjects/ROS2_1/install/ros_gz_interfaces/share/ros_gz_interfaces/package.bash'
[11.757s] INFO:colcon.colcon_core.shell:Creating package script '/home/cyberkanjousen/CLionProjects/ROS2_1/install/ros_gz_interfaces/share/ros_gz_interfaces/package.zsh'
[11.757s] Level 1:colcon.colcon_core.environment:create_file_with_runtime_dependencies(/home/cyberkanjousen/CLionProjects/ROS2_1/install/ros_gz_interfaces/share/colcon-core/packages/ros_gz_interfaces)
[11.757s] INFO:colcon.colcon_ros.task.ament_cmake.build:Building ROS package in '/home/cyberkanjousen/CLionProjects/ROS2_1/src/ros_gz_bridge' with build type 'ament_cmake'
[11.757s] INFO:colcon.colcon_cmake.task.cmake.build:Building CMake package in '/home/cyberkanjousen/CLionProjects/ROS2_1/src/ros_gz_bridge'
[11.757s] INFO:colcon.colcon_core.shell:Skip shell extension 'powershell' for command environment: Not usable outside of PowerShell
[11.757s] DEBUG:colcon.colcon_core.shell:Skip shell extension 'dsv' for command environment
[11.768s] DEBUG:colcon.colcon_core.event_handler.log_command:Invoking command in '/home/cyberkanjousen/CLionProjects/ROS2_1/build/ros_gz_bridge': AMENT_PREFIX_PATH=/home/cyberkanjousen/CLionProjects/ROS2_1/install/ros_gz_interfaces:${AMENT_PREFIX_PATH} CMAKE_PREFIX_PATH=/home/cyberkanjousen/CLionProjects/ROS2_1/install/ros_gz_interfaces:/home/cyberkanjousen/CLionProjects/ROS2_1/install/cpp_srvcli:/home/cyberkanjousen/CLionProjects/ROS2_1/install/service_114514:/home/cyberkanjousen/CLionProjects/ROS2_1/install/sensor_robot:/home/cyberkanjousen/CLionProjects/ROS2_1/install/learning_tf2_cpp:/home/cyberkanjousen/CLionProjects/ROS2_1/install/cpp_pubsub:/opt/ros/jazzy/opt/gz_math_vendor:/opt/ros/jazzy/opt/gz_utils_vendor:/opt/ros/jazzy/opt/gz_cmake_vendor:/opt/ros/jazzy DEBUGINFOD_URLS=https://debuginfod.ubuntu.com LD_LIBRARY_PATH=/home/cyberkanjousen/CLionProjects/ROS2_1/install/ros_gz_interfaces/lib:${LD_LIBRARY_PATH} PYTHONPATH=/home/cyberkanjousen/CLionProjects/ROS2_1/install/ros_gz_interfaces/lib/python3.12/site-packages:${PYTHONPATH} /usr/bin/cmake /home/cyberkanjousen/CLionProjects/ROS2_1/src/ros_gz_bridge -DCMAKE_EXPORT_COMPILE_COMMANDS=ON -G Ninja -DCMAKE_INSTALL_PREFIX=/home/cyberkanjousen/CLionProjects/ROS2_1/install/ros_gz_bridge
[12.766s] DEBUG:colcon.colcon_core.event_handler.log_command:Invoked command in '/home/cyberkanjousen/CLionProjects/ROS2_1/build/ros_gz_bridge' returned '1': AMENT_PREFIX_PATH=/home/cyberkanjousen/CLionProjects/ROS2_1/install/ros_gz_interfaces:${AMENT_PREFIX_PATH} CMAKE_PREFIX_PATH=/home/cyberkanjousen/CLionProjects/ROS2_1/install/ros_gz_interfaces:/home/cyberkanjousen/CLionProjects/ROS2_1/install/cpp_srvcli:/home/cyberkanjousen/CLionProjects/ROS2_1/install/service_114514:/home/cyberkanjousen/CLionProjects/ROS2_1/install/sensor_robot:/home/cyberkanjousen/CLionProjects/ROS2_1/install/learning_tf2_cpp:/home/cyberkanjousen/CLionProjects/ROS2_1/install/cpp_pubsub:/opt/ros/jazzy/opt/gz_math_vendor:/opt/ros/jazzy/opt/gz_utils_vendor:/opt/ros/jazzy/opt/gz_cmake_vendor:/opt/ros/jazzy DEBUGINFOD_URLS=https://debuginfod.ubuntu.com LD_LIBRARY_PATH=/home/cyberkanjousen/CLionProjects/ROS2_1/install/ros_gz_interfaces/lib:${LD_LIBRARY_PATH} PYTHONPATH=/home/cyberkanjousen/CLionProjects/ROS2_1/install/ros_gz_interfaces/lib/python3.12/site-packages:${PYTHONPATH} /usr/bin/cmake /home/cyberkanjousen/CLionProjects/ROS2_1/src/ros_gz_bridge -DCMAKE_EXPORT_COMPILE_COMMANDS=ON -G Ninja -DCMAKE_INSTALL_PREFIX=/home/cyberkanjousen/CLionProjects/ROS2_1/install/ros_gz_bridge
[12.777s] Level 1:colcon.colcon_core.environment:create_environment_scripts_only(ros_gz_bridge)
[12.777s] Level 1:colcon.colcon_core.environment:checking '/home/cyberkanjousen/CLionProjects/ROS2_1/install/ros_gz_bridge' for CMake module files
[12.777s] Level 1:colcon.colcon_core.environment:checking '/home/cyberkanjousen/CLionProjects/ROS2_1/install/ros_gz_bridge' for CMake config files
[12.778s] Level 1:colcon.colcon_core.environment:checking '/home/cyberkanjousen/CLionProjects/ROS2_1/install/ros_gz_bridge/bin'
[12.778s] Level 1:colcon.colcon_core.environment:checking '/home/cyberkanjousen/CLionProjects/ROS2_1/install/ros_gz_bridge/lib/pkgconfig/ros_gz_bridge.pc'
[12.778s] Level 1:colcon.colcon_core.environment:checking '/home/cyberkanjousen/CLionProjects/ROS2_1/install/ros_gz_bridge/lib/python3.12/site-packages'
[12.778s] Level 1:colcon.colcon_core.environment:checking '/home/cyberkanjousen/CLionProjects/ROS2_1/install/ros_gz_bridge/bin'
[12.779s] INFO:colcon.colcon_core.shell:Creating package script '/home/cyberkanjousen/CLionProjects/ROS2_1/install/ros_gz_bridge/share/ros_gz_bridge/package.ps1'
[12.779s] INFO:colcon.colcon_core.shell:Creating package descriptor '/home/cyberkanjousen/CLionProjects/ROS2_1/install/ros_gz_bridge/share/ros_gz_bridge/package.dsv'
[12.779s] INFO:colcon.colcon_core.shell:Creating package script '/home/cyberkanjousen/CLionProjects/ROS2_1/install/ros_gz_bridge/share/ros_gz_bridge/package.sh'
[12.780s] INFO:colcon.colcon_core.shell:Creating package script '/home/cyberkanjousen/CLionProjects/ROS2_1/install/ros_gz_bridge/share/ros_gz_bridge/package.bash'
[12.780s] INFO:colcon.colcon_core.shell:Creating package script '/home/cyberkanjousen/CLionProjects/ROS2_1/install/ros_gz_bridge/share/ros_gz_bridge/package.zsh'
[12.780s] Level 1:colcon.colcon_core.environment:create_file_with_runtime_dependencies(/home/cyberkanjousen/CLionProjects/ROS2_1/install/ros_gz_bridge/share/colcon-core/packages/ros_gz_bridge)
[12.791s] DEBUG:colcon.colcon_parallel_executor.executor.parallel:closing loop
[12.791s] DEBUG:colcon.colcon_parallel_executor.executor.parallel:loop closed
[12.791s] DEBUG:colcon.colcon_parallel_executor.executor.parallel:run_until_complete finished with '1'
[12.791s] DEBUG:colcon.colcon_core.event_reactor:joining thread
[12.803s] INFO:colcon.colcon_core.plugin_system:Skipping extension 'colcon_notification.desktop_notification.terminal_notifier': Not used on non-Darwin systems
[12.803s] INFO:colcon.colcon_core.plugin_system:Skipping extension 'colcon_notification.desktop_notification.win32': Not used on non-Windows systems
[12.803s] INFO:colcon.colcon_notification.desktop_notification:Sending desktop notification using 'notify2'
[12.821s] DEBUG:colcon.colcon_core.event_reactor:joined thread
[12.821s] INFO:colcon.colcon_core.shell:Creating prefix script '/home/cyberkanjousen/CLionProjects/ROS2_1/install/local_setup.ps1'
[12.823s] INFO:colcon.colcon_core.shell:Creating prefix util module '/home/cyberkanjousen/CLionProjects/ROS2_1/install/_local_setup_util_ps1.py'
[12.824s] INFO:colcon.colcon_core.shell:Creating prefix chain script '/home/cyberkanjousen/CLionProjects/ROS2_1/install/setup.ps1'
[12.826s] INFO:colcon.colcon_core.shell:Creating prefix script '/home/cyberkanjousen/CLionProjects/ROS2_1/install/local_setup.sh'
[12.826s] INFO:colcon.colcon_core.shell:Creating prefix util module '/home/cyberkanjousen/CLionProjects/ROS2_1/install/_local_setup_util_sh.py'
[12.826s] INFO:colcon.colcon_core.shell:Creating prefix chain script '/home/cyberkanjousen/CLionProjects/ROS2_1/install/setup.sh'
[12.827s] INFO:colcon.colcon_core.shell:Creating prefix script '/home/cyberkanjousen/CLionProjects/ROS2_1/install/local_setup.bash'
[12.827s] INFO:colcon.colcon_core.shell:Creating prefix chain script '/home/cyberkanjousen/CLionProjects/ROS2_1/install/setup.bash'
[12.828s] INFO:colcon.colcon_core.shell:Creating prefix script '/home/cyberkanjousen/CLionProjects/ROS2_1/install/local_setup.zsh'
[12.828s] INFO:colcon.colcon_core.shell:Creating prefix chain script '/home/cyberkanjousen/CLionProjects/ROS2_1/install/setup.zsh'
