[0.000000] (-) TimerEvent: {}
[0.000249] (cpp_pubsub) JobQueued: {'identifier': 'cpp_pubsub', 'dependencies': OrderedDict()}
[0.000285] (service_114514) JobQueued: {'identifier': 'service_114514', 'dependencies': OrderedDict()}
[0.000544] (cpp_srvcli) JobQueued: {'identifier': 'cpp_srvcli', 'dependencies': OrderedDict({'service_114514': '/home/cyberkanjousen/CLionProjects/ROS2_1/install/service_114514'})}
[0.000575] (service_114514) JobStarted: {'identifier': 'service_114514'}
[0.003520] (cpp_pubsub) JobStarted: {'identifier': 'cpp_pubsub'}
[0.005894] (service_114514) JobProgress: {'identifier': 'service_114514', 'progress': 'cmake'}
[0.006041] (service_114514) Command: {'cmd': ['/usr/bin/cmake', '/home/cyberkanjousen/CLionProjects/ROS2_1/src/service_114514', '-DCMAKE_EXPORT_COMPILE_COMMANDS=ON', '-G', 'Ninja', '-DCMAKE_INSTALL_PREFIX=/home/cyberkanjousen/CLionProjects/ROS2_1/install/service_114514'], 'cwd': '/home/cyberkanjousen/CLionProjects/ROS2_1/build/service_114514', 'env': OrderedDict({'TERM_SESSION_ID': '63c909e5-d298-4cc9-832e-4a5012225e58', 'GJS_DEBUG_TOPICS': 'JS ERROR;JS LOG', 'XDG_ACTIVATION_TOKEN': 'gnome-shell/CLion/3210-0-cyberkanjousen-Legion-Y7000P-IRX10_TIME51333', 'LESSOPEN': '| /usr/bin/lesspipe %s', 'SNAP_INSTANCE_KEY': '', 'USER': 'cyberkanjousen', 'SNAP_COMMON': '/var/snap/clion/common', 'socks_host': 'socks://127.0.0.1:10808', 'XDG_SESSION_TYPE': 'x11', 'SNAP_UID': '1000', 'CLUTTER_DISABLE_MIPMAPPED_TEXT': '1', 'SHLVL': '1', 'LD_LIBRARY_PATH': '/opt/ros/jazzy/opt/rviz_ogre_vendor/lib:/opt/ros/jazzy/lib/x86_64-linux-gnu:/opt/ros/jazzy/opt/gz_math_vendor/lib:/opt/ros/jazzy/opt/gz_utils_vendor/lib:/opt/ros/jazzy/opt/gz_cmake_vendor/lib:/opt/ros/jazzy/lib', 'HOME': '/home/cyberkanjousen', 'SNAP_LIBRARY_PATH': '/var/lib/snapd/lib/gl:/var/lib/snapd/lib/gl32:/var/lib/snapd/void', 'DESKTOP_SESSION': 'ubuntu', 'SNAP_USER_DATA': '/home/cyberkanjousen/snap/clion/393', 'TERMINAL_EMULATOR': 'JetBrains-JediTerm', 'GIO_LAUNCHED_DESKTOP_FILE': '/var/lib/snapd/desktop/applications/clion_clion.desktop', 'ROS_PYTHON_VERSION': '3', 'GNOME_SHELL_SESSION_MODE': 'ubuntu', 'GTK_MODULES': 'gail:atk-bridge', 'MANAGERPID': '2765', 'SYSTEMD_EXEC_PID': '3210', 'GSM_SKIP_SSH_AGENT_WORKAROUND': 'true', 'DBUS_SESSION_BUS_ADDRESS': 'unix:path=/run/user/1000/bus', 'SNAP_REVISION': '393', 'GIO_LAUNCHED_DESKTOP_FILE_PID': '4290', 'DEBUGINFOD_URLS': 'https://debuginfod.ubuntu.com', 'https_proxy': 'http://127.0.0.1:10808', 'ROS_DISTRO': 'jazzy', 'LOGNAME': 'cyberkanjousen', 'SNAP_CONTEXT': '7cMq18PPvE0GyoauddMEMHLsazMvDF3aF-ApkkrArLYzdt8gAxjQ', 'http_proxy': 'http://127.0.0.1:10808', 'JOURNAL_STREAM': '9:40206', '_': '/usr/bin/colcon', 'ROS_VERSION': '2', 'MEMORY_PRESSURE_WATCH': '/sys/fs/cgroup/user.slice/user-1000.slice/user@1000.service/session.slice/org.gnome.Shell@x11.service/memory.pressure', 'XDG_SESSION_CLASS': 'user', 'SNAP_VERSION': '2025.2.4', 'USERNAME': 'cyberkanjousen', 'TERM': 'xterm-256color', 'GNOME_DESKTOP_SESSION_ID': 'this-is-deprecated', 'SNAP_INSTANCE_NAME': 'clion', 'WINDOWPATH': '2', 'PATH': '/opt/ros/jazzy/bin:/home/cyberkanjousen/.local/bin:/usr/local/sbin:/usr/local/bin:/usr/sbin:/usr/bin:/sbin:/bin:/usr/games:/usr/local/games:/snap/bin:/snap/bin:/home/cyberkanjousen/.local/bin:/home/cyberkanjousen/.local/bin', 'SESSION_MANAGER': 'local/cyberkanjousen-Legion-Y7000P-IRX10:@/tmp/.ICE-unix/3111,unix/cyberkanjousen-Legion-Y7000P-IRX10:/tmp/.ICE-unix/3111', 'INVOCATION_ID': 'e7fea1e9eb6f4e17a61b475e3444d22f', 'XDG_MENU_PREFIX': 'gnome-', 'ftp_proxy': 'ftp://127.0.0.1:10808', 'SNAP_DATA': '/var/snap/clion/393', 'XDG_RUNTIME_DIR': '/run/user/1000', 'DISPLAY': ':1', 'DESKTOP_STARTUP_ID': 'gnome-shell/CLion/3210-0-cyberkanjousen-Legion-Y7000P-IRX10_TIME51333', 'LANG': 'zh_CN.UTF-8', 'XDG_CURRENT_DESKTOP': 'ubuntu:GNOME', 'XMODIFIERS': '@im=ibus', 'XDG_SESSION_DESKTOP': 'ubuntu', 'XAUTHORITY': '/run/user/1000/gdm/Xauthority', 'LS_COLORS': 'rs=0:di=01;34:ln=01;36:mh=00:pi=40;33:so=01;35:do=01;35:bd=40;33;01:cd=40;33;01:or=40;31;01:mi=00:su=37;41:sg=30;43:ca=00:tw=30;42:ow=34;42:st=37;44:ex=01;32:*.tar=01;31:*.tgz=01;31:*.arc=01;31:*.arj=01;31:*.taz=01;31:*.lha=01;31:*.lz4=01;31:*.lzh=01;31:*.lzma=01;31:*.tlz=01;31:*.txz=01;31:*.tzo=01;31:*.t7z=01;31:*.zip=01;31:*.z=01;31:*.dz=01;31:*.gz=01;31:*.lrz=01;31:*.lz=01;31:*.lzo=01;31:*.xz=01;31:*.zst=01;31:*.tzst=01;31:*.bz2=01;31:*.bz=01;31:*.tbz=01;31:*.tbz2=01;31:*.tz=01;31:*.deb=01;31:*.rpm=01;31:*.jar=01;31:*.war=01;31:*.ear=01;31:*.sar=01;31:*.rar=01;31:*.alz=01;31:*.ace=01;31:*.zoo=01;31:*.cpio=01;31:*.7z=01;31:*.rz=01;31:*.cab=01;31:*.wim=01;31:*.swm=01;31:*.dwm=01;31:*.esd=01;31:*.avif=01;35:*.jpg=01;35:*.jpeg=01;35:*.mjpg=01;35:*.mjpeg=01;35:*.gif=01;35:*.bmp=01;35:*.pbm=01;35:*.pgm=01;35:*.ppm=01;35:*.tga=01;35:*.xbm=01;35:*.xpm=01;35:*.tif=01;35:*.tiff=01;35:*.png=01;35:*.svg=01;35:*.svgz=01;35:*.mng=01;35:*.pcx=01;35:*.mov=01;35:*.mpg=01;35:*.mpeg=01;35:*.m2v=01;35:*.mkv=01;35:*.webm=01;35:*.webp=01;35:*.ogm=01;35:*.mp4=01;35:*.m4v=01;35:*.mp4v=01;35:*.vob=01;35:*.qt=01;35:*.nuv=01;35:*.wmv=01;35:*.asf=01;35:*.rm=01;35:*.rmvb=01;35:*.flc=01;35:*.avi=01;35:*.fli=01;35:*.flv=01;35:*.gl=01;35:*.dl=01;35:*.xcf=01;35:*.xwd=01;35:*.yuv=01;35:*.cgm=01;35:*.emf=01;35:*.ogv=01;35:*.ogx=01;35:*.aac=00;36:*.au=00;36:*.flac=00;36:*.m4a=00;36:*.mid=00;36:*.midi=00;36:*.mka=00;36:*.mp3=00;36:*.mpc=00;36:*.ogg=00;36:*.ra=00;36:*.wav=00;36:*.oga=00;36:*.opus=00;36:*.spx=00;36:*.xspf=00;36:*~=00;90:*#=00;90:*.bak=00;90:*.crdownload=00;90:*.dpkg-dist=00;90:*.dpkg-new=00;90:*.dpkg-old=00;90:*.dpkg-tmp=00;90:*.old=00;90:*.orig=00;90:*.part=00;90:*.rej=00;90:*.rpmnew=00;90:*.rpmorig=00;90:*.rpmsave=00;90:*.swp=00;90:*.tmp=00;90:*.ucf-dist=00;90:*.ucf-new=00;90:*.ucf-old=00;90:', 'SNAP_USER_COMMON': '/home/cyberkanjousen/snap/clion/common', 'SSH_AUTH_SOCK': '/run/user/1000/keyring/ssh', 'SNAP_ARCH': 'amd64', 'AMENT_PREFIX_PATH': '/opt/ros/jazzy', 'SNAP_COOKIE': '7cMq18PPvE0GyoauddMEMHLsazMvDF3aF-ApkkrArLYzdt8gAxjQ', 'SHELL': '/bin/bash', 'QT_ACCESSIBILITY': '1', 'SNAP_REEXEC': '', 'GDMSESSION': 'ubuntu', 'LESSCLOSE': '/usr/bin/lesspipe %s %s', 'SNAP_NAME': 'clion', 'GPG_AGENT_INFO': '/run/user/1000/gnupg/S.gpg-agent:0:1', 'GJS_DEBUG_OUTPUT': 'stderr', 'ROS_AUTOMATIC_DISCOVERY_RANGE': 'SUBNET', 'QT_IM_MODULE': 'ibus', 'PWD': '/home/cyberkanjousen/CLionProjects/ROS2_1/build/service_114514', 'XDG_CONFIG_DIRS': '/etc/xdg/xdg-ubuntu:/etc/xdg', 'SNAP_REAL_HOME': '/home/cyberkanjousen', 'XDG_DATA_DIRS': '/usr/share/ubuntu:/usr/share/gnome:/usr/local/share/:/usr/share/:/var/lib/snapd/desktop', 'SNAP_EUID': '1000', 'QTWEBENGINE_DICTIONARIES_PATH': '/usr/share/hunspell-bdic/', 'PYTHONPATH': '/opt/ros/jazzy/lib/python3.12/site-packages', 'SNAP': '/snap/clion/393', 'COLCON': '1', 'MEMORY_PRESSURE_WRITE': 'c29tZSAyMDAwMDAgMjAwMDAwMAA=', 'JM_OPTION_PATH': '/home/cyberkanjousen/下载', 'CMAKE_PREFIX_PATH': '/opt/ros/jazzy/opt/gz_math_vendor:/opt/ros/jazzy/opt/gz_utils_vendor:/opt/ros/jazzy/opt/gz_cmake_vendor:/opt/ros/jazzy'}), 'shell': False}
[0.008393] (cpp_pubsub) JobProgress: {'identifier': 'cpp_pubsub', 'progress': 'cmake'}
[0.008663] (cpp_pubsub) Command: {'cmd': ['/usr/bin/cmake', '/home/cyberkanjousen/CLionProjects/ROS2_1/src/cpp_pubsub', '-DCMAKE_EXPORT_COMPILE_COMMANDS=ON', '-G', 'Ninja', '-DCMAKE_INSTALL_PREFIX=/home/cyberkanjousen/CLionProjects/ROS2_1/install/cpp_pubsub'], 'cwd': '/home/cyberkanjousen/CLionProjects/ROS2_1/build/cpp_pubsub', 'env': OrderedDict({'TERM_SESSION_ID': '63c909e5-d298-4cc9-832e-4a5012225e58', 'GJS_DEBUG_TOPICS': 'JS ERROR;JS LOG', 'XDG_ACTIVATION_TOKEN': 'gnome-shell/CLion/3210-0-cyberkanjousen-Legion-Y7000P-IRX10_TIME51333', 'LESSOPEN': '| /usr/bin/lesspipe %s', 'SNAP_INSTANCE_KEY': '', 'USER': 'cyberkanjousen', 'SNAP_COMMON': '/var/snap/clion/common', 'socks_host': 'socks://127.0.0.1:10808', 'XDG_SESSION_TYPE': 'x11', 'SNAP_UID': '1000', 'CLUTTER_DISABLE_MIPMAPPED_TEXT': '1', 'SHLVL': '1', 'LD_LIBRARY_PATH': '/opt/ros/jazzy/opt/rviz_ogre_vendor/lib:/opt/ros/jazzy/lib/x86_64-linux-gnu:/opt/ros/jazzy/opt/gz_math_vendor/lib:/opt/ros/jazzy/opt/gz_utils_vendor/lib:/opt/ros/jazzy/opt/gz_cmake_vendor/lib:/opt/ros/jazzy/lib', 'HOME': '/home/cyberkanjousen', 'SNAP_LIBRARY_PATH': '/var/lib/snapd/lib/gl:/var/lib/snapd/lib/gl32:/var/lib/snapd/void', 'DESKTOP_SESSION': 'ubuntu', 'SNAP_USER_DATA': '/home/cyberkanjousen/snap/clion/393', 'TERMINAL_EMULATOR': 'JetBrains-JediTerm', 'GIO_LAUNCHED_DESKTOP_FILE': '/var/lib/snapd/desktop/applications/clion_clion.desktop', 'ROS_PYTHON_VERSION': '3', 'GNOME_SHELL_SESSION_MODE': 'ubuntu', 'GTK_MODULES': 'gail:atk-bridge', 'MANAGERPID': '2765', 'SYSTEMD_EXEC_PID': '3210', 'GSM_SKIP_SSH_AGENT_WORKAROUND': 'true', 'DBUS_SESSION_BUS_ADDRESS': 'unix:path=/run/user/1000/bus', 'SNAP_REVISION': '393', 'GIO_LAUNCHED_DESKTOP_FILE_PID': '4290', 'DEBUGINFOD_URLS': 'https://debuginfod.ubuntu.com', 'https_proxy': 'http://127.0.0.1:10808', 'ROS_DISTRO': 'jazzy', 'LOGNAME': 'cyberkanjousen', 'SNAP_CONTEXT': '7cMq18PPvE0GyoauddMEMHLsazMvDF3aF-ApkkrArLYzdt8gAxjQ', 'http_proxy': 'http://127.0.0.1:10808', 'JOURNAL_STREAM': '9:40206', '_': '/usr/bin/colcon', 'ROS_VERSION': '2', 'MEMORY_PRESSURE_WATCH': '/sys/fs/cgroup/user.slice/user-1000.slice/user@1000.service/session.slice/org.gnome.Shell@x11.service/memory.pressure', 'XDG_SESSION_CLASS': 'user', 'SNAP_VERSION': '2025.2.4', 'USERNAME': 'cyberkanjousen', 'TERM': 'xterm-256color', 'GNOME_DESKTOP_SESSION_ID': 'this-is-deprecated', 'SNAP_INSTANCE_NAME': 'clion', 'WINDOWPATH': '2', 'PATH': '/opt/ros/jazzy/bin:/home/cyberkanjousen/.local/bin:/usr/local/sbin:/usr/local/bin:/usr/sbin:/usr/bin:/sbin:/bin:/usr/games:/usr/local/games:/snap/bin:/snap/bin:/home/cyberkanjousen/.local/bin:/home/cyberkanjousen/.local/bin', 'SESSION_MANAGER': 'local/cyberkanjousen-Legion-Y7000P-IRX10:@/tmp/.ICE-unix/3111,unix/cyberkanjousen-Legion-Y7000P-IRX10:/tmp/.ICE-unix/3111', 'INVOCATION_ID': 'e7fea1e9eb6f4e17a61b475e3444d22f', 'XDG_MENU_PREFIX': 'gnome-', 'ftp_proxy': 'ftp://127.0.0.1:10808', 'SNAP_DATA': '/var/snap/clion/393', 'XDG_RUNTIME_DIR': '/run/user/1000', 'DISPLAY': ':1', 'DESKTOP_STARTUP_ID': 'gnome-shell/CLion/3210-0-cyberkanjousen-Legion-Y7000P-IRX10_TIME51333', 'LANG': 'zh_CN.UTF-8', 'XDG_CURRENT_DESKTOP': 'ubuntu:GNOME', 'XMODIFIERS': '@im=ibus', 'XDG_SESSION_DESKTOP': 'ubuntu', 'XAUTHORITY': '/run/user/1000/gdm/Xauthority', 'LS_COLORS': 'rs=0:di=01;34:ln=01;36:mh=00:pi=40;33:so=01;35:do=01;35:bd=40;33;01:cd=40;33;01:or=40;31;01:mi=00:su=37;41:sg=30;43:ca=00:tw=30;42:ow=34;42:st=37;44:ex=01;32:*.tar=01;31:*.tgz=01;31:*.arc=01;31:*.arj=01;31:*.taz=01;31:*.lha=01;31:*.lz4=01;31:*.lzh=01;31:*.lzma=01;31:*.tlz=01;31:*.txz=01;31:*.tzo=01;31:*.t7z=01;31:*.zip=01;31:*.z=01;31:*.dz=01;31:*.gz=01;31:*.lrz=01;31:*.lz=01;31:*.lzo=01;31:*.xz=01;31:*.zst=01;31:*.tzst=01;31:*.bz2=01;31:*.bz=01;31:*.tbz=01;31:*.tbz2=01;31:*.tz=01;31:*.deb=01;31:*.rpm=01;31:*.jar=01;31:*.war=01;31:*.ear=01;31:*.sar=01;31:*.rar=01;31:*.alz=01;31:*.ace=01;31:*.zoo=01;31:*.cpio=01;31:*.7z=01;31:*.rz=01;31:*.cab=01;31:*.wim=01;31:*.swm=01;31:*.dwm=01;31:*.esd=01;31:*.avif=01;35:*.jpg=01;35:*.jpeg=01;35:*.mjpg=01;35:*.mjpeg=01;35:*.gif=01;35:*.bmp=01;35:*.pbm=01;35:*.pgm=01;35:*.ppm=01;35:*.tga=01;35:*.xbm=01;35:*.xpm=01;35:*.tif=01;35:*.tiff=01;35:*.png=01;35:*.svg=01;35:*.svgz=01;35:*.mng=01;35:*.pcx=01;35:*.mov=01;35:*.mpg=01;35:*.mpeg=01;35:*.m2v=01;35:*.mkv=01;35:*.webm=01;35:*.webp=01;35:*.ogm=01;35:*.mp4=01;35:*.m4v=01;35:*.mp4v=01;35:*.vob=01;35:*.qt=01;35:*.nuv=01;35:*.wmv=01;35:*.asf=01;35:*.rm=01;35:*.rmvb=01;35:*.flc=01;35:*.avi=01;35:*.fli=01;35:*.flv=01;35:*.gl=01;35:*.dl=01;35:*.xcf=01;35:*.xwd=01;35:*.yuv=01;35:*.cgm=01;35:*.emf=01;35:*.ogv=01;35:*.ogx=01;35:*.aac=00;36:*.au=00;36:*.flac=00;36:*.m4a=00;36:*.mid=00;36:*.midi=00;36:*.mka=00;36:*.mp3=00;36:*.mpc=00;36:*.ogg=00;36:*.ra=00;36:*.wav=00;36:*.oga=00;36:*.opus=00;36:*.spx=00;36:*.xspf=00;36:*~=00;90:*#=00;90:*.bak=00;90:*.crdownload=00;90:*.dpkg-dist=00;90:*.dpkg-new=00;90:*.dpkg-old=00;90:*.dpkg-tmp=00;90:*.old=00;90:*.orig=00;90:*.part=00;90:*.rej=00;90:*.rpmnew=00;90:*.rpmorig=00;90:*.rpmsave=00;90:*.swp=00;90:*.tmp=00;90:*.ucf-dist=00;90:*.ucf-new=00;90:*.ucf-old=00;90:', 'SNAP_USER_COMMON': '/home/cyberkanjousen/snap/clion/common', 'SSH_AUTH_SOCK': '/run/user/1000/keyring/ssh', 'SNAP_ARCH': 'amd64', 'AMENT_PREFIX_PATH': '/opt/ros/jazzy', 'SNAP_COOKIE': '7cMq18PPvE0GyoauddMEMHLsazMvDF3aF-ApkkrArLYzdt8gAxjQ', 'SHELL': '/bin/bash', 'QT_ACCESSIBILITY': '1', 'SNAP_REEXEC': '', 'GDMSESSION': 'ubuntu', 'LESSCLOSE': '/usr/bin/lesspipe %s %s', 'SNAP_NAME': 'clion', 'GPG_AGENT_INFO': '/run/user/1000/gnupg/S.gpg-agent:0:1', 'GJS_DEBUG_OUTPUT': 'stderr', 'ROS_AUTOMATIC_DISCOVERY_RANGE': 'SUBNET', 'QT_IM_MODULE': 'ibus', 'PWD': '/home/cyberkanjousen/CLionProjects/ROS2_1/build/cpp_pubsub', 'XDG_CONFIG_DIRS': '/etc/xdg/xdg-ubuntu:/etc/xdg', 'SNAP_REAL_HOME': '/home/cyberkanjousen', 'XDG_DATA_DIRS': '/usr/share/ubuntu:/usr/share/gnome:/usr/local/share/:/usr/share/:/var/lib/snapd/desktop', 'SNAP_EUID': '1000', 'QTWEBENGINE_DICTIONARIES_PATH': '/usr/share/hunspell-bdic/', 'PYTHONPATH': '/opt/ros/jazzy/lib/python3.12/site-packages', 'SNAP': '/snap/clion/393', 'COLCON': '1', 'MEMORY_PRESSURE_WRITE': 'c29tZSAyMDAwMDAgMjAwMDAwMAA=', 'JM_OPTION_PATH': '/home/cyberkanjousen/下载', 'CMAKE_PREFIX_PATH': '/opt/ros/jazzy/opt/gz_math_vendor:/opt/ros/jazzy/opt/gz_utils_vendor:/opt/ros/jazzy/opt/gz_cmake_vendor:/opt/ros/jazzy'}), 'shell': False}
[0.066049] (cpp_pubsub) StdoutLine: {'line': b'-- The C compiler identification is GNU 13.3.0\n'}
[0.067832] (service_114514) StdoutLine: {'line': b'-- The C compiler identification is GNU 13.3.0\n'}
[0.099594] (-) TimerEvent: {}
[0.115050] (cpp_pubsub) StdoutLine: {'line': b'-- The CXX compiler identification is GNU 13.3.0\n'}
[0.123077] (service_114514) StdoutLine: {'line': b'-- The CXX compiler identification is GNU 13.3.0\n'}
[0.130967] (cpp_pubsub) StdoutLine: {'line': b'-- Detecting C compiler ABI info\n'}
[0.143361] (service_114514) StdoutLine: {'line': b'-- Detecting C compiler ABI info\n'}
[0.199794] (-) TimerEvent: {}
[0.223479] (cpp_pubsub) StdoutLine: {'line': b'-- Detecting C compiler ABI info - done\n'}
[0.231526] (service_114514) StdoutLine: {'line': b'-- Detecting C compiler ABI info - done\n'}
[0.233129] (cpp_pubsub) StdoutLine: {'line': b'-- Check for working C compiler: /usr/bin/cc - skipped\n'}
[0.233607] (cpp_pubsub) StdoutLine: {'line': b'-- Detecting C compile features\n'}
[0.233893] (cpp_pubsub) StdoutLine: {'line': b'-- Detecting C compile features - done\n'}
[0.240623] (service_114514) StdoutLine: {'line': b'-- Check for working C compiler: /usr/bin/cc - skipped\n'}
[0.240818] (service_114514) StdoutLine: {'line': b'-- Detecting C compile features\n'}
[0.240945] (service_114514) StdoutLine: {'line': b'-- Detecting C compile features - done\n'}
[0.246112] (cpp_pubsub) StdoutLine: {'line': b'-- Detecting CXX compiler ABI info\n'}
[0.257619] (service_114514) StdoutLine: {'line': b'-- Detecting CXX compiler ABI info\n'}
[0.299965] (-) TimerEvent: {}
[0.342509] (cpp_pubsub) StdoutLine: {'line': b'-- Detecting CXX compiler ABI info - done\n'}
[0.345518] (service_114514) StdoutLine: {'line': b'-- Detecting CXX compiler ABI info - done\n'}
[0.350452] (cpp_pubsub) StdoutLine: {'line': b'-- Check for working CXX compiler: /usr/bin/c++ - skipped\n'}
[0.350745] (cpp_pubsub) StdoutLine: {'line': b'-- Detecting CXX compile features\n'}
[0.351050] (cpp_pubsub) StdoutLine: {'line': b'-- Detecting CXX compile features - done\n'}
[0.352813] (cpp_pubsub) StdoutLine: {'line': b'-- Found ament_cmake: 2.5.4 (/opt/ros/jazzy/share/ament_cmake/cmake)\n'}
[0.353452] (service_114514) StdoutLine: {'line': b'-- Check for working CXX compiler: /usr/bin/c++ - skipped\n'}
[0.353613] (service_114514) StdoutLine: {'line': b'-- Detecting CXX compile features\n'}
[0.354010] (service_114514) StdoutLine: {'line': b'-- Detecting CXX compile features - done\n'}
[0.355503] (service_114514) StdoutLine: {'line': b'-- Found ament_cmake: 2.5.4 (/opt/ros/jazzy/share/ament_cmake/cmake)\n'}
[0.400141] (-) TimerEvent: {}
[0.468771] (service_114514) StdoutLine: {'line': b'-- Found Python3: /usr/bin/python3 (found version "3.12.3") found components: Interpreter \n'}
[0.475699] (cpp_pubsub) StdoutLine: {'line': b'-- Found Python3: /usr/bin/python3 (found version "3.12.3") found components: Interpreter \n'}
[0.500287] (-) TimerEvent: {}
[0.537510] (service_114514) StdoutLine: {'line': b'-- Found rosidl_default_generators: 1.6.0 (/opt/ros/jazzy/share/rosidl_default_generators/cmake)\n'}
[0.540500] (service_114514) StdoutLine: {'line': b'-- Using all available rosidl_typesupport_c: rosidl_typesupport_fastrtps_c;rosidl_typesupport_introspection_c\n'}
[0.546124] (cpp_pubsub) StdoutLine: {'line': b'-- Found rclcpp: 28.1.12 (/opt/ros/jazzy/share/rclcpp/cmake)\n'}
[0.571842] (cpp_pubsub) StdoutLine: {'line': b'-- Found rosidl_generator_c: 4.6.6 (/opt/ros/jazzy/share/rosidl_generator_c/cmake)\n'}
[0.575997] (service_114514) StdoutLine: {'line': b'-- Using all available rosidl_typesupport_cpp: rosidl_typesupport_fastrtps_cpp;rosidl_typesupport_introspection_cpp\n'}
[0.580437] (cpp_pubsub) StdoutLine: {'line': b'-- Found rosidl_generator_cpp: 4.6.6 (/opt/ros/jazzy/share/rosidl_generator_cpp/cmake)\n'}
[0.590602] (cpp_pubsub) StdoutLine: {'line': b'-- Using all available rosidl_typesupport_c: rosidl_typesupport_fastrtps_c;rosidl_typesupport_introspection_c\n'}
[0.600553] (-) TimerEvent: {}
[0.602155] (service_114514) StdoutLine: {'line': b'-- Found rosidl_adapter: 4.6.6 (/opt/ros/jazzy/share/rosidl_adapter/cmake)\n'}
[0.602342] (cpp_pubsub) StdoutLine: {'line': b'-- Using all available rosidl_typesupport_cpp: rosidl_typesupport_fastrtps_cpp;rosidl_typesupport_introspection_cpp\n'}
[0.654593] (cpp_pubsub) StdoutLine: {'line': b'-- Found rmw_implementation_cmake: 7.3.2 (/opt/ros/jazzy/share/rmw_implementation_cmake/cmake)\n'}
[0.656332] (cpp_pubsub) StdoutLine: {'line': b'-- Found rmw_fastrtps_cpp: 8.4.3 (/opt/ros/jazzy/share/rmw_fastrtps_cpp/cmake)\n'}
[0.700651] (-) TimerEvent: {}
[0.723619] (cpp_pubsub) StdoutLine: {'line': b'-- Found OpenSSL: /usr/lib/x86_64-linux-gnu/libcrypto.so (found version "3.0.13")  \n'}
[0.741960] (cpp_pubsub) StdoutLine: {'line': b'-- Found FastRTPS: /opt/ros/jazzy/include (Required is at least version "2.13") \n'}
[0.759510] (cpp_pubsub) StdoutLine: {'line': b"-- Using RMW implementation 'rmw_fastrtps_cpp' as default\n"}
[0.800825] (-) TimerEvent: {}
[0.810940] (cpp_pubsub) StdoutLine: {'line': b'-- Found std_msgs: 5.3.6 (/opt/ros/jazzy/share/std_msgs/cmake)\n'}
[0.883092] (cpp_pubsub) StdoutLine: {'line': b'-- Configuring done (0.9s)\n'}
[0.893752] (cpp_pubsub) StdoutLine: {'line': b'-- Generating done (0.0s)\n'}
[0.900974] (-) TimerEvent: {}
[0.905687] (cpp_pubsub) StdoutLine: {'line': b'-- Build files have been written to: /home/cyberkanjousen/CLionProjects/ROS2_1/build/cpp_pubsub\n'}
[0.913807] (cpp_pubsub) CommandEnded: {'returncode': 0}
[0.914759] (cpp_pubsub) JobProgress: {'identifier': 'cpp_pubsub', 'progress': 'build'}
[0.914785] (cpp_pubsub) Command: {'cmd': ['/usr/bin/cmake', '--build', '/home/cyberkanjousen/CLionProjects/ROS2_1/build/cpp_pubsub', '--', '-j32', '-l32'], 'cwd': '/home/cyberkanjousen/CLionProjects/ROS2_1/build/cpp_pubsub', 'env': OrderedDict({'TERM_SESSION_ID': '63c909e5-d298-4cc9-832e-4a5012225e58', 'GJS_DEBUG_TOPICS': 'JS ERROR;JS LOG', 'XDG_ACTIVATION_TOKEN': 'gnome-shell/CLion/3210-0-cyberkanjousen-Legion-Y7000P-IRX10_TIME51333', 'LESSOPEN': '| /usr/bin/lesspipe %s', 'SNAP_INSTANCE_KEY': '', 'USER': 'cyberkanjousen', 'SNAP_COMMON': '/var/snap/clion/common', 'socks_host': 'socks://127.0.0.1:10808', 'XDG_SESSION_TYPE': 'x11', 'SNAP_UID': '1000', 'CLUTTER_DISABLE_MIPMAPPED_TEXT': '1', 'SHLVL': '1', 'LD_LIBRARY_PATH': '/opt/ros/jazzy/opt/rviz_ogre_vendor/lib:/opt/ros/jazzy/lib/x86_64-linux-gnu:/opt/ros/jazzy/opt/gz_math_vendor/lib:/opt/ros/jazzy/opt/gz_utils_vendor/lib:/opt/ros/jazzy/opt/gz_cmake_vendor/lib:/opt/ros/jazzy/lib', 'HOME': '/home/cyberkanjousen', 'SNAP_LIBRARY_PATH': '/var/lib/snapd/lib/gl:/var/lib/snapd/lib/gl32:/var/lib/snapd/void', 'DESKTOP_SESSION': 'ubuntu', 'SNAP_USER_DATA': '/home/cyberkanjousen/snap/clion/393', 'TERMINAL_EMULATOR': 'JetBrains-JediTerm', 'GIO_LAUNCHED_DESKTOP_FILE': '/var/lib/snapd/desktop/applications/clion_clion.desktop', 'ROS_PYTHON_VERSION': '3', 'GNOME_SHELL_SESSION_MODE': 'ubuntu', 'GTK_MODULES': 'gail:atk-bridge', 'MANAGERPID': '2765', 'SYSTEMD_EXEC_PID': '3210', 'GSM_SKIP_SSH_AGENT_WORKAROUND': 'true', 'DBUS_SESSION_BUS_ADDRESS': 'unix:path=/run/user/1000/bus', 'SNAP_REVISION': '393', 'GIO_LAUNCHED_DESKTOP_FILE_PID': '4290', 'DEBUGINFOD_URLS': 'https://debuginfod.ubuntu.com', 'https_proxy': 'http://127.0.0.1:10808', 'ROS_DISTRO': 'jazzy', 'LOGNAME': 'cyberkanjousen', 'SNAP_CONTEXT': '7cMq18PPvE0GyoauddMEMHLsazMvDF3aF-ApkkrArLYzdt8gAxjQ', 'http_proxy': 'http://127.0.0.1:10808', 'JOURNAL_STREAM': '9:40206', '_': '/usr/bin/colcon', 'ROS_VERSION': '2', 'MEMORY_PRESSURE_WATCH': '/sys/fs/cgroup/user.slice/user-1000.slice/user@1000.service/session.slice/org.gnome.Shell@x11.service/memory.pressure', 'XDG_SESSION_CLASS': 'user', 'SNAP_VERSION': '2025.2.4', 'USERNAME': 'cyberkanjousen', 'TERM': 'xterm-256color', 'GNOME_DESKTOP_SESSION_ID': 'this-is-deprecated', 'SNAP_INSTANCE_NAME': 'clion', 'WINDOWPATH': '2', 'PATH': '/opt/ros/jazzy/bin:/home/cyberkanjousen/.local/bin:/usr/local/sbin:/usr/local/bin:/usr/sbin:/usr/bin:/sbin:/bin:/usr/games:/usr/local/games:/snap/bin:/snap/bin:/home/cyberkanjousen/.local/bin:/home/cyberkanjousen/.local/bin', 'SESSION_MANAGER': 'local/cyberkanjousen-Legion-Y7000P-IRX10:@/tmp/.ICE-unix/3111,unix/cyberkanjousen-Legion-Y7000P-IRX10:/tmp/.ICE-unix/3111', 'INVOCATION_ID': 'e7fea1e9eb6f4e17a61b475e3444d22f', 'XDG_MENU_PREFIX': 'gnome-', 'ftp_proxy': 'ftp://127.0.0.1:10808', 'SNAP_DATA': '/var/snap/clion/393', 'XDG_RUNTIME_DIR': '/run/user/1000', 'DISPLAY': ':1', 'DESKTOP_STARTUP_ID': 'gnome-shell/CLion/3210-0-cyberkanjousen-Legion-Y7000P-IRX10_TIME51333', 'LANG': 'zh_CN.UTF-8', 'XDG_CURRENT_DESKTOP': 'ubuntu:GNOME', 'XMODIFIERS': '@im=ibus', 'XDG_SESSION_DESKTOP': 'ubuntu', 'XAUTHORITY': '/run/user/1000/gdm/Xauthority', 'LS_COLORS': 'rs=0:di=01;34:ln=01;36:mh=00:pi=40;33:so=01;35:do=01;35:bd=40;33;01:cd=40;33;01:or=40;31;01:mi=00:su=37;41:sg=30;43:ca=00:tw=30;42:ow=34;42:st=37;44:ex=01;32:*.tar=01;31:*.tgz=01;31:*.arc=01;31:*.arj=01;31:*.taz=01;31:*.lha=01;31:*.lz4=01;31:*.lzh=01;31:*.lzma=01;31:*.tlz=01;31:*.txz=01;31:*.tzo=01;31:*.t7z=01;31:*.zip=01;31:*.z=01;31:*.dz=01;31:*.gz=01;31:*.lrz=01;31:*.lz=01;31:*.lzo=01;31:*.xz=01;31:*.zst=01;31:*.tzst=01;31:*.bz2=01;31:*.bz=01;31:*.tbz=01;31:*.tbz2=01;31:*.tz=01;31:*.deb=01;31:*.rpm=01;31:*.jar=01;31:*.war=01;31:*.ear=01;31:*.sar=01;31:*.rar=01;31:*.alz=01;31:*.ace=01;31:*.zoo=01;31:*.cpio=01;31:*.7z=01;31:*.rz=01;31:*.cab=01;31:*.wim=01;31:*.swm=01;31:*.dwm=01;31:*.esd=01;31:*.avif=01;35:*.jpg=01;35:*.jpeg=01;35:*.mjpg=01;35:*.mjpeg=01;35:*.gif=01;35:*.bmp=01;35:*.pbm=01;35:*.pgm=01;35:*.ppm=01;35:*.tga=01;35:*.xbm=01;35:*.xpm=01;35:*.tif=01;35:*.tiff=01;35:*.png=01;35:*.svg=01;35:*.svgz=01;35:*.mng=01;35:*.pcx=01;35:*.mov=01;35:*.mpg=01;35:*.mpeg=01;35:*.m2v=01;35:*.mkv=01;35:*.webm=01;35:*.webp=01;35:*.ogm=01;35:*.mp4=01;35:*.m4v=01;35:*.mp4v=01;35:*.vob=01;35:*.qt=01;35:*.nuv=01;35:*.wmv=01;35:*.asf=01;35:*.rm=01;35:*.rmvb=01;35:*.flc=01;35:*.avi=01;35:*.fli=01;35:*.flv=01;35:*.gl=01;35:*.dl=01;35:*.xcf=01;35:*.xwd=01;35:*.yuv=01;35:*.cgm=01;35:*.emf=01;35:*.ogv=01;35:*.ogx=01;35:*.aac=00;36:*.au=00;36:*.flac=00;36:*.m4a=00;36:*.mid=00;36:*.midi=00;36:*.mka=00;36:*.mp3=00;36:*.mpc=00;36:*.ogg=00;36:*.ra=00;36:*.wav=00;36:*.oga=00;36:*.opus=00;36:*.spx=00;36:*.xspf=00;36:*~=00;90:*#=00;90:*.bak=00;90:*.crdownload=00;90:*.dpkg-dist=00;90:*.dpkg-new=00;90:*.dpkg-old=00;90:*.dpkg-tmp=00;90:*.old=00;90:*.orig=00;90:*.part=00;90:*.rej=00;90:*.rpmnew=00;90:*.rpmorig=00;90:*.rpmsave=00;90:*.swp=00;90:*.tmp=00;90:*.ucf-dist=00;90:*.ucf-new=00;90:*.ucf-old=00;90:', 'SNAP_USER_COMMON': '/home/cyberkanjousen/snap/clion/common', 'SSH_AUTH_SOCK': '/run/user/1000/keyring/ssh', 'SNAP_ARCH': 'amd64', 'AMENT_PREFIX_PATH': '/opt/ros/jazzy', 'SNAP_COOKIE': '7cMq18PPvE0GyoauddMEMHLsazMvDF3aF-ApkkrArLYzdt8gAxjQ', 'SHELL': '/bin/bash', 'QT_ACCESSIBILITY': '1', 'SNAP_REEXEC': '', 'GDMSESSION': 'ubuntu', 'LESSCLOSE': '/usr/bin/lesspipe %s %s', 'SNAP_NAME': 'clion', 'GPG_AGENT_INFO': '/run/user/1000/gnupg/S.gpg-agent:0:1', 'GJS_DEBUG_OUTPUT': 'stderr', 'ROS_AUTOMATIC_DISCOVERY_RANGE': 'SUBNET', 'QT_IM_MODULE': 'ibus', 'PWD': '/home/cyberkanjousen/CLionProjects/ROS2_1/build/cpp_pubsub', 'XDG_CONFIG_DIRS': '/etc/xdg/xdg-ubuntu:/etc/xdg', 'SNAP_REAL_HOME': '/home/cyberkanjousen', 'XDG_DATA_DIRS': '/usr/share/ubuntu:/usr/share/gnome:/usr/local/share/:/usr/share/:/var/lib/snapd/desktop', 'SNAP_EUID': '1000', 'QTWEBENGINE_DICTIONARIES_PATH': '/usr/share/hunspell-bdic/', 'PYTHONPATH': '/opt/ros/jazzy/lib/python3.12/site-packages', 'SNAP': '/snap/clion/393', 'COLCON': '1', 'MEMORY_PRESSURE_WRITE': 'c29tZSAyMDAwMDAgMjAwMDAwMAA=', 'JM_OPTION_PATH': '/home/cyberkanjousen/下载', 'CMAKE_PREFIX_PATH': '/opt/ros/jazzy/opt/gz_math_vendor:/opt/ros/jazzy/opt/gz_utils_vendor:/opt/ros/jazzy/opt/gz_cmake_vendor:/opt/ros/jazzy'}), 'shell': False}
[0.924732] (cpp_pubsub) StdoutLine: {'line': b'\n'}
[0.924958] (cpp_pubsub) StdoutLine: {'line': b'[0/8] Building CXX object CMakeFiles/talker.dir/src/publisher_lambda_function.cpp.o\x1b[K\n'}
[0.925251] (cpp_pubsub) StdoutLine: {'line': b'[0/8] Building CXX object CMakeFiles/listener.dir/src/subscriber_lambda_function.cpp.o\x1b[K\n'}
[0.925446] (cpp_pubsub) StdoutLine: {'line': b'[0/8] Building CXX object CMakeFiles/publisher_114514.dir/src/publisher_114514.cpp.o\x1b[K\n'}
[1.001112] (-) TimerEvent: {}
[1.051531] (service_114514) StdoutLine: {'line': b'-- Found ament_cmake_ros: 0.12.0 (/opt/ros/jazzy/share/ament_cmake_ros/cmake)\n'}
[1.101242] (-) TimerEvent: {}
[1.201521] (-) TimerEvent: {}
[1.301814] (-) TimerEvent: {}
[1.402076] (-) TimerEvent: {}
[1.414687] (service_114514) StdoutLine: {'line': b'-- Using all available rosidl_typesupport_c: rosidl_typesupport_fastrtps_c;rosidl_typesupport_introspection_c\n'}
[1.502205] (-) TimerEvent: {}
[1.602504] (-) TimerEvent: {}
[1.702838] (-) TimerEvent: {}
[1.803170] (-) TimerEvent: {}
[1.887984] (service_114514) StdoutLine: {'line': b'-- Using all available rosidl_typesupport_cpp: rosidl_typesupport_fastrtps_cpp;rosidl_typesupport_introspection_cpp\n'}
[1.889588] (service_114514) StdoutLine: {'line': b'-- Found python_cmake_module: 0.11.1 (/opt/ros/jazzy/share/python_cmake_module/cmake)\n'}
[1.903332] (-) TimerEvent: {}
[1.999453] (service_114514) StdoutLine: {'line': b'-- Found PythonExtra: /usr/bin/python3  \n'}
[2.003441] (-) TimerEvent: {}
[2.103754] (-) TimerEvent: {}
[2.204077] (-) TimerEvent: {}
[2.304391] (-) TimerEvent: {}
[2.343606] (service_114514) StdoutLine: {'line': b'-- Found Python3: /usr/bin/python3 (found version "3.12.3") found components: Interpreter Development NumPy Development.Module Development.Embed \n'}
[2.366929] (service_114514) StdoutLine: {'line': b'-- Found ament_lint_auto: 0.17.3 (/opt/ros/jazzy/share/ament_lint_auto/cmake)\n'}
[2.378200] (service_114514) StdoutLine: {'line': b"-- Added test 'lint_cmake' to check CMake code style\n"}
[2.379004] (service_114514) StdoutLine: {'line': b"-- Added test 'xmllint' to check XML markup files\n"}
[2.380637] (service_114514) StdoutLine: {'line': b'-- Configuring done (2.4s)\n'}
[2.396175] (service_114514) StdoutLine: {'line': b'-- Generating done (0.0s)\n'}
[2.404535] (-) TimerEvent: {}
[2.411389] (service_114514) StdoutLine: {'line': b'-- Build files have been written to: /home/cyberkanjousen/CLionProjects/ROS2_1/build/service_114514\n'}
[2.420041] (service_114514) CommandEnded: {'returncode': 0}
[2.420431] (service_114514) JobProgress: {'identifier': 'service_114514', 'progress': 'build'}
[2.420458] (service_114514) Command: {'cmd': ['/usr/bin/cmake', '--build', '/home/cyberkanjousen/CLionProjects/ROS2_1/build/service_114514', '--', '-j32', '-l32'], 'cwd': '/home/cyberkanjousen/CLionProjects/ROS2_1/build/service_114514', 'env': OrderedDict({'TERM_SESSION_ID': '63c909e5-d298-4cc9-832e-4a5012225e58', 'GJS_DEBUG_TOPICS': 'JS ERROR;JS LOG', 'XDG_ACTIVATION_TOKEN': 'gnome-shell/CLion/3210-0-cyberkanjousen-Legion-Y7000P-IRX10_TIME51333', 'LESSOPEN': '| /usr/bin/lesspipe %s', 'SNAP_INSTANCE_KEY': '', 'USER': 'cyberkanjousen', 'SNAP_COMMON': '/var/snap/clion/common', 'socks_host': 'socks://127.0.0.1:10808', 'XDG_SESSION_TYPE': 'x11', 'SNAP_UID': '1000', 'CLUTTER_DISABLE_MIPMAPPED_TEXT': '1', 'SHLVL': '1', 'LD_LIBRARY_PATH': '/opt/ros/jazzy/opt/rviz_ogre_vendor/lib:/opt/ros/jazzy/lib/x86_64-linux-gnu:/opt/ros/jazzy/opt/gz_math_vendor/lib:/opt/ros/jazzy/opt/gz_utils_vendor/lib:/opt/ros/jazzy/opt/gz_cmake_vendor/lib:/opt/ros/jazzy/lib', 'HOME': '/home/cyberkanjousen', 'SNAP_LIBRARY_PATH': '/var/lib/snapd/lib/gl:/var/lib/snapd/lib/gl32:/var/lib/snapd/void', 'DESKTOP_SESSION': 'ubuntu', 'SNAP_USER_DATA': '/home/cyberkanjousen/snap/clion/393', 'TERMINAL_EMULATOR': 'JetBrains-JediTerm', 'GIO_LAUNCHED_DESKTOP_FILE': '/var/lib/snapd/desktop/applications/clion_clion.desktop', 'ROS_PYTHON_VERSION': '3', 'GNOME_SHELL_SESSION_MODE': 'ubuntu', 'GTK_MODULES': 'gail:atk-bridge', 'MANAGERPID': '2765', 'SYSTEMD_EXEC_PID': '3210', 'GSM_SKIP_SSH_AGENT_WORKAROUND': 'true', 'DBUS_SESSION_BUS_ADDRESS': 'unix:path=/run/user/1000/bus', 'SNAP_REVISION': '393', 'GIO_LAUNCHED_DESKTOP_FILE_PID': '4290', 'DEBUGINFOD_URLS': 'https://debuginfod.ubuntu.com', 'https_proxy': 'http://127.0.0.1:10808', 'ROS_DISTRO': 'jazzy', 'LOGNAME': 'cyberkanjousen', 'SNAP_CONTEXT': '7cMq18PPvE0GyoauddMEMHLsazMvDF3aF-ApkkrArLYzdt8gAxjQ', 'http_proxy': 'http://127.0.0.1:10808', 'JOURNAL_STREAM': '9:40206', '_': '/usr/bin/colcon', 'ROS_VERSION': '2', 'MEMORY_PRESSURE_WATCH': '/sys/fs/cgroup/user.slice/user-1000.slice/user@1000.service/session.slice/org.gnome.Shell@x11.service/memory.pressure', 'XDG_SESSION_CLASS': 'user', 'SNAP_VERSION': '2025.2.4', 'USERNAME': 'cyberkanjousen', 'TERM': 'xterm-256color', 'GNOME_DESKTOP_SESSION_ID': 'this-is-deprecated', 'SNAP_INSTANCE_NAME': 'clion', 'WINDOWPATH': '2', 'PATH': '/opt/ros/jazzy/bin:/home/cyberkanjousen/.local/bin:/usr/local/sbin:/usr/local/bin:/usr/sbin:/usr/bin:/sbin:/bin:/usr/games:/usr/local/games:/snap/bin:/snap/bin:/home/cyberkanjousen/.local/bin:/home/cyberkanjousen/.local/bin', 'SESSION_MANAGER': 'local/cyberkanjousen-Legion-Y7000P-IRX10:@/tmp/.ICE-unix/3111,unix/cyberkanjousen-Legion-Y7000P-IRX10:/tmp/.ICE-unix/3111', 'INVOCATION_ID': 'e7fea1e9eb6f4e17a61b475e3444d22f', 'XDG_MENU_PREFIX': 'gnome-', 'ftp_proxy': 'ftp://127.0.0.1:10808', 'SNAP_DATA': '/var/snap/clion/393', 'XDG_RUNTIME_DIR': '/run/user/1000', 'DISPLAY': ':1', 'DESKTOP_STARTUP_ID': 'gnome-shell/CLion/3210-0-cyberkanjousen-Legion-Y7000P-IRX10_TIME51333', 'LANG': 'zh_CN.UTF-8', 'XDG_CURRENT_DESKTOP': 'ubuntu:GNOME', 'XMODIFIERS': '@im=ibus', 'XDG_SESSION_DESKTOP': 'ubuntu', 'XAUTHORITY': '/run/user/1000/gdm/Xauthority', 'LS_COLORS': 'rs=0:di=01;34:ln=01;36:mh=00:pi=40;33:so=01;35:do=01;35:bd=40;33;01:cd=40;33;01:or=40;31;01:mi=00:su=37;41:sg=30;43:ca=00:tw=30;42:ow=34;42:st=37;44:ex=01;32:*.tar=01;31:*.tgz=01;31:*.arc=01;31:*.arj=01;31:*.taz=01;31:*.lha=01;31:*.lz4=01;31:*.lzh=01;31:*.lzma=01;31:*.tlz=01;31:*.txz=01;31:*.tzo=01;31:*.t7z=01;31:*.zip=01;31:*.z=01;31:*.dz=01;31:*.gz=01;31:*.lrz=01;31:*.lz=01;31:*.lzo=01;31:*.xz=01;31:*.zst=01;31:*.tzst=01;31:*.bz2=01;31:*.bz=01;31:*.tbz=01;31:*.tbz2=01;31:*.tz=01;31:*.deb=01;31:*.rpm=01;31:*.jar=01;31:*.war=01;31:*.ear=01;31:*.sar=01;31:*.rar=01;31:*.alz=01;31:*.ace=01;31:*.zoo=01;31:*.cpio=01;31:*.7z=01;31:*.rz=01;31:*.cab=01;31:*.wim=01;31:*.swm=01;31:*.dwm=01;31:*.esd=01;31:*.avif=01;35:*.jpg=01;35:*.jpeg=01;35:*.mjpg=01;35:*.mjpeg=01;35:*.gif=01;35:*.bmp=01;35:*.pbm=01;35:*.pgm=01;35:*.ppm=01;35:*.tga=01;35:*.xbm=01;35:*.xpm=01;35:*.tif=01;35:*.tiff=01;35:*.png=01;35:*.svg=01;35:*.svgz=01;35:*.mng=01;35:*.pcx=01;35:*.mov=01;35:*.mpg=01;35:*.mpeg=01;35:*.m2v=01;35:*.mkv=01;35:*.webm=01;35:*.webp=01;35:*.ogm=01;35:*.mp4=01;35:*.m4v=01;35:*.mp4v=01;35:*.vob=01;35:*.qt=01;35:*.nuv=01;35:*.wmv=01;35:*.asf=01;35:*.rm=01;35:*.rmvb=01;35:*.flc=01;35:*.avi=01;35:*.fli=01;35:*.flv=01;35:*.gl=01;35:*.dl=01;35:*.xcf=01;35:*.xwd=01;35:*.yuv=01;35:*.cgm=01;35:*.emf=01;35:*.ogv=01;35:*.ogx=01;35:*.aac=00;36:*.au=00;36:*.flac=00;36:*.m4a=00;36:*.mid=00;36:*.midi=00;36:*.mka=00;36:*.mp3=00;36:*.mpc=00;36:*.ogg=00;36:*.ra=00;36:*.wav=00;36:*.oga=00;36:*.opus=00;36:*.spx=00;36:*.xspf=00;36:*~=00;90:*#=00;90:*.bak=00;90:*.crdownload=00;90:*.dpkg-dist=00;90:*.dpkg-new=00;90:*.dpkg-old=00;90:*.dpkg-tmp=00;90:*.old=00;90:*.orig=00;90:*.part=00;90:*.rej=00;90:*.rpmnew=00;90:*.rpmorig=00;90:*.rpmsave=00;90:*.swp=00;90:*.tmp=00;90:*.ucf-dist=00;90:*.ucf-new=00;90:*.ucf-old=00;90:', 'SNAP_USER_COMMON': '/home/cyberkanjousen/snap/clion/common', 'SSH_AUTH_SOCK': '/run/user/1000/keyring/ssh', 'SNAP_ARCH': 'amd64', 'AMENT_PREFIX_PATH': '/opt/ros/jazzy', 'SNAP_COOKIE': '7cMq18PPvE0GyoauddMEMHLsazMvDF3aF-ApkkrArLYzdt8gAxjQ', 'SHELL': '/bin/bash', 'QT_ACCESSIBILITY': '1', 'SNAP_REEXEC': '', 'GDMSESSION': 'ubuntu', 'LESSCLOSE': '/usr/bin/lesspipe %s %s', 'SNAP_NAME': 'clion', 'GPG_AGENT_INFO': '/run/user/1000/gnupg/S.gpg-agent:0:1', 'GJS_DEBUG_OUTPUT': 'stderr', 'ROS_AUTOMATIC_DISCOVERY_RANGE': 'SUBNET', 'QT_IM_MODULE': 'ibus', 'PWD': '/home/cyberkanjousen/CLionProjects/ROS2_1/build/service_114514', 'XDG_CONFIG_DIRS': '/etc/xdg/xdg-ubuntu:/etc/xdg', 'SNAP_REAL_HOME': '/home/cyberkanjousen', 'XDG_DATA_DIRS': '/usr/share/ubuntu:/usr/share/gnome:/usr/local/share/:/usr/share/:/var/lib/snapd/desktop', 'SNAP_EUID': '1000', 'QTWEBENGINE_DICTIONARIES_PATH': '/usr/share/hunspell-bdic/', 'PYTHONPATH': '/opt/ros/jazzy/lib/python3.12/site-packages', 'SNAP': '/snap/clion/393', 'COLCON': '1', 'MEMORY_PRESSURE_WRITE': 'c29tZSAyMDAwMDAgMjAwMDAwMAA=', 'JM_OPTION_PATH': '/home/cyberkanjousen/下载', 'CMAKE_PREFIX_PATH': '/opt/ros/jazzy/opt/gz_math_vendor:/opt/ros/jazzy/opt/gz_utils_vendor:/opt/ros/jazzy/opt/gz_cmake_vendor:/opt/ros/jazzy'}), 'shell': False}
[2.431740] (service_114514) StdoutLine: {'line': b'\n'}
[2.432357] (service_114514) StdoutLine: {'line': b'[0/36] Generating type hashes for ROS interfaces\x1b[K\n'}
[2.441494] (service_114514) StdoutLine: {'line': b'[0/36] cd /home/cyberkanjousen/CLionProjects/ROS2_1/build/service_114514 && /usr/bin/cmake -E copy_directory /home/cyberkanjousen/CLionProjects/ROS2_1/build/service_114514/rosidl_generator_py/service_114514 /home/cyberkanjousen/CLionProjects/ROS2_1/build/service_114514/ament_cmake_python/service_114514/service_114514\x1b[K\n'}
[2.441728] (service_114514) StdoutLine: {'line': b'[1/36] cd /home/cyberkanjousen/CLionProjects/ROS2_1/build/service_114514 && /usr/bin/cmake -E copy_directory /home/cyberkanjousen/CLionProjects/ROS2_1/build/service_114514/rosidl_generator_py/service_114514 /home/cyberkanjousen/CLionProjects/ROS2_1/build/service_114514/ament_cmake_python/service_114514/service_114514\x1b[K\n'}
[2.504631] (-) TimerEvent: {}
[2.552160] (service_114514) StdoutLine: {'line': b'[1/36] cd /home/cyberkanjousen/CLionProjects/ROS2_1/build/service_114514/ament_cmake_python/service_114514 && /usr/bin/python3 setup.py egg_info\x1b[K\n'}
[2.552318] (service_114514) StdoutLine: {'line': b'[2/36] Generating type hashes for ROS interfaces\x1b[K\n'}
[2.552884] (service_114514) StdoutLine: {'line': b'[2/36] Generating C code for ROS interfaces\x1b[K\n'}
[2.604755] (-) TimerEvent: {}
[2.627450] (service_114514) StdoutLine: {'line': b'[2/36] Generating C++ code for ROS interfaces\x1b[K\n'}
[2.627578] (service_114514) StdoutLine: {'line': b'[3/36] cd /home/cyberkanjousen/CLionProjects/ROS2_1/build/service_114514/ament_cmake_python/service_114514 && /usr/bin/python3 setup.py egg_info\x1b[K\n'}
[2.627625] (service_114514) StdoutLine: {'line': b'running egg_info\n'}
[2.627664] (service_114514) StdoutLine: {'line': b'creating service_114514.egg-info\n'}
[2.627704] (service_114514) StdoutLine: {'line': b'writing service_114514.egg-info/PKG-INFO\n'}
[2.627739] (service_114514) StdoutLine: {'line': b'writing dependency_links to service_114514.egg-info/dependency_links.txt\n'}
[2.627775] (service_114514) StdoutLine: {'line': b'writing top-level names to service_114514.egg-info/top_level.txt\n'}
[2.627811] (service_114514) StdoutLine: {'line': b"writing manifest file 'service_114514.egg-info/SOURCES.txt'\n"}
[2.627845] (service_114514) StdoutLine: {'line': b"reading manifest file 'service_114514.egg-info/SOURCES.txt'\n"}
[2.627880] (service_114514) StdoutLine: {'line': b"writing manifest file 'service_114514.egg-info/SOURCES.txt'\n"}
[2.704913] (-) TimerEvent: {}
[2.727515] (service_114514) StdoutLine: {'line': b'\n'}
[2.733895] (service_114514) StdoutLine: {'line': b'[4/36] Generating C++ code for ROS interfaces\x1b[K\n'}
[2.734032] (service_114514) StdoutLine: {'line': b'[5/36] Generating C code for ROS interfaces\x1b[K\n'}
[2.734286] (service_114514) StdoutLine: {'line': b'[5/36] Building C object CMakeFiles/service_114514__rosidl_generator_c.dir/rosidl_generator_c/service_114514/srv/detail/add_two_ints__description.c.o\x1b[K\n'}
[2.734931] (service_114514) StdoutLine: {'line': b'[5/36] Building C object CMakeFiles/service_114514__rosidl_generator_c.dir/rosidl_generator_c/service_114514/srv/detail/add_two_ints__functions.c.o\x1b[K\n'}
[2.761148] (service_114514) StdoutLine: {'line': b'[5/36] Building C object CMakeFiles/service_114514__rosidl_generator_c.dir/rosidl_generator_c/service_114514/srv/detail/add_two_ints__type_support.c.o\x1b[K\n'}
[2.766750] (service_114514) StdoutLine: {'line': b'[6/36] Building C object CMakeFiles/service_114514__rosidl_generator_c.dir/rosidl_generator_c/service_114514/srv/detail/add_two_ints__type_support.c.o\x1b[K\n'}
[2.792136] (service_114514) StdoutLine: {'line': b'[7/36] Building C object CMakeFiles/service_114514__rosidl_generator_c.dir/rosidl_generator_c/service_114514/srv/detail/add_two_ints__description.c.o\x1b[K\n'}
[2.792287] (service_114514) StdoutLine: {'line': b'[8/36] Building C object CMakeFiles/service_114514__rosidl_generator_c.dir/rosidl_generator_c/service_114514/srv/detail/add_two_ints__functions.c.o\x1b[K\n'}
[2.805034] (-) TimerEvent: {}
[2.811455] (service_114514) StdoutLine: {'line': b'[8/36] Linking C shared library libservice_114514__rosidl_generator_c.so\x1b[K\n'}
[2.811594] (service_114514) StdoutLine: {'line': b'[9/36] Linking C shared library libservice_114514__rosidl_generator_c.so\x1b[K\n'}
[2.812064] (service_114514) StdoutLine: {'line': b'[9/36] Generating C type support for eProsima Fast-RTPS\x1b[K\n'}
[2.812244] (service_114514) StdoutLine: {'line': b'[9/36] Generating C introspection for ROS interfaces\x1b[K\n'}
[2.812598] (service_114514) StdoutLine: {'line': b'[9/36] Generating C type support dispatch for ROS interfaces\x1b[K\n'}
[2.812945] (service_114514) StdoutLine: {'line': b'[9/36] Generating C++ type support for eProsima Fast-RTPS\x1b[K\n'}
[2.813185] (service_114514) StdoutLine: {'line': b'[9/36] Generating C++ introspection for ROS interfaces\x1b[K\n'}
[2.905229] (-) TimerEvent: {}
[2.948243] (service_114514) StdoutLine: {'line': b'[9/36] Generating C++ type support dispatch for ROS interfaces\x1b[K\n'}
[2.948453] (service_114514) StdoutLine: {'line': b'[10/36] Generating C++ type support dispatch for ROS interfaces\x1b[K\n'}
[2.954655] (service_114514) StdoutLine: {'line': b'[10/36] Building CXX object CMakeFiles/service_114514__rosidl_typesupport_cpp.dir/rosidl_typesupport_cpp/service_114514/srv/add_two_ints__type_support.cpp.o\x1b[K\n'}
[2.954844] (service_114514) StdoutLine: {'line': b'[11/36] Generating C++ introspection for ROS interfaces\x1b[K\n'}
[2.962514] (service_114514) StdoutLine: {'line': b'[11/36] Building CXX object CMakeFiles/service_114514__rosidl_typesupport_introspection_cpp.dir/rosidl_typesupport_introspection_cpp/service_114514/srv/detail/add_two_ints__type_support.cpp.o\x1b[K\n'}
[2.962695] (service_114514) StdoutLine: {'line': b'[12/36] Generating C introspection for ROS interfaces\x1b[K\n'}
[2.975951] (service_114514) StdoutLine: {'line': b'[12/36] Building C object CMakeFiles/service_114514__rosidl_typesupport_introspection_c.dir/rosidl_typesupport_introspection_c/service_114514/srv/detail/add_two_ints__type_support.c.o\x1b[K\n'}
[2.976161] (service_114514) StdoutLine: {'line': b'[13/36] Generating C++ type support for eProsima Fast-RTPS\x1b[K\n'}
[2.992859] (service_114514) StdoutLine: {'line': b'[13/36] Building CXX object CMakeFiles/service_114514__rosidl_typesupport_fastrtps_cpp.dir/rosidl_typesupport_fastrtps_cpp/service_114514/srv/detail/dds_fastrtps/add_two_ints__type_support.cpp.o\x1b[K\n'}
[2.992992] (service_114514) StdoutLine: {'line': b'[14/36] Building C object CMakeFiles/service_114514__rosidl_typesupport_introspection_c.dir/rosidl_typesupport_introspection_c/service_114514/srv/detail/add_two_ints__type_support.c.o\x1b[K\n'}
[3.005346] (-) TimerEvent: {}
[3.005970] (service_114514) StdoutLine: {'line': b'[14/36] Linking C shared library libservice_114514__rosidl_typesupport_introspection_c.so\x1b[K\n'}
[3.012878] (service_114514) StdoutLine: {'line': b'[15/36] Linking C shared library libservice_114514__rosidl_typesupport_introspection_c.so\x1b[K\n'}
[3.013003] (service_114514) StdoutLine: {'line': b'[16/36] Generating C type support dispatch for ROS interfaces\x1b[K\n'}
[3.049755] (service_114514) StdoutLine: {'line': b'[16/36] Building CXX object CMakeFiles/service_114514__rosidl_typesupport_c.dir/rosidl_typesupport_c/service_114514/srv/add_two_ints__type_support.cpp.o\x1b[K\n'}
[3.049950] (service_114514) StdoutLine: {'line': b'[17/36] Building CXX object CMakeFiles/service_114514__rosidl_typesupport_c.dir/rosidl_typesupport_c/service_114514/srv/add_two_ints__type_support.cpp.o\x1b[K\n'}
[3.058385] (service_114514) StdoutLine: {'line': b'[17/36] Linking CXX shared library libservice_114514__rosidl_typesupport_c.so\x1b[K\n'}
[3.058524] (service_114514) StdoutLine: {'line': b'[18/36] Generating C type support for eProsima Fast-RTPS\x1b[K\n'}
[3.073000] (service_114514) StdoutLine: {'line': b'[18/36] Building CXX object CMakeFiles/service_114514__rosidl_typesupport_fastrtps_c.dir/rosidl_typesupport_fastrtps_c/service_114514/srv/detail/add_two_ints__type_support_c.cpp.o\x1b[K\n'}
[3.105414] (-) TimerEvent: {}
[3.171840] (service_114514) StdoutLine: {'line': b'[19/36] Linking CXX shared library libservice_114514__rosidl_typesupport_c.so\x1b[K\n'}
[3.172064] (service_114514) StdoutLine: {'line': b'[20/36] Building CXX object CMakeFiles/service_114514__rosidl_typesupport_cpp.dir/rosidl_typesupport_cpp/service_114514/srv/add_two_ints__type_support.cpp.o\x1b[K\n'}
[3.193936] (service_114514) StdoutLine: {'line': b'[20/36] Linking CXX shared library libservice_114514__rosidl_typesupport_cpp.so\x1b[K\n'}
[3.194156] (service_114514) StdoutLine: {'line': b'[21/36] Building CXX object CMakeFiles/service_114514__rosidl_typesupport_introspection_cpp.dir/rosidl_typesupport_introspection_cpp/service_114514/srv/detail/add_two_ints__type_support.cpp.o\x1b[K\n'}
[3.205518] (-) TimerEvent: {}
[3.216522] (service_114514) StdoutLine: {'line': b'[21/36] Linking CXX shared library libservice_114514__rosidl_typesupport_introspection_cpp.so\x1b[K\n'}
[3.235789] (service_114514) StdoutLine: {'line': b'[22/36] Linking CXX shared library libservice_114514__rosidl_typesupport_cpp.so\x1b[K\n'}
[3.305594] (-) TimerEvent: {}
[3.329179] (service_114514) StdoutLine: {'line': b'[23/36] Linking CXX shared library libservice_114514__rosidl_typesupport_introspection_cpp.so\x1b[K\n'}
[3.329409] (service_114514) StdoutLine: {'line': b'[24/36] Building CXX object CMakeFiles/service_114514__rosidl_typesupport_fastrtps_cpp.dir/rosidl_typesupport_fastrtps_cpp/service_114514/srv/detail/dds_fastrtps/add_two_ints__type_support.cpp.o\x1b[K\n'}
[3.353093] (service_114514) StdoutLine: {'line': b'[24/36] Linking CXX shared library libservice_114514__rosidl_typesupport_fastrtps_cpp.so\x1b[K\n'}
[3.353254] (service_114514) StdoutLine: {'line': b'[25/36] Building CXX object CMakeFiles/service_114514__rosidl_typesupport_fastrtps_c.dir/rosidl_typesupport_fastrtps_c/service_114514/srv/detail/add_two_ints__type_support_c.cpp.o\x1b[K\n'}
[3.370553] (service_114514) StdoutLine: {'line': b'[25/36] Linking CXX shared library libservice_114514__rosidl_typesupport_fastrtps_c.so\x1b[K\n'}
[3.380629] (service_114514) StdoutLine: {'line': b'[26/36] Linking CXX shared library libservice_114514__rosidl_typesupport_fastrtps_cpp.so\x1b[K\n'}
[3.380836] (service_114514) StdoutLine: {'line': b'[27/36] Linking CXX shared library libservice_114514__rosidl_typesupport_fastrtps_c.so\x1b[K\n'}
[3.405711] (-) TimerEvent: {}
[3.506045] (-) TimerEvent: {}
[3.564429] (cpp_pubsub) StdoutLine: {'line': b'[0/8] Building CXX object CMakeFiles/subscriber_114514.dir/src/subscriber_114514.cpp.o\x1b[K\n'}
[3.564900] (cpp_pubsub) StdoutLine: {'line': b'[1/8] Building CXX object CMakeFiles/publisher_114514.dir/src/publisher_114514.cpp.o\x1b[K\n'}
[3.573969] (cpp_pubsub) StdoutLine: {'line': b'[1/8] Linking CXX executable publisher_114514\x1b[K\n'}
[3.574170] (cpp_pubsub) StdoutLine: {'line': b'[2/8] Building CXX object CMakeFiles/talker.dir/src/publisher_lambda_function.cpp.o\x1b[K\n'}
[3.585970] (service_114514) StdoutLine: {'line': b'[27/36] Generating Python code for ROS interfaces\x1b[K\n'}
[3.586176] (service_114514) StdoutLine: {'line': b'[28/36] Generating Python code for ROS interfaces\x1b[K\n'}
[3.586487] (service_114514) StdoutLine: {'line': b'[28/36] Building C object CMakeFiles/service_114514__rosidl_generator_py.dir/rosidl_generator_py/service_114514/srv/_add_two_ints_s.c.o\x1b[K\n'}
[3.586828] (service_114514) StdoutLine: {'line': b'[28/36] Building C object CMakeFiles/service_114514_s__rosidl_typesupport_fastrtps_c.dir/rosidl_generator_py/service_114514/_service_114514_s.ep.rosidl_typesupport_fastrtps_c.c.o\x1b[K\n'}
[3.587147] (service_114514) StdoutLine: {'line': b'[28/36] Building C object CMakeFiles/service_114514_s__rosidl_typesupport_introspection_c.dir/rosidl_generator_py/service_114514/_service_114514_s.ep.rosidl_typesupport_introspection_c.c.o\x1b[K\n'}
[3.606160] (-) TimerEvent: {}
[3.652682] (service_114514) StdoutLine: {'line': b'[28/36] Building C object CMakeFiles/service_114514_s__rosidl_typesupport_c.dir/rosidl_generator_py/service_114514/_service_114514_s.ep.rosidl_typesupport_c.c.o\x1b[K\n'}
[3.656377] (service_114514) StdoutLine: {'line': b'[29/36] Building C object CMakeFiles/service_114514_s__rosidl_typesupport_c.dir/rosidl_generator_py/service_114514/_service_114514_s.ep.rosidl_typesupport_c.c.o\x1b[K\n'}
[3.666738] (cpp_pubsub) StdoutLine: {'line': b'[2/8] Linking CXX executable talker\x1b[K\n'}
[3.671657] (cpp_pubsub) StdoutLine: {'line': b'[3/8] Linking CXX executable publisher_114514\x1b[K\n'}
[3.672718] (service_114514) StdoutLine: {'line': b'[30/36] Building C object CMakeFiles/service_114514_s__rosidl_typesupport_fastrtps_c.dir/rosidl_generator_py/service_114514/_service_114514_s.ep.rosidl_typesupport_fastrtps_c.c.o\x1b[K\n'}
[3.672849] (service_114514) StdoutLine: {'line': b'[31/36] Building C object CMakeFiles/service_114514__rosidl_generator_py.dir/rosidl_generator_py/service_114514/srv/_add_two_ints_s.c.o\x1b[K\n'}
[3.679279] (service_114514) StdoutLine: {'line': b'[31/36] Linking C shared library libservice_114514__rosidl_generator_py.so\x1b[K\n'}
[3.692621] (service_114514) StdoutLine: {'line': b'[32/36] Building C object CMakeFiles/service_114514_s__rosidl_typesupport_introspection_c.dir/rosidl_generator_py/service_114514/_service_114514_s.ep.rosidl_typesupport_introspection_c.c.o\x1b[K\n'}
[3.692749] (service_114514) StdoutLine: {'line': b'[33/36] Linking C shared library libservice_114514__rosidl_generator_py.so\x1b[K\n'}
[3.692860] (service_114514) StdoutLine: {'line': b'[33/36] Linking C shared module rosidl_generator_py/service_114514/service_114514_s__rosidl_typesupport_fastrtps_c.so\x1b[K\n'}
[3.693199] (service_114514) StdoutLine: {'line': b'[33/36] Linking C shared module rosidl_generator_py/service_114514/service_114514_s__rosidl_typesupport_introspection_c.so\x1b[K\n'}
[3.703059] (service_114514) StdoutLine: {'line': b'[33/36] Linking C shared module rosidl_generator_py/service_114514/service_114514_s__rosidl_typesupport_c.so\x1b[K\n'}
[3.705580] (service_114514) StdoutLine: {'line': b'[34/36] Linking C shared module rosidl_generator_py/service_114514/service_114514_s__rosidl_typesupport_fastrtps_c.so\x1b[K\n'}
[3.706246] (-) TimerEvent: {}
[3.706655] (service_114514) StdoutLine: {'line': b'[35/36] Linking C shared module rosidl_generator_py/service_114514/service_114514_s__rosidl_typesupport_c.so\x1b[K\n'}
[3.706970] (service_114514) StdoutLine: {'line': b'[36/36] Linking C shared module rosidl_generator_py/service_114514/service_114514_s__rosidl_typesupport_introspection_c.so\x1b[K\n'}
[3.708354] (service_114514) CommandEnded: {'returncode': 0}
[3.708954] (service_114514) JobProgress: {'identifier': 'service_114514', 'progress': 'install'}
[3.716953] (service_114514) Command: {'cmd': ['/usr/bin/cmake', '--install', '/home/cyberkanjousen/CLionProjects/ROS2_1/build/service_114514'], 'cwd': '/home/cyberkanjousen/CLionProjects/ROS2_1/build/service_114514', 'env': OrderedDict({'TERM_SESSION_ID': '63c909e5-d298-4cc9-832e-4a5012225e58', 'GJS_DEBUG_TOPICS': 'JS ERROR;JS LOG', 'XDG_ACTIVATION_TOKEN': 'gnome-shell/CLion/3210-0-cyberkanjousen-Legion-Y7000P-IRX10_TIME51333', 'LESSOPEN': '| /usr/bin/lesspipe %s', 'SNAP_INSTANCE_KEY': '', 'USER': 'cyberkanjousen', 'SNAP_COMMON': '/var/snap/clion/common', 'socks_host': 'socks://127.0.0.1:10808', 'XDG_SESSION_TYPE': 'x11', 'SNAP_UID': '1000', 'CLUTTER_DISABLE_MIPMAPPED_TEXT': '1', 'SHLVL': '1', 'LD_LIBRARY_PATH': '/opt/ros/jazzy/opt/rviz_ogre_vendor/lib:/opt/ros/jazzy/lib/x86_64-linux-gnu:/opt/ros/jazzy/opt/gz_math_vendor/lib:/opt/ros/jazzy/opt/gz_utils_vendor/lib:/opt/ros/jazzy/opt/gz_cmake_vendor/lib:/opt/ros/jazzy/lib', 'HOME': '/home/cyberkanjousen', 'SNAP_LIBRARY_PATH': '/var/lib/snapd/lib/gl:/var/lib/snapd/lib/gl32:/var/lib/snapd/void', 'DESKTOP_SESSION': 'ubuntu', 'SNAP_USER_DATA': '/home/cyberkanjousen/snap/clion/393', 'TERMINAL_EMULATOR': 'JetBrains-JediTerm', 'GIO_LAUNCHED_DESKTOP_FILE': '/var/lib/snapd/desktop/applications/clion_clion.desktop', 'ROS_PYTHON_VERSION': '3', 'GNOME_SHELL_SESSION_MODE': 'ubuntu', 'GTK_MODULES': 'gail:atk-bridge', 'MANAGERPID': '2765', 'SYSTEMD_EXEC_PID': '3210', 'GSM_SKIP_SSH_AGENT_WORKAROUND': 'true', 'DBUS_SESSION_BUS_ADDRESS': 'unix:path=/run/user/1000/bus', 'SNAP_REVISION': '393', 'GIO_LAUNCHED_DESKTOP_FILE_PID': '4290', 'DEBUGINFOD_URLS': 'https://debuginfod.ubuntu.com', 'https_proxy': 'http://127.0.0.1:10808', 'ROS_DISTRO': 'jazzy', 'LOGNAME': 'cyberkanjousen', 'SNAP_CONTEXT': '7cMq18PPvE0GyoauddMEMHLsazMvDF3aF-ApkkrArLYzdt8gAxjQ', 'http_proxy': 'http://127.0.0.1:10808', 'JOURNAL_STREAM': '9:40206', '_': '/usr/bin/colcon', 'ROS_VERSION': '2', 'MEMORY_PRESSURE_WATCH': '/sys/fs/cgroup/user.slice/user-1000.slice/user@1000.service/session.slice/org.gnome.Shell@x11.service/memory.pressure', 'XDG_SESSION_CLASS': 'user', 'SNAP_VERSION': '2025.2.4', 'USERNAME': 'cyberkanjousen', 'TERM': 'xterm-256color', 'GNOME_DESKTOP_SESSION_ID': 'this-is-deprecated', 'SNAP_INSTANCE_NAME': 'clion', 'WINDOWPATH': '2', 'PATH': '/opt/ros/jazzy/bin:/home/cyberkanjousen/.local/bin:/usr/local/sbin:/usr/local/bin:/usr/sbin:/usr/bin:/sbin:/bin:/usr/games:/usr/local/games:/snap/bin:/snap/bin:/home/cyberkanjousen/.local/bin:/home/cyberkanjousen/.local/bin', 'SESSION_MANAGER': 'local/cyberkanjousen-Legion-Y7000P-IRX10:@/tmp/.ICE-unix/3111,unix/cyberkanjousen-Legion-Y7000P-IRX10:/tmp/.ICE-unix/3111', 'INVOCATION_ID': 'e7fea1e9eb6f4e17a61b475e3444d22f', 'XDG_MENU_PREFIX': 'gnome-', 'ftp_proxy': 'ftp://127.0.0.1:10808', 'SNAP_DATA': '/var/snap/clion/393', 'XDG_RUNTIME_DIR': '/run/user/1000', 'DISPLAY': ':1', 'DESKTOP_STARTUP_ID': 'gnome-shell/CLion/3210-0-cyberkanjousen-Legion-Y7000P-IRX10_TIME51333', 'LANG': 'zh_CN.UTF-8', 'XDG_CURRENT_DESKTOP': 'ubuntu:GNOME', 'XMODIFIERS': '@im=ibus', 'XDG_SESSION_DESKTOP': 'ubuntu', 'XAUTHORITY': '/run/user/1000/gdm/Xauthority', 'LS_COLORS': 'rs=0:di=01;34:ln=01;36:mh=00:pi=40;33:so=01;35:do=01;35:bd=40;33;01:cd=40;33;01:or=40;31;01:mi=00:su=37;41:sg=30;43:ca=00:tw=30;42:ow=34;42:st=37;44:ex=01;32:*.tar=01;31:*.tgz=01;31:*.arc=01;31:*.arj=01;31:*.taz=01;31:*.lha=01;31:*.lz4=01;31:*.lzh=01;31:*.lzma=01;31:*.tlz=01;31:*.txz=01;31:*.tzo=01;31:*.t7z=01;31:*.zip=01;31:*.z=01;31:*.dz=01;31:*.gz=01;31:*.lrz=01;31:*.lz=01;31:*.lzo=01;31:*.xz=01;31:*.zst=01;31:*.tzst=01;31:*.bz2=01;31:*.bz=01;31:*.tbz=01;31:*.tbz2=01;31:*.tz=01;31:*.deb=01;31:*.rpm=01;31:*.jar=01;31:*.war=01;31:*.ear=01;31:*.sar=01;31:*.rar=01;31:*.alz=01;31:*.ace=01;31:*.zoo=01;31:*.cpio=01;31:*.7z=01;31:*.rz=01;31:*.cab=01;31:*.wim=01;31:*.swm=01;31:*.dwm=01;31:*.esd=01;31:*.avif=01;35:*.jpg=01;35:*.jpeg=01;35:*.mjpg=01;35:*.mjpeg=01;35:*.gif=01;35:*.bmp=01;35:*.pbm=01;35:*.pgm=01;35:*.ppm=01;35:*.tga=01;35:*.xbm=01;35:*.xpm=01;35:*.tif=01;35:*.tiff=01;35:*.png=01;35:*.svg=01;35:*.svgz=01;35:*.mng=01;35:*.pcx=01;35:*.mov=01;35:*.mpg=01;35:*.mpeg=01;35:*.m2v=01;35:*.mkv=01;35:*.webm=01;35:*.webp=01;35:*.ogm=01;35:*.mp4=01;35:*.m4v=01;35:*.mp4v=01;35:*.vob=01;35:*.qt=01;35:*.nuv=01;35:*.wmv=01;35:*.asf=01;35:*.rm=01;35:*.rmvb=01;35:*.flc=01;35:*.avi=01;35:*.fli=01;35:*.flv=01;35:*.gl=01;35:*.dl=01;35:*.xcf=01;35:*.xwd=01;35:*.yuv=01;35:*.cgm=01;35:*.emf=01;35:*.ogv=01;35:*.ogx=01;35:*.aac=00;36:*.au=00;36:*.flac=00;36:*.m4a=00;36:*.mid=00;36:*.midi=00;36:*.mka=00;36:*.mp3=00;36:*.mpc=00;36:*.ogg=00;36:*.ra=00;36:*.wav=00;36:*.oga=00;36:*.opus=00;36:*.spx=00;36:*.xspf=00;36:*~=00;90:*#=00;90:*.bak=00;90:*.crdownload=00;90:*.dpkg-dist=00;90:*.dpkg-new=00;90:*.dpkg-old=00;90:*.dpkg-tmp=00;90:*.old=00;90:*.orig=00;90:*.part=00;90:*.rej=00;90:*.rpmnew=00;90:*.rpmorig=00;90:*.rpmsave=00;90:*.swp=00;90:*.tmp=00;90:*.ucf-dist=00;90:*.ucf-new=00;90:*.ucf-old=00;90:', 'SNAP_USER_COMMON': '/home/cyberkanjousen/snap/clion/common', 'SSH_AUTH_SOCK': '/run/user/1000/keyring/ssh', 'SNAP_ARCH': 'amd64', 'AMENT_PREFIX_PATH': '/opt/ros/jazzy', 'SNAP_COOKIE': '7cMq18PPvE0GyoauddMEMHLsazMvDF3aF-ApkkrArLYzdt8gAxjQ', 'SHELL': '/bin/bash', 'QT_ACCESSIBILITY': '1', 'SNAP_REEXEC': '', 'GDMSESSION': 'ubuntu', 'LESSCLOSE': '/usr/bin/lesspipe %s %s', 'SNAP_NAME': 'clion', 'GPG_AGENT_INFO': '/run/user/1000/gnupg/S.gpg-agent:0:1', 'GJS_DEBUG_OUTPUT': 'stderr', 'ROS_AUTOMATIC_DISCOVERY_RANGE': 'SUBNET', 'QT_IM_MODULE': 'ibus', 'PWD': '/home/cyberkanjousen/CLionProjects/ROS2_1/build/service_114514', 'XDG_CONFIG_DIRS': '/etc/xdg/xdg-ubuntu:/etc/xdg', 'SNAP_REAL_HOME': '/home/cyberkanjousen', 'XDG_DATA_DIRS': '/usr/share/ubuntu:/usr/share/gnome:/usr/local/share/:/usr/share/:/var/lib/snapd/desktop', 'SNAP_EUID': '1000', 'QTWEBENGINE_DICTIONARIES_PATH': '/usr/share/hunspell-bdic/', 'PYTHONPATH': '/opt/ros/jazzy/lib/python3.12/site-packages', 'SNAP': '/snap/clion/393', 'COLCON': '1', 'MEMORY_PRESSURE_WRITE': 'c29tZSAyMDAwMDAgMjAwMDAwMAA=', 'JM_OPTION_PATH': '/home/cyberkanjousen/下载', 'CMAKE_PREFIX_PATH': '/opt/ros/jazzy/opt/gz_math_vendor:/opt/ros/jazzy/opt/gz_utils_vendor:/opt/ros/jazzy/opt/gz_cmake_vendor:/opt/ros/jazzy'}), 'shell': False}
[3.722703] (service_114514) StdoutLine: {'line': b'-- Install configuration: ""\n'}
[3.722927] (service_114514) StdoutLine: {'line': b'-- Installing: /home/cyberkanjousen/CLionProjects/ROS2_1/install/service_114514/share/ament_index/resource_index/rosidl_interfaces/service_114514\n'}
[3.723040] (service_114514) StdoutLine: {'line': b'-- Installing: /home/cyberkanjousen/CLionProjects/ROS2_1/install/service_114514/share/service_114514/srv/AddTwoInts.json\n'}
[3.723138] (service_114514) StdoutLine: {'line': b'-- Up-to-date: /home/cyberkanjousen/CLionProjects/ROS2_1/install/service_114514/include/service_114514/service_114514\n'}
[3.723230] (service_114514) StdoutLine: {'line': b'-- Up-to-date: /home/cyberkanjousen/CLionProjects/ROS2_1/install/service_114514/include/service_114514/service_114514/msg\n'}
[3.723338] (service_114514) StdoutLine: {'line': b'-- Installing: /home/cyberkanjousen/CLionProjects/ROS2_1/install/service_114514/include/service_114514/service_114514/msg/rosidl_generator_c__visibility_control.h\n'}
[3.723432] (service_114514) StdoutLine: {'line': b'-- Up-to-date: /home/cyberkanjousen/CLionProjects/ROS2_1/install/service_114514/include/service_114514/service_114514/srv\n'}
[3.723525] (service_114514) StdoutLine: {'line': b'-- Up-to-date: /home/cyberkanjousen/CLionProjects/ROS2_1/install/service_114514/include/service_114514/service_114514/srv/detail\n'}
[3.723630] (service_114514) StdoutLine: {'line': b'-- Installing: /home/cyberkanjousen/CLionProjects/ROS2_1/install/service_114514/include/service_114514/service_114514/srv/detail/add_two_ints__functions.c\n'}
[3.723711] (service_114514) StdoutLine: {'line': b'-- Installing: /home/cyberkanjousen/CLionProjects/ROS2_1/install/service_114514/include/service_114514/service_114514/srv/detail/add_two_ints__type_support.c\n'}
[3.723801] (service_114514) StdoutLine: {'line': b'-- Installing: /home/cyberkanjousen/CLionProjects/ROS2_1/install/service_114514/include/service_114514/service_114514/srv/detail/add_two_ints__functions.h\n'}
[3.723899] (service_114514) StdoutLine: {'line': b'-- Installing: /home/cyberkanjousen/CLionProjects/ROS2_1/install/service_114514/include/service_114514/service_114514/srv/detail/add_two_ints__type_support.h\n'}
[3.723988] (service_114514) StdoutLine: {'line': b'-- Installing: /home/cyberkanjousen/CLionProjects/ROS2_1/install/service_114514/include/service_114514/service_114514/srv/detail/add_two_ints__description.c\n'}
[3.724101] (service_114514) StdoutLine: {'line': b'-- Installing: /home/cyberkanjousen/CLionProjects/ROS2_1/install/service_114514/include/service_114514/service_114514/srv/detail/add_two_ints__struct.h\n'}
[3.724204] (service_114514) StdoutLine: {'line': b'-- Installing: /home/cyberkanjousen/CLionProjects/ROS2_1/install/service_114514/include/service_114514/service_114514/srv/add_two_ints.h\n'}
[3.724297] (service_114514) StdoutLine: {'line': b'-- Up-to-date: /home/cyberkanjousen/CLionProjects/ROS2_1/install/service_114514/share/service_114514/environment/library_path.sh\n'}
[3.724384] (service_114514) StdoutLine: {'line': b'-- Installing: /home/cyberkanjousen/CLionProjects/ROS2_1/install/service_114514/share/service_114514/environment/library_path.dsv\n'}
[3.724463] (service_114514) StdoutLine: {'line': b'-- Installing: /home/cyberkanjousen/CLionProjects/ROS2_1/install/service_114514/lib/libservice_114514__rosidl_generator_c.so\n'}
[3.724578] (service_114514) StdoutLine: {'line': b'-- Set non-toolchain portion of runtime path of "/home/cyberkanjousen/CLionProjects/ROS2_1/install/service_114514/lib/libservice_114514__rosidl_generator_c.so" to ""\n'}
[3.724686] (service_114514) StdoutLine: {'line': b'-- Up-to-date: /home/cyberkanjousen/CLionProjects/ROS2_1/install/service_114514/include/service_114514/service_114514\n'}
[3.724778] (service_114514) StdoutLine: {'line': b'-- Up-to-date: /home/cyberkanjousen/CLionProjects/ROS2_1/install/service_114514/include/service_114514/service_114514/msg\n'}
[3.724868] (service_114514) StdoutLine: {'line': b'-- Installing: /home/cyberkanjousen/CLionProjects/ROS2_1/install/service_114514/include/service_114514/service_114514/msg/rosidl_typesupport_fastrtps_c__visibility_control.h\n'}
[3.724949] (service_114514) StdoutLine: {'line': b'-- Up-to-date: /home/cyberkanjousen/CLionProjects/ROS2_1/install/service_114514/include/service_114514/service_114514/srv\n'}
[3.725039] (service_114514) StdoutLine: {'line': b'-- Up-to-date: /home/cyberkanjousen/CLionProjects/ROS2_1/install/service_114514/include/service_114514/service_114514/srv/detail\n'}
[3.725129] (service_114514) StdoutLine: {'line': b'-- Installing: /home/cyberkanjousen/CLionProjects/ROS2_1/install/service_114514/include/service_114514/service_114514/srv/detail/add_two_ints__rosidl_typesupport_fastrtps_c.h\n'}
[3.725218] (service_114514) StdoutLine: {'line': b'-- Installing: /home/cyberkanjousen/CLionProjects/ROS2_1/install/service_114514/lib/libservice_114514__rosidl_typesupport_fastrtps_c.so\n'}
[3.725325] (service_114514) StdoutLine: {'line': b'-- Set non-toolchain portion of runtime path of "/home/cyberkanjousen/CLionProjects/ROS2_1/install/service_114514/lib/libservice_114514__rosidl_typesupport_fastrtps_c.so" to ""\n'}
[3.725435] (service_114514) StdoutLine: {'line': b'-- Up-to-date: /home/cyberkanjousen/CLionProjects/ROS2_1/install/service_114514/include/service_114514/service_114514\n'}
[3.725529] (service_114514) StdoutLine: {'line': b'-- Up-to-date: /home/cyberkanjousen/CLionProjects/ROS2_1/install/service_114514/include/service_114514/service_114514/msg\n'}
[3.725621] (service_114514) StdoutLine: {'line': b'-- Installing: /home/cyberkanjousen/CLionProjects/ROS2_1/install/service_114514/include/service_114514/service_114514/msg/rosidl_typesupport_introspection_c__visibility_control.h\n'}
[3.725721] (service_114514) StdoutLine: {'line': b'-- Up-to-date: /home/cyberkanjousen/CLionProjects/ROS2_1/install/service_114514/include/service_114514/service_114514/srv\n'}
[3.725823] (service_114514) StdoutLine: {'line': b'-- Up-to-date: /home/cyberkanjousen/CLionProjects/ROS2_1/install/service_114514/include/service_114514/service_114514/srv/detail\n'}
[3.725921] (service_114514) StdoutLine: {'line': b'-- Up-to-date: /home/cyberkanjousen/CLionProjects/ROS2_1/install/service_114514/include/service_114514/service_114514/srv/detail/add_two_ints__type_support.c\n'}
[3.726022] (service_114514) StdoutLine: {'line': b'-- Installing: /home/cyberkanjousen/CLionProjects/ROS2_1/install/service_114514/include/service_114514/service_114514/srv/detail/add_two_ints__rosidl_typesupport_introspection_c.h\n'}
[3.726102] (service_114514) StdoutLine: {'line': b'-- Installing: /home/cyberkanjousen/CLionProjects/ROS2_1/install/service_114514/lib/libservice_114514__rosidl_typesupport_introspection_c.so\n'}
[3.726191] (service_114514) StdoutLine: {'line': b'-- Set non-toolchain portion of runtime path of "/home/cyberkanjousen/CLionProjects/ROS2_1/install/service_114514/lib/libservice_114514__rosidl_typesupport_introspection_c.so" to ""\n'}
[3.726271] (service_114514) StdoutLine: {'line': b'-- Installing: /home/cyberkanjousen/CLionProjects/ROS2_1/install/service_114514/lib/libservice_114514__rosidl_typesupport_c.so\n'}
[3.726366] (service_114514) StdoutLine: {'line': b'-- Set non-toolchain portion of runtime path of "/home/cyberkanjousen/CLionProjects/ROS2_1/install/service_114514/lib/libservice_114514__rosidl_typesupport_c.so" to ""\n'}
[3.726482] (service_114514) StdoutLine: {'line': b'-- Up-to-date: /home/cyberkanjousen/CLionProjects/ROS2_1/install/service_114514/include/service_114514/service_114514\n'}
[3.726574] (service_114514) StdoutLine: {'line': b'-- Up-to-date: /home/cyberkanjousen/CLionProjects/ROS2_1/install/service_114514/include/service_114514/service_114514/msg\n'}
[3.726654] (service_114514) StdoutLine: {'line': b'-- Installing: /home/cyberkanjousen/CLionProjects/ROS2_1/install/service_114514/include/service_114514/service_114514/msg/rosidl_generator_cpp__visibility_control.hpp\n'}
[3.726746] (service_114514) StdoutLine: {'line': b'-- Up-to-date: /home/cyberkanjousen/CLionProjects/ROS2_1/install/service_114514/include/service_114514/service_114514/srv\n'}
[3.726826] (service_114514) StdoutLine: {'line': b'-- Up-to-date: /home/cyberkanjousen/CLionProjects/ROS2_1/install/service_114514/include/service_114514/service_114514/srv/detail\n'}
[3.726921] (service_114514) StdoutLine: {'line': b'-- Installing: /home/cyberkanjousen/CLionProjects/ROS2_1/install/service_114514/include/service_114514/service_114514/srv/detail/add_two_ints__struct.hpp\n'}
[3.727014] (service_114514) StdoutLine: {'line': b'-- Installing: /home/cyberkanjousen/CLionProjects/ROS2_1/install/service_114514/include/service_114514/service_114514/srv/detail/add_two_ints__builder.hpp\n'}
[3.727093] (service_114514) StdoutLine: {'line': b'-- Installing: /home/cyberkanjousen/CLionProjects/ROS2_1/install/service_114514/include/service_114514/service_114514/srv/detail/add_two_ints__traits.hpp\n'}
[3.727177] (service_114514) StdoutLine: {'line': b'-- Installing: /home/cyberkanjousen/CLionProjects/ROS2_1/install/service_114514/include/service_114514/service_114514/srv/detail/add_two_ints__type_support.hpp\n'}
[3.727279] (service_114514) StdoutLine: {'line': b'-- Installing: /home/cyberkanjousen/CLionProjects/ROS2_1/install/service_114514/include/service_114514/service_114514/srv/add_two_ints.hpp\n'}
[3.727384] (service_114514) StdoutLine: {'line': b'-- Up-to-date: /home/cyberkanjousen/CLionProjects/ROS2_1/install/service_114514/include/service_114514/service_114514\n'}
[3.727483] (service_114514) StdoutLine: {'line': b'-- Up-to-date: /home/cyberkanjousen/CLionProjects/ROS2_1/install/service_114514/include/service_114514/service_114514/msg\n'}
[3.727578] (service_114514) StdoutLine: {'line': b'-- Installing: /home/cyberkanjousen/CLionProjects/ROS2_1/install/service_114514/include/service_114514/service_114514/msg/rosidl_typesupport_fastrtps_cpp__visibility_control.h\n'}
[3.727672] (service_114514) StdoutLine: {'line': b'-- Up-to-date: /home/cyberkanjousen/CLionProjects/ROS2_1/install/service_114514/include/service_114514/service_114514/srv\n'}
[3.727787] (service_114514) StdoutLine: {'line': b'-- Up-to-date: /home/cyberkanjousen/CLionProjects/ROS2_1/install/service_114514/include/service_114514/service_114514/srv/detail\n'}
[3.727888] (service_114514) StdoutLine: {'line': b'-- Up-to-date: /home/cyberkanjousen/CLionProjects/ROS2_1/install/service_114514/include/service_114514/service_114514/srv/detail/dds_fastrtps\n'}
[3.727999] (service_114514) StdoutLine: {'line': b'-- Installing: /home/cyberkanjousen/CLionProjects/ROS2_1/install/service_114514/include/service_114514/service_114514/srv/detail/add_two_ints__rosidl_typesupport_fastrtps_cpp.hpp\n'}
[3.728098] (service_114514) StdoutLine: {'line': b'-- Installing: /home/cyberkanjousen/CLionProjects/ROS2_1/install/service_114514/lib/libservice_114514__rosidl_typesupport_fastrtps_cpp.so\n'}
[3.728199] (service_114514) StdoutLine: {'line': b'-- Set non-toolchain portion of runtime path of "/home/cyberkanjousen/CLionProjects/ROS2_1/install/service_114514/lib/libservice_114514__rosidl_typesupport_fastrtps_cpp.so" to ""\n'}
[3.728295] (service_114514) StdoutLine: {'line': b'-- Up-to-date: /home/cyberkanjousen/CLionProjects/ROS2_1/install/service_114514/include/service_114514/service_114514\n'}
[3.728408] (service_114514) StdoutLine: {'line': b'-- Up-to-date: /home/cyberkanjousen/CLionProjects/ROS2_1/install/service_114514/include/service_114514/service_114514/srv\n'}
[3.728511] (service_114514) StdoutLine: {'line': b'-- Up-to-date: /home/cyberkanjousen/CLionProjects/ROS2_1/install/service_114514/include/service_114514/service_114514/srv/detail\n'}
[3.728597] (service_114514) StdoutLine: {'line': b'-- Installing: /home/cyberkanjousen/CLionProjects/ROS2_1/install/service_114514/include/service_114514/service_114514/srv/detail/add_two_ints__rosidl_typesupport_introspection_cpp.hpp\n'}
[3.728677] (service_114514) StdoutLine: {'line': b'-- Installing: /home/cyberkanjousen/CLionProjects/ROS2_1/install/service_114514/include/service_114514/service_114514/srv/detail/add_two_ints__type_support.cpp\n'}
[3.728757] (service_114514) StdoutLine: {'line': b'-- Installing: /home/cyberkanjousen/CLionProjects/ROS2_1/install/service_114514/lib/libservice_114514__rosidl_typesupport_introspection_cpp.so\n'}
[3.728838] (service_114514) StdoutLine: {'line': b'-- Set non-toolchain portion of runtime path of "/home/cyberkanjousen/CLionProjects/ROS2_1/install/service_114514/lib/libservice_114514__rosidl_typesupport_introspection_cpp.so" to ""\n'}
[3.728918] (service_114514) StdoutLine: {'line': b'-- Installing: /home/cyberkanjousen/CLionProjects/ROS2_1/install/service_114514/lib/libservice_114514__rosidl_typesupport_cpp.so\n'}
[3.728995] (service_114514) StdoutLine: {'line': b'-- Set non-toolchain portion of runtime path of "/home/cyberkanjousen/CLionProjects/ROS2_1/install/service_114514/lib/libservice_114514__rosidl_typesupport_cpp.so" to ""\n'}
[3.729072] (service_114514) StdoutLine: {'line': b'-- Installing: /home/cyberkanjousen/CLionProjects/ROS2_1/install/service_114514/share/service_114514/environment/pythonpath.sh\n'}
[3.729160] (service_114514) StdoutLine: {'line': b'-- Installing: /home/cyberkanjousen/CLionProjects/ROS2_1/install/service_114514/share/service_114514/environment/pythonpath.dsv\n'}
[3.729238] (service_114514) StdoutLine: {'line': b'-- Up-to-date: /home/cyberkanjousen/CLionProjects/ROS2_1/install/service_114514/lib/python3.12/site-packages/service_114514-0.0.0-py3.12.egg-info\n'}
[3.729326] (service_114514) StdoutLine: {'line': b'-- Installing: /home/cyberkanjousen/CLionProjects/ROS2_1/install/service_114514/lib/python3.12/site-packages/service_114514-0.0.0-py3.12.egg-info/PKG-INFO\n'}
[3.729417] (service_114514) StdoutLine: {'line': b'-- Installing: /home/cyberkanjousen/CLionProjects/ROS2_1/install/service_114514/lib/python3.12/site-packages/service_114514-0.0.0-py3.12.egg-info/top_level.txt\n'}
[3.729503] (service_114514) StdoutLine: {'line': b'-- Installing: /home/cyberkanjousen/CLionProjects/ROS2_1/install/service_114514/lib/python3.12/site-packages/service_114514-0.0.0-py3.12.egg-info/SOURCES.txt\n'}
[3.729590] (service_114514) StdoutLine: {'line': b'-- Installing: /home/cyberkanjousen/CLionProjects/ROS2_1/install/service_114514/lib/python3.12/site-packages/service_114514-0.0.0-py3.12.egg-info/dependency_links.txt\n'}
[3.729666] (service_114514) StdoutLine: {'line': b'-- Up-to-date: /home/cyberkanjousen/CLionProjects/ROS2_1/install/service_114514/lib/python3.12/site-packages/service_114514\n'}
[3.729741] (service_114514) StdoutLine: {'line': b'-- Installing: /home/cyberkanjousen/CLionProjects/ROS2_1/install/service_114514/lib/python3.12/site-packages/service_114514/service_114514_s__rosidl_typesupport_introspection_c.so\n'}
[3.729820] (service_114514) StdoutLine: {'line': b'-- Installing: /home/cyberkanjousen/CLionProjects/ROS2_1/install/service_114514/lib/python3.12/site-packages/service_114514/_service_114514_s.ep.rosidl_typesupport_fastrtps_c.c\n'}
[3.729896] (service_114514) StdoutLine: {'line': b'-- Installing: /home/cyberkanjousen/CLionProjects/ROS2_1/install/service_114514/lib/python3.12/site-packages/service_114514/__init__.py\n'}
[3.729973] (service_114514) StdoutLine: {'line': b'-- Installing: /home/cyberkanjousen/CLionProjects/ROS2_1/install/service_114514/lib/python3.12/site-packages/service_114514/service_114514_s__rosidl_typesupport_c.so\n'}
[3.730049] (service_114514) StdoutLine: {'line': b'-- Installing: /home/cyberkanjousen/CLionProjects/ROS2_1/install/service_114514/lib/python3.12/site-packages/service_114514/_service_114514_s.ep.rosidl_typesupport_introspection_c.c\n'}
[3.730127] (service_114514) StdoutLine: {'line': b'-- Installing: /home/cyberkanjousen/CLionProjects/ROS2_1/install/service_114514/lib/python3.12/site-packages/service_114514/service_114514_s__rosidl_typesupport_fastrtps_c.so\n'}
[3.730203] (service_114514) StdoutLine: {'line': b'-- Installing: /home/cyberkanjousen/CLionProjects/ROS2_1/install/service_114514/lib/python3.12/site-packages/service_114514/_service_114514_s.ep.rosidl_typesupport_c.c\n'}
[3.730279] (service_114514) StdoutLine: {'line': b'-- Up-to-date: /home/cyberkanjousen/CLionProjects/ROS2_1/install/service_114514/lib/python3.12/site-packages/service_114514/srv\n'}
[3.730368] (service_114514) StdoutLine: {'line': b'-- Installing: /home/cyberkanjousen/CLionProjects/ROS2_1/install/service_114514/lib/python3.12/site-packages/service_114514/srv/_add_two_ints.py\n'}
[3.730454] (service_114514) StdoutLine: {'line': b'-- Installing: /home/cyberkanjousen/CLionProjects/ROS2_1/install/service_114514/lib/python3.12/site-packages/service_114514/srv/__init__.py\n'}
[3.730532] (service_114514) StdoutLine: {'line': b'-- Installing: /home/cyberkanjousen/CLionProjects/ROS2_1/install/service_114514/lib/python3.12/site-packages/service_114514/srv/_add_two_ints_s.c\n'}
[3.758638] (service_114514) StdoutLine: {'line': b"Listing '/home/cyberkanjousen/CLionProjects/ROS2_1/install/service_114514/lib/python3.12/site-packages/service_114514'...\n"}
[3.758827] (service_114514) StdoutLine: {'line': b"Compiling '/home/cyberkanjousen/CLionProjects/ROS2_1/install/service_114514/lib/python3.12/site-packages/service_114514/__init__.py'...\n"}
[3.758910] (service_114514) StdoutLine: {'line': b"Listing '/home/cyberkanjousen/CLionProjects/ROS2_1/install/service_114514/lib/python3.12/site-packages/service_114514/srv'...\n"}
[3.758985] (service_114514) StdoutLine: {'line': b"Compiling '/home/cyberkanjousen/CLionProjects/ROS2_1/install/service_114514/lib/python3.12/site-packages/service_114514/srv/__init__.py'...\n"}
[3.759058] (service_114514) StdoutLine: {'line': b"Compiling '/home/cyberkanjousen/CLionProjects/ROS2_1/install/service_114514/lib/python3.12/site-packages/service_114514/srv/_add_two_ints.py'...\n"}
[3.762967] (service_114514) StdoutLine: {'line': b'-- Installing: /home/cyberkanjousen/CLionProjects/ROS2_1/install/service_114514/lib/python3.12/site-packages/service_114514/service_114514_s__rosidl_typesupport_fastrtps_c.so\n'}
[3.763259] (service_114514) StdoutLine: {'line': b'-- Set non-toolchain portion of runtime path of "/home/cyberkanjousen/CLionProjects/ROS2_1/install/service_114514/lib/python3.12/site-packages/service_114514/service_114514_s__rosidl_typesupport_fastrtps_c.so" to ""\n'}
[3.763371] (service_114514) StdoutLine: {'line': b'-- Installing: /home/cyberkanjousen/CLionProjects/ROS2_1/install/service_114514/lib/python3.12/site-packages/service_114514/service_114514_s__rosidl_typesupport_introspection_c.so\n'}
[3.763473] (service_114514) StdoutLine: {'line': b'-- Set non-toolchain portion of runtime path of "/home/cyberkanjousen/CLionProjects/ROS2_1/install/service_114514/lib/python3.12/site-packages/service_114514/service_114514_s__rosidl_typesupport_introspection_c.so" to ""\n'}
[3.763569] (service_114514) StdoutLine: {'line': b'-- Installing: /home/cyberkanjousen/CLionProjects/ROS2_1/install/service_114514/lib/python3.12/site-packages/service_114514/service_114514_s__rosidl_typesupport_c.so\n'}
[3.763651] (service_114514) StdoutLine: {'line': b'-- Set non-toolchain portion of runtime path of "/home/cyberkanjousen/CLionProjects/ROS2_1/install/service_114514/lib/python3.12/site-packages/service_114514/service_114514_s__rosidl_typesupport_c.so" to ""\n'}
[3.763859] (service_114514) StdoutLine: {'line': b'-- Installing: /home/cyberkanjousen/CLionProjects/ROS2_1/install/service_114514/lib/libservice_114514__rosidl_generator_py.so\n'}
[3.763993] (service_114514) StdoutLine: {'line': b'-- Set non-toolchain portion of runtime path of "/home/cyberkanjousen/CLionProjects/ROS2_1/install/service_114514/lib/libservice_114514__rosidl_generator_py.so" to ""\n'}
[3.764109] (service_114514) StdoutLine: {'line': b'-- Installing: /home/cyberkanjousen/CLionProjects/ROS2_1/install/service_114514/share/service_114514/srv/AddTwoInts.idl\n'}
[3.764210] (service_114514) StdoutLine: {'line': b'-- Up-to-date: /home/cyberkanjousen/CLionProjects/ROS2_1/install/service_114514/share/service_114514/srv/AddTwoInts.srv\n'}
[3.764320] (service_114514) StdoutLine: {'line': b'-- Installing: /home/cyberkanjousen/CLionProjects/ROS2_1/install/service_114514/share/ament_index/resource_index/package_run_dependencies/service_114514\n'}
[3.764422] (service_114514) StdoutLine: {'line': b'-- Installing: /home/cyberkanjousen/CLionProjects/ROS2_1/install/service_114514/share/ament_index/resource_index/parent_prefix_path/service_114514\n'}
[3.764517] (service_114514) StdoutLine: {'line': b'-- Up-to-date: /home/cyberkanjousen/CLionProjects/ROS2_1/install/service_114514/share/service_114514/environment/ament_prefix_path.sh\n'}
[3.764613] (service_114514) StdoutLine: {'line': b'-- Installing: /home/cyberkanjousen/CLionProjects/ROS2_1/install/service_114514/share/service_114514/environment/ament_prefix_path.dsv\n'}
[3.764708] (service_114514) StdoutLine: {'line': b'-- Up-to-date: /home/cyberkanjousen/CLionProjects/ROS2_1/install/service_114514/share/service_114514/environment/path.sh\n'}
[3.764952] (service_114514) StdoutLine: {'line': b'-- Installing: /home/cyberkanjousen/CLionProjects/ROS2_1/install/service_114514/share/service_114514/environment/path.dsv\n'}
[3.765065] (service_114514) StdoutLine: {'line': b'-- Installing: /home/cyberkanjousen/CLionProjects/ROS2_1/install/service_114514/share/service_114514/local_setup.bash\n'}
[3.765168] (service_114514) StdoutLine: {'line': b'-- Installing: /home/cyberkanjousen/CLionProjects/ROS2_1/install/service_114514/share/service_114514/local_setup.sh\n'}
[3.765267] (service_114514) StdoutLine: {'line': b'-- Installing: /home/cyberkanjousen/CLionProjects/ROS2_1/install/service_114514/share/service_114514/local_setup.zsh\n'}
[3.765371] (service_114514) StdoutLine: {'line': b'-- Installing: /home/cyberkanjousen/CLionProjects/ROS2_1/install/service_114514/share/service_114514/local_setup.dsv\n'}
[3.765471] (service_114514) StdoutLine: {'line': b'-- Installing: /home/cyberkanjousen/CLionProjects/ROS2_1/install/service_114514/share/service_114514/package.dsv\n'}
[3.765562] (service_114514) StdoutLine: {'line': b'-- Installing: /home/cyberkanjousen/CLionProjects/ROS2_1/install/service_114514/share/ament_index/resource_index/packages/service_114514\n'}
[3.765666] (service_114514) StdoutLine: {'line': b'-- Installing: /home/cyberkanjousen/CLionProjects/ROS2_1/install/service_114514/share/service_114514/cmake/export_service_114514__rosidl_generator_cExport.cmake\n'}
[3.765771] (service_114514) StdoutLine: {'line': b'-- Installing: /home/cyberkanjousen/CLionProjects/ROS2_1/install/service_114514/share/service_114514/cmake/export_service_114514__rosidl_generator_cExport-noconfig.cmake\n'}
[3.765868] (service_114514) StdoutLine: {'line': b'-- Installing: /home/cyberkanjousen/CLionProjects/ROS2_1/install/service_114514/share/service_114514/cmake/export_service_114514__rosidl_typesupport_fastrtps_cExport.cmake\n'}
[3.765972] (service_114514) StdoutLine: {'line': b'-- Installing: /home/cyberkanjousen/CLionProjects/ROS2_1/install/service_114514/share/service_114514/cmake/export_service_114514__rosidl_typesupport_fastrtps_cExport-noconfig.cmake\n'}
[3.766059] (service_114514) StdoutLine: {'line': b'-- Installing: /home/cyberkanjousen/CLionProjects/ROS2_1/install/service_114514/share/service_114514/cmake/service_114514__rosidl_typesupport_introspection_cExport.cmake\n'}
[3.766165] (service_114514) StdoutLine: {'line': b'-- Installing: /home/cyberkanjousen/CLionProjects/ROS2_1/install/service_114514/share/service_114514/cmake/service_114514__rosidl_typesupport_introspection_cExport-noconfig.cmake\n'}
[3.766263] (service_114514) StdoutLine: {'line': b'-- Installing: /home/cyberkanjousen/CLionProjects/ROS2_1/install/service_114514/share/service_114514/cmake/service_114514__rosidl_typesupport_cExport.cmake\n'}
[3.766367] (service_114514) StdoutLine: {'line': b'-- Installing: /home/cyberkanjousen/CLionProjects/ROS2_1/install/service_114514/share/service_114514/cmake/service_114514__rosidl_typesupport_cExport-noconfig.cmake\n'}
[3.766462] (service_114514) StdoutLine: {'line': b'-- Installing: /home/cyberkanjousen/CLionProjects/ROS2_1/install/service_114514/share/service_114514/cmake/export_service_114514__rosidl_generator_cppExport.cmake\n'}
[3.766576] (service_114514) StdoutLine: {'line': b'-- Installing: /home/cyberkanjousen/CLionProjects/ROS2_1/install/service_114514/share/service_114514/cmake/export_service_114514__rosidl_typesupport_fastrtps_cppExport.cmake\n'}
[3.766674] (service_114514) StdoutLine: {'line': b'-- Installing: /home/cyberkanjousen/CLionProjects/ROS2_1/install/service_114514/share/service_114514/cmake/export_service_114514__rosidl_typesupport_fastrtps_cppExport-noconfig.cmake\n'}
[3.766776] (service_114514) StdoutLine: {'line': b'-- Installing: /home/cyberkanjousen/CLionProjects/ROS2_1/install/service_114514/share/service_114514/cmake/service_114514__rosidl_typesupport_introspection_cppExport.cmake\n'}
[3.766884] (service_114514) StdoutLine: {'line': b'-- Installing: /home/cyberkanjousen/CLionProjects/ROS2_1/install/service_114514/share/service_114514/cmake/service_114514__rosidl_typesupport_introspection_cppExport-noconfig.cmake\n'}
[3.766980] (service_114514) StdoutLine: {'line': b'-- Installing: /home/cyberkanjousen/CLionProjects/ROS2_1/install/service_114514/share/service_114514/cmake/service_114514__rosidl_typesupport_cppExport.cmake\n'}
[3.767056] (service_114514) StdoutLine: {'line': b'-- Installing: /home/cyberkanjousen/CLionProjects/ROS2_1/install/service_114514/share/service_114514/cmake/service_114514__rosidl_typesupport_cppExport-noconfig.cmake\n'}
[3.767136] (service_114514) StdoutLine: {'line': b'-- Installing: /home/cyberkanjousen/CLionProjects/ROS2_1/install/service_114514/share/service_114514/cmake/export_service_114514__rosidl_generator_pyExport.cmake\n'}
[3.767218] (service_114514) StdoutLine: {'line': b'-- Installing: /home/cyberkanjousen/CLionProjects/ROS2_1/install/service_114514/share/service_114514/cmake/export_service_114514__rosidl_generator_pyExport-noconfig.cmake\n'}
[3.767303] (service_114514) StdoutLine: {'line': b'-- Installing: /home/cyberkanjousen/CLionProjects/ROS2_1/install/service_114514/share/service_114514/cmake/rosidl_cmake-extras.cmake\n'}
[3.767386] (service_114514) StdoutLine: {'line': b'-- Installing: /home/cyberkanjousen/CLionProjects/ROS2_1/install/service_114514/share/service_114514/cmake/ament_cmake_export_dependencies-extras.cmake\n'}
[3.767471] (service_114514) StdoutLine: {'line': b'-- Installing: /home/cyberkanjousen/CLionProjects/ROS2_1/install/service_114514/share/service_114514/cmake/ament_cmake_export_include_directories-extras.cmake\n'}
[3.767552] (service_114514) StdoutLine: {'line': b'-- Installing: /home/cyberkanjousen/CLionProjects/ROS2_1/install/service_114514/share/service_114514/cmake/ament_cmake_export_libraries-extras.cmake\n'}
[3.767631] (service_114514) StdoutLine: {'line': b'-- Installing: /home/cyberkanjousen/CLionProjects/ROS2_1/install/service_114514/share/service_114514/cmake/ament_cmake_export_targets-extras.cmake\n'}
[3.767708] (service_114514) StdoutLine: {'line': b'-- Installing: /home/cyberkanjousen/CLionProjects/ROS2_1/install/service_114514/share/service_114514/cmake/rosidl_cmake_export_typesupport_targets-extras.cmake\n'}
[3.767785] (service_114514) StdoutLine: {'line': b'-- Installing: /home/cyberkanjousen/CLionProjects/ROS2_1/install/service_114514/share/service_114514/cmake/rosidl_cmake_export_typesupport_libraries-extras.cmake\n'}
[3.767863] (service_114514) StdoutLine: {'line': b'-- Installing: /home/cyberkanjousen/CLionProjects/ROS2_1/install/service_114514/share/service_114514/cmake/service_114514Config.cmake\n'}
[3.767941] (service_114514) StdoutLine: {'line': b'-- Installing: /home/cyberkanjousen/CLionProjects/ROS2_1/install/service_114514/share/service_114514/cmake/service_114514Config-version.cmake\n'}
[3.768021] (service_114514) StdoutLine: {'line': b'-- Up-to-date: /home/cyberkanjousen/CLionProjects/ROS2_1/install/service_114514/share/service_114514/package.xml\n'}
[3.768802] (service_114514) CommandEnded: {'returncode': 0}
[3.781780] (service_114514) JobEnded: {'identifier': 'service_114514', 'rc': 0}
[3.782652] (cpp_srvcli) JobStarted: {'identifier': 'cpp_srvcli'}
[3.788511] (cpp_srvcli) JobProgress: {'identifier': 'cpp_srvcli', 'progress': 'cmake'}
[3.788934] (cpp_srvcli) Command: {'cmd': ['/usr/bin/cmake', '/home/cyberkanjousen/CLionProjects/ROS2_1/src/cpp_srvcli', '-DCMAKE_EXPORT_COMPILE_COMMANDS=ON', '-G', 'Ninja', '-DCMAKE_INSTALL_PREFIX=/home/cyberkanjousen/CLionProjects/ROS2_1/install/cpp_srvcli'], 'cwd': '/home/cyberkanjousen/CLionProjects/ROS2_1/build/cpp_srvcli', 'env': OrderedDict({'TERM_SESSION_ID': '63c909e5-d298-4cc9-832e-4a5012225e58', 'GJS_DEBUG_TOPICS': 'JS ERROR;JS LOG', 'XDG_ACTIVATION_TOKEN': 'gnome-shell/CLion/3210-0-cyberkanjousen-Legion-Y7000P-IRX10_TIME51333', 'LESSOPEN': '| /usr/bin/lesspipe %s', 'SNAP_INSTANCE_KEY': '', 'USER': 'cyberkanjousen', 'SNAP_COMMON': '/var/snap/clion/common', 'socks_host': 'socks://127.0.0.1:10808', 'XDG_SESSION_TYPE': 'x11', 'SNAP_UID': '1000', 'CLUTTER_DISABLE_MIPMAPPED_TEXT': '1', 'SHLVL': '1', 'LD_LIBRARY_PATH': '/home/cyberkanjousen/CLionProjects/ROS2_1/install/service_114514/lib:/opt/ros/jazzy/opt/rviz_ogre_vendor/lib:/opt/ros/jazzy/lib/x86_64-linux-gnu:/opt/ros/jazzy/opt/gz_math_vendor/lib:/opt/ros/jazzy/opt/gz_utils_vendor/lib:/opt/ros/jazzy/opt/gz_cmake_vendor/lib:/opt/ros/jazzy/lib', 'HOME': '/home/cyberkanjousen', 'SNAP_LIBRARY_PATH': '/var/lib/snapd/lib/gl:/var/lib/snapd/lib/gl32:/var/lib/snapd/void', 'DESKTOP_SESSION': 'ubuntu', 'SNAP_USER_DATA': '/home/cyberkanjousen/snap/clion/393', 'TERMINAL_EMULATOR': 'JetBrains-JediTerm', 'GIO_LAUNCHED_DESKTOP_FILE': '/var/lib/snapd/desktop/applications/clion_clion.desktop', 'ROS_PYTHON_VERSION': '3', 'GNOME_SHELL_SESSION_MODE': 'ubuntu', 'GTK_MODULES': 'gail:atk-bridge', 'MANAGERPID': '2765', 'SYSTEMD_EXEC_PID': '3210', 'GSM_SKIP_SSH_AGENT_WORKAROUND': 'true', 'DBUS_SESSION_BUS_ADDRESS': 'unix:path=/run/user/1000/bus', 'SNAP_REVISION': '393', 'GIO_LAUNCHED_DESKTOP_FILE_PID': '4290', 'DEBUGINFOD_URLS': 'https://debuginfod.ubuntu.com', 'https_proxy': 'http://127.0.0.1:10808', 'ROS_DISTRO': 'jazzy', 'LOGNAME': 'cyberkanjousen', 'SNAP_CONTEXT': '7cMq18PPvE0GyoauddMEMHLsazMvDF3aF-ApkkrArLYzdt8gAxjQ', 'http_proxy': 'http://127.0.0.1:10808', 'JOURNAL_STREAM': '9:40206', '_': '/usr/bin/colcon', 'ROS_VERSION': '2', 'MEMORY_PRESSURE_WATCH': '/sys/fs/cgroup/user.slice/user-1000.slice/user@1000.service/session.slice/org.gnome.Shell@x11.service/memory.pressure', 'XDG_SESSION_CLASS': 'user', 'SNAP_VERSION': '2025.2.4', 'USERNAME': 'cyberkanjousen', 'TERM': 'xterm-256color', 'GNOME_DESKTOP_SESSION_ID': 'this-is-deprecated', 'SNAP_INSTANCE_NAME': 'clion', 'WINDOWPATH': '2', 'PATH': '/opt/ros/jazzy/bin:/home/cyberkanjousen/.local/bin:/usr/local/sbin:/usr/local/bin:/usr/sbin:/usr/bin:/sbin:/bin:/usr/games:/usr/local/games:/snap/bin:/snap/bin:/home/cyberkanjousen/.local/bin:/home/cyberkanjousen/.local/bin', 'SESSION_MANAGER': 'local/cyberkanjousen-Legion-Y7000P-IRX10:@/tmp/.ICE-unix/3111,unix/cyberkanjousen-Legion-Y7000P-IRX10:/tmp/.ICE-unix/3111', 'INVOCATION_ID': 'e7fea1e9eb6f4e17a61b475e3444d22f', 'XDG_MENU_PREFIX': 'gnome-', 'ftp_proxy': 'ftp://127.0.0.1:10808', 'SNAP_DATA': '/var/snap/clion/393', 'XDG_RUNTIME_DIR': '/run/user/1000', 'DISPLAY': ':1', 'DESKTOP_STARTUP_ID': 'gnome-shell/CLion/3210-0-cyberkanjousen-Legion-Y7000P-IRX10_TIME51333', 'LANG': 'zh_CN.UTF-8', 'XDG_CURRENT_DESKTOP': 'ubuntu:GNOME', 'XMODIFIERS': '@im=ibus', 'XDG_SESSION_DESKTOP': 'ubuntu', 'XAUTHORITY': '/run/user/1000/gdm/Xauthority', 'LS_COLORS': 'rs=0:di=01;34:ln=01;36:mh=00:pi=40;33:so=01;35:do=01;35:bd=40;33;01:cd=40;33;01:or=40;31;01:mi=00:su=37;41:sg=30;43:ca=00:tw=30;42:ow=34;42:st=37;44:ex=01;32:*.tar=01;31:*.tgz=01;31:*.arc=01;31:*.arj=01;31:*.taz=01;31:*.lha=01;31:*.lz4=01;31:*.lzh=01;31:*.lzma=01;31:*.tlz=01;31:*.txz=01;31:*.tzo=01;31:*.t7z=01;31:*.zip=01;31:*.z=01;31:*.dz=01;31:*.gz=01;31:*.lrz=01;31:*.lz=01;31:*.lzo=01;31:*.xz=01;31:*.zst=01;31:*.tzst=01;31:*.bz2=01;31:*.bz=01;31:*.tbz=01;31:*.tbz2=01;31:*.tz=01;31:*.deb=01;31:*.rpm=01;31:*.jar=01;31:*.war=01;31:*.ear=01;31:*.sar=01;31:*.rar=01;31:*.alz=01;31:*.ace=01;31:*.zoo=01;31:*.cpio=01;31:*.7z=01;31:*.rz=01;31:*.cab=01;31:*.wim=01;31:*.swm=01;31:*.dwm=01;31:*.esd=01;31:*.avif=01;35:*.jpg=01;35:*.jpeg=01;35:*.mjpg=01;35:*.mjpeg=01;35:*.gif=01;35:*.bmp=01;35:*.pbm=01;35:*.pgm=01;35:*.ppm=01;35:*.tga=01;35:*.xbm=01;35:*.xpm=01;35:*.tif=01;35:*.tiff=01;35:*.png=01;35:*.svg=01;35:*.svgz=01;35:*.mng=01;35:*.pcx=01;35:*.mov=01;35:*.mpg=01;35:*.mpeg=01;35:*.m2v=01;35:*.mkv=01;35:*.webm=01;35:*.webp=01;35:*.ogm=01;35:*.mp4=01;35:*.m4v=01;35:*.mp4v=01;35:*.vob=01;35:*.qt=01;35:*.nuv=01;35:*.wmv=01;35:*.asf=01;35:*.rm=01;35:*.rmvb=01;35:*.flc=01;35:*.avi=01;35:*.fli=01;35:*.flv=01;35:*.gl=01;35:*.dl=01;35:*.xcf=01;35:*.xwd=01;35:*.yuv=01;35:*.cgm=01;35:*.emf=01;35:*.ogv=01;35:*.ogx=01;35:*.aac=00;36:*.au=00;36:*.flac=00;36:*.m4a=00;36:*.mid=00;36:*.midi=00;36:*.mka=00;36:*.mp3=00;36:*.mpc=00;36:*.ogg=00;36:*.ra=00;36:*.wav=00;36:*.oga=00;36:*.opus=00;36:*.spx=00;36:*.xspf=00;36:*~=00;90:*#=00;90:*.bak=00;90:*.crdownload=00;90:*.dpkg-dist=00;90:*.dpkg-new=00;90:*.dpkg-old=00;90:*.dpkg-tmp=00;90:*.old=00;90:*.orig=00;90:*.part=00;90:*.rej=00;90:*.rpmnew=00;90:*.rpmorig=00;90:*.rpmsave=00;90:*.swp=00;90:*.tmp=00;90:*.ucf-dist=00;90:*.ucf-new=00;90:*.ucf-old=00;90:', 'SNAP_USER_COMMON': '/home/cyberkanjousen/snap/clion/common', 'SSH_AUTH_SOCK': '/run/user/1000/keyring/ssh', 'SNAP_ARCH': 'amd64', 'AMENT_PREFIX_PATH': '/home/cyberkanjousen/CLionProjects/ROS2_1/install/service_114514:/opt/ros/jazzy', 'SNAP_COOKIE': '7cMq18PPvE0GyoauddMEMHLsazMvDF3aF-ApkkrArLYzdt8gAxjQ', 'SHELL': '/bin/bash', 'QT_ACCESSIBILITY': '1', 'SNAP_REEXEC': '', 'GDMSESSION': 'ubuntu', 'LESSCLOSE': '/usr/bin/lesspipe %s %s', 'SNAP_NAME': 'clion', 'GPG_AGENT_INFO': '/run/user/1000/gnupg/S.gpg-agent:0:1', 'GJS_DEBUG_OUTPUT': 'stderr', 'ROS_AUTOMATIC_DISCOVERY_RANGE': 'SUBNET', 'QT_IM_MODULE': 'ibus', 'PWD': '/home/cyberkanjousen/CLionProjects/ROS2_1/build/cpp_srvcli', 'XDG_CONFIG_DIRS': '/etc/xdg/xdg-ubuntu:/etc/xdg', 'SNAP_REAL_HOME': '/home/cyberkanjousen', 'XDG_DATA_DIRS': '/usr/share/ubuntu:/usr/share/gnome:/usr/local/share/:/usr/share/:/var/lib/snapd/desktop', 'SNAP_EUID': '1000', 'QTWEBENGINE_DICTIONARIES_PATH': '/usr/share/hunspell-bdic/', 'PYTHONPATH': '/home/cyberkanjousen/CLionProjects/ROS2_1/install/service_114514/lib/python3.12/site-packages:/opt/ros/jazzy/lib/python3.12/site-packages', 'SNAP': '/snap/clion/393', 'COLCON': '1', 'MEMORY_PRESSURE_WRITE': 'c29tZSAyMDAwMDAgMjAwMDAwMAA=', 'JM_OPTION_PATH': '/home/cyberkanjousen/下载', 'CMAKE_PREFIX_PATH': '/home/cyberkanjousen/CLionProjects/ROS2_1/install/service_114514:/opt/ros/jazzy/opt/gz_math_vendor:/opt/ros/jazzy/opt/gz_utils_vendor:/opt/ros/jazzy/opt/gz_cmake_vendor:/opt/ros/jazzy'}), 'shell': False}
[3.806507] (-) TimerEvent: {}
[3.835606] (cpp_srvcli) StdoutLine: {'line': b'-- The C compiler identification is GNU 13.3.0\n'}
[3.878640] (cpp_srvcli) StdoutLine: {'line': b'-- The CXX compiler identification is GNU 13.3.0\n'}
[3.896520] (cpp_srvcli) StdoutLine: {'line': b'-- Detecting C compiler ABI info\n'}
[3.906629] (-) TimerEvent: {}
[3.954005] (cpp_srvcli) StdoutLine: {'line': b'-- Detecting C compiler ABI info - done\n'}
[3.960327] (cpp_srvcli) StdoutLine: {'line': b'-- Check for working C compiler: /usr/bin/cc - skipped\n'}
[3.960592] (cpp_srvcli) StdoutLine: {'line': b'-- Detecting C compile features\n'}
[3.960803] (cpp_srvcli) StdoutLine: {'line': b'-- Detecting C compile features - done\n'}
[3.972078] (cpp_srvcli) StdoutLine: {'line': b'-- Detecting CXX compiler ABI info\n'}
[4.006761] (-) TimerEvent: {}
[4.034147] (cpp_srvcli) StdoutLine: {'line': b'-- Detecting CXX compiler ABI info - done\n'}
[4.044780] (cpp_srvcli) StdoutLine: {'line': b'-- Check for working CXX compiler: /usr/bin/c++ - skipped\n'}
[4.045011] (cpp_srvcli) StdoutLine: {'line': b'-- Detecting CXX compile features\n'}
[4.045506] (cpp_srvcli) StdoutLine: {'line': b'-- Detecting CXX compile features - done\n'}
[4.048107] (cpp_srvcli) StdoutLine: {'line': b'-- Found ament_cmake: 2.5.4 (/opt/ros/jazzy/share/ament_cmake/cmake)\n'}
[4.106840] (-) TimerEvent: {}
[4.168214] (cpp_srvcli) StdoutLine: {'line': b'-- Found Python3: /usr/bin/python3 (found version "3.12.3") found components: Interpreter \n'}
[4.206973] (-) TimerEvent: {}
[4.238521] (cpp_srvcli) StdoutLine: {'line': b'-- Found rclcpp: 28.1.12 (/opt/ros/jazzy/share/rclcpp/cmake)\n'}
[4.266397] (cpp_srvcli) StdoutLine: {'line': b'-- Found rosidl_generator_c: 4.6.6 (/opt/ros/jazzy/share/rosidl_generator_c/cmake)\n'}
[4.275062] (cpp_srvcli) StdoutLine: {'line': b'-- Found rosidl_generator_cpp: 4.6.6 (/opt/ros/jazzy/share/rosidl_generator_cpp/cmake)\n'}
[4.285401] (cpp_srvcli) StdoutLine: {'line': b'-- Using all available rosidl_typesupport_c: rosidl_typesupport_fastrtps_c;rosidl_typesupport_introspection_c\n'}
[4.297160] (cpp_srvcli) StdoutLine: {'line': b'-- Using all available rosidl_typesupport_cpp: rosidl_typesupport_fastrtps_cpp;rosidl_typesupport_introspection_cpp\n'}
[4.307126] (-) TimerEvent: {}
[4.349292] (cpp_srvcli) StdoutLine: {'line': b'-- Found rmw_implementation_cmake: 7.3.2 (/opt/ros/jazzy/share/rmw_implementation_cmake/cmake)\n'}
[4.351011] (cpp_srvcli) StdoutLine: {'line': b'-- Found rmw_fastrtps_cpp: 8.4.3 (/opt/ros/jazzy/share/rmw_fastrtps_cpp/cmake)\n'}
[4.407287] (-) TimerEvent: {}
[4.414895] (cpp_srvcli) StdoutLine: {'line': b'-- Found OpenSSL: /usr/lib/x86_64-linux-gnu/libcrypto.so (found version "3.0.13")  \n'}
[4.431261] (cpp_srvcli) StdoutLine: {'line': b'-- Found FastRTPS: /opt/ros/jazzy/include (Required is at least version "2.13") \n'}
[4.448633] (cpp_srvcli) StdoutLine: {'line': b"-- Using RMW implementation 'rmw_fastrtps_cpp' as default\n"}
[4.499478] (cpp_srvcli) StdoutLine: {'line': b'-- Found service_114514: 0.0.0 (/home/cyberkanjousen/CLionProjects/ROS2_1/install/service_114514/share/service_114514/cmake)\n'}
[4.507371] (-) TimerEvent: {}
[4.510772] (cpp_srvcli) StdoutLine: {'line': b'-- Found ament_lint_auto: 0.17.3 (/opt/ros/jazzy/share/ament_lint_auto/cmake)\n'}
[4.583369] (cpp_srvcli) StdoutLine: {'line': b"-- Added test 'cppcheck' to perform static code analysis on C / C++ code\n"}
[4.583494] (cpp_srvcli) StdoutLine: {'line': b'-- Configured cppcheck include dirs: \n'}
[4.583538] (cpp_srvcli) StdoutLine: {'line': b'-- Configured cppcheck exclude dirs and/or files: \n'}
[4.584029] (cpp_srvcli) StdoutLine: {'line': b"-- Added test 'lint_cmake' to check CMake code style\n"}
[4.584668] (cpp_srvcli) StdoutLine: {'line': b"-- Added test 'uncrustify' to check C / C++ code style\n"}
[4.584762] (cpp_srvcli) StdoutLine: {'line': b'-- Configured uncrustify additional arguments: \n'}
[4.585057] (cpp_srvcli) StdoutLine: {'line': b"-- Added test 'xmllint' to check XML markup files\n"}
[4.585880] (cpp_srvcli) StdoutLine: {'line': b'-- Configuring done (0.8s)\n'}
[4.593335] (cpp_srvcli) StdoutLine: {'line': b'-- Generating done (0.0s)\n'}
[4.604122] (cpp_srvcli) StdoutLine: {'line': b'-- Build files have been written to: /home/cyberkanjousen/CLionProjects/ROS2_1/build/cpp_srvcli\n'}
[4.607444] (-) TimerEvent: {}
[4.611664] (cpp_srvcli) CommandEnded: {'returncode': 0}
[4.612308] (cpp_srvcli) JobProgress: {'identifier': 'cpp_srvcli', 'progress': 'build'}
[4.612325] (cpp_srvcli) Command: {'cmd': ['/usr/bin/cmake', '--build', '/home/cyberkanjousen/CLionProjects/ROS2_1/build/cpp_srvcli', '--', '-j32', '-l32'], 'cwd': '/home/cyberkanjousen/CLionProjects/ROS2_1/build/cpp_srvcli', 'env': OrderedDict({'TERM_SESSION_ID': '63c909e5-d298-4cc9-832e-4a5012225e58', 'GJS_DEBUG_TOPICS': 'JS ERROR;JS LOG', 'XDG_ACTIVATION_TOKEN': 'gnome-shell/CLion/3210-0-cyberkanjousen-Legion-Y7000P-IRX10_TIME51333', 'LESSOPEN': '| /usr/bin/lesspipe %s', 'SNAP_INSTANCE_KEY': '', 'USER': 'cyberkanjousen', 'SNAP_COMMON': '/var/snap/clion/common', 'socks_host': 'socks://127.0.0.1:10808', 'XDG_SESSION_TYPE': 'x11', 'SNAP_UID': '1000', 'CLUTTER_DISABLE_MIPMAPPED_TEXT': '1', 'SHLVL': '1', 'LD_LIBRARY_PATH': '/home/cyberkanjousen/CLionProjects/ROS2_1/install/service_114514/lib:/opt/ros/jazzy/opt/rviz_ogre_vendor/lib:/opt/ros/jazzy/lib/x86_64-linux-gnu:/opt/ros/jazzy/opt/gz_math_vendor/lib:/opt/ros/jazzy/opt/gz_utils_vendor/lib:/opt/ros/jazzy/opt/gz_cmake_vendor/lib:/opt/ros/jazzy/lib', 'HOME': '/home/cyberkanjousen', 'SNAP_LIBRARY_PATH': '/var/lib/snapd/lib/gl:/var/lib/snapd/lib/gl32:/var/lib/snapd/void', 'DESKTOP_SESSION': 'ubuntu', 'SNAP_USER_DATA': '/home/cyberkanjousen/snap/clion/393', 'TERMINAL_EMULATOR': 'JetBrains-JediTerm', 'GIO_LAUNCHED_DESKTOP_FILE': '/var/lib/snapd/desktop/applications/clion_clion.desktop', 'ROS_PYTHON_VERSION': '3', 'GNOME_SHELL_SESSION_MODE': 'ubuntu', 'GTK_MODULES': 'gail:atk-bridge', 'MANAGERPID': '2765', 'SYSTEMD_EXEC_PID': '3210', 'GSM_SKIP_SSH_AGENT_WORKAROUND': 'true', 'DBUS_SESSION_BUS_ADDRESS': 'unix:path=/run/user/1000/bus', 'SNAP_REVISION': '393', 'GIO_LAUNCHED_DESKTOP_FILE_PID': '4290', 'DEBUGINFOD_URLS': 'https://debuginfod.ubuntu.com', 'https_proxy': 'http://127.0.0.1:10808', 'ROS_DISTRO': 'jazzy', 'LOGNAME': 'cyberkanjousen', 'SNAP_CONTEXT': '7cMq18PPvE0GyoauddMEMHLsazMvDF3aF-ApkkrArLYzdt8gAxjQ', 'http_proxy': 'http://127.0.0.1:10808', 'JOURNAL_STREAM': '9:40206', '_': '/usr/bin/colcon', 'ROS_VERSION': '2', 'MEMORY_PRESSURE_WATCH': '/sys/fs/cgroup/user.slice/user-1000.slice/user@1000.service/session.slice/org.gnome.Shell@x11.service/memory.pressure', 'XDG_SESSION_CLASS': 'user', 'SNAP_VERSION': '2025.2.4', 'USERNAME': 'cyberkanjousen', 'TERM': 'xterm-256color', 'GNOME_DESKTOP_SESSION_ID': 'this-is-deprecated', 'SNAP_INSTANCE_NAME': 'clion', 'WINDOWPATH': '2', 'PATH': '/opt/ros/jazzy/bin:/home/cyberkanjousen/.local/bin:/usr/local/sbin:/usr/local/bin:/usr/sbin:/usr/bin:/sbin:/bin:/usr/games:/usr/local/games:/snap/bin:/snap/bin:/home/cyberkanjousen/.local/bin:/home/cyberkanjousen/.local/bin', 'SESSION_MANAGER': 'local/cyberkanjousen-Legion-Y7000P-IRX10:@/tmp/.ICE-unix/3111,unix/cyberkanjousen-Legion-Y7000P-IRX10:/tmp/.ICE-unix/3111', 'INVOCATION_ID': 'e7fea1e9eb6f4e17a61b475e3444d22f', 'XDG_MENU_PREFIX': 'gnome-', 'ftp_proxy': 'ftp://127.0.0.1:10808', 'SNAP_DATA': '/var/snap/clion/393', 'XDG_RUNTIME_DIR': '/run/user/1000', 'DISPLAY': ':1', 'DESKTOP_STARTUP_ID': 'gnome-shell/CLion/3210-0-cyberkanjousen-Legion-Y7000P-IRX10_TIME51333', 'LANG': 'zh_CN.UTF-8', 'XDG_CURRENT_DESKTOP': 'ubuntu:GNOME', 'XMODIFIERS': '@im=ibus', 'XDG_SESSION_DESKTOP': 'ubuntu', 'XAUTHORITY': '/run/user/1000/gdm/Xauthority', 'LS_COLORS': 'rs=0:di=01;34:ln=01;36:mh=00:pi=40;33:so=01;35:do=01;35:bd=40;33;01:cd=40;33;01:or=40;31;01:mi=00:su=37;41:sg=30;43:ca=00:tw=30;42:ow=34;42:st=37;44:ex=01;32:*.tar=01;31:*.tgz=01;31:*.arc=01;31:*.arj=01;31:*.taz=01;31:*.lha=01;31:*.lz4=01;31:*.lzh=01;31:*.lzma=01;31:*.tlz=01;31:*.txz=01;31:*.tzo=01;31:*.t7z=01;31:*.zip=01;31:*.z=01;31:*.dz=01;31:*.gz=01;31:*.lrz=01;31:*.lz=01;31:*.lzo=01;31:*.xz=01;31:*.zst=01;31:*.tzst=01;31:*.bz2=01;31:*.bz=01;31:*.tbz=01;31:*.tbz2=01;31:*.tz=01;31:*.deb=01;31:*.rpm=01;31:*.jar=01;31:*.war=01;31:*.ear=01;31:*.sar=01;31:*.rar=01;31:*.alz=01;31:*.ace=01;31:*.zoo=01;31:*.cpio=01;31:*.7z=01;31:*.rz=01;31:*.cab=01;31:*.wim=01;31:*.swm=01;31:*.dwm=01;31:*.esd=01;31:*.avif=01;35:*.jpg=01;35:*.jpeg=01;35:*.mjpg=01;35:*.mjpeg=01;35:*.gif=01;35:*.bmp=01;35:*.pbm=01;35:*.pgm=01;35:*.ppm=01;35:*.tga=01;35:*.xbm=01;35:*.xpm=01;35:*.tif=01;35:*.tiff=01;35:*.png=01;35:*.svg=01;35:*.svgz=01;35:*.mng=01;35:*.pcx=01;35:*.mov=01;35:*.mpg=01;35:*.mpeg=01;35:*.m2v=01;35:*.mkv=01;35:*.webm=01;35:*.webp=01;35:*.ogm=01;35:*.mp4=01;35:*.m4v=01;35:*.mp4v=01;35:*.vob=01;35:*.qt=01;35:*.nuv=01;35:*.wmv=01;35:*.asf=01;35:*.rm=01;35:*.rmvb=01;35:*.flc=01;35:*.avi=01;35:*.fli=01;35:*.flv=01;35:*.gl=01;35:*.dl=01;35:*.xcf=01;35:*.xwd=01;35:*.yuv=01;35:*.cgm=01;35:*.emf=01;35:*.ogv=01;35:*.ogx=01;35:*.aac=00;36:*.au=00;36:*.flac=00;36:*.m4a=00;36:*.mid=00;36:*.midi=00;36:*.mka=00;36:*.mp3=00;36:*.mpc=00;36:*.ogg=00;36:*.ra=00;36:*.wav=00;36:*.oga=00;36:*.opus=00;36:*.spx=00;36:*.xspf=00;36:*~=00;90:*#=00;90:*.bak=00;90:*.crdownload=00;90:*.dpkg-dist=00;90:*.dpkg-new=00;90:*.dpkg-old=00;90:*.dpkg-tmp=00;90:*.old=00;90:*.orig=00;90:*.part=00;90:*.rej=00;90:*.rpmnew=00;90:*.rpmorig=00;90:*.rpmsave=00;90:*.swp=00;90:*.tmp=00;90:*.ucf-dist=00;90:*.ucf-new=00;90:*.ucf-old=00;90:', 'SNAP_USER_COMMON': '/home/cyberkanjousen/snap/clion/common', 'SSH_AUTH_SOCK': '/run/user/1000/keyring/ssh', 'SNAP_ARCH': 'amd64', 'AMENT_PREFIX_PATH': '/home/cyberkanjousen/CLionProjects/ROS2_1/install/service_114514:/opt/ros/jazzy', 'SNAP_COOKIE': '7cMq18PPvE0GyoauddMEMHLsazMvDF3aF-ApkkrArLYzdt8gAxjQ', 'SHELL': '/bin/bash', 'QT_ACCESSIBILITY': '1', 'SNAP_REEXEC': '', 'GDMSESSION': 'ubuntu', 'LESSCLOSE': '/usr/bin/lesspipe %s %s', 'SNAP_NAME': 'clion', 'GPG_AGENT_INFO': '/run/user/1000/gnupg/S.gpg-agent:0:1', 'GJS_DEBUG_OUTPUT': 'stderr', 'ROS_AUTOMATIC_DISCOVERY_RANGE': 'SUBNET', 'QT_IM_MODULE': 'ibus', 'PWD': '/home/cyberkanjousen/CLionProjects/ROS2_1/build/cpp_srvcli', 'XDG_CONFIG_DIRS': '/etc/xdg/xdg-ubuntu:/etc/xdg', 'SNAP_REAL_HOME': '/home/cyberkanjousen', 'XDG_DATA_DIRS': '/usr/share/ubuntu:/usr/share/gnome:/usr/local/share/:/usr/share/:/var/lib/snapd/desktop', 'SNAP_EUID': '1000', 'QTWEBENGINE_DICTIONARIES_PATH': '/usr/share/hunspell-bdic/', 'PYTHONPATH': '/home/cyberkanjousen/CLionProjects/ROS2_1/install/service_114514/lib/python3.12/site-packages:/opt/ros/jazzy/lib/python3.12/site-packages', 'SNAP': '/snap/clion/393', 'COLCON': '1', 'MEMORY_PRESSURE_WRITE': 'c29tZSAyMDAwMDAgMjAwMDAwMAA=', 'JM_OPTION_PATH': '/home/cyberkanjousen/下载', 'CMAKE_PREFIX_PATH': '/home/cyberkanjousen/CLionProjects/ROS2_1/install/service_114514:/opt/ros/jazzy/opt/gz_math_vendor:/opt/ros/jazzy/opt/gz_utils_vendor:/opt/ros/jazzy/opt/gz_cmake_vendor:/opt/ros/jazzy'}), 'shell': False}
[4.621625] (cpp_srvcli) StdoutLine: {'line': b'\n'}
[4.622057] (cpp_srvcli) StdoutLine: {'line': b'[0/4] Building CXX object CMakeFiles/server_114514.dir/src/server_114514.cpp.o\x1b[K\n'}
[4.707583] (-) TimerEvent: {}
[4.807855] (-) TimerEvent: {}
[4.908117] (-) TimerEvent: {}
[5.008379] (-) TimerEvent: {}
[5.108639] (-) TimerEvent: {}
[5.208960] (-) TimerEvent: {}
[5.309201] (-) TimerEvent: {}
[5.409481] (-) TimerEvent: {}
[5.506614] (cpp_pubsub) StdoutLine: {'line': b'[4/8] Linking CXX executable talker\x1b[K\n'}
[5.506768] (cpp_pubsub) StdoutLine: {'line': b'[5/8] Building CXX object CMakeFiles/subscriber_114514.dir/src/subscriber_114514.cpp.o\x1b[K\n'}
[5.509550] (-) TimerEvent: {}
[5.515805] (cpp_pubsub) StdoutLine: {'line': b'[5/8] Linking CXX executable subscriber_114514\x1b[K\n'}
[5.515949] (cpp_pubsub) StdoutLine: {'line': b'[6/8] Building CXX object CMakeFiles/listener.dir/src/subscriber_lambda_function.cpp.o\x1b[K\n'}
[5.609685] (-) TimerEvent: {}
[5.662666] (cpp_pubsub) StdoutLine: {'line': b'[6/8] Linking CXX executable listener\x1b[K\n'}
[5.671640] (cpp_pubsub) StdoutLine: {'line': b'[7/8] Linking CXX executable subscriber_114514\x1b[K\n'}
[5.671780] (cpp_pubsub) StdoutLine: {'line': b'[8/8] Linking CXX executable listener\x1b[K\n'}
[5.673108] (cpp_pubsub) CommandEnded: {'returncode': 0}
[5.673687] (cpp_pubsub) JobProgress: {'identifier': 'cpp_pubsub', 'progress': 'install'}
[5.673786] (cpp_pubsub) Command: {'cmd': ['/usr/bin/cmake', '--install', '/home/cyberkanjousen/CLionProjects/ROS2_1/build/cpp_pubsub'], 'cwd': '/home/cyberkanjousen/CLionProjects/ROS2_1/build/cpp_pubsub', 'env': OrderedDict({'TERM_SESSION_ID': '63c909e5-d298-4cc9-832e-4a5012225e58', 'GJS_DEBUG_TOPICS': 'JS ERROR;JS LOG', 'XDG_ACTIVATION_TOKEN': 'gnome-shell/CLion/3210-0-cyberkanjousen-Legion-Y7000P-IRX10_TIME51333', 'LESSOPEN': '| /usr/bin/lesspipe %s', 'SNAP_INSTANCE_KEY': '', 'USER': 'cyberkanjousen', 'SNAP_COMMON': '/var/snap/clion/common', 'socks_host': 'socks://127.0.0.1:10808', 'XDG_SESSION_TYPE': 'x11', 'SNAP_UID': '1000', 'CLUTTER_DISABLE_MIPMAPPED_TEXT': '1', 'SHLVL': '1', 'LD_LIBRARY_PATH': '/opt/ros/jazzy/opt/rviz_ogre_vendor/lib:/opt/ros/jazzy/lib/x86_64-linux-gnu:/opt/ros/jazzy/opt/gz_math_vendor/lib:/opt/ros/jazzy/opt/gz_utils_vendor/lib:/opt/ros/jazzy/opt/gz_cmake_vendor/lib:/opt/ros/jazzy/lib', 'HOME': '/home/cyberkanjousen', 'SNAP_LIBRARY_PATH': '/var/lib/snapd/lib/gl:/var/lib/snapd/lib/gl32:/var/lib/snapd/void', 'DESKTOP_SESSION': 'ubuntu', 'SNAP_USER_DATA': '/home/cyberkanjousen/snap/clion/393', 'TERMINAL_EMULATOR': 'JetBrains-JediTerm', 'GIO_LAUNCHED_DESKTOP_FILE': '/var/lib/snapd/desktop/applications/clion_clion.desktop', 'ROS_PYTHON_VERSION': '3', 'GNOME_SHELL_SESSION_MODE': 'ubuntu', 'GTK_MODULES': 'gail:atk-bridge', 'MANAGERPID': '2765', 'SYSTEMD_EXEC_PID': '3210', 'GSM_SKIP_SSH_AGENT_WORKAROUND': 'true', 'DBUS_SESSION_BUS_ADDRESS': 'unix:path=/run/user/1000/bus', 'SNAP_REVISION': '393', 'GIO_LAUNCHED_DESKTOP_FILE_PID': '4290', 'DEBUGINFOD_URLS': 'https://debuginfod.ubuntu.com', 'https_proxy': 'http://127.0.0.1:10808', 'ROS_DISTRO': 'jazzy', 'LOGNAME': 'cyberkanjousen', 'SNAP_CONTEXT': '7cMq18PPvE0GyoauddMEMHLsazMvDF3aF-ApkkrArLYzdt8gAxjQ', 'http_proxy': 'http://127.0.0.1:10808', 'JOURNAL_STREAM': '9:40206', '_': '/usr/bin/colcon', 'ROS_VERSION': '2', 'MEMORY_PRESSURE_WATCH': '/sys/fs/cgroup/user.slice/user-1000.slice/user@1000.service/session.slice/org.gnome.Shell@x11.service/memory.pressure', 'XDG_SESSION_CLASS': 'user', 'SNAP_VERSION': '2025.2.4', 'USERNAME': 'cyberkanjousen', 'TERM': 'xterm-256color', 'GNOME_DESKTOP_SESSION_ID': 'this-is-deprecated', 'SNAP_INSTANCE_NAME': 'clion', 'WINDOWPATH': '2', 'PATH': '/opt/ros/jazzy/bin:/home/cyberkanjousen/.local/bin:/usr/local/sbin:/usr/local/bin:/usr/sbin:/usr/bin:/sbin:/bin:/usr/games:/usr/local/games:/snap/bin:/snap/bin:/home/cyberkanjousen/.local/bin:/home/cyberkanjousen/.local/bin', 'SESSION_MANAGER': 'local/cyberkanjousen-Legion-Y7000P-IRX10:@/tmp/.ICE-unix/3111,unix/cyberkanjousen-Legion-Y7000P-IRX10:/tmp/.ICE-unix/3111', 'INVOCATION_ID': 'e7fea1e9eb6f4e17a61b475e3444d22f', 'XDG_MENU_PREFIX': 'gnome-', 'ftp_proxy': 'ftp://127.0.0.1:10808', 'SNAP_DATA': '/var/snap/clion/393', 'XDG_RUNTIME_DIR': '/run/user/1000', 'DISPLAY': ':1', 'DESKTOP_STARTUP_ID': 'gnome-shell/CLion/3210-0-cyberkanjousen-Legion-Y7000P-IRX10_TIME51333', 'LANG': 'zh_CN.UTF-8', 'XDG_CURRENT_DESKTOP': 'ubuntu:GNOME', 'XMODIFIERS': '@im=ibus', 'XDG_SESSION_DESKTOP': 'ubuntu', 'XAUTHORITY': '/run/user/1000/gdm/Xauthority', 'LS_COLORS': 'rs=0:di=01;34:ln=01;36:mh=00:pi=40;33:so=01;35:do=01;35:bd=40;33;01:cd=40;33;01:or=40;31;01:mi=00:su=37;41:sg=30;43:ca=00:tw=30;42:ow=34;42:st=37;44:ex=01;32:*.tar=01;31:*.tgz=01;31:*.arc=01;31:*.arj=01;31:*.taz=01;31:*.lha=01;31:*.lz4=01;31:*.lzh=01;31:*.lzma=01;31:*.tlz=01;31:*.txz=01;31:*.tzo=01;31:*.t7z=01;31:*.zip=01;31:*.z=01;31:*.dz=01;31:*.gz=01;31:*.lrz=01;31:*.lz=01;31:*.lzo=01;31:*.xz=01;31:*.zst=01;31:*.tzst=01;31:*.bz2=01;31:*.bz=01;31:*.tbz=01;31:*.tbz2=01;31:*.tz=01;31:*.deb=01;31:*.rpm=01;31:*.jar=01;31:*.war=01;31:*.ear=01;31:*.sar=01;31:*.rar=01;31:*.alz=01;31:*.ace=01;31:*.zoo=01;31:*.cpio=01;31:*.7z=01;31:*.rz=01;31:*.cab=01;31:*.wim=01;31:*.swm=01;31:*.dwm=01;31:*.esd=01;31:*.avif=01;35:*.jpg=01;35:*.jpeg=01;35:*.mjpg=01;35:*.mjpeg=01;35:*.gif=01;35:*.bmp=01;35:*.pbm=01;35:*.pgm=01;35:*.ppm=01;35:*.tga=01;35:*.xbm=01;35:*.xpm=01;35:*.tif=01;35:*.tiff=01;35:*.png=01;35:*.svg=01;35:*.svgz=01;35:*.mng=01;35:*.pcx=01;35:*.mov=01;35:*.mpg=01;35:*.mpeg=01;35:*.m2v=01;35:*.mkv=01;35:*.webm=01;35:*.webp=01;35:*.ogm=01;35:*.mp4=01;35:*.m4v=01;35:*.mp4v=01;35:*.vob=01;35:*.qt=01;35:*.nuv=01;35:*.wmv=01;35:*.asf=01;35:*.rm=01;35:*.rmvb=01;35:*.flc=01;35:*.avi=01;35:*.fli=01;35:*.flv=01;35:*.gl=01;35:*.dl=01;35:*.xcf=01;35:*.xwd=01;35:*.yuv=01;35:*.cgm=01;35:*.emf=01;35:*.ogv=01;35:*.ogx=01;35:*.aac=00;36:*.au=00;36:*.flac=00;36:*.m4a=00;36:*.mid=00;36:*.midi=00;36:*.mka=00;36:*.mp3=00;36:*.mpc=00;36:*.ogg=00;36:*.ra=00;36:*.wav=00;36:*.oga=00;36:*.opus=00;36:*.spx=00;36:*.xspf=00;36:*~=00;90:*#=00;90:*.bak=00;90:*.crdownload=00;90:*.dpkg-dist=00;90:*.dpkg-new=00;90:*.dpkg-old=00;90:*.dpkg-tmp=00;90:*.old=00;90:*.orig=00;90:*.part=00;90:*.rej=00;90:*.rpmnew=00;90:*.rpmorig=00;90:*.rpmsave=00;90:*.swp=00;90:*.tmp=00;90:*.ucf-dist=00;90:*.ucf-new=00;90:*.ucf-old=00;90:', 'SNAP_USER_COMMON': '/home/cyberkanjousen/snap/clion/common', 'SSH_AUTH_SOCK': '/run/user/1000/keyring/ssh', 'SNAP_ARCH': 'amd64', 'AMENT_PREFIX_PATH': '/opt/ros/jazzy', 'SNAP_COOKIE': '7cMq18PPvE0GyoauddMEMHLsazMvDF3aF-ApkkrArLYzdt8gAxjQ', 'SHELL': '/bin/bash', 'QT_ACCESSIBILITY': '1', 'SNAP_REEXEC': '', 'GDMSESSION': 'ubuntu', 'LESSCLOSE': '/usr/bin/lesspipe %s %s', 'SNAP_NAME': 'clion', 'GPG_AGENT_INFO': '/run/user/1000/gnupg/S.gpg-agent:0:1', 'GJS_DEBUG_OUTPUT': 'stderr', 'ROS_AUTOMATIC_DISCOVERY_RANGE': 'SUBNET', 'QT_IM_MODULE': 'ibus', 'PWD': '/home/cyberkanjousen/CLionProjects/ROS2_1/build/cpp_pubsub', 'XDG_CONFIG_DIRS': '/etc/xdg/xdg-ubuntu:/etc/xdg', 'SNAP_REAL_HOME': '/home/cyberkanjousen', 'XDG_DATA_DIRS': '/usr/share/ubuntu:/usr/share/gnome:/usr/local/share/:/usr/share/:/var/lib/snapd/desktop', 'SNAP_EUID': '1000', 'QTWEBENGINE_DICTIONARIES_PATH': '/usr/share/hunspell-bdic/', 'PYTHONPATH': '/opt/ros/jazzy/lib/python3.12/site-packages', 'SNAP': '/snap/clion/393', 'COLCON': '1', 'MEMORY_PRESSURE_WRITE': 'c29tZSAyMDAwMDAgMjAwMDAwMAA=', 'JM_OPTION_PATH': '/home/cyberkanjousen/下载', 'CMAKE_PREFIX_PATH': '/opt/ros/jazzy/opt/gz_math_vendor:/opt/ros/jazzy/opt/gz_utils_vendor:/opt/ros/jazzy/opt/gz_cmake_vendor:/opt/ros/jazzy'}), 'shell': False}
[5.681744] (cpp_pubsub) StdoutLine: {'line': b'-- Install configuration: ""\n'}
[5.681866] (cpp_pubsub) StdoutLine: {'line': b'-- Installing: /home/cyberkanjousen/CLionProjects/ROS2_1/install/cpp_pubsub/lib/cpp_pubsub/talker\n'}
[5.683195] (cpp_pubsub) StdoutLine: {'line': b'-- Set non-toolchain portion of runtime path of "/home/cyberkanjousen/CLionProjects/ROS2_1/install/cpp_pubsub/lib/cpp_pubsub/talker" to ""\n'}
[5.683303] (cpp_pubsub) StdoutLine: {'line': b'-- Installing: /home/cyberkanjousen/CLionProjects/ROS2_1/install/cpp_pubsub/lib/cpp_pubsub/listener\n'}
[5.685880] (cpp_pubsub) StdoutLine: {'line': b'-- Set non-toolchain portion of runtime path of "/home/cyberkanjousen/CLionProjects/ROS2_1/install/cpp_pubsub/lib/cpp_pubsub/listener" to ""\n'}
[5.685958] (cpp_pubsub) StdoutLine: {'line': b'-- Installing: /home/cyberkanjousen/CLionProjects/ROS2_1/install/cpp_pubsub/lib/cpp_pubsub/publisher_114514\n'}
[5.686730] (cpp_pubsub) StdoutLine: {'line': b'-- Set non-toolchain portion of runtime path of "/home/cyberkanjousen/CLionProjects/ROS2_1/install/cpp_pubsub/lib/cpp_pubsub/publisher_114514" to ""\n'}
[5.686845] (cpp_pubsub) StdoutLine: {'line': b'-- Installing: /home/cyberkanjousen/CLionProjects/ROS2_1/install/cpp_pubsub/lib/cpp_pubsub/subscriber_114514\n'}
[5.689326] (cpp_pubsub) StdoutLine: {'line': b'-- Set non-toolchain portion of runtime path of "/home/cyberkanjousen/CLionProjects/ROS2_1/install/cpp_pubsub/lib/cpp_pubsub/subscriber_114514" to ""\n'}
[5.689444] (cpp_pubsub) StdoutLine: {'line': b'-- Installing: /home/cyberkanjousen/CLionProjects/ROS2_1/install/cpp_pubsub/share/ament_index/resource_index/package_run_dependencies/cpp_pubsub\n'}
[5.689496] (cpp_pubsub) StdoutLine: {'line': b'-- Installing: /home/cyberkanjousen/CLionProjects/ROS2_1/install/cpp_pubsub/share/ament_index/resource_index/parent_prefix_path/cpp_pubsub\n'}
[5.689571] (cpp_pubsub) StdoutLine: {'line': b'-- Up-to-date: /home/cyberkanjousen/CLionProjects/ROS2_1/install/cpp_pubsub/share/cpp_pubsub/environment/ament_prefix_path.sh\n'}
[5.689612] (cpp_pubsub) StdoutLine: {'line': b'-- Installing: /home/cyberkanjousen/CLionProjects/ROS2_1/install/cpp_pubsub/share/cpp_pubsub/environment/ament_prefix_path.dsv\n'}
[5.689655] (cpp_pubsub) StdoutLine: {'line': b'-- Up-to-date: /home/cyberkanjousen/CLionProjects/ROS2_1/install/cpp_pubsub/share/cpp_pubsub/environment/path.sh\n'}
[5.689713] (cpp_pubsub) StdoutLine: {'line': b'-- Installing: /home/cyberkanjousen/CLionProjects/ROS2_1/install/cpp_pubsub/share/cpp_pubsub/environment/path.dsv\n'}
[5.689753] (cpp_pubsub) StdoutLine: {'line': b'-- Installing: /home/cyberkanjousen/CLionProjects/ROS2_1/install/cpp_pubsub/share/cpp_pubsub/local_setup.bash\n'}
[5.689807] (cpp_pubsub) StdoutLine: {'line': b'-- Installing: /home/cyberkanjousen/CLionProjects/ROS2_1/install/cpp_pubsub/share/cpp_pubsub/local_setup.sh\n'}
[5.689912] (cpp_pubsub) StdoutLine: {'line': b'-- Installing: /home/cyberkanjousen/CLionProjects/ROS2_1/install/cpp_pubsub/share/cpp_pubsub/local_setup.zsh\n'}
[5.689964] (cpp_pubsub) StdoutLine: {'line': b'-- Installing: /home/cyberkanjousen/CLionProjects/ROS2_1/install/cpp_pubsub/share/cpp_pubsub/local_setup.dsv\n'}
[5.690013] (cpp_pubsub) StdoutLine: {'line': b'-- Installing: /home/cyberkanjousen/CLionProjects/ROS2_1/install/cpp_pubsub/share/cpp_pubsub/package.dsv\n'}
[5.690071] (cpp_pubsub) StdoutLine: {'line': b'-- Installing: /home/cyberkanjousen/CLionProjects/ROS2_1/install/cpp_pubsub/share/ament_index/resource_index/packages/cpp_pubsub\n'}
[5.690146] (cpp_pubsub) StdoutLine: {'line': b'-- Installing: /home/cyberkanjousen/CLionProjects/ROS2_1/install/cpp_pubsub/share/cpp_pubsub/cmake/cpp_pubsubConfig.cmake\n'}
[5.690210] (cpp_pubsub) StdoutLine: {'line': b'-- Installing: /home/cyberkanjousen/CLionProjects/ROS2_1/install/cpp_pubsub/share/cpp_pubsub/cmake/cpp_pubsubConfig-version.cmake\n'}
[5.690285] (cpp_pubsub) StdoutLine: {'line': b'-- Up-to-date: /home/cyberkanjousen/CLionProjects/ROS2_1/install/cpp_pubsub/share/cpp_pubsub/package.xml\n'}
[5.691365] (cpp_pubsub) CommandEnded: {'returncode': 0}
[5.698988] (cpp_pubsub) JobEnded: {'identifier': 'cpp_pubsub', 'rc': 0}
[5.709789] (-) TimerEvent: {}
[5.810034] (-) TimerEvent: {}
[5.910288] (-) TimerEvent: {}
[6.010554] (-) TimerEvent: {}
[6.110849] (-) TimerEvent: {}
[6.211124] (-) TimerEvent: {}
[6.311360] (-) TimerEvent: {}
[6.411587] (-) TimerEvent: {}
[6.511835] (-) TimerEvent: {}
[6.612109] (-) TimerEvent: {}
[6.712380] (-) TimerEvent: {}
[6.731042] (cpp_srvcli) StdoutLine: {'line': b'[0/4] Building CXX object CMakeFiles/client_114514.dir/src/client_114514.cpp.o\x1b[K\n'}
[6.731705] (cpp_srvcli) StdoutLine: {'line': b'[1/4] Building CXX object CMakeFiles/server_114514.dir/src/server_114514.cpp.o\x1b[K\n'}
[6.811639] (cpp_srvcli) StdoutLine: {'line': b'[1/4] Linking CXX executable server_114514\x1b[K\n'}
[6.812449] (-) TimerEvent: {}
[6.814825] (cpp_srvcli) StdoutLine: {'line': b'[2/4] Linking CXX executable server_114514\x1b[K\n'}
[6.814924] (cpp_srvcli) StdoutLine: {'line': b'[3/4] Building CXX object CMakeFiles/client_114514.dir/src/client_114514.cpp.o\x1b[K\n'}
[6.899214] (cpp_srvcli) StdoutLine: {'line': b'[3/4] Linking CXX executable client_114514\x1b[K\n'}
[6.899413] (cpp_srvcli) StdoutLine: {'line': b'[4/4] Linking CXX executable client_114514\x1b[K\n'}
[6.901134] (cpp_srvcli) CommandEnded: {'returncode': 0}
[6.901902] (cpp_srvcli) JobProgress: {'identifier': 'cpp_srvcli', 'progress': 'install'}
[6.901934] (cpp_srvcli) Command: {'cmd': ['/usr/bin/cmake', '--install', '/home/cyberkanjousen/CLionProjects/ROS2_1/build/cpp_srvcli'], 'cwd': '/home/cyberkanjousen/CLionProjects/ROS2_1/build/cpp_srvcli', 'env': OrderedDict({'TERM_SESSION_ID': '63c909e5-d298-4cc9-832e-4a5012225e58', 'GJS_DEBUG_TOPICS': 'JS ERROR;JS LOG', 'XDG_ACTIVATION_TOKEN': 'gnome-shell/CLion/3210-0-cyberkanjousen-Legion-Y7000P-IRX10_TIME51333', 'LESSOPEN': '| /usr/bin/lesspipe %s', 'SNAP_INSTANCE_KEY': '', 'USER': 'cyberkanjousen', 'SNAP_COMMON': '/var/snap/clion/common', 'socks_host': 'socks://127.0.0.1:10808', 'XDG_SESSION_TYPE': 'x11', 'SNAP_UID': '1000', 'CLUTTER_DISABLE_MIPMAPPED_TEXT': '1', 'SHLVL': '1', 'LD_LIBRARY_PATH': '/home/cyberkanjousen/CLionProjects/ROS2_1/install/service_114514/lib:/opt/ros/jazzy/opt/rviz_ogre_vendor/lib:/opt/ros/jazzy/lib/x86_64-linux-gnu:/opt/ros/jazzy/opt/gz_math_vendor/lib:/opt/ros/jazzy/opt/gz_utils_vendor/lib:/opt/ros/jazzy/opt/gz_cmake_vendor/lib:/opt/ros/jazzy/lib', 'HOME': '/home/cyberkanjousen', 'SNAP_LIBRARY_PATH': '/var/lib/snapd/lib/gl:/var/lib/snapd/lib/gl32:/var/lib/snapd/void', 'DESKTOP_SESSION': 'ubuntu', 'SNAP_USER_DATA': '/home/cyberkanjousen/snap/clion/393', 'TERMINAL_EMULATOR': 'JetBrains-JediTerm', 'GIO_LAUNCHED_DESKTOP_FILE': '/var/lib/snapd/desktop/applications/clion_clion.desktop', 'ROS_PYTHON_VERSION': '3', 'GNOME_SHELL_SESSION_MODE': 'ubuntu', 'GTK_MODULES': 'gail:atk-bridge', 'MANAGERPID': '2765', 'SYSTEMD_EXEC_PID': '3210', 'GSM_SKIP_SSH_AGENT_WORKAROUND': 'true', 'DBUS_SESSION_BUS_ADDRESS': 'unix:path=/run/user/1000/bus', 'SNAP_REVISION': '393', 'GIO_LAUNCHED_DESKTOP_FILE_PID': '4290', 'DEBUGINFOD_URLS': 'https://debuginfod.ubuntu.com', 'https_proxy': 'http://127.0.0.1:10808', 'ROS_DISTRO': 'jazzy', 'LOGNAME': 'cyberkanjousen', 'SNAP_CONTEXT': '7cMq18PPvE0GyoauddMEMHLsazMvDF3aF-ApkkrArLYzdt8gAxjQ', 'http_proxy': 'http://127.0.0.1:10808', 'JOURNAL_STREAM': '9:40206', '_': '/usr/bin/colcon', 'ROS_VERSION': '2', 'MEMORY_PRESSURE_WATCH': '/sys/fs/cgroup/user.slice/user-1000.slice/user@1000.service/session.slice/org.gnome.Shell@x11.service/memory.pressure', 'XDG_SESSION_CLASS': 'user', 'SNAP_VERSION': '2025.2.4', 'USERNAME': 'cyberkanjousen', 'TERM': 'xterm-256color', 'GNOME_DESKTOP_SESSION_ID': 'this-is-deprecated', 'SNAP_INSTANCE_NAME': 'clion', 'WINDOWPATH': '2', 'PATH': '/opt/ros/jazzy/bin:/home/cyberkanjousen/.local/bin:/usr/local/sbin:/usr/local/bin:/usr/sbin:/usr/bin:/sbin:/bin:/usr/games:/usr/local/games:/snap/bin:/snap/bin:/home/cyberkanjousen/.local/bin:/home/cyberkanjousen/.local/bin', 'SESSION_MANAGER': 'local/cyberkanjousen-Legion-Y7000P-IRX10:@/tmp/.ICE-unix/3111,unix/cyberkanjousen-Legion-Y7000P-IRX10:/tmp/.ICE-unix/3111', 'INVOCATION_ID': 'e7fea1e9eb6f4e17a61b475e3444d22f', 'XDG_MENU_PREFIX': 'gnome-', 'ftp_proxy': 'ftp://127.0.0.1:10808', 'SNAP_DATA': '/var/snap/clion/393', 'XDG_RUNTIME_DIR': '/run/user/1000', 'DISPLAY': ':1', 'DESKTOP_STARTUP_ID': 'gnome-shell/CLion/3210-0-cyberkanjousen-Legion-Y7000P-IRX10_TIME51333', 'LANG': 'zh_CN.UTF-8', 'XDG_CURRENT_DESKTOP': 'ubuntu:GNOME', 'XMODIFIERS': '@im=ibus', 'XDG_SESSION_DESKTOP': 'ubuntu', 'XAUTHORITY': '/run/user/1000/gdm/Xauthority', 'LS_COLORS': 'rs=0:di=01;34:ln=01;36:mh=00:pi=40;33:so=01;35:do=01;35:bd=40;33;01:cd=40;33;01:or=40;31;01:mi=00:su=37;41:sg=30;43:ca=00:tw=30;42:ow=34;42:st=37;44:ex=01;32:*.tar=01;31:*.tgz=01;31:*.arc=01;31:*.arj=01;31:*.taz=01;31:*.lha=01;31:*.lz4=01;31:*.lzh=01;31:*.lzma=01;31:*.tlz=01;31:*.txz=01;31:*.tzo=01;31:*.t7z=01;31:*.zip=01;31:*.z=01;31:*.dz=01;31:*.gz=01;31:*.lrz=01;31:*.lz=01;31:*.lzo=01;31:*.xz=01;31:*.zst=01;31:*.tzst=01;31:*.bz2=01;31:*.bz=01;31:*.tbz=01;31:*.tbz2=01;31:*.tz=01;31:*.deb=01;31:*.rpm=01;31:*.jar=01;31:*.war=01;31:*.ear=01;31:*.sar=01;31:*.rar=01;31:*.alz=01;31:*.ace=01;31:*.zoo=01;31:*.cpio=01;31:*.7z=01;31:*.rz=01;31:*.cab=01;31:*.wim=01;31:*.swm=01;31:*.dwm=01;31:*.esd=01;31:*.avif=01;35:*.jpg=01;35:*.jpeg=01;35:*.mjpg=01;35:*.mjpeg=01;35:*.gif=01;35:*.bmp=01;35:*.pbm=01;35:*.pgm=01;35:*.ppm=01;35:*.tga=01;35:*.xbm=01;35:*.xpm=01;35:*.tif=01;35:*.tiff=01;35:*.png=01;35:*.svg=01;35:*.svgz=01;35:*.mng=01;35:*.pcx=01;35:*.mov=01;35:*.mpg=01;35:*.mpeg=01;35:*.m2v=01;35:*.mkv=01;35:*.webm=01;35:*.webp=01;35:*.ogm=01;35:*.mp4=01;35:*.m4v=01;35:*.mp4v=01;35:*.vob=01;35:*.qt=01;35:*.nuv=01;35:*.wmv=01;35:*.asf=01;35:*.rm=01;35:*.rmvb=01;35:*.flc=01;35:*.avi=01;35:*.fli=01;35:*.flv=01;35:*.gl=01;35:*.dl=01;35:*.xcf=01;35:*.xwd=01;35:*.yuv=01;35:*.cgm=01;35:*.emf=01;35:*.ogv=01;35:*.ogx=01;35:*.aac=00;36:*.au=00;36:*.flac=00;36:*.m4a=00;36:*.mid=00;36:*.midi=00;36:*.mka=00;36:*.mp3=00;36:*.mpc=00;36:*.ogg=00;36:*.ra=00;36:*.wav=00;36:*.oga=00;36:*.opus=00;36:*.spx=00;36:*.xspf=00;36:*~=00;90:*#=00;90:*.bak=00;90:*.crdownload=00;90:*.dpkg-dist=00;90:*.dpkg-new=00;90:*.dpkg-old=00;90:*.dpkg-tmp=00;90:*.old=00;90:*.orig=00;90:*.part=00;90:*.rej=00;90:*.rpmnew=00;90:*.rpmorig=00;90:*.rpmsave=00;90:*.swp=00;90:*.tmp=00;90:*.ucf-dist=00;90:*.ucf-new=00;90:*.ucf-old=00;90:', 'SNAP_USER_COMMON': '/home/cyberkanjousen/snap/clion/common', 'SSH_AUTH_SOCK': '/run/user/1000/keyring/ssh', 'SNAP_ARCH': 'amd64', 'AMENT_PREFIX_PATH': '/home/cyberkanjousen/CLionProjects/ROS2_1/install/service_114514:/opt/ros/jazzy', 'SNAP_COOKIE': '7cMq18PPvE0GyoauddMEMHLsazMvDF3aF-ApkkrArLYzdt8gAxjQ', 'SHELL': '/bin/bash', 'QT_ACCESSIBILITY': '1', 'SNAP_REEXEC': '', 'GDMSESSION': 'ubuntu', 'LESSCLOSE': '/usr/bin/lesspipe %s %s', 'SNAP_NAME': 'clion', 'GPG_AGENT_INFO': '/run/user/1000/gnupg/S.gpg-agent:0:1', 'GJS_DEBUG_OUTPUT': 'stderr', 'ROS_AUTOMATIC_DISCOVERY_RANGE': 'SUBNET', 'QT_IM_MODULE': 'ibus', 'PWD': '/home/cyberkanjousen/CLionProjects/ROS2_1/build/cpp_srvcli', 'XDG_CONFIG_DIRS': '/etc/xdg/xdg-ubuntu:/etc/xdg', 'SNAP_REAL_HOME': '/home/cyberkanjousen', 'XDG_DATA_DIRS': '/usr/share/ubuntu:/usr/share/gnome:/usr/local/share/:/usr/share/:/var/lib/snapd/desktop', 'SNAP_EUID': '1000', 'QTWEBENGINE_DICTIONARIES_PATH': '/usr/share/hunspell-bdic/', 'PYTHONPATH': '/home/cyberkanjousen/CLionProjects/ROS2_1/install/service_114514/lib/python3.12/site-packages:/opt/ros/jazzy/lib/python3.12/site-packages', 'SNAP': '/snap/clion/393', 'COLCON': '1', 'MEMORY_PRESSURE_WRITE': 'c29tZSAyMDAwMDAgMjAwMDAwMAA=', 'JM_OPTION_PATH': '/home/cyberkanjousen/下载', 'CMAKE_PREFIX_PATH': '/home/cyberkanjousen/CLionProjects/ROS2_1/install/service_114514:/opt/ros/jazzy/opt/gz_math_vendor:/opt/ros/jazzy/opt/gz_utils_vendor:/opt/ros/jazzy/opt/gz_cmake_vendor:/opt/ros/jazzy'}), 'shell': False}
[6.907298] (cpp_srvcli) StdoutLine: {'line': b'-- Install configuration: ""\n'}
[6.907398] (cpp_srvcli) StdoutLine: {'line': b'-- Installing: /home/cyberkanjousen/CLionProjects/ROS2_1/install/cpp_srvcli/lib/cpp_srvcli/server_114514\n'}
[6.908016] (cpp_srvcli) StdoutLine: {'line': b'-- Set non-toolchain portion of runtime path of "/home/cyberkanjousen/CLionProjects/ROS2_1/install/cpp_srvcli/lib/cpp_srvcli/server_114514" to ""\n'}
[6.908113] (cpp_srvcli) StdoutLine: {'line': b'-- Installing: /home/cyberkanjousen/CLionProjects/ROS2_1/install/cpp_srvcli/lib/cpp_srvcli/client_114514\n'}
[6.908582] (cpp_srvcli) StdoutLine: {'line': b'-- Set non-toolchain portion of runtime path of "/home/cyberkanjousen/CLionProjects/ROS2_1/install/cpp_srvcli/lib/cpp_srvcli/client_114514" to ""\n'}
[6.908832] (cpp_srvcli) StdoutLine: {'line': b'-- Installing: /home/cyberkanjousen/CLionProjects/ROS2_1/install/cpp_srvcli/share/ament_index/resource_index/package_run_dependencies/cpp_srvcli\n'}
[6.908983] (cpp_srvcli) StdoutLine: {'line': b'-- Installing: /home/cyberkanjousen/CLionProjects/ROS2_1/install/cpp_srvcli/share/ament_index/resource_index/parent_prefix_path/cpp_srvcli\n'}
[6.909113] (cpp_srvcli) StdoutLine: {'line': b'-- Up-to-date: /home/cyberkanjousen/CLionProjects/ROS2_1/install/cpp_srvcli/share/cpp_srvcli/environment/ament_prefix_path.sh\n'}
[6.909239] (cpp_srvcli) StdoutLine: {'line': b'-- Installing: /home/cyberkanjousen/CLionProjects/ROS2_1/install/cpp_srvcli/share/cpp_srvcli/environment/ament_prefix_path.dsv\n'}
[6.909511] (cpp_srvcli) StdoutLine: {'line': b'-- Up-to-date: /home/cyberkanjousen/CLionProjects/ROS2_1/install/cpp_srvcli/share/cpp_srvcli/environment/path.sh\n'}
[6.909620] (cpp_srvcli) StdoutLine: {'line': b'-- Installing: /home/cyberkanjousen/CLionProjects/ROS2_1/install/cpp_srvcli/share/cpp_srvcli/environment/path.dsv\n'}
[6.909855] (cpp_srvcli) StdoutLine: {'line': b'-- Installing: /home/cyberkanjousen/CLionProjects/ROS2_1/install/cpp_srvcli/share/cpp_srvcli/local_setup.bash\n'}
[6.909955] (cpp_srvcli) StdoutLine: {'line': b'-- Installing: /home/cyberkanjousen/CLionProjects/ROS2_1/install/cpp_srvcli/share/cpp_srvcli/local_setup.sh\n'}
[6.910037] (cpp_srvcli) StdoutLine: {'line': b'-- Installing: /home/cyberkanjousen/CLionProjects/ROS2_1/install/cpp_srvcli/share/cpp_srvcli/local_setup.zsh\n'}
[6.910117] (cpp_srvcli) StdoutLine: {'line': b'-- Installing: /home/cyberkanjousen/CLionProjects/ROS2_1/install/cpp_srvcli/share/cpp_srvcli/local_setup.dsv\n'}
[6.910204] (cpp_srvcli) StdoutLine: {'line': b'-- Installing: /home/cyberkanjousen/CLionProjects/ROS2_1/install/cpp_srvcli/share/cpp_srvcli/package.dsv\n'}
[6.910407] (cpp_srvcli) StdoutLine: {'line': b'-- Installing: /home/cyberkanjousen/CLionProjects/ROS2_1/install/cpp_srvcli/share/ament_index/resource_index/packages/cpp_srvcli\n'}
[6.910593] (cpp_srvcli) StdoutLine: {'line': b'-- Installing: /home/cyberkanjousen/CLionProjects/ROS2_1/install/cpp_srvcli/share/cpp_srvcli/cmake/cpp_srvcliConfig.cmake\n'}
[6.910696] (cpp_srvcli) StdoutLine: {'line': b'-- Installing: /home/cyberkanjousen/CLionProjects/ROS2_1/install/cpp_srvcli/share/cpp_srvcli/cmake/cpp_srvcliConfig-version.cmake\n'}
[6.910804] (cpp_srvcli) StdoutLine: {'line': b'-- Up-to-date: /home/cyberkanjousen/CLionProjects/ROS2_1/install/cpp_srvcli/share/cpp_srvcli/package.xml\n'}
[6.911045] (cpp_srvcli) CommandEnded: {'returncode': 0}
[6.912506] (-) TimerEvent: {}
[6.918808] (cpp_srvcli) JobEnded: {'identifier': 'cpp_srvcli', 'rc': 0}
[6.919244] (-) EventReactorShutdown: {}
