[0.000000] (-) TimerEvent: {}
[0.000106] (cpp_pubsub) JobQueued: {'identifier': 'cpp_pubsub', 'dependencies': OrderedDict()}
[0.000130] (service_114514) JobQueued: {'identifier': 'service_114514', 'dependencies': OrderedDict()}
[0.000143] (cpp_srvcli) JobQueued: {'identifier': 'cpp_srvcli', 'dependencies': OrderedDict({'service_114514': '/home/cyberkanjousen/CLionProjects/ROS2_1/install/service_114514'})}
[0.000156] (service_114514) JobStarted: {'identifier': 'service_114514'}
[0.003881] (cpp_pubsub) JobStarted: {'identifier': 'cpp_pubsub'}
[0.006731] (service_114514) JobProgress: {'identifier': 'service_114514', 'progress': 'cmake'}
[0.006994] (service_114514) Command: {'cmd': ['/usr/bin/cmake', '/home/cyberkanjousen/CLionProjects/ROS2_1/src/service_114514', '-DCMAKE_EXPORT_COMPILE_COMMANDS=ON', '-G', 'Ninja', '-DCMAKE_INSTALL_PREFIX=/home/cyberkanjousen/CLionProjects/ROS2_1/install/service_114514'], 'cwd': '/home/cyberkanjousen/CLionProjects/ROS2_1/build/service_114514', 'env': OrderedDict({'TERM_SESSION_ID': '63c909e5-d298-4cc9-832e-4a5012225e58', 'GJS_DEBUG_TOPICS': 'JS ERROR;JS LOG', 'XDG_ACTIVATION_TOKEN': 'gnome-shell/CLion/3210-0-cyberkanjousen-Legion-Y7000P-IRX10_TIME51333', 'LESSOPEN': '| /usr/bin/lesspipe %s', 'SNAP_INSTANCE_KEY': '', 'USER': 'cyberkanjousen', 'SNAP_COMMON': '/var/snap/clion/common', 'socks_host': 'socks://127.0.0.1:10808', 'XDG_SESSION_TYPE': 'x11', 'SNAP_UID': '1000', 'CLUTTER_DISABLE_MIPMAPPED_TEXT': '1', 'SHLVL': '1', 'LD_LIBRARY_PATH': '/opt/ros/jazzy/opt/rviz_ogre_vendor/lib:/opt/ros/jazzy/lib/x86_64-linux-gnu:/opt/ros/jazzy/opt/gz_math_vendor/lib:/opt/ros/jazzy/opt/gz_utils_vendor/lib:/opt/ros/jazzy/opt/gz_cmake_vendor/lib:/opt/ros/jazzy/lib', 'HOME': '/home/cyberkanjousen', 'SNAP_LIBRARY_PATH': '/var/lib/snapd/lib/gl:/var/lib/snapd/lib/gl32:/var/lib/snapd/void', 'DESKTOP_SESSION': 'ubuntu', 'SNAP_USER_DATA': '/home/cyberkanjousen/snap/clion/393', 'TERMINAL_EMULATOR': 'JetBrains-JediTerm', 'GIO_LAUNCHED_DESKTOP_FILE': '/var/lib/snapd/desktop/applications/clion_clion.desktop', 'ROS_PYTHON_VERSION': '3', 'GNOME_SHELL_SESSION_MODE': 'ubuntu', 'GTK_MODULES': 'gail:atk-bridge', 'MANAGERPID': '2765', 'SYSTEMD_EXEC_PID': '3210', 'GSM_SKIP_SSH_AGENT_WORKAROUND': 'true', 'DBUS_SESSION_BUS_ADDRESS': 'unix:path=/run/user/1000/bus', 'SNAP_REVISION': '393', 'GIO_LAUNCHED_DESKTOP_FILE_PID': '4290', 'DEBUGINFOD_URLS': 'https://debuginfod.ubuntu.com', 'https_proxy': 'http://127.0.0.1:10808', 'ROS_DISTRO': 'jazzy', 'LOGNAME': 'cyberkanjousen', 'SNAP_CONTEXT': '7cMq18PPvE0GyoauddMEMHLsazMvDF3aF-ApkkrArLYzdt8gAxjQ', 'http_proxy': 'http://127.0.0.1:10808', 'JOURNAL_STREAM': '9:40206', '_': '/usr/bin/colcon', 'ROS_VERSION': '2', 'MEMORY_PRESSURE_WATCH': '/sys/fs/cgroup/user.slice/user-1000.slice/user@1000.service/session.slice/org.gnome.Shell@x11.service/memory.pressure', 'XDG_SESSION_CLASS': 'user', 'SNAP_VERSION': '2025.2.4', 'USERNAME': 'cyberkanjousen', 'TERM': 'xterm-256color', 'GNOME_DESKTOP_SESSION_ID': 'this-is-deprecated', 'SNAP_INSTANCE_NAME': 'clion', 'WINDOWPATH': '2', 'PATH': '/opt/ros/jazzy/bin:/home/cyberkanjousen/.local/bin:/usr/local/sbin:/usr/local/bin:/usr/sbin:/usr/bin:/sbin:/bin:/usr/games:/usr/local/games:/snap/bin:/snap/bin:/home/cyberkanjousen/.local/bin:/home/cyberkanjousen/.local/bin', 'SESSION_MANAGER': 'local/cyberkanjousen-Legion-Y7000P-IRX10:@/tmp/.ICE-unix/3111,unix/cyberkanjousen-Legion-Y7000P-IRX10:/tmp/.ICE-unix/3111', 'INVOCATION_ID': 'e7fea1e9eb6f4e17a61b475e3444d22f', 'XDG_MENU_PREFIX': 'gnome-', 'ftp_proxy': 'ftp://127.0.0.1:10808', 'SNAP_DATA': '/var/snap/clion/393', 'XDG_RUNTIME_DIR': '/run/user/1000', 'DISPLAY': ':1', 'DESKTOP_STARTUP_ID': 'gnome-shell/CLion/3210-0-cyberkanjousen-Legion-Y7000P-IRX10_TIME51333', 'LANG': 'zh_CN.UTF-8', 'XDG_CURRENT_DESKTOP': 'ubuntu:GNOME', 'XMODIFIERS': '@im=ibus', 'XDG_SESSION_DESKTOP': 'ubuntu', 'XAUTHORITY': '/run/user/1000/gdm/Xauthority', 'LS_COLORS': 'rs=0:di=01;34:ln=01;36:mh=00:pi=40;33:so=01;35:do=01;35:bd=40;33;01:cd=40;33;01:or=40;31;01:mi=00:su=37;41:sg=30;43:ca=00:tw=30;42:ow=34;42:st=37;44:ex=01;32:*.tar=01;31:*.tgz=01;31:*.arc=01;31:*.arj=01;31:*.taz=01;31:*.lha=01;31:*.lz4=01;31:*.lzh=01;31:*.lzma=01;31:*.tlz=01;31:*.txz=01;31:*.tzo=01;31:*.t7z=01;31:*.zip=01;31:*.z=01;31:*.dz=01;31:*.gz=01;31:*.lrz=01;31:*.lz=01;31:*.lzo=01;31:*.xz=01;31:*.zst=01;31:*.tzst=01;31:*.bz2=01;31:*.bz=01;31:*.tbz=01;31:*.tbz2=01;31:*.tz=01;31:*.deb=01;31:*.rpm=01;31:*.jar=01;31:*.war=01;31:*.ear=01;31:*.sar=01;31:*.rar=01;31:*.alz=01;31:*.ace=01;31:*.zoo=01;31:*.cpio=01;31:*.7z=01;31:*.rz=01;31:*.cab=01;31:*.wim=01;31:*.swm=01;31:*.dwm=01;31:*.esd=01;31:*.avif=01;35:*.jpg=01;35:*.jpeg=01;35:*.mjpg=01;35:*.mjpeg=01;35:*.gif=01;35:*.bmp=01;35:*.pbm=01;35:*.pgm=01;35:*.ppm=01;35:*.tga=01;35:*.xbm=01;35:*.xpm=01;35:*.tif=01;35:*.tiff=01;35:*.png=01;35:*.svg=01;35:*.svgz=01;35:*.mng=01;35:*.pcx=01;35:*.mov=01;35:*.mpg=01;35:*.mpeg=01;35:*.m2v=01;35:*.mkv=01;35:*.webm=01;35:*.webp=01;35:*.ogm=01;35:*.mp4=01;35:*.m4v=01;35:*.mp4v=01;35:*.vob=01;35:*.qt=01;35:*.nuv=01;35:*.wmv=01;35:*.asf=01;35:*.rm=01;35:*.rmvb=01;35:*.flc=01;35:*.avi=01;35:*.fli=01;35:*.flv=01;35:*.gl=01;35:*.dl=01;35:*.xcf=01;35:*.xwd=01;35:*.yuv=01;35:*.cgm=01;35:*.emf=01;35:*.ogv=01;35:*.ogx=01;35:*.aac=00;36:*.au=00;36:*.flac=00;36:*.m4a=00;36:*.mid=00;36:*.midi=00;36:*.mka=00;36:*.mp3=00;36:*.mpc=00;36:*.ogg=00;36:*.ra=00;36:*.wav=00;36:*.oga=00;36:*.opus=00;36:*.spx=00;36:*.xspf=00;36:*~=00;90:*#=00;90:*.bak=00;90:*.crdownload=00;90:*.dpkg-dist=00;90:*.dpkg-new=00;90:*.dpkg-old=00;90:*.dpkg-tmp=00;90:*.old=00;90:*.orig=00;90:*.part=00;90:*.rej=00;90:*.rpmnew=00;90:*.rpmorig=00;90:*.rpmsave=00;90:*.swp=00;90:*.tmp=00;90:*.ucf-dist=00;90:*.ucf-new=00;90:*.ucf-old=00;90:', 'SNAP_USER_COMMON': '/home/cyberkanjousen/snap/clion/common', 'SSH_AUTH_SOCK': '/run/user/1000/keyring/ssh', 'SNAP_ARCH': 'amd64', 'AMENT_PREFIX_PATH': '/opt/ros/jazzy', 'SNAP_COOKIE': '7cMq18PPvE0GyoauddMEMHLsazMvDF3aF-ApkkrArLYzdt8gAxjQ', 'SHELL': '/bin/bash', 'QT_ACCESSIBILITY': '1', 'SNAP_REEXEC': '', 'GDMSESSION': 'ubuntu', 'LESSCLOSE': '/usr/bin/lesspipe %s %s', 'SNAP_NAME': 'clion', 'GPG_AGENT_INFO': '/run/user/1000/gnupg/S.gpg-agent:0:1', 'GJS_DEBUG_OUTPUT': 'stderr', 'ROS_AUTOMATIC_DISCOVERY_RANGE': 'SUBNET', 'QT_IM_MODULE': 'ibus', 'PWD': '/home/cyberkanjousen/CLionProjects/ROS2_1/build/service_114514', 'XDG_CONFIG_DIRS': '/etc/xdg/xdg-ubuntu:/etc/xdg', 'SNAP_REAL_HOME': '/home/cyberkanjousen', 'XDG_DATA_DIRS': '/usr/share/ubuntu:/usr/share/gnome:/usr/local/share/:/usr/share/:/var/lib/snapd/desktop', 'SNAP_EUID': '1000', 'QTWEBENGINE_DICTIONARIES_PATH': '/usr/share/hunspell-bdic/', 'PYTHONPATH': '/opt/ros/jazzy/lib/python3.12/site-packages', 'SNAP': '/snap/clion/393', 'COLCON': '1', 'MEMORY_PRESSURE_WRITE': 'c29tZSAyMDAwMDAgMjAwMDAwMAA=', 'JM_OPTION_PATH': '/home/cyberkanjousen/下载', 'CMAKE_PREFIX_PATH': '/opt/ros/jazzy/opt/gz_math_vendor:/opt/ros/jazzy/opt/gz_utils_vendor:/opt/ros/jazzy/opt/gz_cmake_vendor:/opt/ros/jazzy'}), 'shell': False}
[0.009537] (cpp_pubsub) JobProgress: {'identifier': 'cpp_pubsub', 'progress': 'cmake'}
[0.009831] (cpp_pubsub) Command: {'cmd': ['/usr/bin/cmake', '/home/cyberkanjousen/CLionProjects/ROS2_1/src/cpp_pubsub', '-DCMAKE_EXPORT_COMPILE_COMMANDS=ON', '-G', 'Ninja', '-DCMAKE_INSTALL_PREFIX=/home/cyberkanjousen/CLionProjects/ROS2_1/install/cpp_pubsub'], 'cwd': '/home/cyberkanjousen/CLionProjects/ROS2_1/build/cpp_pubsub', 'env': OrderedDict({'TERM_SESSION_ID': '63c909e5-d298-4cc9-832e-4a5012225e58', 'GJS_DEBUG_TOPICS': 'JS ERROR;JS LOG', 'XDG_ACTIVATION_TOKEN': 'gnome-shell/CLion/3210-0-cyberkanjousen-Legion-Y7000P-IRX10_TIME51333', 'LESSOPEN': '| /usr/bin/lesspipe %s', 'SNAP_INSTANCE_KEY': '', 'USER': 'cyberkanjousen', 'SNAP_COMMON': '/var/snap/clion/common', 'socks_host': 'socks://127.0.0.1:10808', 'XDG_SESSION_TYPE': 'x11', 'SNAP_UID': '1000', 'CLUTTER_DISABLE_MIPMAPPED_TEXT': '1', 'SHLVL': '1', 'LD_LIBRARY_PATH': '/opt/ros/jazzy/opt/rviz_ogre_vendor/lib:/opt/ros/jazzy/lib/x86_64-linux-gnu:/opt/ros/jazzy/opt/gz_math_vendor/lib:/opt/ros/jazzy/opt/gz_utils_vendor/lib:/opt/ros/jazzy/opt/gz_cmake_vendor/lib:/opt/ros/jazzy/lib', 'HOME': '/home/cyberkanjousen', 'SNAP_LIBRARY_PATH': '/var/lib/snapd/lib/gl:/var/lib/snapd/lib/gl32:/var/lib/snapd/void', 'DESKTOP_SESSION': 'ubuntu', 'SNAP_USER_DATA': '/home/cyberkanjousen/snap/clion/393', 'TERMINAL_EMULATOR': 'JetBrains-JediTerm', 'GIO_LAUNCHED_DESKTOP_FILE': '/var/lib/snapd/desktop/applications/clion_clion.desktop', 'ROS_PYTHON_VERSION': '3', 'GNOME_SHELL_SESSION_MODE': 'ubuntu', 'GTK_MODULES': 'gail:atk-bridge', 'MANAGERPID': '2765', 'SYSTEMD_EXEC_PID': '3210', 'GSM_SKIP_SSH_AGENT_WORKAROUND': 'true', 'DBUS_SESSION_BUS_ADDRESS': 'unix:path=/run/user/1000/bus', 'SNAP_REVISION': '393', 'GIO_LAUNCHED_DESKTOP_FILE_PID': '4290', 'DEBUGINFOD_URLS': 'https://debuginfod.ubuntu.com', 'https_proxy': 'http://127.0.0.1:10808', 'ROS_DISTRO': 'jazzy', 'LOGNAME': 'cyberkanjousen', 'SNAP_CONTEXT': '7cMq18PPvE0GyoauddMEMHLsazMvDF3aF-ApkkrArLYzdt8gAxjQ', 'http_proxy': 'http://127.0.0.1:10808', 'JOURNAL_STREAM': '9:40206', '_': '/usr/bin/colcon', 'ROS_VERSION': '2', 'MEMORY_PRESSURE_WATCH': '/sys/fs/cgroup/user.slice/user-1000.slice/user@1000.service/session.slice/org.gnome.Shell@x11.service/memory.pressure', 'XDG_SESSION_CLASS': 'user', 'SNAP_VERSION': '2025.2.4', 'USERNAME': 'cyberkanjousen', 'TERM': 'xterm-256color', 'GNOME_DESKTOP_SESSION_ID': 'this-is-deprecated', 'SNAP_INSTANCE_NAME': 'clion', 'WINDOWPATH': '2', 'PATH': '/opt/ros/jazzy/bin:/home/cyberkanjousen/.local/bin:/usr/local/sbin:/usr/local/bin:/usr/sbin:/usr/bin:/sbin:/bin:/usr/games:/usr/local/games:/snap/bin:/snap/bin:/home/cyberkanjousen/.local/bin:/home/cyberkanjousen/.local/bin', 'SESSION_MANAGER': 'local/cyberkanjousen-Legion-Y7000P-IRX10:@/tmp/.ICE-unix/3111,unix/cyberkanjousen-Legion-Y7000P-IRX10:/tmp/.ICE-unix/3111', 'INVOCATION_ID': 'e7fea1e9eb6f4e17a61b475e3444d22f', 'XDG_MENU_PREFIX': 'gnome-', 'ftp_proxy': 'ftp://127.0.0.1:10808', 'SNAP_DATA': '/var/snap/clion/393', 'XDG_RUNTIME_DIR': '/run/user/1000', 'DISPLAY': ':1', 'DESKTOP_STARTUP_ID': 'gnome-shell/CLion/3210-0-cyberkanjousen-Legion-Y7000P-IRX10_TIME51333', 'LANG': 'zh_CN.UTF-8', 'XDG_CURRENT_DESKTOP': 'ubuntu:GNOME', 'XMODIFIERS': '@im=ibus', 'XDG_SESSION_DESKTOP': 'ubuntu', 'XAUTHORITY': '/run/user/1000/gdm/Xauthority', 'LS_COLORS': 'rs=0:di=01;34:ln=01;36:mh=00:pi=40;33:so=01;35:do=01;35:bd=40;33;01:cd=40;33;01:or=40;31;01:mi=00:su=37;41:sg=30;43:ca=00:tw=30;42:ow=34;42:st=37;44:ex=01;32:*.tar=01;31:*.tgz=01;31:*.arc=01;31:*.arj=01;31:*.taz=01;31:*.lha=01;31:*.lz4=01;31:*.lzh=01;31:*.lzma=01;31:*.tlz=01;31:*.txz=01;31:*.tzo=01;31:*.t7z=01;31:*.zip=01;31:*.z=01;31:*.dz=01;31:*.gz=01;31:*.lrz=01;31:*.lz=01;31:*.lzo=01;31:*.xz=01;31:*.zst=01;31:*.tzst=01;31:*.bz2=01;31:*.bz=01;31:*.tbz=01;31:*.tbz2=01;31:*.tz=01;31:*.deb=01;31:*.rpm=01;31:*.jar=01;31:*.war=01;31:*.ear=01;31:*.sar=01;31:*.rar=01;31:*.alz=01;31:*.ace=01;31:*.zoo=01;31:*.cpio=01;31:*.7z=01;31:*.rz=01;31:*.cab=01;31:*.wim=01;31:*.swm=01;31:*.dwm=01;31:*.esd=01;31:*.avif=01;35:*.jpg=01;35:*.jpeg=01;35:*.mjpg=01;35:*.mjpeg=01;35:*.gif=01;35:*.bmp=01;35:*.pbm=01;35:*.pgm=01;35:*.ppm=01;35:*.tga=01;35:*.xbm=01;35:*.xpm=01;35:*.tif=01;35:*.tiff=01;35:*.png=01;35:*.svg=01;35:*.svgz=01;35:*.mng=01;35:*.pcx=01;35:*.mov=01;35:*.mpg=01;35:*.mpeg=01;35:*.m2v=01;35:*.mkv=01;35:*.webm=01;35:*.webp=01;35:*.ogm=01;35:*.mp4=01;35:*.m4v=01;35:*.mp4v=01;35:*.vob=01;35:*.qt=01;35:*.nuv=01;35:*.wmv=01;35:*.asf=01;35:*.rm=01;35:*.rmvb=01;35:*.flc=01;35:*.avi=01;35:*.fli=01;35:*.flv=01;35:*.gl=01;35:*.dl=01;35:*.xcf=01;35:*.xwd=01;35:*.yuv=01;35:*.cgm=01;35:*.emf=01;35:*.ogv=01;35:*.ogx=01;35:*.aac=00;36:*.au=00;36:*.flac=00;36:*.m4a=00;36:*.mid=00;36:*.midi=00;36:*.mka=00;36:*.mp3=00;36:*.mpc=00;36:*.ogg=00;36:*.ra=00;36:*.wav=00;36:*.oga=00;36:*.opus=00;36:*.spx=00;36:*.xspf=00;36:*~=00;90:*#=00;90:*.bak=00;90:*.crdownload=00;90:*.dpkg-dist=00;90:*.dpkg-new=00;90:*.dpkg-old=00;90:*.dpkg-tmp=00;90:*.old=00;90:*.orig=00;90:*.part=00;90:*.rej=00;90:*.rpmnew=00;90:*.rpmorig=00;90:*.rpmsave=00;90:*.swp=00;90:*.tmp=00;90:*.ucf-dist=00;90:*.ucf-new=00;90:*.ucf-old=00;90:', 'SNAP_USER_COMMON': '/home/cyberkanjousen/snap/clion/common', 'SSH_AUTH_SOCK': '/run/user/1000/keyring/ssh', 'SNAP_ARCH': 'amd64', 'AMENT_PREFIX_PATH': '/opt/ros/jazzy', 'SNAP_COOKIE': '7cMq18PPvE0GyoauddMEMHLsazMvDF3aF-ApkkrArLYzdt8gAxjQ', 'SHELL': '/bin/bash', 'QT_ACCESSIBILITY': '1', 'SNAP_REEXEC': '', 'GDMSESSION': 'ubuntu', 'LESSCLOSE': '/usr/bin/lesspipe %s %s', 'SNAP_NAME': 'clion', 'GPG_AGENT_INFO': '/run/user/1000/gnupg/S.gpg-agent:0:1', 'GJS_DEBUG_OUTPUT': 'stderr', 'ROS_AUTOMATIC_DISCOVERY_RANGE': 'SUBNET', 'QT_IM_MODULE': 'ibus', 'PWD': '/home/cyberkanjousen/CLionProjects/ROS2_1/build/cpp_pubsub', 'XDG_CONFIG_DIRS': '/etc/xdg/xdg-ubuntu:/etc/xdg', 'SNAP_REAL_HOME': '/home/cyberkanjousen', 'XDG_DATA_DIRS': '/usr/share/ubuntu:/usr/share/gnome:/usr/local/share/:/usr/share/:/var/lib/snapd/desktop', 'SNAP_EUID': '1000', 'QTWEBENGINE_DICTIONARIES_PATH': '/usr/share/hunspell-bdic/', 'PYTHONPATH': '/opt/ros/jazzy/lib/python3.12/site-packages', 'SNAP': '/snap/clion/393', 'COLCON': '1', 'MEMORY_PRESSURE_WRITE': 'c29tZSAyMDAwMDAgMjAwMDAwMAA=', 'JM_OPTION_PATH': '/home/cyberkanjousen/下载', 'CMAKE_PREFIX_PATH': '/opt/ros/jazzy/opt/gz_math_vendor:/opt/ros/jazzy/opt/gz_utils_vendor:/opt/ros/jazzy/opt/gz_cmake_vendor:/opt/ros/jazzy'}), 'shell': False}
[0.075907] (service_114514) StdoutLine: {'line': b'-- The C compiler identification is GNU 13.3.0\n'}
[0.077997] (cpp_pubsub) StdoutLine: {'line': b'-- The C compiler identification is GNU 13.3.0\n'}
[0.099511] (-) TimerEvent: {}
[0.128454] (cpp_pubsub) StdoutLine: {'line': b'-- The CXX compiler identification is GNU 13.3.0\n'}
[0.132774] (service_114514) StdoutLine: {'line': b'-- The CXX compiler identification is GNU 13.3.0\n'}
[0.151731] (cpp_pubsub) StdoutLine: {'line': b'-- Detecting C compiler ABI info\n'}
[0.157479] (service_114514) StdoutLine: {'line': b'-- Detecting C compiler ABI info\n'}
[0.199703] (-) TimerEvent: {}
[0.240618] (cpp_pubsub) StdoutLine: {'line': b'-- Detecting C compiler ABI info - done\n'}
[0.245356] (service_114514) StdoutLine: {'line': b'-- Detecting C compiler ABI info - done\n'}
[0.247817] (cpp_pubsub) StdoutLine: {'line': b'-- Check for working C compiler: /usr/bin/cc - skipped\n'}
[0.248096] (cpp_pubsub) StdoutLine: {'line': b'-- Detecting C compile features\n'}
[0.248294] (cpp_pubsub) StdoutLine: {'line': b'-- Detecting C compile features - done\n'}
[0.255576] (service_114514) StdoutLine: {'line': b'-- Check for working C compiler: /usr/bin/cc - skipped\n'}
[0.256122] (service_114514) StdoutLine: {'line': b'-- Detecting C compile features\n'}
[0.256795] (service_114514) StdoutLine: {'line': b'-- Detecting C compile features - done\n'}
[0.263629] (cpp_pubsub) StdoutLine: {'line': b'-- Detecting CXX compiler ABI info\n'}
[0.274028] (service_114514) StdoutLine: {'line': b'-- Detecting CXX compiler ABI info\n'}
[0.299827] (-) TimerEvent: {}
[0.341404] (cpp_pubsub) StdoutLine: {'line': b'-- Detecting CXX compiler ABI info - done\n'}
[0.342462] (service_114514) StdoutLine: {'line': b'-- Detecting CXX compiler ABI info - done\n'}
[0.347618] (cpp_pubsub) StdoutLine: {'line': b'-- Check for working CXX compiler: /usr/bin/c++ - skipped\n'}
[0.347805] (cpp_pubsub) StdoutLine: {'line': b'-- Detecting CXX compile features\n'}
[0.348016] (cpp_pubsub) StdoutLine: {'line': b'-- Detecting CXX compile features - done\n'}
[0.348646] (service_114514) StdoutLine: {'line': b'-- Check for working CXX compiler: /usr/bin/c++ - skipped\n'}
[0.348927] (service_114514) StdoutLine: {'line': b'-- Detecting CXX compile features\n'}
[0.349146] (service_114514) StdoutLine: {'line': b'-- Detecting CXX compile features - done\n'}
[0.349669] (cpp_pubsub) StdoutLine: {'line': b'-- Found ament_cmake: 2.5.4 (/opt/ros/jazzy/share/ament_cmake/cmake)\n'}
[0.350602] (service_114514) StdoutLine: {'line': b'-- Found ament_cmake: 2.5.4 (/opt/ros/jazzy/share/ament_cmake/cmake)\n'}
[0.399923] (-) TimerEvent: {}
[0.460736] (cpp_pubsub) StdoutLine: {'line': b'-- Found Python3: /usr/bin/python3 (found version "3.12.3") found components: Interpreter \n'}
[0.463505] (service_114514) StdoutLine: {'line': b'-- Found Python3: /usr/bin/python3 (found version "3.12.3") found components: Interpreter \n'}
[0.500053] (-) TimerEvent: {}
[0.529774] (cpp_pubsub) StdoutLine: {'line': b'-- Found rclcpp: 28.1.12 (/opt/ros/jazzy/share/rclcpp/cmake)\n'}
[0.538480] (service_114514) StdoutLine: {'line': b'-- Found rosidl_default_generators: 1.6.0 (/opt/ros/jazzy/share/rosidl_default_generators/cmake)\n'}
[0.544241] (service_114514) StdoutLine: {'line': b'-- Using all available rosidl_typesupport_c: rosidl_typesupport_fastrtps_c;rosidl_typesupport_introspection_c\n'}
[0.556996] (cpp_pubsub) StdoutLine: {'line': b'-- Found rosidl_generator_c: 4.6.6 (/opt/ros/jazzy/share/rosidl_generator_c/cmake)\n'}
[0.565518] (cpp_pubsub) StdoutLine: {'line': b'-- Found rosidl_generator_cpp: 4.6.6 (/opt/ros/jazzy/share/rosidl_generator_cpp/cmake)\n'}
[0.575633] (cpp_pubsub) StdoutLine: {'line': b'-- Using all available rosidl_typesupport_c: rosidl_typesupport_fastrtps_c;rosidl_typesupport_introspection_c\n'}
[0.576866] (service_114514) StdoutLine: {'line': b'-- Using all available rosidl_typesupport_cpp: rosidl_typesupport_fastrtps_cpp;rosidl_typesupport_introspection_cpp\n'}
[0.587320] (cpp_pubsub) StdoutLine: {'line': b'-- Using all available rosidl_typesupport_cpp: rosidl_typesupport_fastrtps_cpp;rosidl_typesupport_introspection_cpp\n'}
[0.600186] (-) TimerEvent: {}
[0.603126] (service_114514) StdoutLine: {'line': b'-- Found rosidl_adapter: 4.6.6 (/opt/ros/jazzy/share/rosidl_adapter/cmake)\n'}
[0.638849] (cpp_pubsub) StdoutLine: {'line': b'-- Found rmw_implementation_cmake: 7.3.2 (/opt/ros/jazzy/share/rmw_implementation_cmake/cmake)\n'}
[0.640592] (cpp_pubsub) StdoutLine: {'line': b'-- Found rmw_fastrtps_cpp: 8.4.3 (/opt/ros/jazzy/share/rmw_fastrtps_cpp/cmake)\n'}
[0.700262] (-) TimerEvent: {}
[0.712647] (cpp_pubsub) StdoutLine: {'line': b'-- Found OpenSSL: /usr/lib/x86_64-linux-gnu/libcrypto.so (found version "3.0.13")  \n'}
[0.733018] (cpp_pubsub) StdoutLine: {'line': b'-- Found FastRTPS: /opt/ros/jazzy/include (Required is at least version "2.13") \n'}
[0.754294] (cpp_pubsub) StdoutLine: {'line': b"-- Using RMW implementation 'rmw_fastrtps_cpp' as default\n"}
[0.800354] (-) TimerEvent: {}
[0.806831] (cpp_pubsub) StdoutLine: {'line': b'-- Found std_msgs: 5.3.6 (/opt/ros/jazzy/share/std_msgs/cmake)\n'}
[0.880779] (cpp_pubsub) StdoutLine: {'line': b'-- Configuring done (0.9s)\n'}
[0.891454] (cpp_pubsub) StdoutLine: {'line': b'-- Generating done (0.0s)\n'}
[0.900489] (-) TimerEvent: {}
[0.903870] (cpp_pubsub) StdoutLine: {'line': b'-- Build files have been written to: /home/cyberkanjousen/CLionProjects/ROS2_1/build/cpp_pubsub\n'}
[0.911747] (cpp_pubsub) CommandEnded: {'returncode': 0}
[0.911966] (cpp_pubsub) JobProgress: {'identifier': 'cpp_pubsub', 'progress': 'build'}
[0.911980] (cpp_pubsub) Command: {'cmd': ['/usr/bin/cmake', '--build', '/home/cyberkanjousen/CLionProjects/ROS2_1/build/cpp_pubsub', '--', '-j32', '-l32'], 'cwd': '/home/cyberkanjousen/CLionProjects/ROS2_1/build/cpp_pubsub', 'env': OrderedDict({'TERM_SESSION_ID': '63c909e5-d298-4cc9-832e-4a5012225e58', 'GJS_DEBUG_TOPICS': 'JS ERROR;JS LOG', 'XDG_ACTIVATION_TOKEN': 'gnome-shell/CLion/3210-0-cyberkanjousen-Legion-Y7000P-IRX10_TIME51333', 'LESSOPEN': '| /usr/bin/lesspipe %s', 'SNAP_INSTANCE_KEY': '', 'USER': 'cyberkanjousen', 'SNAP_COMMON': '/var/snap/clion/common', 'socks_host': 'socks://127.0.0.1:10808', 'XDG_SESSION_TYPE': 'x11', 'SNAP_UID': '1000', 'CLUTTER_DISABLE_MIPMAPPED_TEXT': '1', 'SHLVL': '1', 'LD_LIBRARY_PATH': '/opt/ros/jazzy/opt/rviz_ogre_vendor/lib:/opt/ros/jazzy/lib/x86_64-linux-gnu:/opt/ros/jazzy/opt/gz_math_vendor/lib:/opt/ros/jazzy/opt/gz_utils_vendor/lib:/opt/ros/jazzy/opt/gz_cmake_vendor/lib:/opt/ros/jazzy/lib', 'HOME': '/home/cyberkanjousen', 'SNAP_LIBRARY_PATH': '/var/lib/snapd/lib/gl:/var/lib/snapd/lib/gl32:/var/lib/snapd/void', 'DESKTOP_SESSION': 'ubuntu', 'SNAP_USER_DATA': '/home/cyberkanjousen/snap/clion/393', 'TERMINAL_EMULATOR': 'JetBrains-JediTerm', 'GIO_LAUNCHED_DESKTOP_FILE': '/var/lib/snapd/desktop/applications/clion_clion.desktop', 'ROS_PYTHON_VERSION': '3', 'GNOME_SHELL_SESSION_MODE': 'ubuntu', 'GTK_MODULES': 'gail:atk-bridge', 'MANAGERPID': '2765', 'SYSTEMD_EXEC_PID': '3210', 'GSM_SKIP_SSH_AGENT_WORKAROUND': 'true', 'DBUS_SESSION_BUS_ADDRESS': 'unix:path=/run/user/1000/bus', 'SNAP_REVISION': '393', 'GIO_LAUNCHED_DESKTOP_FILE_PID': '4290', 'DEBUGINFOD_URLS': 'https://debuginfod.ubuntu.com', 'https_proxy': 'http://127.0.0.1:10808', 'ROS_DISTRO': 'jazzy', 'LOGNAME': 'cyberkanjousen', 'SNAP_CONTEXT': '7cMq18PPvE0GyoauddMEMHLsazMvDF3aF-ApkkrArLYzdt8gAxjQ', 'http_proxy': 'http://127.0.0.1:10808', 'JOURNAL_STREAM': '9:40206', '_': '/usr/bin/colcon', 'ROS_VERSION': '2', 'MEMORY_PRESSURE_WATCH': '/sys/fs/cgroup/user.slice/user-1000.slice/user@1000.service/session.slice/org.gnome.Shell@x11.service/memory.pressure', 'XDG_SESSION_CLASS': 'user', 'SNAP_VERSION': '2025.2.4', 'USERNAME': 'cyberkanjousen', 'TERM': 'xterm-256color', 'GNOME_DESKTOP_SESSION_ID': 'this-is-deprecated', 'SNAP_INSTANCE_NAME': 'clion', 'WINDOWPATH': '2', 'PATH': '/opt/ros/jazzy/bin:/home/cyberkanjousen/.local/bin:/usr/local/sbin:/usr/local/bin:/usr/sbin:/usr/bin:/sbin:/bin:/usr/games:/usr/local/games:/snap/bin:/snap/bin:/home/cyberkanjousen/.local/bin:/home/cyberkanjousen/.local/bin', 'SESSION_MANAGER': 'local/cyberkanjousen-Legion-Y7000P-IRX10:@/tmp/.ICE-unix/3111,unix/cyberkanjousen-Legion-Y7000P-IRX10:/tmp/.ICE-unix/3111', 'INVOCATION_ID': 'e7fea1e9eb6f4e17a61b475e3444d22f', 'XDG_MENU_PREFIX': 'gnome-', 'ftp_proxy': 'ftp://127.0.0.1:10808', 'SNAP_DATA': '/var/snap/clion/393', 'XDG_RUNTIME_DIR': '/run/user/1000', 'DISPLAY': ':1', 'DESKTOP_STARTUP_ID': 'gnome-shell/CLion/3210-0-cyberkanjousen-Legion-Y7000P-IRX10_TIME51333', 'LANG': 'zh_CN.UTF-8', 'XDG_CURRENT_DESKTOP': 'ubuntu:GNOME', 'XMODIFIERS': '@im=ibus', 'XDG_SESSION_DESKTOP': 'ubuntu', 'XAUTHORITY': '/run/user/1000/gdm/Xauthority', 'LS_COLORS': 'rs=0:di=01;34:ln=01;36:mh=00:pi=40;33:so=01;35:do=01;35:bd=40;33;01:cd=40;33;01:or=40;31;01:mi=00:su=37;41:sg=30;43:ca=00:tw=30;42:ow=34;42:st=37;44:ex=01;32:*.tar=01;31:*.tgz=01;31:*.arc=01;31:*.arj=01;31:*.taz=01;31:*.lha=01;31:*.lz4=01;31:*.lzh=01;31:*.lzma=01;31:*.tlz=01;31:*.txz=01;31:*.tzo=01;31:*.t7z=01;31:*.zip=01;31:*.z=01;31:*.dz=01;31:*.gz=01;31:*.lrz=01;31:*.lz=01;31:*.lzo=01;31:*.xz=01;31:*.zst=01;31:*.tzst=01;31:*.bz2=01;31:*.bz=01;31:*.tbz=01;31:*.tbz2=01;31:*.tz=01;31:*.deb=01;31:*.rpm=01;31:*.jar=01;31:*.war=01;31:*.ear=01;31:*.sar=01;31:*.rar=01;31:*.alz=01;31:*.ace=01;31:*.zoo=01;31:*.cpio=01;31:*.7z=01;31:*.rz=01;31:*.cab=01;31:*.wim=01;31:*.swm=01;31:*.dwm=01;31:*.esd=01;31:*.avif=01;35:*.jpg=01;35:*.jpeg=01;35:*.mjpg=01;35:*.mjpeg=01;35:*.gif=01;35:*.bmp=01;35:*.pbm=01;35:*.pgm=01;35:*.ppm=01;35:*.tga=01;35:*.xbm=01;35:*.xpm=01;35:*.tif=01;35:*.tiff=01;35:*.png=01;35:*.svg=01;35:*.svgz=01;35:*.mng=01;35:*.pcx=01;35:*.mov=01;35:*.mpg=01;35:*.mpeg=01;35:*.m2v=01;35:*.mkv=01;35:*.webm=01;35:*.webp=01;35:*.ogm=01;35:*.mp4=01;35:*.m4v=01;35:*.mp4v=01;35:*.vob=01;35:*.qt=01;35:*.nuv=01;35:*.wmv=01;35:*.asf=01;35:*.rm=01;35:*.rmvb=01;35:*.flc=01;35:*.avi=01;35:*.fli=01;35:*.flv=01;35:*.gl=01;35:*.dl=01;35:*.xcf=01;35:*.xwd=01;35:*.yuv=01;35:*.cgm=01;35:*.emf=01;35:*.ogv=01;35:*.ogx=01;35:*.aac=00;36:*.au=00;36:*.flac=00;36:*.m4a=00;36:*.mid=00;36:*.midi=00;36:*.mka=00;36:*.mp3=00;36:*.mpc=00;36:*.ogg=00;36:*.ra=00;36:*.wav=00;36:*.oga=00;36:*.opus=00;36:*.spx=00;36:*.xspf=00;36:*~=00;90:*#=00;90:*.bak=00;90:*.crdownload=00;90:*.dpkg-dist=00;90:*.dpkg-new=00;90:*.dpkg-old=00;90:*.dpkg-tmp=00;90:*.old=00;90:*.orig=00;90:*.part=00;90:*.rej=00;90:*.rpmnew=00;90:*.rpmorig=00;90:*.rpmsave=00;90:*.swp=00;90:*.tmp=00;90:*.ucf-dist=00;90:*.ucf-new=00;90:*.ucf-old=00;90:', 'SNAP_USER_COMMON': '/home/cyberkanjousen/snap/clion/common', 'SSH_AUTH_SOCK': '/run/user/1000/keyring/ssh', 'SNAP_ARCH': 'amd64', 'AMENT_PREFIX_PATH': '/opt/ros/jazzy', 'SNAP_COOKIE': '7cMq18PPvE0GyoauddMEMHLsazMvDF3aF-ApkkrArLYzdt8gAxjQ', 'SHELL': '/bin/bash', 'QT_ACCESSIBILITY': '1', 'SNAP_REEXEC': '', 'GDMSESSION': 'ubuntu', 'LESSCLOSE': '/usr/bin/lesspipe %s %s', 'SNAP_NAME': 'clion', 'GPG_AGENT_INFO': '/run/user/1000/gnupg/S.gpg-agent:0:1', 'GJS_DEBUG_OUTPUT': 'stderr', 'ROS_AUTOMATIC_DISCOVERY_RANGE': 'SUBNET', 'QT_IM_MODULE': 'ibus', 'PWD': '/home/cyberkanjousen/CLionProjects/ROS2_1/build/cpp_pubsub', 'XDG_CONFIG_DIRS': '/etc/xdg/xdg-ubuntu:/etc/xdg', 'SNAP_REAL_HOME': '/home/cyberkanjousen', 'XDG_DATA_DIRS': '/usr/share/ubuntu:/usr/share/gnome:/usr/local/share/:/usr/share/:/var/lib/snapd/desktop', 'SNAP_EUID': '1000', 'QTWEBENGINE_DICTIONARIES_PATH': '/usr/share/hunspell-bdic/', 'PYTHONPATH': '/opt/ros/jazzy/lib/python3.12/site-packages', 'SNAP': '/snap/clion/393', 'COLCON': '1', 'MEMORY_PRESSURE_WRITE': 'c29tZSAyMDAwMDAgMjAwMDAwMAA=', 'JM_OPTION_PATH': '/home/cyberkanjousen/下载', 'CMAKE_PREFIX_PATH': '/opt/ros/jazzy/opt/gz_math_vendor:/opt/ros/jazzy/opt/gz_utils_vendor:/opt/ros/jazzy/opt/gz_cmake_vendor:/opt/ros/jazzy'}), 'shell': False}
[0.921406] (cpp_pubsub) StdoutLine: {'line': b'\n'}
[0.921766] (cpp_pubsub) StdoutLine: {'line': b'[0/8] Building CXX object CMakeFiles/talker.dir/src/publisher_lambda_function.cpp.o\x1b[K\n'}
[0.921920] (cpp_pubsub) StdoutLine: {'line': b'[0/8] Building CXX object CMakeFiles/listener.dir/src/subscriber_lambda_function.cpp.o\x1b[K\n'}
[0.922143] (cpp_pubsub) StdoutLine: {'line': b'[0/8] Building CXX object CMakeFiles/publisher_114514.dir/src/publisher_114514.cpp.o\x1b[K\n'}
[1.000591] (-) TimerEvent: {}
[1.070632] (service_114514) StdoutLine: {'line': b'-- Found ament_cmake_ros: 0.12.0 (/opt/ros/jazzy/share/ament_cmake_ros/cmake)\n'}
[1.100680] (-) TimerEvent: {}
[1.200955] (-) TimerEvent: {}
[1.301239] (-) TimerEvent: {}
[1.401494] (-) TimerEvent: {}
[1.445150] (service_114514) StdoutLine: {'line': b'-- Using all available rosidl_typesupport_c: rosidl_typesupport_fastrtps_c;rosidl_typesupport_introspection_c\n'}
[1.501596] (-) TimerEvent: {}
[1.601908] (-) TimerEvent: {}
[1.702197] (-) TimerEvent: {}
[1.802561] (-) TimerEvent: {}
[1.899386] (service_114514) StdoutLine: {'line': b'-- Using all available rosidl_typesupport_cpp: rosidl_typesupport_fastrtps_cpp;rosidl_typesupport_introspection_cpp\n'}
[1.901117] (service_114514) StdoutLine: {'line': b'-- Found python_cmake_module: 0.11.1 (/opt/ros/jazzy/share/python_cmake_module/cmake)\n'}
[1.902658] (-) TimerEvent: {}
[2.002924] (-) TimerEvent: {}
[2.023284] (service_114514) StdoutLine: {'line': b'-- Found PythonExtra: /usr/bin/python3  \n'}
[2.103155] (-) TimerEvent: {}
[2.203481] (-) TimerEvent: {}
[2.303769] (-) TimerEvent: {}
[2.376973] (service_114514) StdoutLine: {'line': b'-- Found Python3: /usr/bin/python3 (found version "3.12.3") found components: Interpreter Development NumPy Development.Module Development.Embed \n'}
[2.403851] (-) TimerEvent: {}
[2.410794] (service_114514) StdoutLine: {'line': b'-- Found ament_lint_auto: 0.17.3 (/opt/ros/jazzy/share/ament_lint_auto/cmake)\n'}
[2.422239] (service_114514) StdoutLine: {'line': b"-- Added test 'lint_cmake' to check CMake code style\n"}
[2.423078] (service_114514) StdoutLine: {'line': b"-- Added test 'xmllint' to check XML markup files\n"}
[2.424743] (service_114514) StdoutLine: {'line': b'-- Configuring done (2.4s)\n'}
[2.440295] (service_114514) StdoutLine: {'line': b'-- Generating done (0.0s)\n'}
[2.458661] (service_114514) StdoutLine: {'line': b'-- Build files have been written to: /home/cyberkanjousen/CLionProjects/ROS2_1/build/service_114514\n'}
[2.469576] (service_114514) CommandEnded: {'returncode': 0}
[2.470221] (service_114514) JobProgress: {'identifier': 'service_114514', 'progress': 'build'}
[2.470659] (service_114514) Command: {'cmd': ['/usr/bin/cmake', '--build', '/home/cyberkanjousen/CLionProjects/ROS2_1/build/service_114514', '--', '-j32', '-l32'], 'cwd': '/home/cyberkanjousen/CLionProjects/ROS2_1/build/service_114514', 'env': OrderedDict({'TERM_SESSION_ID': '63c909e5-d298-4cc9-832e-4a5012225e58', 'GJS_DEBUG_TOPICS': 'JS ERROR;JS LOG', 'XDG_ACTIVATION_TOKEN': 'gnome-shell/CLion/3210-0-cyberkanjousen-Legion-Y7000P-IRX10_TIME51333', 'LESSOPEN': '| /usr/bin/lesspipe %s', 'SNAP_INSTANCE_KEY': '', 'USER': 'cyberkanjousen', 'SNAP_COMMON': '/var/snap/clion/common', 'socks_host': 'socks://127.0.0.1:10808', 'XDG_SESSION_TYPE': 'x11', 'SNAP_UID': '1000', 'CLUTTER_DISABLE_MIPMAPPED_TEXT': '1', 'SHLVL': '1', 'LD_LIBRARY_PATH': '/opt/ros/jazzy/opt/rviz_ogre_vendor/lib:/opt/ros/jazzy/lib/x86_64-linux-gnu:/opt/ros/jazzy/opt/gz_math_vendor/lib:/opt/ros/jazzy/opt/gz_utils_vendor/lib:/opt/ros/jazzy/opt/gz_cmake_vendor/lib:/opt/ros/jazzy/lib', 'HOME': '/home/cyberkanjousen', 'SNAP_LIBRARY_PATH': '/var/lib/snapd/lib/gl:/var/lib/snapd/lib/gl32:/var/lib/snapd/void', 'DESKTOP_SESSION': 'ubuntu', 'SNAP_USER_DATA': '/home/cyberkanjousen/snap/clion/393', 'TERMINAL_EMULATOR': 'JetBrains-JediTerm', 'GIO_LAUNCHED_DESKTOP_FILE': '/var/lib/snapd/desktop/applications/clion_clion.desktop', 'ROS_PYTHON_VERSION': '3', 'GNOME_SHELL_SESSION_MODE': 'ubuntu', 'GTK_MODULES': 'gail:atk-bridge', 'MANAGERPID': '2765', 'SYSTEMD_EXEC_PID': '3210', 'GSM_SKIP_SSH_AGENT_WORKAROUND': 'true', 'DBUS_SESSION_BUS_ADDRESS': 'unix:path=/run/user/1000/bus', 'SNAP_REVISION': '393', 'GIO_LAUNCHED_DESKTOP_FILE_PID': '4290', 'DEBUGINFOD_URLS': 'https://debuginfod.ubuntu.com', 'https_proxy': 'http://127.0.0.1:10808', 'ROS_DISTRO': 'jazzy', 'LOGNAME': 'cyberkanjousen', 'SNAP_CONTEXT': '7cMq18PPvE0GyoauddMEMHLsazMvDF3aF-ApkkrArLYzdt8gAxjQ', 'http_proxy': 'http://127.0.0.1:10808', 'JOURNAL_STREAM': '9:40206', '_': '/usr/bin/colcon', 'ROS_VERSION': '2', 'MEMORY_PRESSURE_WATCH': '/sys/fs/cgroup/user.slice/user-1000.slice/user@1000.service/session.slice/org.gnome.Shell@x11.service/memory.pressure', 'XDG_SESSION_CLASS': 'user', 'SNAP_VERSION': '2025.2.4', 'USERNAME': 'cyberkanjousen', 'TERM': 'xterm-256color', 'GNOME_DESKTOP_SESSION_ID': 'this-is-deprecated', 'SNAP_INSTANCE_NAME': 'clion', 'WINDOWPATH': '2', 'PATH': '/opt/ros/jazzy/bin:/home/cyberkanjousen/.local/bin:/usr/local/sbin:/usr/local/bin:/usr/sbin:/usr/bin:/sbin:/bin:/usr/games:/usr/local/games:/snap/bin:/snap/bin:/home/cyberkanjousen/.local/bin:/home/cyberkanjousen/.local/bin', 'SESSION_MANAGER': 'local/cyberkanjousen-Legion-Y7000P-IRX10:@/tmp/.ICE-unix/3111,unix/cyberkanjousen-Legion-Y7000P-IRX10:/tmp/.ICE-unix/3111', 'INVOCATION_ID': 'e7fea1e9eb6f4e17a61b475e3444d22f', 'XDG_MENU_PREFIX': 'gnome-', 'ftp_proxy': 'ftp://127.0.0.1:10808', 'SNAP_DATA': '/var/snap/clion/393', 'XDG_RUNTIME_DIR': '/run/user/1000', 'DISPLAY': ':1', 'DESKTOP_STARTUP_ID': 'gnome-shell/CLion/3210-0-cyberkanjousen-Legion-Y7000P-IRX10_TIME51333', 'LANG': 'zh_CN.UTF-8', 'XDG_CURRENT_DESKTOP': 'ubuntu:GNOME', 'XMODIFIERS': '@im=ibus', 'XDG_SESSION_DESKTOP': 'ubuntu', 'XAUTHORITY': '/run/user/1000/gdm/Xauthority', 'LS_COLORS': 'rs=0:di=01;34:ln=01;36:mh=00:pi=40;33:so=01;35:do=01;35:bd=40;33;01:cd=40;33;01:or=40;31;01:mi=00:su=37;41:sg=30;43:ca=00:tw=30;42:ow=34;42:st=37;44:ex=01;32:*.tar=01;31:*.tgz=01;31:*.arc=01;31:*.arj=01;31:*.taz=01;31:*.lha=01;31:*.lz4=01;31:*.lzh=01;31:*.lzma=01;31:*.tlz=01;31:*.txz=01;31:*.tzo=01;31:*.t7z=01;31:*.zip=01;31:*.z=01;31:*.dz=01;31:*.gz=01;31:*.lrz=01;31:*.lz=01;31:*.lzo=01;31:*.xz=01;31:*.zst=01;31:*.tzst=01;31:*.bz2=01;31:*.bz=01;31:*.tbz=01;31:*.tbz2=01;31:*.tz=01;31:*.deb=01;31:*.rpm=01;31:*.jar=01;31:*.war=01;31:*.ear=01;31:*.sar=01;31:*.rar=01;31:*.alz=01;31:*.ace=01;31:*.zoo=01;31:*.cpio=01;31:*.7z=01;31:*.rz=01;31:*.cab=01;31:*.wim=01;31:*.swm=01;31:*.dwm=01;31:*.esd=01;31:*.avif=01;35:*.jpg=01;35:*.jpeg=01;35:*.mjpg=01;35:*.mjpeg=01;35:*.gif=01;35:*.bmp=01;35:*.pbm=01;35:*.pgm=01;35:*.ppm=01;35:*.tga=01;35:*.xbm=01;35:*.xpm=01;35:*.tif=01;35:*.tiff=01;35:*.png=01;35:*.svg=01;35:*.svgz=01;35:*.mng=01;35:*.pcx=01;35:*.mov=01;35:*.mpg=01;35:*.mpeg=01;35:*.m2v=01;35:*.mkv=01;35:*.webm=01;35:*.webp=01;35:*.ogm=01;35:*.mp4=01;35:*.m4v=01;35:*.mp4v=01;35:*.vob=01;35:*.qt=01;35:*.nuv=01;35:*.wmv=01;35:*.asf=01;35:*.rm=01;35:*.rmvb=01;35:*.flc=01;35:*.avi=01;35:*.fli=01;35:*.flv=01;35:*.gl=01;35:*.dl=01;35:*.xcf=01;35:*.xwd=01;35:*.yuv=01;35:*.cgm=01;35:*.emf=01;35:*.ogv=01;35:*.ogx=01;35:*.aac=00;36:*.au=00;36:*.flac=00;36:*.m4a=00;36:*.mid=00;36:*.midi=00;36:*.mka=00;36:*.mp3=00;36:*.mpc=00;36:*.ogg=00;36:*.ra=00;36:*.wav=00;36:*.oga=00;36:*.opus=00;36:*.spx=00;36:*.xspf=00;36:*~=00;90:*#=00;90:*.bak=00;90:*.crdownload=00;90:*.dpkg-dist=00;90:*.dpkg-new=00;90:*.dpkg-old=00;90:*.dpkg-tmp=00;90:*.old=00;90:*.orig=00;90:*.part=00;90:*.rej=00;90:*.rpmnew=00;90:*.rpmorig=00;90:*.rpmsave=00;90:*.swp=00;90:*.tmp=00;90:*.ucf-dist=00;90:*.ucf-new=00;90:*.ucf-old=00;90:', 'SNAP_USER_COMMON': '/home/cyberkanjousen/snap/clion/common', 'SSH_AUTH_SOCK': '/run/user/1000/keyring/ssh', 'SNAP_ARCH': 'amd64', 'AMENT_PREFIX_PATH': '/opt/ros/jazzy', 'SNAP_COOKIE': '7cMq18PPvE0GyoauddMEMHLsazMvDF3aF-ApkkrArLYzdt8gAxjQ', 'SHELL': '/bin/bash', 'QT_ACCESSIBILITY': '1', 'SNAP_REEXEC': '', 'GDMSESSION': 'ubuntu', 'LESSCLOSE': '/usr/bin/lesspipe %s %s', 'SNAP_NAME': 'clion', 'GPG_AGENT_INFO': '/run/user/1000/gnupg/S.gpg-agent:0:1', 'GJS_DEBUG_OUTPUT': 'stderr', 'ROS_AUTOMATIC_DISCOVERY_RANGE': 'SUBNET', 'QT_IM_MODULE': 'ibus', 'PWD': '/home/cyberkanjousen/CLionProjects/ROS2_1/build/service_114514', 'XDG_CONFIG_DIRS': '/etc/xdg/xdg-ubuntu:/etc/xdg', 'SNAP_REAL_HOME': '/home/cyberkanjousen', 'XDG_DATA_DIRS': '/usr/share/ubuntu:/usr/share/gnome:/usr/local/share/:/usr/share/:/var/lib/snapd/desktop', 'SNAP_EUID': '1000', 'QTWEBENGINE_DICTIONARIES_PATH': '/usr/share/hunspell-bdic/', 'PYTHONPATH': '/opt/ros/jazzy/lib/python3.12/site-packages', 'SNAP': '/snap/clion/393', 'COLCON': '1', 'MEMORY_PRESSURE_WRITE': 'c29tZSAyMDAwMDAgMjAwMDAwMAA=', 'JM_OPTION_PATH': '/home/cyberkanjousen/下载', 'CMAKE_PREFIX_PATH': '/opt/ros/jazzy/opt/gz_math_vendor:/opt/ros/jazzy/opt/gz_utils_vendor:/opt/ros/jazzy/opt/gz_cmake_vendor:/opt/ros/jazzy'}), 'shell': False}
[2.483602] (service_114514) StdoutLine: {'line': b'\n'}
[2.483873] (service_114514) StdoutLine: {'line': b'[0/36] Generating type hashes for ROS interfaces\x1b[K\n'}
[2.490898] (service_114514) StdoutLine: {'line': b'[0/36] cd /home/cyberkanjousen/CLionProjects/ROS2_1/build/service_114514 && /usr/bin/cmake -E copy_directory /home/cyberkanjousen/CLionProjects/ROS2_1/build/service_114514/rosidl_generator_py/service_114514 /home/cyberkanjousen/CLionProjects/ROS2_1/build/service_114514/ament_cmake_python/service_114514/service_114514\x1b[K\n'}
[2.491013] (service_114514) StdoutLine: {'line': b'[1/36] cd /home/cyberkanjousen/CLionProjects/ROS2_1/build/service_114514 && /usr/bin/cmake -E copy_directory /home/cyberkanjousen/CLionProjects/ROS2_1/build/service_114514/rosidl_generator_py/service_114514 /home/cyberkanjousen/CLionProjects/ROS2_1/build/service_114514/ament_cmake_python/service_114514/service_114514\x1b[K\n'}
[2.503963] (-) TimerEvent: {}
[2.604179] (-) TimerEvent: {}
[2.612799] (service_114514) StdoutLine: {'line': b'[1/36] cd /home/cyberkanjousen/CLionProjects/ROS2_1/build/service_114514/ament_cmake_python/service_114514 && /usr/bin/python3 setup.py egg_info\x1b[K\n'}
[2.613004] (service_114514) StdoutLine: {'line': b'[2/36] Generating type hashes for ROS interfaces\x1b[K\n'}
[2.613355] (service_114514) StdoutLine: {'line': b'[2/36] Generating C code for ROS interfaces\x1b[K\n'}
[2.680345] (service_114514) StdoutLine: {'line': b'[2/36] Generating C++ code for ROS interfaces\x1b[K\n'}
[2.680612] (service_114514) StdoutLine: {'line': b'[3/36] cd /home/cyberkanjousen/CLionProjects/ROS2_1/build/service_114514/ament_cmake_python/service_114514 && /usr/bin/python3 setup.py egg_info\x1b[K\n'}
[2.680677] (service_114514) StdoutLine: {'line': b'running egg_info\n'}
[2.680714] (service_114514) StdoutLine: {'line': b'creating service_114514.egg-info\n'}
[2.680750] (service_114514) StdoutLine: {'line': b'writing service_114514.egg-info/PKG-INFO\n'}
[2.680784] (service_114514) StdoutLine: {'line': b'writing dependency_links to service_114514.egg-info/dependency_links.txt\n'}
[2.680818] (service_114514) StdoutLine: {'line': b'writing top-level names to service_114514.egg-info/top_level.txt\n'}
[2.680850] (service_114514) StdoutLine: {'line': b"writing manifest file 'service_114514.egg-info/SOURCES.txt'\n"}
[2.680884] (service_114514) StdoutLine: {'line': b"reading manifest file 'service_114514.egg-info/SOURCES.txt'\n"}
[2.680918] (service_114514) StdoutLine: {'line': b"writing manifest file 'service_114514.egg-info/SOURCES.txt'\n"}
[2.704309] (-) TimerEvent: {}
[2.772045] (service_114514) StdoutLine: {'line': b'\n'}
[2.794103] (service_114514) StdoutLine: {'line': b'[4/36] Generating C++ code for ROS interfaces\x1b[K\n'}
[2.794257] (service_114514) StdoutLine: {'line': b'[5/36] Generating C code for ROS interfaces\x1b[K\n'}
[2.794613] (service_114514) StdoutLine: {'line': b'[5/36] Building C object CMakeFiles/service_114514__rosidl_generator_c.dir/rosidl_generator_c/service_114514/srv/detail/add_two_ints__description.c.o\x1b[K\n'}
[2.795012] (service_114514) StdoutLine: {'line': b'[5/36] Building C object CMakeFiles/service_114514__rosidl_generator_c.dir/rosidl_generator_c/service_114514/srv/detail/add_two_ints__functions.c.o\x1b[K\n'}
[2.804530] (-) TimerEvent: {}
[2.823237] (service_114514) StdoutLine: {'line': b'[5/36] Building C object CMakeFiles/service_114514__rosidl_generator_c.dir/rosidl_generator_c/service_114514/srv/detail/add_two_ints__type_support.c.o\x1b[K\n'}
[2.828633] (service_114514) StdoutLine: {'line': b'[6/36] Building C object CMakeFiles/service_114514__rosidl_generator_c.dir/rosidl_generator_c/service_114514/srv/detail/add_two_ints__type_support.c.o\x1b[K\n'}
[2.841429] (service_114514) StdoutLine: {'line': b'[7/36] Building C object CMakeFiles/service_114514__rosidl_generator_c.dir/rosidl_generator_c/service_114514/srv/detail/add_two_ints__description.c.o\x1b[K\n'}
[2.841556] (service_114514) StdoutLine: {'line': b'[8/36] Building C object CMakeFiles/service_114514__rosidl_generator_c.dir/rosidl_generator_c/service_114514/srv/detail/add_two_ints__functions.c.o\x1b[K\n'}
[2.861037] (service_114514) StdoutLine: {'line': b'[8/36] Linking C shared library libservice_114514__rosidl_generator_c.so\x1b[K\n'}
[2.861177] (service_114514) StdoutLine: {'line': b'[9/36] Linking C shared library libservice_114514__rosidl_generator_c.so\x1b[K\n'}
[2.861247] (service_114514) StdoutLine: {'line': b'[9/36] Generating C type support for eProsima Fast-RTPS\x1b[K\n'}
[2.861673] (service_114514) StdoutLine: {'line': b'[9/36] Generating C introspection for ROS interfaces\x1b[K\n'}
[2.861991] (service_114514) StdoutLine: {'line': b'[9/36] Generating C type support dispatch for ROS interfaces\x1b[K\n'}
[2.862173] (service_114514) StdoutLine: {'line': b'[9/36] Generating C++ type support for eProsima Fast-RTPS\x1b[K\n'}
[2.862386] (service_114514) StdoutLine: {'line': b'[9/36] Generating C++ introspection for ROS interfaces\x1b[K\n'}
[2.904657] (-) TimerEvent: {}
[2.998722] (service_114514) StdoutLine: {'line': b'[9/36] Generating C++ type support dispatch for ROS interfaces\x1b[K\n'}
[2.998932] (service_114514) StdoutLine: {'line': b'[10/36] Generating C++ type support dispatch for ROS interfaces\x1b[K\n'}
[3.004738] (-) TimerEvent: {}
[3.011488] (service_114514) StdoutLine: {'line': b'[10/36] Building CXX object CMakeFiles/service_114514__rosidl_typesupport_cpp.dir/rosidl_typesupport_cpp/service_114514/srv/add_two_ints__type_support.cpp.o\x1b[K\n'}
[3.011617] (service_114514) StdoutLine: {'line': b'[11/36] Generating C introspection for ROS interfaces\x1b[K\n'}
[3.036771] (service_114514) StdoutLine: {'line': b'[11/36] Building C object CMakeFiles/service_114514__rosidl_typesupport_introspection_c.dir/rosidl_typesupport_introspection_c/service_114514/srv/detail/add_two_ints__type_support.c.o\x1b[K\n'}
[3.036976] (service_114514) StdoutLine: {'line': b'[12/36] Generating C type support for eProsima Fast-RTPS\x1b[K\n'}
[3.037318] (service_114514) StdoutLine: {'line': b'[12/36] Building CXX object CMakeFiles/service_114514__rosidl_typesupport_fastrtps_c.dir/rosidl_typesupport_fastrtps_c/service_114514/srv/detail/add_two_ints__type_support_c.cpp.o\x1b[K\n'}
[3.037637] (service_114514) StdoutLine: {'line': b'[13/36] Generating C++ introspection for ROS interfaces\x1b[K\n'}
[3.048581] (service_114514) StdoutLine: {'line': b'[13/36] Building CXX object CMakeFiles/service_114514__rosidl_typesupport_introspection_cpp.dir/rosidl_typesupport_introspection_cpp/service_114514/srv/detail/add_two_ints__type_support.cpp.o\x1b[K\n'}
[3.048723] (service_114514) StdoutLine: {'line': b'[14/36] Building C object CMakeFiles/service_114514__rosidl_typesupport_introspection_c.dir/rosidl_typesupport_introspection_c/service_114514/srv/detail/add_two_ints__type_support.c.o\x1b[K\n'}
[3.053797] (service_114514) StdoutLine: {'line': b'[14/36] Linking C shared library libservice_114514__rosidl_typesupport_introspection_c.so\x1b[K\n'}
[3.053884] (service_114514) StdoutLine: {'line': b'[15/36] Generating C type support dispatch for ROS interfaces\x1b[K\n'}
[3.061383] (service_114514) StdoutLine: {'line': b'[15/36] Building CXX object CMakeFiles/service_114514__rosidl_typesupport_c.dir/rosidl_typesupport_c/service_114514/srv/add_two_ints__type_support.cpp.o\x1b[K\n'}
[3.085277] (service_114514) StdoutLine: {'line': b'[16/36] Linking C shared library libservice_114514__rosidl_typesupport_introspection_c.so\x1b[K\n'}
[3.085425] (service_114514) StdoutLine: {'line': b'[17/36] Building CXX object CMakeFiles/service_114514__rosidl_typesupport_c.dir/rosidl_typesupport_c/service_114514/srv/add_two_ints__type_support.cpp.o\x1b[K\n'}
[3.103753] (service_114514) StdoutLine: {'line': b'[17/36] Linking CXX shared library libservice_114514__rosidl_typesupport_c.so\x1b[K\n'}
[3.104840] (-) TimerEvent: {}
[3.118065] (service_114514) StdoutLine: {'line': b'[18/36] Linking CXX shared library libservice_114514__rosidl_typesupport_c.so\x1b[K\n'}
[3.118270] (service_114514) StdoutLine: {'line': b'[19/36] Generating C++ type support for eProsima Fast-RTPS\x1b[K\n'}
[3.204976] (-) TimerEvent: {}
[3.224761] (service_114514) StdoutLine: {'line': b'[19/36] Building CXX object CMakeFiles/service_114514__rosidl_typesupport_fastrtps_cpp.dir/rosidl_typesupport_fastrtps_cpp/service_114514/srv/detail/dds_fastrtps/add_two_ints__type_support.cpp.o\x1b[K\n'}
[3.224998] (service_114514) StdoutLine: {'line': b'[20/36] Building CXX object CMakeFiles/service_114514__rosidl_typesupport_cpp.dir/rosidl_typesupport_cpp/service_114514/srv/add_two_ints__type_support.cpp.o\x1b[K\n'}
[3.265116] (service_114514) StdoutLine: {'line': b'[20/36] Linking CXX shared library libservice_114514__rosidl_typesupport_cpp.so\x1b[K\n'}
[3.292701] (service_114514) StdoutLine: {'line': b'[21/36] Linking CXX shared library libservice_114514__rosidl_typesupport_cpp.so\x1b[K\n'}
[3.292891] (service_114514) StdoutLine: {'line': b'[22/36] Building CXX object CMakeFiles/service_114514__rosidl_typesupport_introspection_cpp.dir/rosidl_typesupport_introspection_cpp/service_114514/srv/detail/add_two_ints__type_support.cpp.o\x1b[K\n'}
[3.305114] (-) TimerEvent: {}
[3.327208] (service_114514) StdoutLine: {'line': b'[22/36] Linking CXX shared library libservice_114514__rosidl_typesupport_introspection_cpp.so\x1b[K\n'}
[3.327450] (service_114514) StdoutLine: {'line': b'[23/36] Building CXX object CMakeFiles/service_114514__rosidl_typesupport_fastrtps_c.dir/rosidl_typesupport_fastrtps_c/service_114514/srv/detail/add_two_ints__type_support_c.cpp.o\x1b[K\n'}
[3.330761] (service_114514) StdoutLine: {'line': b'[23/36] Linking CXX shared library libservice_114514__rosidl_typesupport_fastrtps_c.so\x1b[K\n'}
[3.355370] (service_114514) StdoutLine: {'line': b'[24/36] Linking CXX shared library libservice_114514__rosidl_typesupport_introspection_cpp.so\x1b[K\n'}
[3.405204] (-) TimerEvent: {}
[3.475650] (service_114514) StdoutLine: {'line': b'[25/36] Linking CXX shared library libservice_114514__rosidl_typesupport_fastrtps_c.so\x1b[K\n'}
[3.475883] (service_114514) StdoutLine: {'line': b'[26/36] Building CXX object CMakeFiles/service_114514__rosidl_typesupport_fastrtps_cpp.dir/rosidl_typesupport_fastrtps_cpp/service_114514/srv/detail/dds_fastrtps/add_two_ints__type_support.cpp.o\x1b[K\n'}
[3.505332] (-) TimerEvent: {}
[3.515094] (service_114514) StdoutLine: {'line': b'[26/36] Linking CXX shared library libservice_114514__rosidl_typesupport_fastrtps_cpp.so\x1b[K\n'}
[3.515320] (service_114514) StdoutLine: {'line': b'[27/36] Linking CXX shared library libservice_114514__rosidl_typesupport_fastrtps_cpp.so\x1b[K\n'}
[3.546750] (cpp_pubsub) StdoutLine: {'line': b'[0/8] Building CXX object CMakeFiles/subscriber_114514.dir/src/subscriber_114514.cpp.o\x1b[K\n'}
[3.547201] (cpp_pubsub) StdoutLine: {'line': b'[1/8] Building CXX object CMakeFiles/talker.dir/src/publisher_lambda_function.cpp.o\x1b[K\n'}
[3.557320] (cpp_pubsub) StdoutLine: {'line': b'[1/8] Linking CXX executable talker\x1b[K\n'}
[3.557525] (cpp_pubsub) StdoutLine: {'line': b'[2/8] Building CXX object CMakeFiles/publisher_114514.dir/src/publisher_114514.cpp.o\x1b[K\n'}
[3.605451] (-) TimerEvent: {}
[3.649031] (cpp_pubsub) StdoutLine: {'line': b'[2/8] Linking CXX executable publisher_114514\x1b[K\n'}
[3.656192] (cpp_pubsub) StdoutLine: {'line': b'[3/8] Linking CXX executable talker\x1b[K\n'}
[3.705559] (-) TimerEvent: {}
[3.732213] (service_114514) StdoutLine: {'line': b'[27/36] Generating Python code for ROS interfaces\x1b[K\n'}
[3.732528] (service_114514) StdoutLine: {'line': b'[28/36] Generating Python code for ROS interfaces\x1b[K\n'}
[3.732799] (service_114514) StdoutLine: {'line': b'[28/36] Building C object CMakeFiles/service_114514__rosidl_generator_py.dir/rosidl_generator_py/service_114514/srv/_add_two_ints_s.c.o\x1b[K\n'}
[3.733117] (service_114514) StdoutLine: {'line': b'[28/36] Building C object CMakeFiles/service_114514_s__rosidl_typesupport_fastrtps_c.dir/rosidl_generator_py/service_114514/_service_114514_s.ep.rosidl_typesupport_fastrtps_c.c.o\x1b[K\n'}
[3.733342] (service_114514) StdoutLine: {'line': b'[28/36] Building C object CMakeFiles/service_114514_s__rosidl_typesupport_introspection_c.dir/rosidl_generator_py/service_114514/_service_114514_s.ep.rosidl_typesupport_introspection_c.c.o\x1b[K\n'}
[3.794691] (service_114514) StdoutLine: {'line': b'[28/36] Building C object CMakeFiles/service_114514_s__rosidl_typesupport_c.dir/rosidl_generator_py/service_114514/_service_114514_s.ep.rosidl_typesupport_c.c.o\x1b[K\n'}
[3.794869] (service_114514) StdoutLine: {'line': b'[29/36] Building C object CMakeFiles/service_114514_s__rosidl_typesupport_c.dir/rosidl_generator_py/service_114514/_service_114514_s.ep.rosidl_typesupport_c.c.o\x1b[K\n'}
[3.795753] (service_114514) StdoutLine: {'line': b'[30/36] Building C object CMakeFiles/service_114514_s__rosidl_typesupport_introspection_c.dir/rosidl_generator_py/service_114514/_service_114514_s.ep.rosidl_typesupport_introspection_c.c.o\x1b[K\n'}
[3.805621] (-) TimerEvent: {}
[3.818713] (service_114514) StdoutLine: {'line': b'[31/36] Building C object CMakeFiles/service_114514_s__rosidl_typesupport_fastrtps_c.dir/rosidl_generator_py/service_114514/_service_114514_s.ep.rosidl_typesupport_fastrtps_c.c.o\x1b[K\n'}
[3.818844] (service_114514) StdoutLine: {'line': b'[32/36] Building C object CMakeFiles/service_114514__rosidl_generator_py.dir/rosidl_generator_py/service_114514/srv/_add_two_ints_s.c.o\x1b[K\n'}
[3.837110] (service_114514) StdoutLine: {'line': b'[32/36] Linking C shared library libservice_114514__rosidl_generator_py.so\x1b[K\n'}
[3.837233] (service_114514) StdoutLine: {'line': b'[33/36] Linking C shared library libservice_114514__rosidl_generator_py.so\x1b[K\n'}
[3.837306] (service_114514) StdoutLine: {'line': b'[33/36] Linking C shared module rosidl_generator_py/service_114514/service_114514_s__rosidl_typesupport_fastrtps_c.so\x1b[K\n'}
[3.837424] (service_114514) StdoutLine: {'line': b'[33/36] Linking C shared module rosidl_generator_py/service_114514/service_114514_s__rosidl_typesupport_introspection_c.so\x1b[K\n'}
[3.847786] (service_114514) StdoutLine: {'line': b'[33/36] Linking C shared module rosidl_generator_py/service_114514/service_114514_s__rosidl_typesupport_c.so\x1b[K\n'}
[3.850336] (service_114514) StdoutLine: {'line': b'[34/36] Linking C shared module rosidl_generator_py/service_114514/service_114514_s__rosidl_typesupport_fastrtps_c.so\x1b[K\n'}
[3.851197] (service_114514) StdoutLine: {'line': b'[35/36] Linking C shared module rosidl_generator_py/service_114514/service_114514_s__rosidl_typesupport_c.so\x1b[K\n'}
[3.851292] (service_114514) StdoutLine: {'line': b'[36/36] Linking C shared module rosidl_generator_py/service_114514/service_114514_s__rosidl_typesupport_introspection_c.so\x1b[K\n'}
[3.853094] (service_114514) CommandEnded: {'returncode': 0}
[3.853525] (service_114514) JobProgress: {'identifier': 'service_114514', 'progress': 'install'}
[3.862067] (service_114514) Command: {'cmd': ['/usr/bin/cmake', '--install', '/home/cyberkanjousen/CLionProjects/ROS2_1/build/service_114514'], 'cwd': '/home/cyberkanjousen/CLionProjects/ROS2_1/build/service_114514', 'env': OrderedDict({'TERM_SESSION_ID': '63c909e5-d298-4cc9-832e-4a5012225e58', 'GJS_DEBUG_TOPICS': 'JS ERROR;JS LOG', 'XDG_ACTIVATION_TOKEN': 'gnome-shell/CLion/3210-0-cyberkanjousen-Legion-Y7000P-IRX10_TIME51333', 'LESSOPEN': '| /usr/bin/lesspipe %s', 'SNAP_INSTANCE_KEY': '', 'USER': 'cyberkanjousen', 'SNAP_COMMON': '/var/snap/clion/common', 'socks_host': 'socks://127.0.0.1:10808', 'XDG_SESSION_TYPE': 'x11', 'SNAP_UID': '1000', 'CLUTTER_DISABLE_MIPMAPPED_TEXT': '1', 'SHLVL': '1', 'LD_LIBRARY_PATH': '/opt/ros/jazzy/opt/rviz_ogre_vendor/lib:/opt/ros/jazzy/lib/x86_64-linux-gnu:/opt/ros/jazzy/opt/gz_math_vendor/lib:/opt/ros/jazzy/opt/gz_utils_vendor/lib:/opt/ros/jazzy/opt/gz_cmake_vendor/lib:/opt/ros/jazzy/lib', 'HOME': '/home/cyberkanjousen', 'SNAP_LIBRARY_PATH': '/var/lib/snapd/lib/gl:/var/lib/snapd/lib/gl32:/var/lib/snapd/void', 'DESKTOP_SESSION': 'ubuntu', 'SNAP_USER_DATA': '/home/cyberkanjousen/snap/clion/393', 'TERMINAL_EMULATOR': 'JetBrains-JediTerm', 'GIO_LAUNCHED_DESKTOP_FILE': '/var/lib/snapd/desktop/applications/clion_clion.desktop', 'ROS_PYTHON_VERSION': '3', 'GNOME_SHELL_SESSION_MODE': 'ubuntu', 'GTK_MODULES': 'gail:atk-bridge', 'MANAGERPID': '2765', 'SYSTEMD_EXEC_PID': '3210', 'GSM_SKIP_SSH_AGENT_WORKAROUND': 'true', 'DBUS_SESSION_BUS_ADDRESS': 'unix:path=/run/user/1000/bus', 'SNAP_REVISION': '393', 'GIO_LAUNCHED_DESKTOP_FILE_PID': '4290', 'DEBUGINFOD_URLS': 'https://debuginfod.ubuntu.com', 'https_proxy': 'http://127.0.0.1:10808', 'ROS_DISTRO': 'jazzy', 'LOGNAME': 'cyberkanjousen', 'SNAP_CONTEXT': '7cMq18PPvE0GyoauddMEMHLsazMvDF3aF-ApkkrArLYzdt8gAxjQ', 'http_proxy': 'http://127.0.0.1:10808', 'JOURNAL_STREAM': '9:40206', '_': '/usr/bin/colcon', 'ROS_VERSION': '2', 'MEMORY_PRESSURE_WATCH': '/sys/fs/cgroup/user.slice/user-1000.slice/user@1000.service/session.slice/org.gnome.Shell@x11.service/memory.pressure', 'XDG_SESSION_CLASS': 'user', 'SNAP_VERSION': '2025.2.4', 'USERNAME': 'cyberkanjousen', 'TERM': 'xterm-256color', 'GNOME_DESKTOP_SESSION_ID': 'this-is-deprecated', 'SNAP_INSTANCE_NAME': 'clion', 'WINDOWPATH': '2', 'PATH': '/opt/ros/jazzy/bin:/home/cyberkanjousen/.local/bin:/usr/local/sbin:/usr/local/bin:/usr/sbin:/usr/bin:/sbin:/bin:/usr/games:/usr/local/games:/snap/bin:/snap/bin:/home/cyberkanjousen/.local/bin:/home/cyberkanjousen/.local/bin', 'SESSION_MANAGER': 'local/cyberkanjousen-Legion-Y7000P-IRX10:@/tmp/.ICE-unix/3111,unix/cyberkanjousen-Legion-Y7000P-IRX10:/tmp/.ICE-unix/3111', 'INVOCATION_ID': 'e7fea1e9eb6f4e17a61b475e3444d22f', 'XDG_MENU_PREFIX': 'gnome-', 'ftp_proxy': 'ftp://127.0.0.1:10808', 'SNAP_DATA': '/var/snap/clion/393', 'XDG_RUNTIME_DIR': '/run/user/1000', 'DISPLAY': ':1', 'DESKTOP_STARTUP_ID': 'gnome-shell/CLion/3210-0-cyberkanjousen-Legion-Y7000P-IRX10_TIME51333', 'LANG': 'zh_CN.UTF-8', 'XDG_CURRENT_DESKTOP': 'ubuntu:GNOME', 'XMODIFIERS': '@im=ibus', 'XDG_SESSION_DESKTOP': 'ubuntu', 'XAUTHORITY': '/run/user/1000/gdm/Xauthority', 'LS_COLORS': 'rs=0:di=01;34:ln=01;36:mh=00:pi=40;33:so=01;35:do=01;35:bd=40;33;01:cd=40;33;01:or=40;31;01:mi=00:su=37;41:sg=30;43:ca=00:tw=30;42:ow=34;42:st=37;44:ex=01;32:*.tar=01;31:*.tgz=01;31:*.arc=01;31:*.arj=01;31:*.taz=01;31:*.lha=01;31:*.lz4=01;31:*.lzh=01;31:*.lzma=01;31:*.tlz=01;31:*.txz=01;31:*.tzo=01;31:*.t7z=01;31:*.zip=01;31:*.z=01;31:*.dz=01;31:*.gz=01;31:*.lrz=01;31:*.lz=01;31:*.lzo=01;31:*.xz=01;31:*.zst=01;31:*.tzst=01;31:*.bz2=01;31:*.bz=01;31:*.tbz=01;31:*.tbz2=01;31:*.tz=01;31:*.deb=01;31:*.rpm=01;31:*.jar=01;31:*.war=01;31:*.ear=01;31:*.sar=01;31:*.rar=01;31:*.alz=01;31:*.ace=01;31:*.zoo=01;31:*.cpio=01;31:*.7z=01;31:*.rz=01;31:*.cab=01;31:*.wim=01;31:*.swm=01;31:*.dwm=01;31:*.esd=01;31:*.avif=01;35:*.jpg=01;35:*.jpeg=01;35:*.mjpg=01;35:*.mjpeg=01;35:*.gif=01;35:*.bmp=01;35:*.pbm=01;35:*.pgm=01;35:*.ppm=01;35:*.tga=01;35:*.xbm=01;35:*.xpm=01;35:*.tif=01;35:*.tiff=01;35:*.png=01;35:*.svg=01;35:*.svgz=01;35:*.mng=01;35:*.pcx=01;35:*.mov=01;35:*.mpg=01;35:*.mpeg=01;35:*.m2v=01;35:*.mkv=01;35:*.webm=01;35:*.webp=01;35:*.ogm=01;35:*.mp4=01;35:*.m4v=01;35:*.mp4v=01;35:*.vob=01;35:*.qt=01;35:*.nuv=01;35:*.wmv=01;35:*.asf=01;35:*.rm=01;35:*.rmvb=01;35:*.flc=01;35:*.avi=01;35:*.fli=01;35:*.flv=01;35:*.gl=01;35:*.dl=01;35:*.xcf=01;35:*.xwd=01;35:*.yuv=01;35:*.cgm=01;35:*.emf=01;35:*.ogv=01;35:*.ogx=01;35:*.aac=00;36:*.au=00;36:*.flac=00;36:*.m4a=00;36:*.mid=00;36:*.midi=00;36:*.mka=00;36:*.mp3=00;36:*.mpc=00;36:*.ogg=00;36:*.ra=00;36:*.wav=00;36:*.oga=00;36:*.opus=00;36:*.spx=00;36:*.xspf=00;36:*~=00;90:*#=00;90:*.bak=00;90:*.crdownload=00;90:*.dpkg-dist=00;90:*.dpkg-new=00;90:*.dpkg-old=00;90:*.dpkg-tmp=00;90:*.old=00;90:*.orig=00;90:*.part=00;90:*.rej=00;90:*.rpmnew=00;90:*.rpmorig=00;90:*.rpmsave=00;90:*.swp=00;90:*.tmp=00;90:*.ucf-dist=00;90:*.ucf-new=00;90:*.ucf-old=00;90:', 'SNAP_USER_COMMON': '/home/cyberkanjousen/snap/clion/common', 'SSH_AUTH_SOCK': '/run/user/1000/keyring/ssh', 'SNAP_ARCH': 'amd64', 'AMENT_PREFIX_PATH': '/opt/ros/jazzy', 'SNAP_COOKIE': '7cMq18PPvE0GyoauddMEMHLsazMvDF3aF-ApkkrArLYzdt8gAxjQ', 'SHELL': '/bin/bash', 'QT_ACCESSIBILITY': '1', 'SNAP_REEXEC': '', 'GDMSESSION': 'ubuntu', 'LESSCLOSE': '/usr/bin/lesspipe %s %s', 'SNAP_NAME': 'clion', 'GPG_AGENT_INFO': '/run/user/1000/gnupg/S.gpg-agent:0:1', 'GJS_DEBUG_OUTPUT': 'stderr', 'ROS_AUTOMATIC_DISCOVERY_RANGE': 'SUBNET', 'QT_IM_MODULE': 'ibus', 'PWD': '/home/cyberkanjousen/CLionProjects/ROS2_1/build/service_114514', 'XDG_CONFIG_DIRS': '/etc/xdg/xdg-ubuntu:/etc/xdg', 'SNAP_REAL_HOME': '/home/cyberkanjousen', 'XDG_DATA_DIRS': '/usr/share/ubuntu:/usr/share/gnome:/usr/local/share/:/usr/share/:/var/lib/snapd/desktop', 'SNAP_EUID': '1000', 'QTWEBENGINE_DICTIONARIES_PATH': '/usr/share/hunspell-bdic/', 'PYTHONPATH': '/opt/ros/jazzy/lib/python3.12/site-packages', 'SNAP': '/snap/clion/393', 'COLCON': '1', 'MEMORY_PRESSURE_WRITE': 'c29tZSAyMDAwMDAgMjAwMDAwMAA=', 'JM_OPTION_PATH': '/home/cyberkanjousen/下载', 'CMAKE_PREFIX_PATH': '/opt/ros/jazzy/opt/gz_math_vendor:/opt/ros/jazzy/opt/gz_utils_vendor:/opt/ros/jazzy/opt/gz_cmake_vendor:/opt/ros/jazzy'}), 'shell': False}
[3.868131] (service_114514) StdoutLine: {'line': b'-- Install configuration: ""\n'}
[3.868229] (service_114514) StdoutLine: {'line': b'-- Installing: /home/cyberkanjousen/CLionProjects/ROS2_1/install/service_114514/share/ament_index/resource_index/rosidl_interfaces/service_114514\n'}
[3.868314] (service_114514) StdoutLine: {'line': b'-- Installing: /home/cyberkanjousen/CLionProjects/ROS2_1/install/service_114514/share/service_114514/srv/AddTwoInts.json\n'}
[3.868357] (service_114514) StdoutLine: {'line': b'-- Up-to-date: /home/cyberkanjousen/CLionProjects/ROS2_1/install/service_114514/include/service_114514/service_114514\n'}
[3.868405] (service_114514) StdoutLine: {'line': b'-- Up-to-date: /home/cyberkanjousen/CLionProjects/ROS2_1/install/service_114514/include/service_114514/service_114514/msg\n'}
[3.868448] (service_114514) StdoutLine: {'line': b'-- Installing: /home/cyberkanjousen/CLionProjects/ROS2_1/install/service_114514/include/service_114514/service_114514/msg/rosidl_generator_c__visibility_control.h\n'}
[3.868617] (service_114514) StdoutLine: {'line': b'-- Up-to-date: /home/cyberkanjousen/CLionProjects/ROS2_1/install/service_114514/include/service_114514/service_114514/srv\n'}
[3.868712] (service_114514) StdoutLine: {'line': b'-- Up-to-date: /home/cyberkanjousen/CLionProjects/ROS2_1/install/service_114514/include/service_114514/service_114514/srv/detail\n'}
[3.868756] (service_114514) StdoutLine: {'line': b'-- Installing: /home/cyberkanjousen/CLionProjects/ROS2_1/install/service_114514/include/service_114514/service_114514/srv/detail/add_two_ints__functions.c\n'}
[3.868796] (service_114514) StdoutLine: {'line': b'-- Installing: /home/cyberkanjousen/CLionProjects/ROS2_1/install/service_114514/include/service_114514/service_114514/srv/detail/add_two_ints__type_support.c\n'}
[3.868837] (service_114514) StdoutLine: {'line': b'-- Installing: /home/cyberkanjousen/CLionProjects/ROS2_1/install/service_114514/include/service_114514/service_114514/srv/detail/add_two_ints__functions.h\n'}
[3.869078] (service_114514) StdoutLine: {'line': b'-- Installing: /home/cyberkanjousen/CLionProjects/ROS2_1/install/service_114514/include/service_114514/service_114514/srv/detail/add_two_ints__type_support.h\n'}
[3.869128] (service_114514) StdoutLine: {'line': b'-- Installing: /home/cyberkanjousen/CLionProjects/ROS2_1/install/service_114514/include/service_114514/service_114514/srv/detail/add_two_ints__description.c\n'}
[3.869169] (service_114514) StdoutLine: {'line': b'-- Installing: /home/cyberkanjousen/CLionProjects/ROS2_1/install/service_114514/include/service_114514/service_114514/srv/detail/add_two_ints__struct.h\n'}
[3.869207] (service_114514) StdoutLine: {'line': b'-- Installing: /home/cyberkanjousen/CLionProjects/ROS2_1/install/service_114514/include/service_114514/service_114514/srv/add_two_ints.h\n'}
[3.869245] (service_114514) StdoutLine: {'line': b'-- Up-to-date: /home/cyberkanjousen/CLionProjects/ROS2_1/install/service_114514/share/service_114514/environment/library_path.sh\n'}
[3.869283] (service_114514) StdoutLine: {'line': b'-- Installing: /home/cyberkanjousen/CLionProjects/ROS2_1/install/service_114514/share/service_114514/environment/library_path.dsv\n'}
[3.869344] (service_114514) StdoutLine: {'line': b'-- Installing: /home/cyberkanjousen/CLionProjects/ROS2_1/install/service_114514/lib/libservice_114514__rosidl_generator_c.so\n'}
[3.869503] (service_114514) StdoutLine: {'line': b'-- Set non-toolchain portion of runtime path of "/home/cyberkanjousen/CLionProjects/ROS2_1/install/service_114514/lib/libservice_114514__rosidl_generator_c.so" to ""\n'}
[3.869614] (service_114514) StdoutLine: {'line': b'-- Up-to-date: /home/cyberkanjousen/CLionProjects/ROS2_1/install/service_114514/include/service_114514/service_114514\n'}
[3.869661] (service_114514) StdoutLine: {'line': b'-- Up-to-date: /home/cyberkanjousen/CLionProjects/ROS2_1/install/service_114514/include/service_114514/service_114514/msg\n'}
[3.869703] (service_114514) StdoutLine: {'line': b'-- Installing: /home/cyberkanjousen/CLionProjects/ROS2_1/install/service_114514/include/service_114514/service_114514/msg/rosidl_typesupport_fastrtps_c__visibility_control.h\n'}
[3.869742] (service_114514) StdoutLine: {'line': b'-- Up-to-date: /home/cyberkanjousen/CLionProjects/ROS2_1/install/service_114514/include/service_114514/service_114514/srv\n'}
[3.869779] (service_114514) StdoutLine: {'line': b'-- Up-to-date: /home/cyberkanjousen/CLionProjects/ROS2_1/install/service_114514/include/service_114514/service_114514/srv/detail\n'}
[3.869817] (service_114514) StdoutLine: {'line': b'-- Installing: /home/cyberkanjousen/CLionProjects/ROS2_1/install/service_114514/include/service_114514/service_114514/srv/detail/add_two_ints__rosidl_typesupport_fastrtps_c.h\n'}
[3.869890] (service_114514) StdoutLine: {'line': b'-- Installing: /home/cyberkanjousen/CLionProjects/ROS2_1/install/service_114514/lib/libservice_114514__rosidl_typesupport_fastrtps_c.so\n'}
[3.869945] (service_114514) StdoutLine: {'line': b'-- Set non-toolchain portion of runtime path of "/home/cyberkanjousen/CLionProjects/ROS2_1/install/service_114514/lib/libservice_114514__rosidl_typesupport_fastrtps_c.so" to ""\n'}
[3.869983] (service_114514) StdoutLine: {'line': b'-- Up-to-date: /home/cyberkanjousen/CLionProjects/ROS2_1/install/service_114514/include/service_114514/service_114514\n'}
[3.870023] (service_114514) StdoutLine: {'line': b'-- Up-to-date: /home/cyberkanjousen/CLionProjects/ROS2_1/install/service_114514/include/service_114514/service_114514/msg\n'}
[3.870061] (service_114514) StdoutLine: {'line': b'-- Installing: /home/cyberkanjousen/CLionProjects/ROS2_1/install/service_114514/include/service_114514/service_114514/msg/rosidl_typesupport_introspection_c__visibility_control.h\n'}
[3.870122] (service_114514) StdoutLine: {'line': b'-- Up-to-date: /home/cyberkanjousen/CLionProjects/ROS2_1/install/service_114514/include/service_114514/service_114514/srv\n'}
[3.870174] (service_114514) StdoutLine: {'line': b'-- Up-to-date: /home/cyberkanjousen/CLionProjects/ROS2_1/install/service_114514/include/service_114514/service_114514/srv/detail\n'}
[3.870222] (service_114514) StdoutLine: {'line': b'-- Up-to-date: /home/cyberkanjousen/CLionProjects/ROS2_1/install/service_114514/include/service_114514/service_114514/srv/detail/add_two_ints__type_support.c\n'}
[3.870257] (service_114514) StdoutLine: {'line': b'-- Installing: /home/cyberkanjousen/CLionProjects/ROS2_1/install/service_114514/include/service_114514/service_114514/srv/detail/add_two_ints__rosidl_typesupport_introspection_c.h\n'}
[3.870295] (service_114514) StdoutLine: {'line': b'-- Installing: /home/cyberkanjousen/CLionProjects/ROS2_1/install/service_114514/lib/libservice_114514__rosidl_typesupport_introspection_c.so\n'}
[3.870342] (service_114514) StdoutLine: {'line': b'-- Set non-toolchain portion of runtime path of "/home/cyberkanjousen/CLionProjects/ROS2_1/install/service_114514/lib/libservice_114514__rosidl_typesupport_introspection_c.so" to ""\n'}
[3.870395] (service_114514) StdoutLine: {'line': b'-- Installing: /home/cyberkanjousen/CLionProjects/ROS2_1/install/service_114514/lib/libservice_114514__rosidl_typesupport_c.so\n'}
[3.870504] (service_114514) StdoutLine: {'line': b'-- Set non-toolchain portion of runtime path of "/home/cyberkanjousen/CLionProjects/ROS2_1/install/service_114514/lib/libservice_114514__rosidl_typesupport_c.so" to ""\n'}
[3.870558] (service_114514) StdoutLine: {'line': b'-- Up-to-date: /home/cyberkanjousen/CLionProjects/ROS2_1/install/service_114514/include/service_114514/service_114514\n'}
[3.870605] (service_114514) StdoutLine: {'line': b'-- Up-to-date: /home/cyberkanjousen/CLionProjects/ROS2_1/install/service_114514/include/service_114514/service_114514/msg\n'}
[3.870643] (service_114514) StdoutLine: {'line': b'-- Installing: /home/cyberkanjousen/CLionProjects/ROS2_1/install/service_114514/include/service_114514/service_114514/msg/rosidl_generator_cpp__visibility_control.hpp\n'}
[3.870698] (service_114514) StdoutLine: {'line': b'-- Up-to-date: /home/cyberkanjousen/CLionProjects/ROS2_1/install/service_114514/include/service_114514/service_114514/srv\n'}
[3.870739] (service_114514) StdoutLine: {'line': b'-- Up-to-date: /home/cyberkanjousen/CLionProjects/ROS2_1/install/service_114514/include/service_114514/service_114514/srv/detail\n'}
[3.870776] (service_114514) StdoutLine: {'line': b'-- Installing: /home/cyberkanjousen/CLionProjects/ROS2_1/install/service_114514/include/service_114514/service_114514/srv/detail/add_two_ints__struct.hpp\n'}
[3.870823] (service_114514) StdoutLine: {'line': b'-- Installing: /home/cyberkanjousen/CLionProjects/ROS2_1/install/service_114514/include/service_114514/service_114514/srv/detail/add_two_ints__builder.hpp\n'}
[3.870873] (service_114514) StdoutLine: {'line': b'-- Installing: /home/cyberkanjousen/CLionProjects/ROS2_1/install/service_114514/include/service_114514/service_114514/srv/detail/add_two_ints__traits.hpp\n'}
[3.870919] (service_114514) StdoutLine: {'line': b'-- Installing: /home/cyberkanjousen/CLionProjects/ROS2_1/install/service_114514/include/service_114514/service_114514/srv/detail/add_two_ints__type_support.hpp\n'}
[3.870973] (service_114514) StdoutLine: {'line': b'-- Installing: /home/cyberkanjousen/CLionProjects/ROS2_1/install/service_114514/include/service_114514/service_114514/srv/add_two_ints.hpp\n'}
[3.871051] (service_114514) StdoutLine: {'line': b'-- Up-to-date: /home/cyberkanjousen/CLionProjects/ROS2_1/install/service_114514/include/service_114514/service_114514\n'}
[3.871103] (service_114514) StdoutLine: {'line': b'-- Up-to-date: /home/cyberkanjousen/CLionProjects/ROS2_1/install/service_114514/include/service_114514/service_114514/msg\n'}
[3.871141] (service_114514) StdoutLine: {'line': b'-- Installing: /home/cyberkanjousen/CLionProjects/ROS2_1/install/service_114514/include/service_114514/service_114514/msg/rosidl_typesupport_fastrtps_cpp__visibility_control.h\n'}
[3.871194] (service_114514) StdoutLine: {'line': b'-- Up-to-date: /home/cyberkanjousen/CLionProjects/ROS2_1/install/service_114514/include/service_114514/service_114514/srv\n'}
[3.871234] (service_114514) StdoutLine: {'line': b'-- Up-to-date: /home/cyberkanjousen/CLionProjects/ROS2_1/install/service_114514/include/service_114514/service_114514/srv/detail\n'}
[3.871286] (service_114514) StdoutLine: {'line': b'-- Up-to-date: /home/cyberkanjousen/CLionProjects/ROS2_1/install/service_114514/include/service_114514/service_114514/srv/detail/dds_fastrtps\n'}
[3.871325] (service_114514) StdoutLine: {'line': b'-- Installing: /home/cyberkanjousen/CLionProjects/ROS2_1/install/service_114514/include/service_114514/service_114514/srv/detail/add_two_ints__rosidl_typesupport_fastrtps_cpp.hpp\n'}
[3.871374] (service_114514) StdoutLine: {'line': b'-- Installing: /home/cyberkanjousen/CLionProjects/ROS2_1/install/service_114514/lib/libservice_114514__rosidl_typesupport_fastrtps_cpp.so\n'}
[3.871589] (service_114514) StdoutLine: {'line': b'-- Set non-toolchain portion of runtime path of "/home/cyberkanjousen/CLionProjects/ROS2_1/install/service_114514/lib/libservice_114514__rosidl_typesupport_fastrtps_cpp.so" to ""\n'}
[3.871639] (service_114514) StdoutLine: {'line': b'-- Up-to-date: /home/cyberkanjousen/CLionProjects/ROS2_1/install/service_114514/include/service_114514/service_114514\n'}
[3.871729] (service_114514) StdoutLine: {'line': b'-- Up-to-date: /home/cyberkanjousen/CLionProjects/ROS2_1/install/service_114514/include/service_114514/service_114514/srv\n'}
[3.871769] (service_114514) StdoutLine: {'line': b'-- Up-to-date: /home/cyberkanjousen/CLionProjects/ROS2_1/install/service_114514/include/service_114514/service_114514/srv/detail\n'}
[3.871807] (service_114514) StdoutLine: {'line': b'-- Installing: /home/cyberkanjousen/CLionProjects/ROS2_1/install/service_114514/include/service_114514/service_114514/srv/detail/add_two_ints__rosidl_typesupport_introspection_cpp.hpp\n'}
[3.871854] (service_114514) StdoutLine: {'line': b'-- Installing: /home/cyberkanjousen/CLionProjects/ROS2_1/install/service_114514/include/service_114514/service_114514/srv/detail/add_two_ints__type_support.cpp\n'}
[3.871962] (service_114514) StdoutLine: {'line': b'-- Installing: /home/cyberkanjousen/CLionProjects/ROS2_1/install/service_114514/lib/libservice_114514__rosidl_typesupport_introspection_cpp.so\n'}
[3.872188] (service_114514) StdoutLine: {'line': b'-- Set non-toolchain portion of runtime path of "/home/cyberkanjousen/CLionProjects/ROS2_1/install/service_114514/lib/libservice_114514__rosidl_typesupport_introspection_cpp.so" to ""\n'}
[3.872240] (service_114514) StdoutLine: {'line': b'-- Installing: /home/cyberkanjousen/CLionProjects/ROS2_1/install/service_114514/lib/libservice_114514__rosidl_typesupport_cpp.so\n'}
[3.872373] (service_114514) StdoutLine: {'line': b'-- Set non-toolchain portion of runtime path of "/home/cyberkanjousen/CLionProjects/ROS2_1/install/service_114514/lib/libservice_114514__rosidl_typesupport_cpp.so" to ""\n'}
[3.872428] (service_114514) StdoutLine: {'line': b'-- Installing: /home/cyberkanjousen/CLionProjects/ROS2_1/install/service_114514/share/service_114514/environment/pythonpath.sh\n'}
[3.872480] (service_114514) StdoutLine: {'line': b'-- Installing: /home/cyberkanjousen/CLionProjects/ROS2_1/install/service_114514/share/service_114514/environment/pythonpath.dsv\n'}
[3.872553] (service_114514) StdoutLine: {'line': b'-- Up-to-date: /home/cyberkanjousen/CLionProjects/ROS2_1/install/service_114514/lib/python3.12/site-packages/service_114514-0.0.0-py3.12.egg-info\n'}
[3.872601] (service_114514) StdoutLine: {'line': b'-- Installing: /home/cyberkanjousen/CLionProjects/ROS2_1/install/service_114514/lib/python3.12/site-packages/service_114514-0.0.0-py3.12.egg-info/PKG-INFO\n'}
[3.872782] (service_114514) StdoutLine: {'line': b'-- Installing: /home/cyberkanjousen/CLionProjects/ROS2_1/install/service_114514/lib/python3.12/site-packages/service_114514-0.0.0-py3.12.egg-info/top_level.txt\n'}
[3.872822] (service_114514) StdoutLine: {'line': b'-- Installing: /home/cyberkanjousen/CLionProjects/ROS2_1/install/service_114514/lib/python3.12/site-packages/service_114514-0.0.0-py3.12.egg-info/SOURCES.txt\n'}
[3.872909] (service_114514) StdoutLine: {'line': b'-- Installing: /home/cyberkanjousen/CLionProjects/ROS2_1/install/service_114514/lib/python3.12/site-packages/service_114514-0.0.0-py3.12.egg-info/dependency_links.txt\n'}
[3.872949] (service_114514) StdoutLine: {'line': b'-- Up-to-date: /home/cyberkanjousen/CLionProjects/ROS2_1/install/service_114514/lib/python3.12/site-packages/service_114514\n'}
[3.872984] (service_114514) StdoutLine: {'line': b'-- Installing: /home/cyberkanjousen/CLionProjects/ROS2_1/install/service_114514/lib/python3.12/site-packages/service_114514/service_114514_s__rosidl_typesupport_introspection_c.so\n'}
[3.873067] (service_114514) StdoutLine: {'line': b'-- Installing: /home/cyberkanjousen/CLionProjects/ROS2_1/install/service_114514/lib/python3.12/site-packages/service_114514/_service_114514_s.ep.rosidl_typesupport_fastrtps_c.c\n'}
[3.873105] (service_114514) StdoutLine: {'line': b'-- Installing: /home/cyberkanjousen/CLionProjects/ROS2_1/install/service_114514/lib/python3.12/site-packages/service_114514/__init__.py\n'}
[3.873172] (service_114514) StdoutLine: {'line': b'-- Installing: /home/cyberkanjousen/CLionProjects/ROS2_1/install/service_114514/lib/python3.12/site-packages/service_114514/service_114514_s__rosidl_typesupport_c.so\n'}
[3.873222] (service_114514) StdoutLine: {'line': b'-- Installing: /home/cyberkanjousen/CLionProjects/ROS2_1/install/service_114514/lib/python3.12/site-packages/service_114514/_service_114514_s.ep.rosidl_typesupport_introspection_c.c\n'}
[3.873311] (service_114514) StdoutLine: {'line': b'-- Installing: /home/cyberkanjousen/CLionProjects/ROS2_1/install/service_114514/lib/python3.12/site-packages/service_114514/service_114514_s__rosidl_typesupport_fastrtps_c.so\n'}
[3.873426] (service_114514) StdoutLine: {'line': b'-- Installing: /home/cyberkanjousen/CLionProjects/ROS2_1/install/service_114514/lib/python3.12/site-packages/service_114514/_service_114514_s.ep.rosidl_typesupport_c.c\n'}
[3.873467] (service_114514) StdoutLine: {'line': b'-- Up-to-date: /home/cyberkanjousen/CLionProjects/ROS2_1/install/service_114514/lib/python3.12/site-packages/service_114514/srv\n'}
[3.873538] (service_114514) StdoutLine: {'line': b'-- Installing: /home/cyberkanjousen/CLionProjects/ROS2_1/install/service_114514/lib/python3.12/site-packages/service_114514/srv/_add_two_ints.py\n'}
[3.873575] (service_114514) StdoutLine: {'line': b'-- Installing: /home/cyberkanjousen/CLionProjects/ROS2_1/install/service_114514/lib/python3.12/site-packages/service_114514/srv/__init__.py\n'}
[3.873626] (service_114514) StdoutLine: {'line': b'-- Installing: /home/cyberkanjousen/CLionProjects/ROS2_1/install/service_114514/lib/python3.12/site-packages/service_114514/srv/_add_two_ints_s.c\n'}
[3.903681] (service_114514) StdoutLine: {'line': b"Listing '/home/cyberkanjousen/CLionProjects/ROS2_1/install/service_114514/lib/python3.12/site-packages/service_114514'...\n"}
[3.903816] (service_114514) StdoutLine: {'line': b"Compiling '/home/cyberkanjousen/CLionProjects/ROS2_1/install/service_114514/lib/python3.12/site-packages/service_114514/__init__.py'...\n"}
[3.903874] (service_114514) StdoutLine: {'line': b"Listing '/home/cyberkanjousen/CLionProjects/ROS2_1/install/service_114514/lib/python3.12/site-packages/service_114514/srv'...\n"}
[3.903925] (service_114514) StdoutLine: {'line': b"Compiling '/home/cyberkanjousen/CLionProjects/ROS2_1/install/service_114514/lib/python3.12/site-packages/service_114514/srv/__init__.py'...\n"}
[3.903975] (service_114514) StdoutLine: {'line': b"Compiling '/home/cyberkanjousen/CLionProjects/ROS2_1/install/service_114514/lib/python3.12/site-packages/service_114514/srv/_add_two_ints.py'...\n"}
[3.905697] (-) TimerEvent: {}
[3.907500] (service_114514) StdoutLine: {'line': b'-- Installing: /home/cyberkanjousen/CLionProjects/ROS2_1/install/service_114514/lib/python3.12/site-packages/service_114514/service_114514_s__rosidl_typesupport_fastrtps_c.so\n'}
[3.907774] (service_114514) StdoutLine: {'line': b'-- Set non-toolchain portion of runtime path of "/home/cyberkanjousen/CLionProjects/ROS2_1/install/service_114514/lib/python3.12/site-packages/service_114514/service_114514_s__rosidl_typesupport_fastrtps_c.so" to ""\n'}
[3.907865] (service_114514) StdoutLine: {'line': b'-- Installing: /home/cyberkanjousen/CLionProjects/ROS2_1/install/service_114514/lib/python3.12/site-packages/service_114514/service_114514_s__rosidl_typesupport_introspection_c.so\n'}
[3.908060] (service_114514) StdoutLine: {'line': b'-- Set non-toolchain portion of runtime path of "/home/cyberkanjousen/CLionProjects/ROS2_1/install/service_114514/lib/python3.12/site-packages/service_114514/service_114514_s__rosidl_typesupport_introspection_c.so" to ""\n'}
[3.908219] (service_114514) StdoutLine: {'line': b'-- Installing: /home/cyberkanjousen/CLionProjects/ROS2_1/install/service_114514/lib/python3.12/site-packages/service_114514/service_114514_s__rosidl_typesupport_c.so\n'}
[3.908283] (service_114514) StdoutLine: {'line': b'-- Set non-toolchain portion of runtime path of "/home/cyberkanjousen/CLionProjects/ROS2_1/install/service_114514/lib/python3.12/site-packages/service_114514/service_114514_s__rosidl_typesupport_c.so" to ""\n'}
[3.908359] (service_114514) StdoutLine: {'line': b'-- Installing: /home/cyberkanjousen/CLionProjects/ROS2_1/install/service_114514/lib/libservice_114514__rosidl_generator_py.so\n'}
[3.908419] (service_114514) StdoutLine: {'line': b'-- Set non-toolchain portion of runtime path of "/home/cyberkanjousen/CLionProjects/ROS2_1/install/service_114514/lib/libservice_114514__rosidl_generator_py.so" to ""\n'}
[3.908473] (service_114514) StdoutLine: {'line': b'-- Installing: /home/cyberkanjousen/CLionProjects/ROS2_1/install/service_114514/share/service_114514/srv/AddTwoInts.idl\n'}
[3.908528] (service_114514) StdoutLine: {'line': b'-- Up-to-date: /home/cyberkanjousen/CLionProjects/ROS2_1/install/service_114514/share/service_114514/srv/AddTwoInts.srv\n'}
[3.908580] (service_114514) StdoutLine: {'line': b'-- Installing: /home/cyberkanjousen/CLionProjects/ROS2_1/install/service_114514/share/ament_index/resource_index/package_run_dependencies/service_114514\n'}
[3.908633] (service_114514) StdoutLine: {'line': b'-- Installing: /home/cyberkanjousen/CLionProjects/ROS2_1/install/service_114514/share/ament_index/resource_index/parent_prefix_path/service_114514\n'}
[3.908709] (service_114514) StdoutLine: {'line': b'-- Up-to-date: /home/cyberkanjousen/CLionProjects/ROS2_1/install/service_114514/share/service_114514/environment/ament_prefix_path.sh\n'}
[3.908767] (service_114514) StdoutLine: {'line': b'-- Installing: /home/cyberkanjousen/CLionProjects/ROS2_1/install/service_114514/share/service_114514/environment/ament_prefix_path.dsv\n'}
[3.908819] (service_114514) StdoutLine: {'line': b'-- Up-to-date: /home/cyberkanjousen/CLionProjects/ROS2_1/install/service_114514/share/service_114514/environment/path.sh\n'}
[3.908873] (service_114514) StdoutLine: {'line': b'-- Installing: /home/cyberkanjousen/CLionProjects/ROS2_1/install/service_114514/share/service_114514/environment/path.dsv\n'}
[3.908938] (service_114514) StdoutLine: {'line': b'-- Installing: /home/cyberkanjousen/CLionProjects/ROS2_1/install/service_114514/share/service_114514/local_setup.bash\n'}
[3.908995] (service_114514) StdoutLine: {'line': b'-- Installing: /home/cyberkanjousen/CLionProjects/ROS2_1/install/service_114514/share/service_114514/local_setup.sh\n'}
[3.909050] (service_114514) StdoutLine: {'line': b'-- Installing: /home/cyberkanjousen/CLionProjects/ROS2_1/install/service_114514/share/service_114514/local_setup.zsh\n'}
[3.909097] (service_114514) StdoutLine: {'line': b'-- Installing: /home/cyberkanjousen/CLionProjects/ROS2_1/install/service_114514/share/service_114514/local_setup.dsv\n'}
[3.909144] (service_114514) StdoutLine: {'line': b'-- Installing: /home/cyberkanjousen/CLionProjects/ROS2_1/install/service_114514/share/service_114514/package.dsv\n'}
[3.909195] (service_114514) StdoutLine: {'line': b'-- Installing: /home/cyberkanjousen/CLionProjects/ROS2_1/install/service_114514/share/ament_index/resource_index/packages/service_114514\n'}
[3.909256] (service_114514) StdoutLine: {'line': b'-- Installing: /home/cyberkanjousen/CLionProjects/ROS2_1/install/service_114514/share/service_114514/cmake/export_service_114514__rosidl_generator_cExport.cmake\n'}
[3.909306] (service_114514) StdoutLine: {'line': b'-- Installing: /home/cyberkanjousen/CLionProjects/ROS2_1/install/service_114514/share/service_114514/cmake/export_service_114514__rosidl_generator_cExport-noconfig.cmake\n'}
[3.909370] (service_114514) StdoutLine: {'line': b'-- Installing: /home/cyberkanjousen/CLionProjects/ROS2_1/install/service_114514/share/service_114514/cmake/export_service_114514__rosidl_typesupport_fastrtps_cExport.cmake\n'}
[3.909445] (service_114514) StdoutLine: {'line': b'-- Installing: /home/cyberkanjousen/CLionProjects/ROS2_1/install/service_114514/share/service_114514/cmake/export_service_114514__rosidl_typesupport_fastrtps_cExport-noconfig.cmake\n'}
[3.909512] (service_114514) StdoutLine: {'line': b'-- Installing: /home/cyberkanjousen/CLionProjects/ROS2_1/install/service_114514/share/service_114514/cmake/service_114514__rosidl_typesupport_introspection_cExport.cmake\n'}
[3.909592] (service_114514) StdoutLine: {'line': b'-- Installing: /home/cyberkanjousen/CLionProjects/ROS2_1/install/service_114514/share/service_114514/cmake/service_114514__rosidl_typesupport_introspection_cExport-noconfig.cmake\n'}
[3.909696] (service_114514) StdoutLine: {'line': b'-- Installing: /home/cyberkanjousen/CLionProjects/ROS2_1/install/service_114514/share/service_114514/cmake/service_114514__rosidl_typesupport_cExport.cmake\n'}
[3.909776] (service_114514) StdoutLine: {'line': b'-- Installing: /home/cyberkanjousen/CLionProjects/ROS2_1/install/service_114514/share/service_114514/cmake/service_114514__rosidl_typesupport_cExport-noconfig.cmake\n'}
[3.909884] (service_114514) StdoutLine: {'line': b'-- Installing: /home/cyberkanjousen/CLionProjects/ROS2_1/install/service_114514/share/service_114514/cmake/export_service_114514__rosidl_generator_cppExport.cmake\n'}
[3.909985] (service_114514) StdoutLine: {'line': b'-- Installing: /home/cyberkanjousen/CLionProjects/ROS2_1/install/service_114514/share/service_114514/cmake/export_service_114514__rosidl_typesupport_fastrtps_cppExport.cmake\n'}
[3.910066] (service_114514) StdoutLine: {'line': b'-- Installing: /home/cyberkanjousen/CLionProjects/ROS2_1/install/service_114514/share/service_114514/cmake/export_service_114514__rosidl_typesupport_fastrtps_cppExport-noconfig.cmake\n'}
[3.910180] (service_114514) StdoutLine: {'line': b'-- Installing: /home/cyberkanjousen/CLionProjects/ROS2_1/install/service_114514/share/service_114514/cmake/service_114514__rosidl_typesupport_introspection_cppExport.cmake\n'}
[3.910260] (service_114514) StdoutLine: {'line': b'-- Installing: /home/cyberkanjousen/CLionProjects/ROS2_1/install/service_114514/share/service_114514/cmake/service_114514__rosidl_typesupport_introspection_cppExport-noconfig.cmake\n'}
[3.910365] (service_114514) StdoutLine: {'line': b'-- Installing: /home/cyberkanjousen/CLionProjects/ROS2_1/install/service_114514/share/service_114514/cmake/service_114514__rosidl_typesupport_cppExport.cmake\n'}
[3.910448] (service_114514) StdoutLine: {'line': b'-- Installing: /home/cyberkanjousen/CLionProjects/ROS2_1/install/service_114514/share/service_114514/cmake/service_114514__rosidl_typesupport_cppExport-noconfig.cmake\n'}
[3.910552] (service_114514) StdoutLine: {'line': b'-- Installing: /home/cyberkanjousen/CLionProjects/ROS2_1/install/service_114514/share/service_114514/cmake/export_service_114514__rosidl_generator_pyExport.cmake\n'}
[3.910630] (service_114514) StdoutLine: {'line': b'-- Installing: /home/cyberkanjousen/CLionProjects/ROS2_1/install/service_114514/share/service_114514/cmake/export_service_114514__rosidl_generator_pyExport-noconfig.cmake\n'}
[3.910710] (service_114514) StdoutLine: {'line': b'-- Installing: /home/cyberkanjousen/CLionProjects/ROS2_1/install/service_114514/share/service_114514/cmake/rosidl_cmake-extras.cmake\n'}
[3.910786] (service_114514) StdoutLine: {'line': b'-- Installing: /home/cyberkanjousen/CLionProjects/ROS2_1/install/service_114514/share/service_114514/cmake/ament_cmake_export_dependencies-extras.cmake\n'}
[3.910870] (service_114514) StdoutLine: {'line': b'-- Installing: /home/cyberkanjousen/CLionProjects/ROS2_1/install/service_114514/share/service_114514/cmake/ament_cmake_export_include_directories-extras.cmake\n'}
[3.910943] (service_114514) StdoutLine: {'line': b'-- Installing: /home/cyberkanjousen/CLionProjects/ROS2_1/install/service_114514/share/service_114514/cmake/ament_cmake_export_libraries-extras.cmake\n'}
[3.911022] (service_114514) StdoutLine: {'line': b'-- Installing: /home/cyberkanjousen/CLionProjects/ROS2_1/install/service_114514/share/service_114514/cmake/ament_cmake_export_targets-extras.cmake\n'}
[3.911099] (service_114514) StdoutLine: {'line': b'-- Installing: /home/cyberkanjousen/CLionProjects/ROS2_1/install/service_114514/share/service_114514/cmake/rosidl_cmake_export_typesupport_targets-extras.cmake\n'}
[3.911176] (service_114514) StdoutLine: {'line': b'-- Installing: /home/cyberkanjousen/CLionProjects/ROS2_1/install/service_114514/share/service_114514/cmake/rosidl_cmake_export_typesupport_libraries-extras.cmake\n'}
[3.911258] (service_114514) StdoutLine: {'line': b'-- Installing: /home/cyberkanjousen/CLionProjects/ROS2_1/install/service_114514/share/service_114514/cmake/service_114514Config.cmake\n'}
[3.911322] (service_114514) StdoutLine: {'line': b'-- Installing: /home/cyberkanjousen/CLionProjects/ROS2_1/install/service_114514/share/service_114514/cmake/service_114514Config-version.cmake\n'}
[3.911404] (service_114514) StdoutLine: {'line': b'-- Up-to-date: /home/cyberkanjousen/CLionProjects/ROS2_1/install/service_114514/share/service_114514/package.xml\n'}
[3.912848] (service_114514) CommandEnded: {'returncode': 0}
[3.929745] (service_114514) JobEnded: {'identifier': 'service_114514', 'rc': 0}
[3.930114] (cpp_srvcli) JobStarted: {'identifier': 'cpp_srvcli'}
[3.936670] (cpp_srvcli) JobProgress: {'identifier': 'cpp_srvcli', 'progress': 'cmake'}
[3.937077] (cpp_srvcli) Command: {'cmd': ['/usr/bin/cmake', '/home/cyberkanjousen/CLionProjects/ROS2_1/src/cpp_srvcli', '-DCMAKE_EXPORT_COMPILE_COMMANDS=ON', '-G', 'Ninja', '-DCMAKE_INSTALL_PREFIX=/home/cyberkanjousen/CLionProjects/ROS2_1/install/cpp_srvcli'], 'cwd': '/home/cyberkanjousen/CLionProjects/ROS2_1/build/cpp_srvcli', 'env': OrderedDict({'TERM_SESSION_ID': '63c909e5-d298-4cc9-832e-4a5012225e58', 'GJS_DEBUG_TOPICS': 'JS ERROR;JS LOG', 'XDG_ACTIVATION_TOKEN': 'gnome-shell/CLion/3210-0-cyberkanjousen-Legion-Y7000P-IRX10_TIME51333', 'LESSOPEN': '| /usr/bin/lesspipe %s', 'SNAP_INSTANCE_KEY': '', 'USER': 'cyberkanjousen', 'SNAP_COMMON': '/var/snap/clion/common', 'socks_host': 'socks://127.0.0.1:10808', 'XDG_SESSION_TYPE': 'x11', 'SNAP_UID': '1000', 'CLUTTER_DISABLE_MIPMAPPED_TEXT': '1', 'SHLVL': '1', 'LD_LIBRARY_PATH': '/home/cyberkanjousen/CLionProjects/ROS2_1/install/service_114514/lib:/opt/ros/jazzy/opt/rviz_ogre_vendor/lib:/opt/ros/jazzy/lib/x86_64-linux-gnu:/opt/ros/jazzy/opt/gz_math_vendor/lib:/opt/ros/jazzy/opt/gz_utils_vendor/lib:/opt/ros/jazzy/opt/gz_cmake_vendor/lib:/opt/ros/jazzy/lib', 'HOME': '/home/cyberkanjousen', 'SNAP_LIBRARY_PATH': '/var/lib/snapd/lib/gl:/var/lib/snapd/lib/gl32:/var/lib/snapd/void', 'DESKTOP_SESSION': 'ubuntu', 'SNAP_USER_DATA': '/home/cyberkanjousen/snap/clion/393', 'TERMINAL_EMULATOR': 'JetBrains-JediTerm', 'GIO_LAUNCHED_DESKTOP_FILE': '/var/lib/snapd/desktop/applications/clion_clion.desktop', 'ROS_PYTHON_VERSION': '3', 'GNOME_SHELL_SESSION_MODE': 'ubuntu', 'GTK_MODULES': 'gail:atk-bridge', 'MANAGERPID': '2765', 'SYSTEMD_EXEC_PID': '3210', 'GSM_SKIP_SSH_AGENT_WORKAROUND': 'true', 'DBUS_SESSION_BUS_ADDRESS': 'unix:path=/run/user/1000/bus', 'SNAP_REVISION': '393', 'GIO_LAUNCHED_DESKTOP_FILE_PID': '4290', 'DEBUGINFOD_URLS': 'https://debuginfod.ubuntu.com', 'https_proxy': 'http://127.0.0.1:10808', 'ROS_DISTRO': 'jazzy', 'LOGNAME': 'cyberkanjousen', 'SNAP_CONTEXT': '7cMq18PPvE0GyoauddMEMHLsazMvDF3aF-ApkkrArLYzdt8gAxjQ', 'http_proxy': 'http://127.0.0.1:10808', 'JOURNAL_STREAM': '9:40206', '_': '/usr/bin/colcon', 'ROS_VERSION': '2', 'MEMORY_PRESSURE_WATCH': '/sys/fs/cgroup/user.slice/user-1000.slice/user@1000.service/session.slice/org.gnome.Shell@x11.service/memory.pressure', 'XDG_SESSION_CLASS': 'user', 'SNAP_VERSION': '2025.2.4', 'USERNAME': 'cyberkanjousen', 'TERM': 'xterm-256color', 'GNOME_DESKTOP_SESSION_ID': 'this-is-deprecated', 'SNAP_INSTANCE_NAME': 'clion', 'WINDOWPATH': '2', 'PATH': '/opt/ros/jazzy/bin:/home/cyberkanjousen/.local/bin:/usr/local/sbin:/usr/local/bin:/usr/sbin:/usr/bin:/sbin:/bin:/usr/games:/usr/local/games:/snap/bin:/snap/bin:/home/cyberkanjousen/.local/bin:/home/cyberkanjousen/.local/bin', 'SESSION_MANAGER': 'local/cyberkanjousen-Legion-Y7000P-IRX10:@/tmp/.ICE-unix/3111,unix/cyberkanjousen-Legion-Y7000P-IRX10:/tmp/.ICE-unix/3111', 'INVOCATION_ID': 'e7fea1e9eb6f4e17a61b475e3444d22f', 'XDG_MENU_PREFIX': 'gnome-', 'ftp_proxy': 'ftp://127.0.0.1:10808', 'SNAP_DATA': '/var/snap/clion/393', 'XDG_RUNTIME_DIR': '/run/user/1000', 'DISPLAY': ':1', 'DESKTOP_STARTUP_ID': 'gnome-shell/CLion/3210-0-cyberkanjousen-Legion-Y7000P-IRX10_TIME51333', 'LANG': 'zh_CN.UTF-8', 'XDG_CURRENT_DESKTOP': 'ubuntu:GNOME', 'XMODIFIERS': '@im=ibus', 'XDG_SESSION_DESKTOP': 'ubuntu', 'XAUTHORITY': '/run/user/1000/gdm/Xauthority', 'LS_COLORS': 'rs=0:di=01;34:ln=01;36:mh=00:pi=40;33:so=01;35:do=01;35:bd=40;33;01:cd=40;33;01:or=40;31;01:mi=00:su=37;41:sg=30;43:ca=00:tw=30;42:ow=34;42:st=37;44:ex=01;32:*.tar=01;31:*.tgz=01;31:*.arc=01;31:*.arj=01;31:*.taz=01;31:*.lha=01;31:*.lz4=01;31:*.lzh=01;31:*.lzma=01;31:*.tlz=01;31:*.txz=01;31:*.tzo=01;31:*.t7z=01;31:*.zip=01;31:*.z=01;31:*.dz=01;31:*.gz=01;31:*.lrz=01;31:*.lz=01;31:*.lzo=01;31:*.xz=01;31:*.zst=01;31:*.tzst=01;31:*.bz2=01;31:*.bz=01;31:*.tbz=01;31:*.tbz2=01;31:*.tz=01;31:*.deb=01;31:*.rpm=01;31:*.jar=01;31:*.war=01;31:*.ear=01;31:*.sar=01;31:*.rar=01;31:*.alz=01;31:*.ace=01;31:*.zoo=01;31:*.cpio=01;31:*.7z=01;31:*.rz=01;31:*.cab=01;31:*.wim=01;31:*.swm=01;31:*.dwm=01;31:*.esd=01;31:*.avif=01;35:*.jpg=01;35:*.jpeg=01;35:*.mjpg=01;35:*.mjpeg=01;35:*.gif=01;35:*.bmp=01;35:*.pbm=01;35:*.pgm=01;35:*.ppm=01;35:*.tga=01;35:*.xbm=01;35:*.xpm=01;35:*.tif=01;35:*.tiff=01;35:*.png=01;35:*.svg=01;35:*.svgz=01;35:*.mng=01;35:*.pcx=01;35:*.mov=01;35:*.mpg=01;35:*.mpeg=01;35:*.m2v=01;35:*.mkv=01;35:*.webm=01;35:*.webp=01;35:*.ogm=01;35:*.mp4=01;35:*.m4v=01;35:*.mp4v=01;35:*.vob=01;35:*.qt=01;35:*.nuv=01;35:*.wmv=01;35:*.asf=01;35:*.rm=01;35:*.rmvb=01;35:*.flc=01;35:*.avi=01;35:*.fli=01;35:*.flv=01;35:*.gl=01;35:*.dl=01;35:*.xcf=01;35:*.xwd=01;35:*.yuv=01;35:*.cgm=01;35:*.emf=01;35:*.ogv=01;35:*.ogx=01;35:*.aac=00;36:*.au=00;36:*.flac=00;36:*.m4a=00;36:*.mid=00;36:*.midi=00;36:*.mka=00;36:*.mp3=00;36:*.mpc=00;36:*.ogg=00;36:*.ra=00;36:*.wav=00;36:*.oga=00;36:*.opus=00;36:*.spx=00;36:*.xspf=00;36:*~=00;90:*#=00;90:*.bak=00;90:*.crdownload=00;90:*.dpkg-dist=00;90:*.dpkg-new=00;90:*.dpkg-old=00;90:*.dpkg-tmp=00;90:*.old=00;90:*.orig=00;90:*.part=00;90:*.rej=00;90:*.rpmnew=00;90:*.rpmorig=00;90:*.rpmsave=00;90:*.swp=00;90:*.tmp=00;90:*.ucf-dist=00;90:*.ucf-new=00;90:*.ucf-old=00;90:', 'SNAP_USER_COMMON': '/home/cyberkanjousen/snap/clion/common', 'SSH_AUTH_SOCK': '/run/user/1000/keyring/ssh', 'SNAP_ARCH': 'amd64', 'AMENT_PREFIX_PATH': '/home/cyberkanjousen/CLionProjects/ROS2_1/install/service_114514:/opt/ros/jazzy', 'SNAP_COOKIE': '7cMq18PPvE0GyoauddMEMHLsazMvDF3aF-ApkkrArLYzdt8gAxjQ', 'SHELL': '/bin/bash', 'QT_ACCESSIBILITY': '1', 'SNAP_REEXEC': '', 'GDMSESSION': 'ubuntu', 'LESSCLOSE': '/usr/bin/lesspipe %s %s', 'SNAP_NAME': 'clion', 'GPG_AGENT_INFO': '/run/user/1000/gnupg/S.gpg-agent:0:1', 'GJS_DEBUG_OUTPUT': 'stderr', 'ROS_AUTOMATIC_DISCOVERY_RANGE': 'SUBNET', 'QT_IM_MODULE': 'ibus', 'PWD': '/home/cyberkanjousen/CLionProjects/ROS2_1/build/cpp_srvcli', 'XDG_CONFIG_DIRS': '/etc/xdg/xdg-ubuntu:/etc/xdg', 'SNAP_REAL_HOME': '/home/cyberkanjousen', 'XDG_DATA_DIRS': '/usr/share/ubuntu:/usr/share/gnome:/usr/local/share/:/usr/share/:/var/lib/snapd/desktop', 'SNAP_EUID': '1000', 'QTWEBENGINE_DICTIONARIES_PATH': '/usr/share/hunspell-bdic/', 'PYTHONPATH': '/home/cyberkanjousen/CLionProjects/ROS2_1/install/service_114514/lib/python3.12/site-packages:/opt/ros/jazzy/lib/python3.12/site-packages', 'SNAP': '/snap/clion/393', 'COLCON': '1', 'MEMORY_PRESSURE_WRITE': 'c29tZSAyMDAwMDAgMjAwMDAwMAA=', 'JM_OPTION_PATH': '/home/cyberkanjousen/下载', 'CMAKE_PREFIX_PATH': '/home/cyberkanjousen/CLionProjects/ROS2_1/install/service_114514:/opt/ros/jazzy/opt/gz_math_vendor:/opt/ros/jazzy/opt/gz_utils_vendor:/opt/ros/jazzy/opt/gz_cmake_vendor:/opt/ros/jazzy'}), 'shell': False}
[3.987628] (cpp_srvcli) StdoutLine: {'line': b'-- The C compiler identification is GNU 13.3.0\n'}
[4.005806] (-) TimerEvent: {}
[4.034786] (cpp_srvcli) StdoutLine: {'line': b'-- The CXX compiler identification is GNU 13.3.0\n'}
[4.052914] (cpp_srvcli) StdoutLine: {'line': b'-- Detecting C compiler ABI info\n'}
[4.105888] (-) TimerEvent: {}
[4.111324] (cpp_srvcli) StdoutLine: {'line': b'-- Detecting C compiler ABI info - done\n'}
[4.117459] (cpp_srvcli) StdoutLine: {'line': b'-- Check for working C compiler: /usr/bin/cc - skipped\n'}
[4.117522] (cpp_srvcli) StdoutLine: {'line': b'-- Detecting C compile features\n'}
[4.117931] (cpp_srvcli) StdoutLine: {'line': b'-- Detecting C compile features - done\n'}
[4.128644] (cpp_srvcli) StdoutLine: {'line': b'-- Detecting CXX compiler ABI info\n'}
[4.188487] (cpp_srvcli) StdoutLine: {'line': b'-- Detecting CXX compiler ABI info - done\n'}
[4.196820] (cpp_srvcli) StdoutLine: {'line': b'-- Check for working CXX compiler: /usr/bin/c++ - skipped\n'}
[4.196965] (cpp_srvcli) StdoutLine: {'line': b'-- Detecting CXX compile features\n'}
[4.197319] (cpp_srvcli) StdoutLine: {'line': b'-- Detecting CXX compile features - done\n'}
[4.199083] (cpp_srvcli) StdoutLine: {'line': b'-- Found ament_cmake: 2.5.4 (/opt/ros/jazzy/share/ament_cmake/cmake)\n'}
[4.205967] (-) TimerEvent: {}
[4.306156] (-) TimerEvent: {}
[4.316642] (cpp_srvcli) StdoutLine: {'line': b'-- Found Python3: /usr/bin/python3 (found version "3.12.3") found components: Interpreter \n'}
[4.386982] (cpp_srvcli) StdoutLine: {'line': b'-- Found rclcpp: 28.1.12 (/opt/ros/jazzy/share/rclcpp/cmake)\n'}
[4.406217] (-) TimerEvent: {}
[4.413239] (cpp_srvcli) StdoutLine: {'line': b'-- Found rosidl_generator_c: 4.6.6 (/opt/ros/jazzy/share/rosidl_generator_c/cmake)\n'}
[4.421967] (cpp_srvcli) StdoutLine: {'line': b'-- Found rosidl_generator_cpp: 4.6.6 (/opt/ros/jazzy/share/rosidl_generator_cpp/cmake)\n'}
[4.432497] (cpp_srvcli) StdoutLine: {'line': b'-- Using all available rosidl_typesupport_c: rosidl_typesupport_fastrtps_c;rosidl_typesupport_introspection_c\n'}
[4.444305] (cpp_srvcli) StdoutLine: {'line': b'-- Using all available rosidl_typesupport_cpp: rosidl_typesupport_fastrtps_cpp;rosidl_typesupport_introspection_cpp\n'}
[4.496429] (cpp_srvcli) StdoutLine: {'line': b'-- Found rmw_implementation_cmake: 7.3.2 (/opt/ros/jazzy/share/rmw_implementation_cmake/cmake)\n'}
[4.498186] (cpp_srvcli) StdoutLine: {'line': b'-- Found rmw_fastrtps_cpp: 8.4.3 (/opt/ros/jazzy/share/rmw_fastrtps_cpp/cmake)\n'}
[4.506304] (-) TimerEvent: {}
[4.566709] (cpp_srvcli) StdoutLine: {'line': b'-- Found OpenSSL: /usr/lib/x86_64-linux-gnu/libcrypto.so (found version "3.0.13")  \n'}
[4.583012] (cpp_srvcli) StdoutLine: {'line': b'-- Found FastRTPS: /opt/ros/jazzy/include (Required is at least version "2.13") \n'}
[4.602618] (cpp_srvcli) StdoutLine: {'line': b"-- Using RMW implementation 'rmw_fastrtps_cpp' as default\n"}
[4.606410] (-) TimerEvent: {}
[4.654520] (cpp_srvcli) StdoutLine: {'line': b'-- Found service_114514: 0.0.0 (/home/cyberkanjousen/CLionProjects/ROS2_1/install/service_114514/share/service_114514/cmake)\n'}
[4.665748] (cpp_srvcli) StdoutLine: {'line': b'-- Found ament_lint_auto: 0.17.3 (/opt/ros/jazzy/share/ament_lint_auto/cmake)\n'}
[4.706482] (-) TimerEvent: {}
[4.737606] (cpp_srvcli) StdoutLine: {'line': b"-- Added test 'cppcheck' to perform static code analysis on C / C++ code\n"}
[4.737742] (cpp_srvcli) StdoutLine: {'line': b'-- Configured cppcheck include dirs: \n'}
[4.737790] (cpp_srvcli) StdoutLine: {'line': b'-- Configured cppcheck exclude dirs and/or files: \n'}
[4.738136] (cpp_srvcli) StdoutLine: {'line': b"-- Added test 'lint_cmake' to check CMake code style\n"}
[4.738888] (cpp_srvcli) StdoutLine: {'line': b"-- Added test 'uncrustify' to check C / C++ code style\n"}
[4.738987] (cpp_srvcli) StdoutLine: {'line': b'-- Configured uncrustify additional arguments: \n'}
[4.739267] (cpp_srvcli) StdoutLine: {'line': b"-- Added test 'xmllint' to check XML markup files\n"}
[4.740057] (cpp_srvcli) StdoutLine: {'line': b'-- Configuring done (0.8s)\n'}
[4.745687] (cpp_srvcli) StdoutLine: {'line': b'-- Generating done (0.0s)\n'}
[4.754704] (cpp_srvcli) StdoutLine: {'line': b'-- Build files have been written to: /home/cyberkanjousen/CLionProjects/ROS2_1/build/cpp_srvcli\n'}
[4.762064] (cpp_srvcli) CommandEnded: {'returncode': 0}
[4.762665] (cpp_srvcli) JobProgress: {'identifier': 'cpp_srvcli', 'progress': 'build'}
[4.762700] (cpp_srvcli) Command: {'cmd': ['/usr/bin/cmake', '--build', '/home/cyberkanjousen/CLionProjects/ROS2_1/build/cpp_srvcli', '--', '-j32', '-l32'], 'cwd': '/home/cyberkanjousen/CLionProjects/ROS2_1/build/cpp_srvcli', 'env': OrderedDict({'TERM_SESSION_ID': '63c909e5-d298-4cc9-832e-4a5012225e58', 'GJS_DEBUG_TOPICS': 'JS ERROR;JS LOG', 'XDG_ACTIVATION_TOKEN': 'gnome-shell/CLion/3210-0-cyberkanjousen-Legion-Y7000P-IRX10_TIME51333', 'LESSOPEN': '| /usr/bin/lesspipe %s', 'SNAP_INSTANCE_KEY': '', 'USER': 'cyberkanjousen', 'SNAP_COMMON': '/var/snap/clion/common', 'socks_host': 'socks://127.0.0.1:10808', 'XDG_SESSION_TYPE': 'x11', 'SNAP_UID': '1000', 'CLUTTER_DISABLE_MIPMAPPED_TEXT': '1', 'SHLVL': '1', 'LD_LIBRARY_PATH': '/home/cyberkanjousen/CLionProjects/ROS2_1/install/service_114514/lib:/opt/ros/jazzy/opt/rviz_ogre_vendor/lib:/opt/ros/jazzy/lib/x86_64-linux-gnu:/opt/ros/jazzy/opt/gz_math_vendor/lib:/opt/ros/jazzy/opt/gz_utils_vendor/lib:/opt/ros/jazzy/opt/gz_cmake_vendor/lib:/opt/ros/jazzy/lib', 'HOME': '/home/cyberkanjousen', 'SNAP_LIBRARY_PATH': '/var/lib/snapd/lib/gl:/var/lib/snapd/lib/gl32:/var/lib/snapd/void', 'DESKTOP_SESSION': 'ubuntu', 'SNAP_USER_DATA': '/home/cyberkanjousen/snap/clion/393', 'TERMINAL_EMULATOR': 'JetBrains-JediTerm', 'GIO_LAUNCHED_DESKTOP_FILE': '/var/lib/snapd/desktop/applications/clion_clion.desktop', 'ROS_PYTHON_VERSION': '3', 'GNOME_SHELL_SESSION_MODE': 'ubuntu', 'GTK_MODULES': 'gail:atk-bridge', 'MANAGERPID': '2765', 'SYSTEMD_EXEC_PID': '3210', 'GSM_SKIP_SSH_AGENT_WORKAROUND': 'true', 'DBUS_SESSION_BUS_ADDRESS': 'unix:path=/run/user/1000/bus', 'SNAP_REVISION': '393', 'GIO_LAUNCHED_DESKTOP_FILE_PID': '4290', 'DEBUGINFOD_URLS': 'https://debuginfod.ubuntu.com', 'https_proxy': 'http://127.0.0.1:10808', 'ROS_DISTRO': 'jazzy', 'LOGNAME': 'cyberkanjousen', 'SNAP_CONTEXT': '7cMq18PPvE0GyoauddMEMHLsazMvDF3aF-ApkkrArLYzdt8gAxjQ', 'http_proxy': 'http://127.0.0.1:10808', 'JOURNAL_STREAM': '9:40206', '_': '/usr/bin/colcon', 'ROS_VERSION': '2', 'MEMORY_PRESSURE_WATCH': '/sys/fs/cgroup/user.slice/user-1000.slice/user@1000.service/session.slice/org.gnome.Shell@x11.service/memory.pressure', 'XDG_SESSION_CLASS': 'user', 'SNAP_VERSION': '2025.2.4', 'USERNAME': 'cyberkanjousen', 'TERM': 'xterm-256color', 'GNOME_DESKTOP_SESSION_ID': 'this-is-deprecated', 'SNAP_INSTANCE_NAME': 'clion', 'WINDOWPATH': '2', 'PATH': '/opt/ros/jazzy/bin:/home/cyberkanjousen/.local/bin:/usr/local/sbin:/usr/local/bin:/usr/sbin:/usr/bin:/sbin:/bin:/usr/games:/usr/local/games:/snap/bin:/snap/bin:/home/cyberkanjousen/.local/bin:/home/cyberkanjousen/.local/bin', 'SESSION_MANAGER': 'local/cyberkanjousen-Legion-Y7000P-IRX10:@/tmp/.ICE-unix/3111,unix/cyberkanjousen-Legion-Y7000P-IRX10:/tmp/.ICE-unix/3111', 'INVOCATION_ID': 'e7fea1e9eb6f4e17a61b475e3444d22f', 'XDG_MENU_PREFIX': 'gnome-', 'ftp_proxy': 'ftp://127.0.0.1:10808', 'SNAP_DATA': '/var/snap/clion/393', 'XDG_RUNTIME_DIR': '/run/user/1000', 'DISPLAY': ':1', 'DESKTOP_STARTUP_ID': 'gnome-shell/CLion/3210-0-cyberkanjousen-Legion-Y7000P-IRX10_TIME51333', 'LANG': 'zh_CN.UTF-8', 'XDG_CURRENT_DESKTOP': 'ubuntu:GNOME', 'XMODIFIERS': '@im=ibus', 'XDG_SESSION_DESKTOP': 'ubuntu', 'XAUTHORITY': '/run/user/1000/gdm/Xauthority', 'LS_COLORS': 'rs=0:di=01;34:ln=01;36:mh=00:pi=40;33:so=01;35:do=01;35:bd=40;33;01:cd=40;33;01:or=40;31;01:mi=00:su=37;41:sg=30;43:ca=00:tw=30;42:ow=34;42:st=37;44:ex=01;32:*.tar=01;31:*.tgz=01;31:*.arc=01;31:*.arj=01;31:*.taz=01;31:*.lha=01;31:*.lz4=01;31:*.lzh=01;31:*.lzma=01;31:*.tlz=01;31:*.txz=01;31:*.tzo=01;31:*.t7z=01;31:*.zip=01;31:*.z=01;31:*.dz=01;31:*.gz=01;31:*.lrz=01;31:*.lz=01;31:*.lzo=01;31:*.xz=01;31:*.zst=01;31:*.tzst=01;31:*.bz2=01;31:*.bz=01;31:*.tbz=01;31:*.tbz2=01;31:*.tz=01;31:*.deb=01;31:*.rpm=01;31:*.jar=01;31:*.war=01;31:*.ear=01;31:*.sar=01;31:*.rar=01;31:*.alz=01;31:*.ace=01;31:*.zoo=01;31:*.cpio=01;31:*.7z=01;31:*.rz=01;31:*.cab=01;31:*.wim=01;31:*.swm=01;31:*.dwm=01;31:*.esd=01;31:*.avif=01;35:*.jpg=01;35:*.jpeg=01;35:*.mjpg=01;35:*.mjpeg=01;35:*.gif=01;35:*.bmp=01;35:*.pbm=01;35:*.pgm=01;35:*.ppm=01;35:*.tga=01;35:*.xbm=01;35:*.xpm=01;35:*.tif=01;35:*.tiff=01;35:*.png=01;35:*.svg=01;35:*.svgz=01;35:*.mng=01;35:*.pcx=01;35:*.mov=01;35:*.mpg=01;35:*.mpeg=01;35:*.m2v=01;35:*.mkv=01;35:*.webm=01;35:*.webp=01;35:*.ogm=01;35:*.mp4=01;35:*.m4v=01;35:*.mp4v=01;35:*.vob=01;35:*.qt=01;35:*.nuv=01;35:*.wmv=01;35:*.asf=01;35:*.rm=01;35:*.rmvb=01;35:*.flc=01;35:*.avi=01;35:*.fli=01;35:*.flv=01;35:*.gl=01;35:*.dl=01;35:*.xcf=01;35:*.xwd=01;35:*.yuv=01;35:*.cgm=01;35:*.emf=01;35:*.ogv=01;35:*.ogx=01;35:*.aac=00;36:*.au=00;36:*.flac=00;36:*.m4a=00;36:*.mid=00;36:*.midi=00;36:*.mka=00;36:*.mp3=00;36:*.mpc=00;36:*.ogg=00;36:*.ra=00;36:*.wav=00;36:*.oga=00;36:*.opus=00;36:*.spx=00;36:*.xspf=00;36:*~=00;90:*#=00;90:*.bak=00;90:*.crdownload=00;90:*.dpkg-dist=00;90:*.dpkg-new=00;90:*.dpkg-old=00;90:*.dpkg-tmp=00;90:*.old=00;90:*.orig=00;90:*.part=00;90:*.rej=00;90:*.rpmnew=00;90:*.rpmorig=00;90:*.rpmsave=00;90:*.swp=00;90:*.tmp=00;90:*.ucf-dist=00;90:*.ucf-new=00;90:*.ucf-old=00;90:', 'SNAP_USER_COMMON': '/home/cyberkanjousen/snap/clion/common', 'SSH_AUTH_SOCK': '/run/user/1000/keyring/ssh', 'SNAP_ARCH': 'amd64', 'AMENT_PREFIX_PATH': '/home/cyberkanjousen/CLionProjects/ROS2_1/install/service_114514:/opt/ros/jazzy', 'SNAP_COOKIE': '7cMq18PPvE0GyoauddMEMHLsazMvDF3aF-ApkkrArLYzdt8gAxjQ', 'SHELL': '/bin/bash', 'QT_ACCESSIBILITY': '1', 'SNAP_REEXEC': '', 'GDMSESSION': 'ubuntu', 'LESSCLOSE': '/usr/bin/lesspipe %s %s', 'SNAP_NAME': 'clion', 'GPG_AGENT_INFO': '/run/user/1000/gnupg/S.gpg-agent:0:1', 'GJS_DEBUG_OUTPUT': 'stderr', 'ROS_AUTOMATIC_DISCOVERY_RANGE': 'SUBNET', 'QT_IM_MODULE': 'ibus', 'PWD': '/home/cyberkanjousen/CLionProjects/ROS2_1/build/cpp_srvcli', 'XDG_CONFIG_DIRS': '/etc/xdg/xdg-ubuntu:/etc/xdg', 'SNAP_REAL_HOME': '/home/cyberkanjousen', 'XDG_DATA_DIRS': '/usr/share/ubuntu:/usr/share/gnome:/usr/local/share/:/usr/share/:/var/lib/snapd/desktop', 'SNAP_EUID': '1000', 'QTWEBENGINE_DICTIONARIES_PATH': '/usr/share/hunspell-bdic/', 'PYTHONPATH': '/home/cyberkanjousen/CLionProjects/ROS2_1/install/service_114514/lib/python3.12/site-packages:/opt/ros/jazzy/lib/python3.12/site-packages', 'SNAP': '/snap/clion/393', 'COLCON': '1', 'MEMORY_PRESSURE_WRITE': 'c29tZSAyMDAwMDAgMjAwMDAwMAA=', 'JM_OPTION_PATH': '/home/cyberkanjousen/下载', 'CMAKE_PREFIX_PATH': '/home/cyberkanjousen/CLionProjects/ROS2_1/install/service_114514:/opt/ros/jazzy/opt/gz_math_vendor:/opt/ros/jazzy/opt/gz_utils_vendor:/opt/ros/jazzy/opt/gz_cmake_vendor:/opt/ros/jazzy'}), 'shell': False}
[4.774185] (cpp_srvcli) StdoutLine: {'line': b'\n'}
[4.806566] (-) TimerEvent: {}
[4.906759] (-) TimerEvent: {}
[4.912496] (cpp_srvcli) StdoutLine: {'line': b'[0/2] Building CXX object CMakeFiles/server_114514.dir/src/server_114514.cpp.o\x1b[K\n'}
[4.912616] (cpp_srvcli) StdoutLine: {'line': b'[1/2] Building CXX object CMakeFiles/server_114514.dir/src/server_114514.cpp.o\x1b[K\n'}
[4.912662] (cpp_srvcli) StdoutLine: {'line': b'\x1b[31mFAILED: \x1b[0mCMakeFiles/server_114514.dir/src/server_114514.cpp.o \n'}
[4.912703] (cpp_srvcli) StdoutLine: {'line': b'/usr/bin/c++ -DDEFAULT_RMW_IMPLEMENTATION=rmw_fastrtps_cpp -DFASTCDR_DYN_LINK -isystem /home/cyberkanjousen/CLionProjects/ROS2_1/install/service_114514/include/service_114514 -isystem /opt/ros/jazzy/include/rclcpp -isystem /opt/ros/jazzy/include/builtin_interfaces -isystem /opt/ros/jazzy/include/rosidl_runtime_c -isystem /opt/ros/jazzy/include/rcutils -isystem /opt/ros/jazzy/include/rosidl_typesupport_interface -isystem /opt/ros/jazzy/include/fastcdr -isystem /opt/ros/jazzy/include/rosidl_runtime_cpp -isystem /opt/ros/jazzy/include/rosidl_typesupport_fastrtps_cpp -isystem /opt/ros/jazzy/include/rmw -isystem /opt/ros/jazzy/include/rosidl_dynamic_typesupport -isystem /opt/ros/jazzy/include/rosidl_typesupport_fastrtps_c -isystem /opt/ros/jazzy/include/rosidl_typesupport_introspection_c -isystem /opt/ros/jazzy/include/rosidl_typesupport_introspection_cpp -isystem /opt/ros/jazzy/include/libstatistics_collector -isystem /opt/ros/jazzy/include/rcl -isystem /opt/ros/jazzy/include/rcl_interfaces -isystem /opt/ros/jazzy/include/service_msgs -isystem /opt/ros/jazzy/include/rcl_logging_interface -isystem /opt/ros/jazzy/include/rcl_yaml_param_parser -isystem /opt/ros/jazzy/include/type_description_interfaces -isystem /opt/ros/jazzy/include/rcpputils -isystem /opt/ros/jazzy/include/statistics_msgs -isystem /opt/ros/jazzy/include/rosgraph_msgs -isystem /opt/ros/jazzy/include/rosidl_typesupport_cpp -isystem /opt/ros/jazzy/include/rosidl_typesupport_c -isystem /opt/ros/jazzy/include/tracetools -Wall -Wextra -Wpedantic -MD -MT CMakeFiles/server_114514.dir/src/server_114514.cpp.o -MF CMakeFiles/server_114514.dir/src/server_114514.cpp.o.d -o CMakeFiles/server_114514.dir/src/server_114514.cpp.o -c /home/cyberkanjousen/CLionProjects/ROS2_1/src/cpp_srvcli/src/server_114514.cpp\n'}
[4.912758] (cpp_srvcli) StdoutLine: {'line': b'/home/cyberkanjousen/CLionProjects/ROS2_1/src/cpp_srvcli/src/server_114514.cpp:6:10: fatal error: example_interfaces/srv/add_two_ints.hpp: \xe6\xb2\xa1\xe6\x9c\x89\xe9\x82\xa3\xe4\xb8\xaa\xe6\x96\x87\xe4\xbb\xb6\xe6\x88\x96\xe7\x9b\xae\xe5\xbd\x95\n'}
[4.912795] (cpp_srvcli) StdoutLine: {'line': b'    6 | #include "example_interfaces/srv/add_two_ints.hpp"\n'}
[4.912828] (cpp_srvcli) StdoutLine: {'line': b'      |          ^~~~~~~~~~~~~~~~~~~~~~~~~~~~~~~~~~~~~~~~~\n'}
[4.912862] (cpp_srvcli) StdoutLine: {'line': b'compilation terminated.\n'}
[4.912896] (cpp_srvcli) StdoutLine: {'line': b'ninja: build stopped: subcommand failed.\n'}
[4.914155] (cpp_srvcli) CommandEnded: {'returncode': 1}
[4.920551] (cpp_srvcli) JobEnded: {'identifier': 'cpp_srvcli', 'rc': 1}
[5.006849] (-) TimerEvent: {}
[5.107038] (-) TimerEvent: {}
[5.207284] (-) TimerEvent: {}
[5.307498] (-) TimerEvent: {}
[5.407727] (-) TimerEvent: {}
[5.464197] (cpp_pubsub) StdoutLine: {'line': b'[4/8] Linking CXX executable publisher_114514\x1b[K\n'}
[5.464360] (cpp_pubsub) StdoutLine: {'line': b'[5/8] Building CXX object CMakeFiles/listener.dir/src/subscriber_lambda_function.cpp.o\x1b[K\n'}
[5.487051] (cpp_pubsub) StdoutLine: {'line': b'[5/8] Linking CXX executable listener\x1b[K\n'}
[5.487202] (cpp_pubsub) StdoutLine: {'line': b'[6/8] Building CXX object CMakeFiles/subscriber_114514.dir/src/subscriber_114514.cpp.o\x1b[K\n'}
[5.507793] (-) TimerEvent: {}
[5.608023] (-) TimerEvent: {}
[5.618050] (cpp_pubsub) StdoutLine: {'line': b'[6/8] Linking CXX executable subscriber_114514\x1b[K\n'}
[5.638352] (cpp_pubsub) StdoutLine: {'line': b'[7/8] Linking CXX executable listener\x1b[K\n'}
[5.638512] (cpp_pubsub) StdoutLine: {'line': b'[8/8] Linking CXX executable subscriber_114514\x1b[K\n'}
[5.640375] (cpp_pubsub) JobEnded: {'identifier': 'cpp_pubsub', 'rc': 'SIGINT'}
[5.650665] (-) EventReactorShutdown: {}
