[0.068s] DEBUG:colcon:Command line arguments: ['/usr/bin/colcon', 'build', '--cmake-args', '-DCMAKE_EXPORT_COMPILE_COMMANDS=ON', '-G', 'Ninja']
[0.068s] DEBUG:colcon:Parsed command line arguments: Namespace(log_base=None, log_level=None, verb_name='build', build_base='build', install_base='install', merge_install=False, symlink_install=False, test_result_base=None, continue_on_error=False, executor='parallel', parallel_workers=32, event_handlers=None, ignore_user_meta=False, metas=['./colcon.meta'], base_paths=['.'], packages_ignore=None, packages_ignore_regex=None, paths=None, packages_up_to=None, packages_up_to_regex=None, packages_above=None, packages_above_and_dependencies=None, packages_above_depth=None, packages_select_by_dep=None, packages_skip_by_dep=None, packages_skip_up_to=None, packages_select_build_failed=False, packages_skip_build_finished=False, packages_select_test_failures=False, packages_skip_test_passed=False, packages_select=None, packages_skip=None, packages_select_regex=None, packages_skip_regex=None, packages_start=None, packages_end=None, allow_overriding=[], cmake_args=['-DCMAKE_EXPORT_COMPILE_COMMANDS=ON', '-G', 'Ninja'], cmake_target=None, cmake_target_skip_unavailable=False, cmake_clean_cache=False, cmake_clean_first=False, cmake_force_configure=False, ament_cmake_args=None, catkin_cmake_args=None, catkin_skip_building_tests=False, verb_parser=<colcon_defaults.argument_parser.defaults.DefaultArgumentsDecorator object at 0x7fa90917a630>, verb_extension=<colcon_core.verb.build.BuildVerb object at 0x7fa909179cd0>, main=<bound method BuildVerb.main of <colcon_core.verb.build.BuildVerb object at 0x7fa909179cd0>>)
[0.095s] Level 1:colcon.colcon_core.package_discovery:discover_packages(colcon_meta) check parameters
[0.095s] Level 1:colcon.colcon_core.package_discovery:discover_packages(recursive) check parameters
[0.095s] Level 1:colcon.colcon_core.package_discovery:discover_packages(ignore) check parameters
[0.095s] Level 1:colcon.colcon_core.package_discovery:discover_packages(path) check parameters
[0.095s] Level 1:colcon.colcon_core.package_discovery:discover_packages(colcon_meta) discover
[0.096s] Level 1:colcon.colcon_core.package_discovery:discover_packages(recursive) discover
[0.096s] INFO:colcon.colcon_core.package_discovery:Crawling recursively for packages in '/home/cyberkanjousen/CLionProjects/ROS2_1'
[0.096s] Level 1:colcon.colcon_core.package_identification:_identify(.) by extensions ['ignore', 'ignore_ament_install']
[0.096s] Level 1:colcon.colcon_core.package_identification:_identify(.) by extension 'ignore'
[0.096s] Level 1:colcon.colcon_core.package_identification:_identify(.) by extension 'ignore_ament_install'
[0.096s] Level 1:colcon.colcon_core.package_identification:_identify(.) by extensions ['colcon_pkg']
[0.096s] Level 1:colcon.colcon_core.package_identification:_identify(.) by extension 'colcon_pkg'
[0.096s] Level 1:colcon.colcon_core.package_identification:_identify(.) by extensions ['colcon_meta']
[0.096s] Level 1:colcon.colcon_core.package_identification:_identify(.) by extension 'colcon_meta'
[0.096s] Level 1:colcon.colcon_core.package_identification:_identify(.) by extensions ['ros']
[0.096s] Level 1:colcon.colcon_core.package_identification:_identify(.) by extension 'ros'
[0.114s] Level 1:colcon.colcon_core.package_identification:_identify(.) by extensions ['cmake', 'python']
[0.115s] Level 1:colcon.colcon_core.package_identification:_identify(.) by extension 'cmake'
[0.115s] Level 1:colcon.colcon_core.package_identification:_identify(.) by extension 'python'
[0.115s] Level 1:colcon.colcon_core.package_identification:_identify(.) by extensions ['python_setup_py']
[0.115s] Level 1:colcon.colcon_core.package_identification:_identify(.) by extension 'python_setup_py'
[0.115s] Level 1:colcon.colcon_core.package_identification:_identify(build) by extensions ['ignore', 'ignore_ament_install']
[0.115s] Level 1:colcon.colcon_core.package_identification:_identify(build) by extension 'ignore'
[0.115s] Level 1:colcon.colcon_core.package_identification:_identify(build) ignored
[0.115s] Level 1:colcon.colcon_core.package_identification:_identify(install) by extensions ['ignore', 'ignore_ament_install']
[0.115s] Level 1:colcon.colcon_core.package_identification:_identify(install) by extension 'ignore'
[0.115s] Level 1:colcon.colcon_core.package_identification:_identify(install) ignored
[0.115s] Level 1:colcon.colcon_core.package_identification:_identify(log) by extensions ['ignore', 'ignore_ament_install']
[0.115s] Level 1:colcon.colcon_core.package_identification:_identify(log) by extension 'ignore'
[0.115s] Level 1:colcon.colcon_core.package_identification:_identify(log) ignored
[0.115s] Level 1:colcon.colcon_core.package_identification:_identify(src) by extensions ['ignore', 'ignore_ament_install']
[0.115s] Level 1:colcon.colcon_core.package_identification:_identify(src) by extension 'ignore'
[0.115s] Level 1:colcon.colcon_core.package_identification:_identify(src) by extension 'ignore_ament_install'
[0.115s] Level 1:colcon.colcon_core.package_identification:_identify(src) by extensions ['colcon_pkg']
[0.115s] Level 1:colcon.colcon_core.package_identification:_identify(src) by extension 'colcon_pkg'
[0.115s] Level 1:colcon.colcon_core.package_identification:_identify(src) by extensions ['colcon_meta']
[0.115s] Level 1:colcon.colcon_core.package_identification:_identify(src) by extension 'colcon_meta'
[0.115s] Level 1:colcon.colcon_core.package_identification:_identify(src) by extensions ['ros']
[0.115s] Level 1:colcon.colcon_core.package_identification:_identify(src) by extension 'ros'
[0.115s] Level 1:colcon.colcon_core.package_identification:_identify(src) by extensions ['cmake', 'python']
[0.115s] Level 1:colcon.colcon_core.package_identification:_identify(src) by extension 'cmake'
[0.115s] Level 1:colcon.colcon_core.package_identification:_identify(src) by extension 'python'
[0.115s] Level 1:colcon.colcon_core.package_identification:_identify(src) by extensions ['python_setup_py']
[0.115s] Level 1:colcon.colcon_core.package_identification:_identify(src) by extension 'python_setup_py'
[0.116s] Level 1:colcon.colcon_core.package_identification:_identify(src/cpp_pubsub) by extensions ['ignore', 'ignore_ament_install']
[0.116s] Level 1:colcon.colcon_core.package_identification:_identify(src/cpp_pubsub) by extension 'ignore'
[0.116s] Level 1:colcon.colcon_core.package_identification:_identify(src/cpp_pubsub) by extension 'ignore_ament_install'
[0.116s] Level 1:colcon.colcon_core.package_identification:_identify(src/cpp_pubsub) by extensions ['colcon_pkg']
[0.116s] Level 1:colcon.colcon_core.package_identification:_identify(src/cpp_pubsub) by extension 'colcon_pkg'
[0.116s] Level 1:colcon.colcon_core.package_identification:_identify(src/cpp_pubsub) by extensions ['colcon_meta']
[0.116s] Level 1:colcon.colcon_core.package_identification:_identify(src/cpp_pubsub) by extension 'colcon_meta'
[0.116s] Level 1:colcon.colcon_core.package_identification:_identify(src/cpp_pubsub) by extensions ['ros']
[0.116s] Level 1:colcon.colcon_core.package_identification:_identify(src/cpp_pubsub) by extension 'ros'
[0.118s] DEBUG:colcon.colcon_core.package_identification:Package 'src/cpp_pubsub' with type 'ros.ament_cmake' and name 'cpp_pubsub'
[0.118s] Level 1:colcon.colcon_core.package_identification:_identify(src/cpp_srvcli) by extensions ['ignore', 'ignore_ament_install']
[0.118s] Level 1:colcon.colcon_core.package_identification:_identify(src/cpp_srvcli) by extension 'ignore'
[0.118s] Level 1:colcon.colcon_core.package_identification:_identify(src/cpp_srvcli) by extension 'ignore_ament_install'
[0.118s] Level 1:colcon.colcon_core.package_identification:_identify(src/cpp_srvcli) by extensions ['colcon_pkg']
[0.118s] Level 1:colcon.colcon_core.package_identification:_identify(src/cpp_srvcli) by extension 'colcon_pkg'
[0.118s] Level 1:colcon.colcon_core.package_identification:_identify(src/cpp_srvcli) by extensions ['colcon_meta']
[0.118s] Level 1:colcon.colcon_core.package_identification:_identify(src/cpp_srvcli) by extension 'colcon_meta'
[0.118s] Level 1:colcon.colcon_core.package_identification:_identify(src/cpp_srvcli) by extensions ['ros']
[0.118s] Level 1:colcon.colcon_core.package_identification:_identify(src/cpp_srvcli) by extension 'ros'
[0.119s] DEBUG:colcon.colcon_core.package_identification:Package 'src/cpp_srvcli' with type 'ros.ament_cmake' and name 'cpp_srvcli'
[0.119s] Level 1:colcon.colcon_core.package_identification:_identify(src/learning_tf2_cpp) by extensions ['ignore', 'ignore_ament_install']
[0.119s] Level 1:colcon.colcon_core.package_identification:_identify(src/learning_tf2_cpp) by extension 'ignore'
[0.119s] Level 1:colcon.colcon_core.package_identification:_identify(src/learning_tf2_cpp) by extension 'ignore_ament_install'
[0.119s] Level 1:colcon.colcon_core.package_identification:_identify(src/learning_tf2_cpp) by extensions ['colcon_pkg']
[0.119s] Level 1:colcon.colcon_core.package_identification:_identify(src/learning_tf2_cpp) by extension 'colcon_pkg'
[0.119s] Level 1:colcon.colcon_core.package_identification:_identify(src/learning_tf2_cpp) by extensions ['colcon_meta']
[0.119s] Level 1:colcon.colcon_core.package_identification:_identify(src/learning_tf2_cpp) by extension 'colcon_meta'
[0.119s] Level 1:colcon.colcon_core.package_identification:_identify(src/learning_tf2_cpp) by extensions ['ros']
[0.119s] Level 1:colcon.colcon_core.package_identification:_identify(src/learning_tf2_cpp) by extension 'ros'
[0.119s] DEBUG:colcon.colcon_core.package_identification:Package 'src/learning_tf2_cpp' with type 'ros.ament_cmake' and name 'learning_tf2_cpp'
[0.119s] Level 1:colcon.colcon_core.package_identification:_identify(src/ros_gz_bridge) by extensions ['ignore', 'ignore_ament_install']
[0.119s] Level 1:colcon.colcon_core.package_identification:_identify(src/ros_gz_bridge) by extension 'ignore'
[0.119s] Level 1:colcon.colcon_core.package_identification:_identify(src/ros_gz_bridge) by extension 'ignore_ament_install'
[0.119s] Level 1:colcon.colcon_core.package_identification:_identify(src/ros_gz_bridge) by extensions ['colcon_pkg']
[0.119s] Level 1:colcon.colcon_core.package_identification:_identify(src/ros_gz_bridge) by extension 'colcon_pkg'
[0.119s] Level 1:colcon.colcon_core.package_identification:_identify(src/ros_gz_bridge) by extensions ['colcon_meta']
[0.120s] Level 1:colcon.colcon_core.package_identification:_identify(src/ros_gz_bridge) by extension 'colcon_meta'
[0.120s] Level 1:colcon.colcon_core.package_identification:_identify(src/ros_gz_bridge) by extensions ['ros']
[0.120s] Level 1:colcon.colcon_core.package_identification:_identify(src/ros_gz_bridge) by extension 'ros'
[0.121s] DEBUG:colcon.colcon_core.package_identification:Package 'src/ros_gz_bridge' with type 'ros.ament_cmake' and name 'ros_gz_bridge'
[0.121s] Level 1:colcon.colcon_core.package_identification:_identify(src/ros_gz_image) by extensions ['ignore', 'ignore_ament_install']
[0.121s] Level 1:colcon.colcon_core.package_identification:_identify(src/ros_gz_image) by extension 'ignore'
[0.121s] Level 1:colcon.colcon_core.package_identification:_identify(src/ros_gz_image) by extension 'ignore_ament_install'
[0.121s] Level 1:colcon.colcon_core.package_identification:_identify(src/ros_gz_image) by extensions ['colcon_pkg']
[0.121s] Level 1:colcon.colcon_core.package_identification:_identify(src/ros_gz_image) by extension 'colcon_pkg'
[0.121s] Level 1:colcon.colcon_core.package_identification:_identify(src/ros_gz_image) by extensions ['colcon_meta']
[0.121s] Level 1:colcon.colcon_core.package_identification:_identify(src/ros_gz_image) by extension 'colcon_meta'
[0.121s] Level 1:colcon.colcon_core.package_identification:_identify(src/ros_gz_image) by extensions ['ros']
[0.121s] Level 1:colcon.colcon_core.package_identification:_identify(src/ros_gz_image) by extension 'ros'
[0.121s] DEBUG:colcon.colcon_core.package_identification:Package 'src/ros_gz_image' with type 'ros.ament_cmake' and name 'ros_gz_image'
[0.121s] Level 1:colcon.colcon_core.package_identification:_identify(src/ros_gz_interfaces) by extensions ['ignore', 'ignore_ament_install']
[0.121s] Level 1:colcon.colcon_core.package_identification:_identify(src/ros_gz_interfaces) by extension 'ignore'
[0.121s] Level 1:colcon.colcon_core.package_identification:_identify(src/ros_gz_interfaces) by extension 'ignore_ament_install'
[0.121s] Level 1:colcon.colcon_core.package_identification:_identify(src/ros_gz_interfaces) by extensions ['colcon_pkg']
[0.121s] Level 1:colcon.colcon_core.package_identification:_identify(src/ros_gz_interfaces) by extension 'colcon_pkg'
[0.122s] Level 1:colcon.colcon_core.package_identification:_identify(src/ros_gz_interfaces) by extensions ['colcon_meta']
[0.122s] Level 1:colcon.colcon_core.package_identification:_identify(src/ros_gz_interfaces) by extension 'colcon_meta'
[0.122s] Level 1:colcon.colcon_core.package_identification:_identify(src/ros_gz_interfaces) by extensions ['ros']
[0.122s] Level 1:colcon.colcon_core.package_identification:_identify(src/ros_gz_interfaces) by extension 'ros'
[0.122s] DEBUG:colcon.colcon_core.package_identification:Package 'src/ros_gz_interfaces' with type 'ros.ament_cmake' and name 'ros_gz_interfaces'
[0.122s] Level 1:colcon.colcon_core.package_identification:_identify(src/ros_gz_point_cloud) by extensions ['ignore', 'ignore_ament_install']
[0.122s] Level 1:colcon.colcon_core.package_identification:_identify(src/ros_gz_point_cloud) by extension 'ignore'
[0.122s] Level 1:colcon.colcon_core.package_identification:_identify(src/ros_gz_point_cloud) ignored
[0.122s] Level 1:colcon.colcon_core.package_identification:_identify(src/ros_gz_sim) by extensions ['ignore', 'ignore_ament_install']
[0.122s] Level 1:colcon.colcon_core.package_identification:_identify(src/ros_gz_sim) by extension 'ignore'
[0.122s] Level 1:colcon.colcon_core.package_identification:_identify(src/ros_gz_sim) by extension 'ignore_ament_install'
[0.122s] Level 1:colcon.colcon_core.package_identification:_identify(src/ros_gz_sim) by extensions ['colcon_pkg']
[0.122s] Level 1:colcon.colcon_core.package_identification:_identify(src/ros_gz_sim) by extension 'colcon_pkg'
[0.122s] Level 1:colcon.colcon_core.package_identification:_identify(src/ros_gz_sim) by extensions ['colcon_meta']
[0.122s] Level 1:colcon.colcon_core.package_identification:_identify(src/ros_gz_sim) by extension 'colcon_meta'
[0.122s] Level 1:colcon.colcon_core.package_identification:_identify(src/ros_gz_sim) by extensions ['ros']
[0.122s] Level 1:colcon.colcon_core.package_identification:_identify(src/ros_gz_sim) by extension 'ros'
[0.123s] DEBUG:colcon.colcon_core.package_identification:Package 'src/ros_gz_sim' with type 'ros.ament_cmake' and name 'ros_gz_sim'
[0.123s] Level 1:colcon.colcon_core.package_identification:_identify(src/sensor_robot) by extensions ['ignore', 'ignore_ament_install']
[0.124s] Level 1:colcon.colcon_core.package_identification:_identify(src/sensor_robot) by extension 'ignore'
[0.124s] Level 1:colcon.colcon_core.package_identification:_identify(src/sensor_robot) by extension 'ignore_ament_install'
[0.124s] Level 1:colcon.colcon_core.package_identification:_identify(src/sensor_robot) by extensions ['colcon_pkg']
[0.124s] Level 1:colcon.colcon_core.package_identification:_identify(src/sensor_robot) by extension 'colcon_pkg'
[0.124s] Level 1:colcon.colcon_core.package_identification:_identify(src/sensor_robot) by extensions ['colcon_meta']
[0.124s] Level 1:colcon.colcon_core.package_identification:_identify(src/sensor_robot) by extension 'colcon_meta'
[0.124s] Level 1:colcon.colcon_core.package_identification:_identify(src/sensor_robot) by extensions ['ros']
[0.124s] Level 1:colcon.colcon_core.package_identification:_identify(src/sensor_robot) by extension 'ros'
[0.124s] DEBUG:colcon.colcon_core.package_identification:Package 'src/sensor_robot' with type 'ros.ament_cmake' and name 'sensor_robot'
[0.124s] Level 1:colcon.colcon_core.package_identification:_identify(src/service_114514) by extensions ['ignore', 'ignore_ament_install']
[0.124s] Level 1:colcon.colcon_core.package_identification:_identify(src/service_114514) by extension 'ignore'
[0.124s] Level 1:colcon.colcon_core.package_identification:_identify(src/service_114514) by extension 'ignore_ament_install'
[0.124s] Level 1:colcon.colcon_core.package_identification:_identify(src/service_114514) by extensions ['colcon_pkg']
[0.124s] Level 1:colcon.colcon_core.package_identification:_identify(src/service_114514) by extension 'colcon_pkg'
[0.124s] Level 1:colcon.colcon_core.package_identification:_identify(src/service_114514) by extensions ['colcon_meta']
[0.124s] Level 1:colcon.colcon_core.package_identification:_identify(src/service_114514) by extension 'colcon_meta'
[0.124s] Level 1:colcon.colcon_core.package_identification:_identify(src/service_114514) by extensions ['ros']
[0.124s] Level 1:colcon.colcon_core.package_identification:_identify(src/service_114514) by extension 'ros'
[0.125s] DEBUG:colcon.colcon_core.package_identification:Package 'src/service_114514' with type 'ros.ament_cmake' and name 'service_114514'
[0.125s] Level 1:colcon.colcon_core.package_discovery:discover_packages(recursive) using defaults
[0.125s] Level 1:colcon.colcon_core.package_discovery:discover_packages(ignore) discover
[0.125s] Level 1:colcon.colcon_core.package_discovery:discover_packages(ignore) using defaults
[0.125s] Level 1:colcon.colcon_core.package_discovery:discover_packages(path) discover
[0.125s] Level 1:colcon.colcon_core.package_discovery:discover_packages(path) using defaults
[0.138s] Level 1:colcon.colcon_core.package_discovery:discover_packages(prefix_path) check parameters
[0.138s] Level 1:colcon.colcon_core.package_discovery:discover_packages(prefix_path) discover
[0.139s] DEBUG:colcon.colcon_installed_package_information.package_discovery:Found 5 installed packages in /home/cyberkanjousen/CLionProjects/ROS2_1/install
[0.140s] DEBUG:colcon.colcon_installed_package_information.package_discovery:Found 286 installed packages in /opt/ros/jazzy
[0.141s] Level 1:colcon.colcon_core.package_discovery:discover_packages(prefix_path) using defaults
[0.166s] Level 5:colcon.colcon_core.verb:set package 'cpp_pubsub' build argument 'cmake_args' from command line to '['-DCMAKE_EXPORT_COMPILE_COMMANDS=ON', '-G', 'Ninja']'
[0.166s] Level 5:colcon.colcon_core.verb:set package 'cpp_pubsub' build argument 'cmake_target' from command line to 'None'
[0.166s] Level 5:colcon.colcon_core.verb:set package 'cpp_pubsub' build argument 'cmake_target_skip_unavailable' from command line to 'False'
[0.166s] Level 5:colcon.colcon_core.verb:set package 'cpp_pubsub' build argument 'cmake_clean_cache' from command line to 'False'
[0.167s] Level 5:colcon.colcon_core.verb:set package 'cpp_pubsub' build argument 'cmake_clean_first' from command line to 'False'
[0.167s] Level 5:colcon.colcon_core.verb:set package 'cpp_pubsub' build argument 'cmake_force_configure' from command line to 'False'
[0.167s] Level 5:colcon.colcon_core.verb:set package 'cpp_pubsub' build argument 'ament_cmake_args' from command line to 'None'
[0.167s] Level 5:colcon.colcon_core.verb:set package 'cpp_pubsub' build argument 'catkin_cmake_args' from command line to 'None'
[0.167s] Level 5:colcon.colcon_core.verb:set package 'cpp_pubsub' build argument 'catkin_skip_building_tests' from command line to 'False'
[0.167s] DEBUG:colcon.colcon_core.verb:Building package 'cpp_pubsub' with the following arguments: {'ament_cmake_args': None, 'build_base': '/home/cyberkanjousen/CLionProjects/ROS2_1/build/cpp_pubsub', 'catkin_cmake_args': None, 'catkin_skip_building_tests': False, 'cmake_args': ['-DCMAKE_EXPORT_COMPILE_COMMANDS=ON', '-G', 'Ninja'], 'cmake_clean_cache': False, 'cmake_clean_first': False, 'cmake_force_configure': False, 'cmake_target': None, 'cmake_target_skip_unavailable': False, 'install_base': '/home/cyberkanjousen/CLionProjects/ROS2_1/install/cpp_pubsub', 'merge_install': False, 'path': '/home/cyberkanjousen/CLionProjects/ROS2_1/src/cpp_pubsub', 'symlink_install': False, 'test_result_base': None}
[0.167s] Level 5:colcon.colcon_core.verb:set package 'learning_tf2_cpp' build argument 'cmake_args' from command line to '['-DCMAKE_EXPORT_COMPILE_COMMANDS=ON', '-G', 'Ninja']'
[0.167s] Level 5:colcon.colcon_core.verb:set package 'learning_tf2_cpp' build argument 'cmake_target' from command line to 'None'
[0.167s] Level 5:colcon.colcon_core.verb:set package 'learning_tf2_cpp' build argument 'cmake_target_skip_unavailable' from command line to 'False'
[0.167s] Level 5:colcon.colcon_core.verb:set package 'learning_tf2_cpp' build argument 'cmake_clean_cache' from command line to 'False'
[0.167s] Level 5:colcon.colcon_core.verb:set package 'learning_tf2_cpp' build argument 'cmake_clean_first' from command line to 'False'
[0.167s] Level 5:colcon.colcon_core.verb:set package 'learning_tf2_cpp' build argument 'cmake_force_configure' from command line to 'False'
[0.167s] Level 5:colcon.colcon_core.verb:set package 'learning_tf2_cpp' build argument 'ament_cmake_args' from command line to 'None'
[0.167s] Level 5:colcon.colcon_core.verb:set package 'learning_tf2_cpp' build argument 'catkin_cmake_args' from command line to 'None'
[0.167s] Level 5:colcon.colcon_core.verb:set package 'learning_tf2_cpp' build argument 'catkin_skip_building_tests' from command line to 'False'
[0.167s] DEBUG:colcon.colcon_core.verb:Building package 'learning_tf2_cpp' with the following arguments: {'ament_cmake_args': None, 'build_base': '/home/cyberkanjousen/CLionProjects/ROS2_1/build/learning_tf2_cpp', 'catkin_cmake_args': None, 'catkin_skip_building_tests': False, 'cmake_args': ['-DCMAKE_EXPORT_COMPILE_COMMANDS=ON', '-G', 'Ninja'], 'cmake_clean_cache': False, 'cmake_clean_first': False, 'cmake_force_configure': False, 'cmake_target': None, 'cmake_target_skip_unavailable': False, 'install_base': '/home/cyberkanjousen/CLionProjects/ROS2_1/install/learning_tf2_cpp', 'merge_install': False, 'path': '/home/cyberkanjousen/CLionProjects/ROS2_1/src/learning_tf2_cpp', 'symlink_install': False, 'test_result_base': None}
[0.167s] Level 5:colcon.colcon_core.verb:set package 'ros_gz_interfaces' build argument 'cmake_args' from command line to '['-DCMAKE_EXPORT_COMPILE_COMMANDS=ON', '-G', 'Ninja']'
[0.167s] Level 5:colcon.colcon_core.verb:set package 'ros_gz_interfaces' build argument 'cmake_target' from command line to 'None'
[0.167s] Level 5:colcon.colcon_core.verb:set package 'ros_gz_interfaces' build argument 'cmake_target_skip_unavailable' from command line to 'False'
[0.167s] Level 5:colcon.colcon_core.verb:set package 'ros_gz_interfaces' build argument 'cmake_clean_cache' from command line to 'False'
[0.167s] Level 5:colcon.colcon_core.verb:set package 'ros_gz_interfaces' build argument 'cmake_clean_first' from command line to 'False'
[0.167s] Level 5:colcon.colcon_core.verb:set package 'ros_gz_interfaces' build argument 'cmake_force_configure' from command line to 'False'
[0.167s] Level 5:colcon.colcon_core.verb:set package 'ros_gz_interfaces' build argument 'ament_cmake_args' from command line to 'None'
[0.167s] Level 5:colcon.colcon_core.verb:set package 'ros_gz_interfaces' build argument 'catkin_cmake_args' from command line to 'None'
[0.167s] Level 5:colcon.colcon_core.verb:set package 'ros_gz_interfaces' build argument 'catkin_skip_building_tests' from command line to 'False'
[0.167s] DEBUG:colcon.colcon_core.verb:Building package 'ros_gz_interfaces' with the following arguments: {'ament_cmake_args': None, 'build_base': '/home/cyberkanjousen/CLionProjects/ROS2_1/build/ros_gz_interfaces', 'catkin_cmake_args': None, 'catkin_skip_building_tests': False, 'cmake_args': ['-DCMAKE_EXPORT_COMPILE_COMMANDS=ON', '-G', 'Ninja'], 'cmake_clean_cache': False, 'cmake_clean_first': False, 'cmake_force_configure': False, 'cmake_target': None, 'cmake_target_skip_unavailable': False, 'install_base': '/home/cyberkanjousen/CLionProjects/ROS2_1/install/ros_gz_interfaces', 'merge_install': False, 'path': '/home/cyberkanjousen/CLionProjects/ROS2_1/src/ros_gz_interfaces', 'symlink_install': False, 'test_result_base': None}
[0.167s] Level 5:colcon.colcon_core.verb:set package 'sensor_robot' build argument 'cmake_args' from command line to '['-DCMAKE_EXPORT_COMPILE_COMMANDS=ON', '-G', 'Ninja']'
[0.167s] Level 5:colcon.colcon_core.verb:set package 'sensor_robot' build argument 'cmake_target' from command line to 'None'
[0.167s] Level 5:colcon.colcon_core.verb:set package 'sensor_robot' build argument 'cmake_target_skip_unavailable' from command line to 'False'
[0.167s] Level 5:colcon.colcon_core.verb:set package 'sensor_robot' build argument 'cmake_clean_cache' from command line to 'False'
[0.167s] Level 5:colcon.colcon_core.verb:set package 'sensor_robot' build argument 'cmake_clean_first' from command line to 'False'
[0.167s] Level 5:colcon.colcon_core.verb:set package 'sensor_robot' build argument 'cmake_force_configure' from command line to 'False'
[0.167s] Level 5:colcon.colcon_core.verb:set package 'sensor_robot' build argument 'ament_cmake_args' from command line to 'None'
[0.167s] Level 5:colcon.colcon_core.verb:set package 'sensor_robot' build argument 'catkin_cmake_args' from command line to 'None'
[0.167s] Level 5:colcon.colcon_core.verb:set package 'sensor_robot' build argument 'catkin_skip_building_tests' from command line to 'False'
[0.167s] DEBUG:colcon.colcon_core.verb:Building package 'sensor_robot' with the following arguments: {'ament_cmake_args': None, 'build_base': '/home/cyberkanjousen/CLionProjects/ROS2_1/build/sensor_robot', 'catkin_cmake_args': None, 'catkin_skip_building_tests': False, 'cmake_args': ['-DCMAKE_EXPORT_COMPILE_COMMANDS=ON', '-G', 'Ninja'], 'cmake_clean_cache': False, 'cmake_clean_first': False, 'cmake_force_configure': False, 'cmake_target': None, 'cmake_target_skip_unavailable': False, 'install_base': '/home/cyberkanjousen/CLionProjects/ROS2_1/install/sensor_robot', 'merge_install': False, 'path': '/home/cyberkanjousen/CLionProjects/ROS2_1/src/sensor_robot', 'symlink_install': False, 'test_result_base': None}
[0.168s] Level 5:colcon.colcon_core.verb:set package 'service_114514' build argument 'cmake_args' from command line to '['-DCMAKE_EXPORT_COMPILE_COMMANDS=ON', '-G', 'Ninja']'
[0.168s] Level 5:colcon.colcon_core.verb:set package 'service_114514' build argument 'cmake_target' from command line to 'None'
[0.168s] Level 5:colcon.colcon_core.verb:set package 'service_114514' build argument 'cmake_target_skip_unavailable' from command line to 'False'
[0.168s] Level 5:colcon.colcon_core.verb:set package 'service_114514' build argument 'cmake_clean_cache' from command line to 'False'
[0.168s] Level 5:colcon.colcon_core.verb:set package 'service_114514' build argument 'cmake_clean_first' from command line to 'False'
[0.168s] Level 5:colcon.colcon_core.verb:set package 'service_114514' build argument 'cmake_force_configure' from command line to 'False'
[0.168s] Level 5:colcon.colcon_core.verb:set package 'service_114514' build argument 'ament_cmake_args' from command line to 'None'
[0.168s] Level 5:colcon.colcon_core.verb:set package 'service_114514' build argument 'catkin_cmake_args' from command line to 'None'
[0.168s] Level 5:colcon.colcon_core.verb:set package 'service_114514' build argument 'catkin_skip_building_tests' from command line to 'False'
[0.168s] DEBUG:colcon.colcon_core.verb:Building package 'service_114514' with the following arguments: {'ament_cmake_args': None, 'build_base': '/home/cyberkanjousen/CLionProjects/ROS2_1/build/service_114514', 'catkin_cmake_args': None, 'catkin_skip_building_tests': False, 'cmake_args': ['-DCMAKE_EXPORT_COMPILE_COMMANDS=ON', '-G', 'Ninja'], 'cmake_clean_cache': False, 'cmake_clean_first': False, 'cmake_force_configure': False, 'cmake_target': None, 'cmake_target_skip_unavailable': False, 'install_base': '/home/cyberkanjousen/CLionProjects/ROS2_1/install/service_114514', 'merge_install': False, 'path': '/home/cyberkanjousen/CLionProjects/ROS2_1/src/service_114514', 'symlink_install': False, 'test_result_base': None}
[0.168s] Level 5:colcon.colcon_core.verb:set package 'cpp_srvcli' build argument 'cmake_args' from command line to '['-DCMAKE_EXPORT_COMPILE_COMMANDS=ON', '-G', 'Ninja']'
[0.168s] Level 5:colcon.colcon_core.verb:set package 'cpp_srvcli' build argument 'cmake_target' from command line to 'None'
[0.168s] Level 5:colcon.colcon_core.verb:set package 'cpp_srvcli' build argument 'cmake_target_skip_unavailable' from command line to 'False'
[0.168s] Level 5:colcon.colcon_core.verb:set package 'cpp_srvcli' build argument 'cmake_clean_cache' from command line to 'False'
[0.168s] Level 5:colcon.colcon_core.verb:set package 'cpp_srvcli' build argument 'cmake_clean_first' from command line to 'False'
[0.168s] Level 5:colcon.colcon_core.verb:set package 'cpp_srvcli' build argument 'cmake_force_configure' from command line to 'False'
[0.168s] Level 5:colcon.colcon_core.verb:set package 'cpp_srvcli' build argument 'ament_cmake_args' from command line to 'None'
[0.168s] Level 5:colcon.colcon_core.verb:set package 'cpp_srvcli' build argument 'catkin_cmake_args' from command line to 'None'
[0.168s] Level 5:colcon.colcon_core.verb:set package 'cpp_srvcli' build argument 'catkin_skip_building_tests' from command line to 'False'
[0.168s] DEBUG:colcon.colcon_core.verb:Building package 'cpp_srvcli' with the following arguments: {'ament_cmake_args': None, 'build_base': '/home/cyberkanjousen/CLionProjects/ROS2_1/build/cpp_srvcli', 'catkin_cmake_args': None, 'catkin_skip_building_tests': False, 'cmake_args': ['-DCMAKE_EXPORT_COMPILE_COMMANDS=ON', '-G', 'Ninja'], 'cmake_clean_cache': False, 'cmake_clean_first': False, 'cmake_force_configure': False, 'cmake_target': None, 'cmake_target_skip_unavailable': False, 'install_base': '/home/cyberkanjousen/CLionProjects/ROS2_1/install/cpp_srvcli', 'merge_install': False, 'path': '/home/cyberkanjousen/CLionProjects/ROS2_1/src/cpp_srvcli', 'symlink_install': False, 'test_result_base': None}
[0.168s] Level 5:colcon.colcon_core.verb:set package 'ros_gz_bridge' build argument 'cmake_args' from command line to '['-DCMAKE_EXPORT_COMPILE_COMMANDS=ON', '-G', 'Ninja']'
[0.168s] Level 5:colcon.colcon_core.verb:set package 'ros_gz_bridge' build argument 'cmake_target' from command line to 'None'
[0.168s] Level 5:colcon.colcon_core.verb:set package 'ros_gz_bridge' build argument 'cmake_target_skip_unavailable' from command line to 'False'
[0.168s] Level 5:colcon.colcon_core.verb:set package 'ros_gz_bridge' build argument 'cmake_clean_cache' from command line to 'False'
[0.168s] Level 5:colcon.colcon_core.verb:set package 'ros_gz_bridge' build argument 'cmake_clean_first' from command line to 'False'
[0.168s] Level 5:colcon.colcon_core.verb:set package 'ros_gz_bridge' build argument 'cmake_force_configure' from command line to 'False'
[0.168s] Level 5:colcon.colcon_core.verb:set package 'ros_gz_bridge' build argument 'ament_cmake_args' from command line to 'None'
[0.168s] Level 5:colcon.colcon_core.verb:set package 'ros_gz_bridge' build argument 'catkin_cmake_args' from command line to 'None'
[0.168s] Level 5:colcon.colcon_core.verb:set package 'ros_gz_bridge' build argument 'catkin_skip_building_tests' from command line to 'False'
[0.168s] DEBUG:colcon.colcon_core.verb:Building package 'ros_gz_bridge' with the following arguments: {'ament_cmake_args': None, 'build_base': '/home/cyberkanjousen/CLionProjects/ROS2_1/build/ros_gz_bridge', 'catkin_cmake_args': None, 'catkin_skip_building_tests': False, 'cmake_args': ['-DCMAKE_EXPORT_COMPILE_COMMANDS=ON', '-G', 'Ninja'], 'cmake_clean_cache': False, 'cmake_clean_first': False, 'cmake_force_configure': False, 'cmake_target': None, 'cmake_target_skip_unavailable': False, 'install_base': '/home/cyberkanjousen/CLionProjects/ROS2_1/install/ros_gz_bridge', 'merge_install': False, 'path': '/home/cyberkanjousen/CLionProjects/ROS2_1/src/ros_gz_bridge', 'symlink_install': False, 'test_result_base': None}
[0.168s] Level 5:colcon.colcon_core.verb:set package 'ros_gz_image' build argument 'cmake_args' from command line to '['-DCMAKE_EXPORT_COMPILE_COMMANDS=ON', '-G', 'Ninja']'
[0.168s] Level 5:colcon.colcon_core.verb:set package 'ros_gz_image' build argument 'cmake_target' from command line to 'None'
[0.168s] Level 5:colcon.colcon_core.verb:set package 'ros_gz_image' build argument 'cmake_target_skip_unavailable' from command line to 'False'
[0.168s] Level 5:colcon.colcon_core.verb:set package 'ros_gz_image' build argument 'cmake_clean_cache' from command line to 'False'
[0.168s] Level 5:colcon.colcon_core.verb:set package 'ros_gz_image' build argument 'cmake_clean_first' from command line to 'False'
[0.168s] Level 5:colcon.colcon_core.verb:set package 'ros_gz_image' build argument 'cmake_force_configure' from command line to 'False'
[0.168s] Level 5:colcon.colcon_core.verb:set package 'ros_gz_image' build argument 'ament_cmake_args' from command line to 'None'
[0.168s] Level 5:colcon.colcon_core.verb:set package 'ros_gz_image' build argument 'catkin_cmake_args' from command line to 'None'
[0.168s] Level 5:colcon.colcon_core.verb:set package 'ros_gz_image' build argument 'catkin_skip_building_tests' from command line to 'False'
[0.168s] DEBUG:colcon.colcon_core.verb:Building package 'ros_gz_image' with the following arguments: {'ament_cmake_args': None, 'build_base': '/home/cyberkanjousen/CLionProjects/ROS2_1/build/ros_gz_image', 'catkin_cmake_args': None, 'catkin_skip_building_tests': False, 'cmake_args': ['-DCMAKE_EXPORT_COMPILE_COMMANDS=ON', '-G', 'Ninja'], 'cmake_clean_cache': False, 'cmake_clean_first': False, 'cmake_force_configure': False, 'cmake_target': None, 'cmake_target_skip_unavailable': False, 'install_base': '/home/cyberkanjousen/CLionProjects/ROS2_1/install/ros_gz_image', 'merge_install': False, 'path': '/home/cyberkanjousen/CLionProjects/ROS2_1/src/ros_gz_image', 'symlink_install': False, 'test_result_base': None}
[0.168s] Level 5:colcon.colcon_core.verb:set package 'ros_gz_sim' build argument 'cmake_args' from command line to '['-DCMAKE_EXPORT_COMPILE_COMMANDS=ON', '-G', 'Ninja']'
[0.169s] Level 5:colcon.colcon_core.verb:set package 'ros_gz_sim' build argument 'cmake_target' from command line to 'None'
[0.169s] Level 5:colcon.colcon_core.verb:set package 'ros_gz_sim' build argument 'cmake_target_skip_unavailable' from command line to 'False'
[0.169s] Level 5:colcon.colcon_core.verb:set package 'ros_gz_sim' build argument 'cmake_clean_cache' from command line to 'False'
[0.169s] Level 5:colcon.colcon_core.verb:set package 'ros_gz_sim' build argument 'cmake_clean_first' from command line to 'False'
[0.169s] Level 5:colcon.colcon_core.verb:set package 'ros_gz_sim' build argument 'cmake_force_configure' from command line to 'False'
[0.169s] Level 5:colcon.colcon_core.verb:set package 'ros_gz_sim' build argument 'ament_cmake_args' from command line to 'None'
[0.169s] Level 5:colcon.colcon_core.verb:set package 'ros_gz_sim' build argument 'catkin_cmake_args' from command line to 'None'
[0.169s] Level 5:colcon.colcon_core.verb:set package 'ros_gz_sim' build argument 'catkin_skip_building_tests' from command line to 'False'
[0.169s] DEBUG:colcon.colcon_core.verb:Building package 'ros_gz_sim' with the following arguments: {'ament_cmake_args': None, 'build_base': '/home/cyberkanjousen/CLionProjects/ROS2_1/build/ros_gz_sim', 'catkin_cmake_args': None, 'catkin_skip_building_tests': False, 'cmake_args': ['-DCMAKE_EXPORT_COMPILE_COMMANDS=ON', '-G', 'Ninja'], 'cmake_clean_cache': False, 'cmake_clean_first': False, 'cmake_force_configure': False, 'cmake_target': None, 'cmake_target_skip_unavailable': False, 'install_base': '/home/cyberkanjousen/CLionProjects/ROS2_1/install/ros_gz_sim', 'merge_install': False, 'path': '/home/cyberkanjousen/CLionProjects/ROS2_1/src/ros_gz_sim', 'symlink_install': False, 'test_result_base': None}
[0.169s] INFO:colcon.colcon_core.executor:Executing jobs using 'parallel' executor
[0.169s] DEBUG:colcon.colcon_parallel_executor.executor.parallel:run_until_complete
[0.170s] INFO:colcon.colcon_ros.task.ament_cmake.build:Building ROS package in '/home/cyberkanjousen/CLionProjects/ROS2_1/src/ros_gz_interfaces' with build type 'ament_cmake'
[0.170s] INFO:colcon.colcon_cmake.task.cmake.build:Building CMake package in '/home/cyberkanjousen/CLionProjects/ROS2_1/src/ros_gz_interfaces'
[0.171s] INFO:colcon.colcon_core.plugin_system:Skipping extension 'colcon_core.shell.bat': Not used on non-Windows systems
[0.171s] INFO:colcon.colcon_core.shell:Skip shell extension 'powershell' for command environment: Not usable outside of PowerShell
[0.171s] DEBUG:colcon.colcon_core.shell:Skip shell extension 'dsv' for command environment
[0.174s] INFO:colcon.colcon_ros.task.ament_cmake.build:Building ROS package in '/home/cyberkanjousen/CLionProjects/ROS2_1/src/service_114514' with build type 'ament_cmake'
[0.174s] INFO:colcon.colcon_cmake.task.cmake.build:Building CMake package in '/home/cyberkanjousen/CLionProjects/ROS2_1/src/service_114514'
[0.174s] INFO:colcon.colcon_core.shell:Skip shell extension 'powershell' for command environment: Not usable outside of PowerShell
[0.174s] DEBUG:colcon.colcon_core.shell:Skip shell extension 'dsv' for command environment
[0.176s] INFO:colcon.colcon_ros.task.ament_cmake.build:Building ROS package in '/home/cyberkanjousen/CLionProjects/ROS2_1/src/cpp_pubsub' with build type 'ament_cmake'
[0.176s] INFO:colcon.colcon_cmake.task.cmake.build:Building CMake package in '/home/cyberkanjousen/CLionProjects/ROS2_1/src/cpp_pubsub'
[0.177s] INFO:colcon.colcon_core.shell:Skip shell extension 'powershell' for command environment: Not usable outside of PowerShell
[0.177s] DEBUG:colcon.colcon_core.shell:Skip shell extension 'dsv' for command environment
[0.180s] INFO:colcon.colcon_ros.task.ament_cmake.build:Building ROS package in '/home/cyberkanjousen/CLionProjects/ROS2_1/src/learning_tf2_cpp' with build type 'ament_cmake'
[0.180s] INFO:colcon.colcon_cmake.task.cmake.build:Building CMake package in '/home/cyberkanjousen/CLionProjects/ROS2_1/src/learning_tf2_cpp'
[0.181s] INFO:colcon.colcon_core.shell:Skip shell extension 'powershell' for command environment: Not usable outside of PowerShell
[0.181s] DEBUG:colcon.colcon_core.shell:Skip shell extension 'dsv' for command environment
[0.184s] INFO:colcon.colcon_ros.task.ament_cmake.build:Building ROS package in '/home/cyberkanjousen/CLionProjects/ROS2_1/src/sensor_robot' with build type 'ament_cmake'
[0.184s] INFO:colcon.colcon_cmake.task.cmake.build:Building CMake package in '/home/cyberkanjousen/CLionProjects/ROS2_1/src/sensor_robot'
[0.184s] INFO:colcon.colcon_core.shell:Skip shell extension 'powershell' for command environment: Not usable outside of PowerShell
[0.184s] DEBUG:colcon.colcon_core.shell:Skip shell extension 'dsv' for command environment
[0.189s] DEBUG:colcon.colcon_core.event_handler.log_command:Invoking command in '/home/cyberkanjousen/CLionProjects/ROS2_1/build/ros_gz_interfaces': CMAKE_PREFIX_PATH=${CMAKE_PREFIX_PATH}:/opt/ros/jazzy DEBUGINFOD_URLS=https://debuginfod.ubuntu.com /usr/bin/cmake /home/cyberkanjousen/CLionProjects/ROS2_1/src/ros_gz_interfaces -DCMAKE_EXPORT_COMPILE_COMMANDS=ON -G Ninja -DCMAKE_INSTALL_PREFIX=/home/cyberkanjousen/CLionProjects/ROS2_1/install/ros_gz_interfaces
[0.190s] DEBUG:colcon.colcon_core.event_handler.log_command:Invoking command in '/home/cyberkanjousen/CLionProjects/ROS2_1/build/service_114514': CMAKE_PREFIX_PATH=${CMAKE_PREFIX_PATH}:/opt/ros/jazzy DEBUGINFOD_URLS=https://debuginfod.ubuntu.com /usr/bin/cmake /home/cyberkanjousen/CLionProjects/ROS2_1/src/service_114514 -DCMAKE_EXPORT_COMPILE_COMMANDS=ON -G Ninja -DCMAKE_INSTALL_PREFIX=/home/cyberkanjousen/CLionProjects/ROS2_1/install/service_114514
[0.192s] DEBUG:colcon.colcon_core.event_handler.log_command:Invoking command in '/home/cyberkanjousen/CLionProjects/ROS2_1/build/cpp_pubsub': CMAKE_PREFIX_PATH=${CMAKE_PREFIX_PATH}:/opt/ros/jazzy DEBUGINFOD_URLS=https://debuginfod.ubuntu.com /usr/bin/cmake /home/cyberkanjousen/CLionProjects/ROS2_1/src/cpp_pubsub -DCMAKE_EXPORT_COMPILE_COMMANDS=ON -G Ninja -DCMAKE_INSTALL_PREFIX=/home/cyberkanjousen/CLionProjects/ROS2_1/install/cpp_pubsub
[0.193s] DEBUG:colcon.colcon_core.event_handler.log_command:Invoking command in '/home/cyberkanjousen/CLionProjects/ROS2_1/build/learning_tf2_cpp': CMAKE_PREFIX_PATH=${CMAKE_PREFIX_PATH}:/opt/ros/jazzy DEBUGINFOD_URLS=https://debuginfod.ubuntu.com /usr/bin/cmake /home/cyberkanjousen/CLionProjects/ROS2_1/src/learning_tf2_cpp -DCMAKE_EXPORT_COMPILE_COMMANDS=ON -G Ninja -DCMAKE_INSTALL_PREFIX=/home/cyberkanjousen/CLionProjects/ROS2_1/install/learning_tf2_cpp
[0.197s] DEBUG:colcon.colcon_core.event_handler.log_command:Invoking command in '/home/cyberkanjousen/CLionProjects/ROS2_1/build/sensor_robot': CMAKE_PREFIX_PATH=${CMAKE_PREFIX_PATH}:/opt/ros/jazzy DEBUGINFOD_URLS=https://debuginfod.ubuntu.com /usr/bin/cmake /home/cyberkanjousen/CLionProjects/ROS2_1/src/sensor_robot -DCMAKE_EXPORT_COMPILE_COMMANDS=ON -G Ninja -DCMAKE_INSTALL_PREFIX=/home/cyberkanjousen/CLionProjects/ROS2_1/install/sensor_robot
[0.983s] DEBUG:colcon.colcon_core.event_handler.log_command:Invoked command in '/home/cyberkanjousen/CLionProjects/ROS2_1/build/sensor_robot' returned '0': CMAKE_PREFIX_PATH=${CMAKE_PREFIX_PATH}:/opt/ros/jazzy DEBUGINFOD_URLS=https://debuginfod.ubuntu.com /usr/bin/cmake /home/cyberkanjousen/CLionProjects/ROS2_1/src/sensor_robot -DCMAKE_EXPORT_COMPILE_COMMANDS=ON -G Ninja -DCMAKE_INSTALL_PREFIX=/home/cyberkanjousen/CLionProjects/ROS2_1/install/sensor_robot
[0.983s] DEBUG:colcon.colcon_core.event_handler.log_command:Invoking command in '/home/cyberkanjousen/CLionProjects/ROS2_1/build/sensor_robot': CMAKE_PREFIX_PATH=${CMAKE_PREFIX_PATH}:/opt/ros/jazzy DEBUGINFOD_URLS=https://debuginfod.ubuntu.com /usr/bin/cmake --build /home/cyberkanjousen/CLionProjects/ROS2_1/build/sensor_robot -- -j32 -l32
[1.044s] DEBUG:colcon.colcon_core.event_handler.log_command:Invoked command in '/home/cyberkanjousen/CLionProjects/ROS2_1/build/cpp_pubsub' returned '0': CMAKE_PREFIX_PATH=${CMAKE_PREFIX_PATH}:/opt/ros/jazzy DEBUGINFOD_URLS=https://debuginfod.ubuntu.com /usr/bin/cmake /home/cyberkanjousen/CLionProjects/ROS2_1/src/cpp_pubsub -DCMAKE_EXPORT_COMPILE_COMMANDS=ON -G Ninja -DCMAKE_INSTALL_PREFIX=/home/cyberkanjousen/CLionProjects/ROS2_1/install/cpp_pubsub
[1.044s] DEBUG:colcon.colcon_core.event_handler.log_command:Invoking command in '/home/cyberkanjousen/CLionProjects/ROS2_1/build/cpp_pubsub': CMAKE_PREFIX_PATH=${CMAKE_PREFIX_PATH}:/opt/ros/jazzy DEBUGINFOD_URLS=https://debuginfod.ubuntu.com /usr/bin/cmake --build /home/cyberkanjousen/CLionProjects/ROS2_1/build/cpp_pubsub -- -j32 -l32
[1.172s] DEBUG:colcon.colcon_core.event_handler.log_command:Invoked command in '/home/cyberkanjousen/CLionProjects/ROS2_1/build/learning_tf2_cpp' returned '0': CMAKE_PREFIX_PATH=${CMAKE_PREFIX_PATH}:/opt/ros/jazzy DEBUGINFOD_URLS=https://debuginfod.ubuntu.com /usr/bin/cmake /home/cyberkanjousen/CLionProjects/ROS2_1/src/learning_tf2_cpp -DCMAKE_EXPORT_COMPILE_COMMANDS=ON -G Ninja -DCMAKE_INSTALL_PREFIX=/home/cyberkanjousen/CLionProjects/ROS2_1/install/learning_tf2_cpp
[1.173s] DEBUG:colcon.colcon_core.event_handler.log_command:Invoking command in '/home/cyberkanjousen/CLionProjects/ROS2_1/build/learning_tf2_cpp': CMAKE_PREFIX_PATH=${CMAKE_PREFIX_PATH}:/opt/ros/jazzy DEBUGINFOD_URLS=https://debuginfod.ubuntu.com /usr/bin/cmake --build /home/cyberkanjousen/CLionProjects/ROS2_1/build/learning_tf2_cpp -- -j32 -l32
[1.949s] DEBUG:colcon.colcon_core.event_handler.log_command:Invoked command in '/home/cyberkanjousen/CLionProjects/ROS2_1/build/sensor_robot' returned '0': CMAKE_PREFIX_PATH=${CMAKE_PREFIX_PATH}:/opt/ros/jazzy DEBUGINFOD_URLS=https://debuginfod.ubuntu.com /usr/bin/cmake --build /home/cyberkanjousen/CLionProjects/ROS2_1/build/sensor_robot -- -j32 -l32
[1.959s] DEBUG:colcon.colcon_core.event_handler.log_command:Invoking command in '/home/cyberkanjousen/CLionProjects/ROS2_1/build/sensor_robot': CMAKE_PREFIX_PATH=${CMAKE_PREFIX_PATH}:/opt/ros/jazzy DEBUGINFOD_URLS=https://debuginfod.ubuntu.com /usr/bin/cmake --install /home/cyberkanjousen/CLionProjects/ROS2_1/build/sensor_robot
[1.969s] Level 1:colcon.colcon_core.environment:create_environment_scripts_only(sensor_robot)
[1.969s] DEBUG:colcon.colcon_core.event_handler.log_command:Invoked command in '/home/cyberkanjousen/CLionProjects/ROS2_1/build/sensor_robot' returned '0': CMAKE_PREFIX_PATH=${CMAKE_PREFIX_PATH}:/opt/ros/jazzy DEBUGINFOD_URLS=https://debuginfod.ubuntu.com /usr/bin/cmake --install /home/cyberkanjousen/CLionProjects/ROS2_1/build/sensor_robot
[1.972s] Level 1:colcon.colcon_core.environment:checking '/home/cyberkanjousen/CLionProjects/ROS2_1/install/sensor_robot' for CMake module files
[1.972s] Level 1:colcon.colcon_core.environment:checking '/home/cyberkanjousen/CLionProjects/ROS2_1/install/sensor_robot' for CMake config files
[1.973s] Level 1:colcon.colcon_core.shell:create_environment_hook('sensor_robot', 'cmake_prefix_path')
[1.973s] INFO:colcon.colcon_core.shell:Creating environment hook '/home/cyberkanjousen/CLionProjects/ROS2_1/install/sensor_robot/share/sensor_robot/hook/cmake_prefix_path.ps1'
[1.974s] INFO:colcon.colcon_core.shell:Creating environment descriptor '/home/cyberkanjousen/CLionProjects/ROS2_1/install/sensor_robot/share/sensor_robot/hook/cmake_prefix_path.dsv'
[1.974s] INFO:colcon.colcon_core.shell:Creating environment hook '/home/cyberkanjousen/CLionProjects/ROS2_1/install/sensor_robot/share/sensor_robot/hook/cmake_prefix_path.sh'
[1.975s] Level 1:colcon.colcon_core.environment:checking '/home/cyberkanjousen/CLionProjects/ROS2_1/install/sensor_robot/bin'
[1.975s] Level 1:colcon.colcon_core.environment:checking '/home/cyberkanjousen/CLionProjects/ROS2_1/install/sensor_robot/lib/pkgconfig/sensor_robot.pc'
[1.975s] Level 1:colcon.colcon_core.environment:checking '/home/cyberkanjousen/CLionProjects/ROS2_1/install/sensor_robot/lib/python3.12/site-packages'
[1.976s] Level 1:colcon.colcon_core.environment:checking '/home/cyberkanjousen/CLionProjects/ROS2_1/install/sensor_robot/bin'
[1.976s] INFO:colcon.colcon_core.shell:Creating package script '/home/cyberkanjousen/CLionProjects/ROS2_1/install/sensor_robot/share/sensor_robot/package.ps1'
[1.977s] INFO:colcon.colcon_core.shell:Creating package descriptor '/home/cyberkanjousen/CLionProjects/ROS2_1/install/sensor_robot/share/sensor_robot/package.dsv'
[1.977s] INFO:colcon.colcon_core.shell:Creating package script '/home/cyberkanjousen/CLionProjects/ROS2_1/install/sensor_robot/share/sensor_robot/package.sh'
[1.978s] INFO:colcon.colcon_core.shell:Creating package script '/home/cyberkanjousen/CLionProjects/ROS2_1/install/sensor_robot/share/sensor_robot/package.bash'
[1.978s] INFO:colcon.colcon_core.shell:Creating package script '/home/cyberkanjousen/CLionProjects/ROS2_1/install/sensor_robot/share/sensor_robot/package.zsh'
[1.979s] Level 1:colcon.colcon_core.environment:create_file_with_runtime_dependencies(/home/cyberkanjousen/CLionProjects/ROS2_1/install/sensor_robot/share/colcon-core/packages/sensor_robot)
[1.979s] Level 1:colcon.colcon_core.environment:create_environment_scripts_only(sensor_robot)
[1.979s] Level 1:colcon.colcon_core.environment:checking '/home/cyberkanjousen/CLionProjects/ROS2_1/install/sensor_robot' for CMake module files
[1.979s] Level 1:colcon.colcon_core.environment:checking '/home/cyberkanjousen/CLionProjects/ROS2_1/install/sensor_robot' for CMake config files
[1.979s] Level 1:colcon.colcon_core.shell:create_environment_hook('sensor_robot', 'cmake_prefix_path')
[1.979s] INFO:colcon.colcon_core.shell:Creating environment hook '/home/cyberkanjousen/CLionProjects/ROS2_1/install/sensor_robot/share/sensor_robot/hook/cmake_prefix_path.ps1'
[1.980s] INFO:colcon.colcon_core.shell:Creating environment descriptor '/home/cyberkanjousen/CLionProjects/ROS2_1/install/sensor_robot/share/sensor_robot/hook/cmake_prefix_path.dsv'
[1.980s] INFO:colcon.colcon_core.shell:Creating environment hook '/home/cyberkanjousen/CLionProjects/ROS2_1/install/sensor_robot/share/sensor_robot/hook/cmake_prefix_path.sh'
[1.980s] Level 1:colcon.colcon_core.environment:checking '/home/cyberkanjousen/CLionProjects/ROS2_1/install/sensor_robot/bin'
[1.980s] Level 1:colcon.colcon_core.environment:checking '/home/cyberkanjousen/CLionProjects/ROS2_1/install/sensor_robot/lib/pkgconfig/sensor_robot.pc'
[1.980s] Level 1:colcon.colcon_core.environment:checking '/home/cyberkanjousen/CLionProjects/ROS2_1/install/sensor_robot/lib/python3.12/site-packages'
[1.981s] Level 1:colcon.colcon_core.environment:checking '/home/cyberkanjousen/CLionProjects/ROS2_1/install/sensor_robot/bin'
[1.981s] INFO:colcon.colcon_core.shell:Creating package script '/home/cyberkanjousen/CLionProjects/ROS2_1/install/sensor_robot/share/sensor_robot/package.ps1'
[1.981s] INFO:colcon.colcon_core.shell:Creating package descriptor '/home/cyberkanjousen/CLionProjects/ROS2_1/install/sensor_robot/share/sensor_robot/package.dsv'
[1.981s] INFO:colcon.colcon_core.shell:Creating package script '/home/cyberkanjousen/CLionProjects/ROS2_1/install/sensor_robot/share/sensor_robot/package.sh'
[1.982s] INFO:colcon.colcon_core.shell:Creating package script '/home/cyberkanjousen/CLionProjects/ROS2_1/install/sensor_robot/share/sensor_robot/package.bash'
[1.982s] INFO:colcon.colcon_core.shell:Creating package script '/home/cyberkanjousen/CLionProjects/ROS2_1/install/sensor_robot/share/sensor_robot/package.zsh'
[1.982s] Level 1:colcon.colcon_core.environment:create_file_with_runtime_dependencies(/home/cyberkanjousen/CLionProjects/ROS2_1/install/sensor_robot/share/colcon-core/packages/sensor_robot)
[2.793s] DEBUG:colcon.colcon_core.event_handler.log_command:Invoked command in '/home/cyberkanjousen/CLionProjects/ROS2_1/build/service_114514' returned '0': CMAKE_PREFIX_PATH=${CMAKE_PREFIX_PATH}:/opt/ros/jazzy DEBUGINFOD_URLS=https://debuginfod.ubuntu.com /usr/bin/cmake /home/cyberkanjousen/CLionProjects/ROS2_1/src/service_114514 -DCMAKE_EXPORT_COMPILE_COMMANDS=ON -G Ninja -DCMAKE_INSTALL_PREFIX=/home/cyberkanjousen/CLionProjects/ROS2_1/install/service_114514
[2.794s] DEBUG:colcon.colcon_core.event_handler.log_command:Invoking command in '/home/cyberkanjousen/CLionProjects/ROS2_1/build/service_114514': CMAKE_PREFIX_PATH=${CMAKE_PREFIX_PATH}:/opt/ros/jazzy DEBUGINFOD_URLS=https://debuginfod.ubuntu.com /usr/bin/cmake --build /home/cyberkanjousen/CLionProjects/ROS2_1/build/service_114514 -- -j32 -l32
[3.214s] DEBUG:colcon.colcon_core.event_handler.log_command:Invoked command in '/home/cyberkanjousen/CLionProjects/ROS2_1/build/ros_gz_interfaces' returned '0': CMAKE_PREFIX_PATH=${CMAKE_PREFIX_PATH}:/opt/ros/jazzy DEBUGINFOD_URLS=https://debuginfod.ubuntu.com /usr/bin/cmake /home/cyberkanjousen/CLionProjects/ROS2_1/src/ros_gz_interfaces -DCMAKE_EXPORT_COMPILE_COMMANDS=ON -G Ninja -DCMAKE_INSTALL_PREFIX=/home/cyberkanjousen/CLionProjects/ROS2_1/install/ros_gz_interfaces
[3.215s] DEBUG:colcon.colcon_core.event_handler.log_command:Invoking command in '/home/cyberkanjousen/CLionProjects/ROS2_1/build/ros_gz_interfaces': CMAKE_PREFIX_PATH=${CMAKE_PREFIX_PATH}:/opt/ros/jazzy DEBUGINFOD_URLS=https://debuginfod.ubuntu.com /usr/bin/cmake --build /home/cyberkanjousen/CLionProjects/ROS2_1/build/ros_gz_interfaces -- -j32 -l32
[3.923s] DEBUG:colcon.colcon_core.event_handler.log_command:Invoked command in '/home/cyberkanjousen/CLionProjects/ROS2_1/build/learning_tf2_cpp' returned '0': CMAKE_PREFIX_PATH=${CMAKE_PREFIX_PATH}:/opt/ros/jazzy DEBUGINFOD_URLS=https://debuginfod.ubuntu.com /usr/bin/cmake --build /home/cyberkanjousen/CLionProjects/ROS2_1/build/learning_tf2_cpp -- -j32 -l32
[3.924s] DEBUG:colcon.colcon_core.event_handler.log_command:Invoking command in '/home/cyberkanjousen/CLionProjects/ROS2_1/build/learning_tf2_cpp': CMAKE_PREFIX_PATH=${CMAKE_PREFIX_PATH}:/opt/ros/jazzy DEBUGINFOD_URLS=https://debuginfod.ubuntu.com /usr/bin/cmake --install /home/cyberkanjousen/CLionProjects/ROS2_1/build/learning_tf2_cpp
[3.934s] Level 1:colcon.colcon_core.environment:create_environment_scripts_only(learning_tf2_cpp)
[3.935s] Level 1:colcon.colcon_core.environment:checking '/home/cyberkanjousen/CLionProjects/ROS2_1/install/learning_tf2_cpp' for CMake module files
[3.935s] DEBUG:colcon.colcon_core.event_handler.log_command:Invoked command in '/home/cyberkanjousen/CLionProjects/ROS2_1/build/learning_tf2_cpp' returned '0': CMAKE_PREFIX_PATH=${CMAKE_PREFIX_PATH}:/opt/ros/jazzy DEBUGINFOD_URLS=https://debuginfod.ubuntu.com /usr/bin/cmake --install /home/cyberkanjousen/CLionProjects/ROS2_1/build/learning_tf2_cpp
[3.935s] Level 1:colcon.colcon_core.environment:checking '/home/cyberkanjousen/CLionProjects/ROS2_1/install/learning_tf2_cpp' for CMake config files
[3.936s] Level 1:colcon.colcon_core.shell:create_environment_hook('learning_tf2_cpp', 'cmake_prefix_path')
[3.936s] INFO:colcon.colcon_core.shell:Creating environment hook '/home/cyberkanjousen/CLionProjects/ROS2_1/install/learning_tf2_cpp/share/learning_tf2_cpp/hook/cmake_prefix_path.ps1'
[3.936s] INFO:colcon.colcon_core.shell:Creating environment descriptor '/home/cyberkanjousen/CLionProjects/ROS2_1/install/learning_tf2_cpp/share/learning_tf2_cpp/hook/cmake_prefix_path.dsv'
[3.937s] INFO:colcon.colcon_core.shell:Creating environment hook '/home/cyberkanjousen/CLionProjects/ROS2_1/install/learning_tf2_cpp/share/learning_tf2_cpp/hook/cmake_prefix_path.sh'
[3.937s] Level 1:colcon.colcon_core.environment:checking '/home/cyberkanjousen/CLionProjects/ROS2_1/install/learning_tf2_cpp/lib'
[3.937s] Level 1:colcon.colcon_core.environment:checking '/home/cyberkanjousen/CLionProjects/ROS2_1/install/learning_tf2_cpp/bin'
[3.937s] Level 1:colcon.colcon_core.environment:checking '/home/cyberkanjousen/CLionProjects/ROS2_1/install/learning_tf2_cpp/lib/pkgconfig/learning_tf2_cpp.pc'
[3.938s] Level 1:colcon.colcon_core.environment:checking '/home/cyberkanjousen/CLionProjects/ROS2_1/install/learning_tf2_cpp/lib/python3.12/site-packages'
[3.938s] Level 1:colcon.colcon_core.environment:checking '/home/cyberkanjousen/CLionProjects/ROS2_1/install/learning_tf2_cpp/bin'
[3.938s] INFO:colcon.colcon_core.shell:Creating package script '/home/cyberkanjousen/CLionProjects/ROS2_1/install/learning_tf2_cpp/share/learning_tf2_cpp/package.ps1'
[3.939s] INFO:colcon.colcon_core.shell:Creating package descriptor '/home/cyberkanjousen/CLionProjects/ROS2_1/install/learning_tf2_cpp/share/learning_tf2_cpp/package.dsv'
[3.939s] INFO:colcon.colcon_core.shell:Creating package script '/home/cyberkanjousen/CLionProjects/ROS2_1/install/learning_tf2_cpp/share/learning_tf2_cpp/package.sh'
[3.939s] INFO:colcon.colcon_core.shell:Creating package script '/home/cyberkanjousen/CLionProjects/ROS2_1/install/learning_tf2_cpp/share/learning_tf2_cpp/package.bash'
[3.940s] INFO:colcon.colcon_core.shell:Creating package script '/home/cyberkanjousen/CLionProjects/ROS2_1/install/learning_tf2_cpp/share/learning_tf2_cpp/package.zsh'
[3.940s] Level 1:colcon.colcon_core.environment:create_file_with_runtime_dependencies(/home/cyberkanjousen/CLionProjects/ROS2_1/install/learning_tf2_cpp/share/colcon-core/packages/learning_tf2_cpp)
[3.940s] Level 1:colcon.colcon_core.environment:create_environment_scripts_only(learning_tf2_cpp)
[3.941s] Level 1:colcon.colcon_core.environment:checking '/home/cyberkanjousen/CLionProjects/ROS2_1/install/learning_tf2_cpp' for CMake module files
[3.941s] Level 1:colcon.colcon_core.environment:checking '/home/cyberkanjousen/CLionProjects/ROS2_1/install/learning_tf2_cpp' for CMake config files
[3.941s] Level 1:colcon.colcon_core.shell:create_environment_hook('learning_tf2_cpp', 'cmake_prefix_path')
[3.941s] INFO:colcon.colcon_core.shell:Creating environment hook '/home/cyberkanjousen/CLionProjects/ROS2_1/install/learning_tf2_cpp/share/learning_tf2_cpp/hook/cmake_prefix_path.ps1'
[3.942s] INFO:colcon.colcon_core.shell:Creating environment descriptor '/home/cyberkanjousen/CLionProjects/ROS2_1/install/learning_tf2_cpp/share/learning_tf2_cpp/hook/cmake_prefix_path.dsv'
[3.942s] INFO:colcon.colcon_core.shell:Creating environment hook '/home/cyberkanjousen/CLionProjects/ROS2_1/install/learning_tf2_cpp/share/learning_tf2_cpp/hook/cmake_prefix_path.sh'
[3.943s] Level 1:colcon.colcon_core.environment:checking '/home/cyberkanjousen/CLionProjects/ROS2_1/install/learning_tf2_cpp/lib'
[3.943s] Level 1:colcon.colcon_core.environment:checking '/home/cyberkanjousen/CLionProjects/ROS2_1/install/learning_tf2_cpp/bin'
[3.943s] Level 1:colcon.colcon_core.environment:checking '/home/cyberkanjousen/CLionProjects/ROS2_1/install/learning_tf2_cpp/lib/pkgconfig/learning_tf2_cpp.pc'
[3.943s] Level 1:colcon.colcon_core.environment:checking '/home/cyberkanjousen/CLionProjects/ROS2_1/install/learning_tf2_cpp/lib/python3.12/site-packages'
[3.943s] Level 1:colcon.colcon_core.environment:checking '/home/cyberkanjousen/CLionProjects/ROS2_1/install/learning_tf2_cpp/bin'
[3.944s] INFO:colcon.colcon_core.shell:Creating package script '/home/cyberkanjousen/CLionProjects/ROS2_1/install/learning_tf2_cpp/share/learning_tf2_cpp/package.ps1'
[3.944s] INFO:colcon.colcon_core.shell:Creating package descriptor '/home/cyberkanjousen/CLionProjects/ROS2_1/install/learning_tf2_cpp/share/learning_tf2_cpp/package.dsv'
[3.944s] INFO:colcon.colcon_core.shell:Creating package script '/home/cyberkanjousen/CLionProjects/ROS2_1/install/learning_tf2_cpp/share/learning_tf2_cpp/package.sh'
[3.945s] INFO:colcon.colcon_core.shell:Creating package script '/home/cyberkanjousen/CLionProjects/ROS2_1/install/learning_tf2_cpp/share/learning_tf2_cpp/package.bash'
[3.945s] INFO:colcon.colcon_core.shell:Creating package script '/home/cyberkanjousen/CLionProjects/ROS2_1/install/learning_tf2_cpp/share/learning_tf2_cpp/package.zsh'
[3.946s] Level 1:colcon.colcon_core.environment:create_file_with_runtime_dependencies(/home/cyberkanjousen/CLionProjects/ROS2_1/install/learning_tf2_cpp/share/colcon-core/packages/learning_tf2_cpp)
[4.138s] DEBUG:colcon.colcon_core.event_handler.log_command:Invoked command in '/home/cyberkanjousen/CLionProjects/ROS2_1/build/service_114514' returned '0': CMAKE_PREFIX_PATH=${CMAKE_PREFIX_PATH}:/opt/ros/jazzy DEBUGINFOD_URLS=https://debuginfod.ubuntu.com /usr/bin/cmake --build /home/cyberkanjousen/CLionProjects/ROS2_1/build/service_114514 -- -j32 -l32
[4.139s] DEBUG:colcon.colcon_core.event_handler.log_command:Invoking command in '/home/cyberkanjousen/CLionProjects/ROS2_1/build/service_114514': CMAKE_PREFIX_PATH=${CMAKE_PREFIX_PATH}:/opt/ros/jazzy DEBUGINFOD_URLS=https://debuginfod.ubuntu.com /usr/bin/cmake --install /home/cyberkanjousen/CLionProjects/ROS2_1/build/service_114514
[4.190s] Level 1:colcon.colcon_core.environment:create_environment_scripts_only(service_114514)
[4.190s] DEBUG:colcon.colcon_core.event_handler.log_command:Invoked command in '/home/cyberkanjousen/CLionProjects/ROS2_1/build/service_114514' returned '0': CMAKE_PREFIX_PATH=${CMAKE_PREFIX_PATH}:/opt/ros/jazzy DEBUGINFOD_URLS=https://debuginfod.ubuntu.com /usr/bin/cmake --install /home/cyberkanjousen/CLionProjects/ROS2_1/build/service_114514
[4.190s] Level 1:colcon.colcon_core.environment:checking '/home/cyberkanjousen/CLionProjects/ROS2_1/install/service_114514' for CMake module files
[4.191s] Level 1:colcon.colcon_core.environment:checking '/home/cyberkanjousen/CLionProjects/ROS2_1/install/service_114514' for CMake config files
[4.191s] Level 1:colcon.colcon_core.shell:create_environment_hook('service_114514', 'cmake_prefix_path')
[4.191s] INFO:colcon.colcon_core.shell:Creating environment hook '/home/cyberkanjousen/CLionProjects/ROS2_1/install/service_114514/share/service_114514/hook/cmake_prefix_path.ps1'
[4.191s] INFO:colcon.colcon_core.shell:Creating environment descriptor '/home/cyberkanjousen/CLionProjects/ROS2_1/install/service_114514/share/service_114514/hook/cmake_prefix_path.dsv'
[4.191s] INFO:colcon.colcon_core.shell:Creating environment hook '/home/cyberkanjousen/CLionProjects/ROS2_1/install/service_114514/share/service_114514/hook/cmake_prefix_path.sh'
[4.192s] Level 1:colcon.colcon_core.environment:checking '/home/cyberkanjousen/CLionProjects/ROS2_1/install/service_114514/lib'
[4.192s] Level 1:colcon.colcon_core.shell:create_environment_hook('service_114514', 'ld_library_path_lib')
[4.192s] INFO:colcon.colcon_core.shell:Creating environment hook '/home/cyberkanjousen/CLionProjects/ROS2_1/install/service_114514/share/service_114514/hook/ld_library_path_lib.ps1'
[4.192s] INFO:colcon.colcon_core.shell:Creating environment descriptor '/home/cyberkanjousen/CLionProjects/ROS2_1/install/service_114514/share/service_114514/hook/ld_library_path_lib.dsv'
[4.192s] INFO:colcon.colcon_core.shell:Creating environment hook '/home/cyberkanjousen/CLionProjects/ROS2_1/install/service_114514/share/service_114514/hook/ld_library_path_lib.sh'
[4.192s] Level 1:colcon.colcon_core.environment:checking '/home/cyberkanjousen/CLionProjects/ROS2_1/install/service_114514/bin'
[4.192s] Level 1:colcon.colcon_core.environment:checking '/home/cyberkanjousen/CLionProjects/ROS2_1/install/service_114514/lib/pkgconfig/service_114514.pc'
[4.193s] Level 1:colcon.colcon_core.environment:checking '/home/cyberkanjousen/CLionProjects/ROS2_1/install/service_114514/lib/python3.12/site-packages'
[4.193s] Level 1:colcon.colcon_core.shell:create_environment_hook('service_114514', 'pythonpath')
[4.193s] INFO:colcon.colcon_core.shell:Creating environment hook '/home/cyberkanjousen/CLionProjects/ROS2_1/install/service_114514/share/service_114514/hook/pythonpath.ps1'
[4.193s] INFO:colcon.colcon_core.shell:Creating environment descriptor '/home/cyberkanjousen/CLionProjects/ROS2_1/install/service_114514/share/service_114514/hook/pythonpath.dsv'
[4.193s] INFO:colcon.colcon_core.shell:Creating environment hook '/home/cyberkanjousen/CLionProjects/ROS2_1/install/service_114514/share/service_114514/hook/pythonpath.sh'
[4.194s] Level 1:colcon.colcon_core.environment:checking '/home/cyberkanjousen/CLionProjects/ROS2_1/install/service_114514/bin'
[4.194s] INFO:colcon.colcon_core.shell:Creating package script '/home/cyberkanjousen/CLionProjects/ROS2_1/install/service_114514/share/service_114514/package.ps1'
[4.194s] INFO:colcon.colcon_core.shell:Creating package descriptor '/home/cyberkanjousen/CLionProjects/ROS2_1/install/service_114514/share/service_114514/package.dsv'
[4.194s] INFO:colcon.colcon_core.shell:Creating package script '/home/cyberkanjousen/CLionProjects/ROS2_1/install/service_114514/share/service_114514/package.sh'
[4.195s] INFO:colcon.colcon_core.shell:Creating package script '/home/cyberkanjousen/CLionProjects/ROS2_1/install/service_114514/share/service_114514/package.bash'
[4.195s] INFO:colcon.colcon_core.shell:Creating package script '/home/cyberkanjousen/CLionProjects/ROS2_1/install/service_114514/share/service_114514/package.zsh'
[4.195s] Level 1:colcon.colcon_core.environment:create_file_with_runtime_dependencies(/home/cyberkanjousen/CLionProjects/ROS2_1/install/service_114514/share/colcon-core/packages/service_114514)
[4.195s] Level 1:colcon.colcon_core.environment:create_environment_scripts_only(service_114514)
[4.195s] Level 1:colcon.colcon_core.environment:checking '/home/cyberkanjousen/CLionProjects/ROS2_1/install/service_114514' for CMake module files
[4.196s] Level 1:colcon.colcon_core.environment:checking '/home/cyberkanjousen/CLionProjects/ROS2_1/install/service_114514' for CMake config files
[4.196s] Level 1:colcon.colcon_core.shell:create_environment_hook('service_114514', 'cmake_prefix_path')
[4.196s] INFO:colcon.colcon_core.shell:Creating environment hook '/home/cyberkanjousen/CLionProjects/ROS2_1/install/service_114514/share/service_114514/hook/cmake_prefix_path.ps1'
[4.196s] INFO:colcon.colcon_core.shell:Creating environment descriptor '/home/cyberkanjousen/CLionProjects/ROS2_1/install/service_114514/share/service_114514/hook/cmake_prefix_path.dsv'
[4.196s] INFO:colcon.colcon_core.shell:Creating environment hook '/home/cyberkanjousen/CLionProjects/ROS2_1/install/service_114514/share/service_114514/hook/cmake_prefix_path.sh'
[4.197s] Level 1:colcon.colcon_core.environment:checking '/home/cyberkanjousen/CLionProjects/ROS2_1/install/service_114514/lib'
[4.197s] Level 1:colcon.colcon_core.shell:create_environment_hook('service_114514', 'ld_library_path_lib')
[4.197s] INFO:colcon.colcon_core.shell:Creating environment hook '/home/cyberkanjousen/CLionProjects/ROS2_1/install/service_114514/share/service_114514/hook/ld_library_path_lib.ps1'
[4.197s] INFO:colcon.colcon_core.shell:Creating environment descriptor '/home/cyberkanjousen/CLionProjects/ROS2_1/install/service_114514/share/service_114514/hook/ld_library_path_lib.dsv'
[4.197s] INFO:colcon.colcon_core.shell:Creating environment hook '/home/cyberkanjousen/CLionProjects/ROS2_1/install/service_114514/share/service_114514/hook/ld_library_path_lib.sh'
[4.197s] Level 1:colcon.colcon_core.environment:checking '/home/cyberkanjousen/CLionProjects/ROS2_1/install/service_114514/bin'
[4.197s] Level 1:colcon.colcon_core.environment:checking '/home/cyberkanjousen/CLionProjects/ROS2_1/install/service_114514/lib/pkgconfig/service_114514.pc'
[4.198s] Level 1:colcon.colcon_core.environment:checking '/home/cyberkanjousen/CLionProjects/ROS2_1/install/service_114514/lib/python3.12/site-packages'
[4.198s] Level 1:colcon.colcon_core.shell:create_environment_hook('service_114514', 'pythonpath')
[4.198s] INFO:colcon.colcon_core.shell:Creating environment hook '/home/cyberkanjousen/CLionProjects/ROS2_1/install/service_114514/share/service_114514/hook/pythonpath.ps1'
[4.198s] INFO:colcon.colcon_core.shell:Creating environment descriptor '/home/cyberkanjousen/CLionProjects/ROS2_1/install/service_114514/share/service_114514/hook/pythonpath.dsv'
[4.198s] INFO:colcon.colcon_core.shell:Creating environment hook '/home/cyberkanjousen/CLionProjects/ROS2_1/install/service_114514/share/service_114514/hook/pythonpath.sh'
[4.199s] Level 1:colcon.colcon_core.environment:checking '/home/cyberkanjousen/CLionProjects/ROS2_1/install/service_114514/bin'
[4.199s] INFO:colcon.colcon_core.shell:Creating package script '/home/cyberkanjousen/CLionProjects/ROS2_1/install/service_114514/share/service_114514/package.ps1'
[4.199s] INFO:colcon.colcon_core.shell:Creating package descriptor '/home/cyberkanjousen/CLionProjects/ROS2_1/install/service_114514/share/service_114514/package.dsv'
[4.199s] INFO:colcon.colcon_core.shell:Creating package script '/home/cyberkanjousen/CLionProjects/ROS2_1/install/service_114514/share/service_114514/package.sh'
[4.200s] INFO:colcon.colcon_core.shell:Creating package script '/home/cyberkanjousen/CLionProjects/ROS2_1/install/service_114514/share/service_114514/package.bash'
[4.200s] INFO:colcon.colcon_core.shell:Creating package script '/home/cyberkanjousen/CLionProjects/ROS2_1/install/service_114514/share/service_114514/package.zsh'
[4.200s] Level 1:colcon.colcon_core.environment:create_file_with_runtime_dependencies(/home/cyberkanjousen/CLionProjects/ROS2_1/install/service_114514/share/colcon-core/packages/service_114514)
[4.201s] INFO:colcon.colcon_ros.task.ament_cmake.build:Building ROS package in '/home/cyberkanjousen/CLionProjects/ROS2_1/src/cpp_srvcli' with build type 'ament_cmake'
[4.201s] INFO:colcon.colcon_cmake.task.cmake.build:Building CMake package in '/home/cyberkanjousen/CLionProjects/ROS2_1/src/cpp_srvcli'
[4.201s] INFO:colcon.colcon_core.shell:Skip shell extension 'powershell' for command environment: Not usable outside of PowerShell
[4.201s] DEBUG:colcon.colcon_core.shell:Skip shell extension 'dsv' for command environment
[4.210s] DEBUG:colcon.colcon_core.event_handler.log_command:Invoking command in '/home/cyberkanjousen/CLionProjects/ROS2_1/build/cpp_srvcli': CMAKE_PREFIX_PATH=/home/cyberkanjousen/CLionProjects/ROS2_1/install/service_114514:/home/cyberkanjousen/CLionProjects/ROS2_1/install/cpp_srvcli:/home/cyberkanjousen/CLionProjects/ROS2_1/install/sensor_robot:/home/cyberkanjousen/CLionProjects/ROS2_1/install/learning_tf2_cpp:/home/cyberkanjousen/CLionProjects/ROS2_1/install/cpp_pubsub:/opt/ros/jazzy/opt/gz_math_vendor:/opt/ros/jazzy/opt/gz_utils_vendor:/opt/ros/jazzy/opt/gz_cmake_vendor:/opt/ros/jazzy DEBUGINFOD_URLS=https://debuginfod.ubuntu.com /usr/bin/cmake /home/cyberkanjousen/CLionProjects/ROS2_1/src/cpp_srvcli -DCMAKE_EXPORT_COMPILE_COMMANDS=ON -G Ninja -DCMAKE_INSTALL_PREFIX=/home/cyberkanjousen/CLionProjects/ROS2_1/install/cpp_srvcli
[5.070s] DEBUG:colcon.colcon_core.event_handler.log_command:Invoked command in '/home/cyberkanjousen/CLionProjects/ROS2_1/build/cpp_srvcli' returned '0': CMAKE_PREFIX_PATH=/home/cyberkanjousen/CLionProjects/ROS2_1/install/service_114514:/home/cyberkanjousen/CLionProjects/ROS2_1/install/cpp_srvcli:/home/cyberkanjousen/CLionProjects/ROS2_1/install/sensor_robot:/home/cyberkanjousen/CLionProjects/ROS2_1/install/learning_tf2_cpp:/home/cyberkanjousen/CLionProjects/ROS2_1/install/cpp_pubsub:/opt/ros/jazzy/opt/gz_math_vendor:/opt/ros/jazzy/opt/gz_utils_vendor:/opt/ros/jazzy/opt/gz_cmake_vendor:/opt/ros/jazzy DEBUGINFOD_URLS=https://debuginfod.ubuntu.com /usr/bin/cmake /home/cyberkanjousen/CLionProjects/ROS2_1/src/cpp_srvcli -DCMAKE_EXPORT_COMPILE_COMMANDS=ON -G Ninja -DCMAKE_INSTALL_PREFIX=/home/cyberkanjousen/CLionProjects/ROS2_1/install/cpp_srvcli
[5.070s] DEBUG:colcon.colcon_core.event_handler.log_command:Invoking command in '/home/cyberkanjousen/CLionProjects/ROS2_1/build/cpp_srvcli': CMAKE_PREFIX_PATH=/home/cyberkanjousen/CLionProjects/ROS2_1/install/service_114514:/home/cyberkanjousen/CLionProjects/ROS2_1/install/cpp_srvcli:/home/cyberkanjousen/CLionProjects/ROS2_1/install/sensor_robot:/home/cyberkanjousen/CLionProjects/ROS2_1/install/learning_tf2_cpp:/home/cyberkanjousen/CLionProjects/ROS2_1/install/cpp_pubsub:/opt/ros/jazzy/opt/gz_math_vendor:/opt/ros/jazzy/opt/gz_utils_vendor:/opt/ros/jazzy/opt/gz_cmake_vendor:/opt/ros/jazzy DEBUGINFOD_URLS=https://debuginfod.ubuntu.com /usr/bin/cmake --build /home/cyberkanjousen/CLionProjects/ROS2_1/build/cpp_srvcli -- -j32 -l32
[6.019s] DEBUG:colcon.colcon_core.event_handler.log_command:Invoked command in '/home/cyberkanjousen/CLionProjects/ROS2_1/build/cpp_pubsub' returned '0': CMAKE_PREFIX_PATH=${CMAKE_PREFIX_PATH}:/opt/ros/jazzy DEBUGINFOD_URLS=https://debuginfod.ubuntu.com /usr/bin/cmake --build /home/cyberkanjousen/CLionProjects/ROS2_1/build/cpp_pubsub -- -j32 -l32
[6.020s] DEBUG:colcon.colcon_core.event_handler.log_command:Invoking command in '/home/cyberkanjousen/CLionProjects/ROS2_1/build/cpp_pubsub': CMAKE_PREFIX_PATH=${CMAKE_PREFIX_PATH}:/opt/ros/jazzy DEBUGINFOD_URLS=https://debuginfod.ubuntu.com /usr/bin/cmake --install /home/cyberkanjousen/CLionProjects/ROS2_1/build/cpp_pubsub
[6.036s] Level 1:colcon.colcon_core.environment:create_environment_scripts_only(cpp_pubsub)
[6.036s] Level 1:colcon.colcon_core.environment:checking '/home/cyberkanjousen/CLionProjects/ROS2_1/install/cpp_pubsub' for CMake module files
[6.037s] DEBUG:colcon.colcon_core.event_handler.log_command:Invoked command in '/home/cyberkanjousen/CLionProjects/ROS2_1/build/cpp_pubsub' returned '0': CMAKE_PREFIX_PATH=${CMAKE_PREFIX_PATH}:/opt/ros/jazzy DEBUGINFOD_URLS=https://debuginfod.ubuntu.com /usr/bin/cmake --install /home/cyberkanjousen/CLionProjects/ROS2_1/build/cpp_pubsub
[6.037s] Level 1:colcon.colcon_core.environment:checking '/home/cyberkanjousen/CLionProjects/ROS2_1/install/cpp_pubsub' for CMake config files
[6.038s] Level 1:colcon.colcon_core.shell:create_environment_hook('cpp_pubsub', 'cmake_prefix_path')
[6.038s] INFO:colcon.colcon_core.shell:Creating environment hook '/home/cyberkanjousen/CLionProjects/ROS2_1/install/cpp_pubsub/share/cpp_pubsub/hook/cmake_prefix_path.ps1'
[6.038s] INFO:colcon.colcon_core.shell:Creating environment descriptor '/home/cyberkanjousen/CLionProjects/ROS2_1/install/cpp_pubsub/share/cpp_pubsub/hook/cmake_prefix_path.dsv'
[6.039s] INFO:colcon.colcon_core.shell:Creating environment hook '/home/cyberkanjousen/CLionProjects/ROS2_1/install/cpp_pubsub/share/cpp_pubsub/hook/cmake_prefix_path.sh'
[6.039s] Level 1:colcon.colcon_core.environment:checking '/home/cyberkanjousen/CLionProjects/ROS2_1/install/cpp_pubsub/lib'
[6.039s] Level 1:colcon.colcon_core.environment:checking '/home/cyberkanjousen/CLionProjects/ROS2_1/install/cpp_pubsub/bin'
[6.039s] Level 1:colcon.colcon_core.environment:checking '/home/cyberkanjousen/CLionProjects/ROS2_1/install/cpp_pubsub/lib/pkgconfig/cpp_pubsub.pc'
[6.039s] Level 1:colcon.colcon_core.environment:checking '/home/cyberkanjousen/CLionProjects/ROS2_1/install/cpp_pubsub/lib/python3.12/site-packages'
[6.040s] Level 1:colcon.colcon_core.environment:checking '/home/cyberkanjousen/CLionProjects/ROS2_1/install/cpp_pubsub/bin'
[6.040s] INFO:colcon.colcon_core.shell:Creating package script '/home/cyberkanjousen/CLionProjects/ROS2_1/install/cpp_pubsub/share/cpp_pubsub/package.ps1'
[6.040s] INFO:colcon.colcon_core.shell:Creating package descriptor '/home/cyberkanjousen/CLionProjects/ROS2_1/install/cpp_pubsub/share/cpp_pubsub/package.dsv'
[6.041s] INFO:colcon.colcon_core.shell:Creating package script '/home/cyberkanjousen/CLionProjects/ROS2_1/install/cpp_pubsub/share/cpp_pubsub/package.sh'
[6.041s] INFO:colcon.colcon_core.shell:Creating package script '/home/cyberkanjousen/CLionProjects/ROS2_1/install/cpp_pubsub/share/cpp_pubsub/package.bash'
[6.041s] INFO:colcon.colcon_core.shell:Creating package script '/home/cyberkanjousen/CLionProjects/ROS2_1/install/cpp_pubsub/share/cpp_pubsub/package.zsh'
[6.042s] Level 1:colcon.colcon_core.environment:create_file_with_runtime_dependencies(/home/cyberkanjousen/CLionProjects/ROS2_1/install/cpp_pubsub/share/colcon-core/packages/cpp_pubsub)
[6.042s] Level 1:colcon.colcon_core.environment:create_environment_scripts_only(cpp_pubsub)
[6.042s] Level 1:colcon.colcon_core.environment:checking '/home/cyberkanjousen/CLionProjects/ROS2_1/install/cpp_pubsub' for CMake module files
[6.043s] Level 1:colcon.colcon_core.environment:checking '/home/cyberkanjousen/CLionProjects/ROS2_1/install/cpp_pubsub' for CMake config files
[6.043s] Level 1:colcon.colcon_core.shell:create_environment_hook('cpp_pubsub', 'cmake_prefix_path')
[6.043s] INFO:colcon.colcon_core.shell:Creating environment hook '/home/cyberkanjousen/CLionProjects/ROS2_1/install/cpp_pubsub/share/cpp_pubsub/hook/cmake_prefix_path.ps1'
[6.044s] INFO:colcon.colcon_core.shell:Creating environment descriptor '/home/cyberkanjousen/CLionProjects/ROS2_1/install/cpp_pubsub/share/cpp_pubsub/hook/cmake_prefix_path.dsv'
[6.044s] INFO:colcon.colcon_core.shell:Creating environment hook '/home/cyberkanjousen/CLionProjects/ROS2_1/install/cpp_pubsub/share/cpp_pubsub/hook/cmake_prefix_path.sh'
[6.045s] Level 1:colcon.colcon_core.environment:checking '/home/cyberkanjousen/CLionProjects/ROS2_1/install/cpp_pubsub/lib'
[6.045s] Level 1:colcon.colcon_core.environment:checking '/home/cyberkanjousen/CLionProjects/ROS2_1/install/cpp_pubsub/bin'
[6.045s] Level 1:colcon.colcon_core.environment:checking '/home/cyberkanjousen/CLionProjects/ROS2_1/install/cpp_pubsub/lib/pkgconfig/cpp_pubsub.pc'
[6.045s] Level 1:colcon.colcon_core.environment:checking '/home/cyberkanjousen/CLionProjects/ROS2_1/install/cpp_pubsub/lib/python3.12/site-packages'
[6.045s] Level 1:colcon.colcon_core.environment:checking '/home/cyberkanjousen/CLionProjects/ROS2_1/install/cpp_pubsub/bin'
[6.045s] INFO:colcon.colcon_core.shell:Creating package script '/home/cyberkanjousen/CLionProjects/ROS2_1/install/cpp_pubsub/share/cpp_pubsub/package.ps1'
[6.046s] INFO:colcon.colcon_core.shell:Creating package descriptor '/home/cyberkanjousen/CLionProjects/ROS2_1/install/cpp_pubsub/share/cpp_pubsub/package.dsv'
[6.046s] INFO:colcon.colcon_core.shell:Creating package script '/home/cyberkanjousen/CLionProjects/ROS2_1/install/cpp_pubsub/share/cpp_pubsub/package.sh'
[6.047s] INFO:colcon.colcon_core.shell:Creating package script '/home/cyberkanjousen/CLionProjects/ROS2_1/install/cpp_pubsub/share/cpp_pubsub/package.bash'
[6.047s] INFO:colcon.colcon_core.shell:Creating package script '/home/cyberkanjousen/CLionProjects/ROS2_1/install/cpp_pubsub/share/cpp_pubsub/package.zsh'
[6.047s] Level 1:colcon.colcon_core.environment:create_file_with_runtime_dependencies(/home/cyberkanjousen/CLionProjects/ROS2_1/install/cpp_pubsub/share/colcon-core/packages/cpp_pubsub)
[7.821s] DEBUG:colcon.colcon_core.event_handler.log_command:Invoked command in '/home/cyberkanjousen/CLionProjects/ROS2_1/build/cpp_srvcli' returned '0': CMAKE_PREFIX_PATH=/home/cyberkanjousen/CLionProjects/ROS2_1/install/service_114514:/home/cyberkanjousen/CLionProjects/ROS2_1/install/cpp_srvcli:/home/cyberkanjousen/CLionProjects/ROS2_1/install/sensor_robot:/home/cyberkanjousen/CLionProjects/ROS2_1/install/learning_tf2_cpp:/home/cyberkanjousen/CLionProjects/ROS2_1/install/cpp_pubsub:/opt/ros/jazzy/opt/gz_math_vendor:/opt/ros/jazzy/opt/gz_utils_vendor:/opt/ros/jazzy/opt/gz_cmake_vendor:/opt/ros/jazzy DEBUGINFOD_URLS=https://debuginfod.ubuntu.com /usr/bin/cmake --build /home/cyberkanjousen/CLionProjects/ROS2_1/build/cpp_srvcli -- -j32 -l32
[7.822s] DEBUG:colcon.colcon_core.event_handler.log_command:Invoking command in '/home/cyberkanjousen/CLionProjects/ROS2_1/build/cpp_srvcli': CMAKE_PREFIX_PATH=/home/cyberkanjousen/CLionProjects/ROS2_1/install/service_114514:/home/cyberkanjousen/CLionProjects/ROS2_1/install/cpp_srvcli:/home/cyberkanjousen/CLionProjects/ROS2_1/install/sensor_robot:/home/cyberkanjousen/CLionProjects/ROS2_1/install/learning_tf2_cpp:/home/cyberkanjousen/CLionProjects/ROS2_1/install/cpp_pubsub:/opt/ros/jazzy/opt/gz_math_vendor:/opt/ros/jazzy/opt/gz_utils_vendor:/opt/ros/jazzy/opt/gz_cmake_vendor:/opt/ros/jazzy DEBUGINFOD_URLS=https://debuginfod.ubuntu.com /usr/bin/cmake --install /home/cyberkanjousen/CLionProjects/ROS2_1/build/cpp_srvcli
[7.836s] Level 1:colcon.colcon_core.environment:create_environment_scripts_only(cpp_srvcli)
[7.836s] Level 1:colcon.colcon_core.environment:checking '/home/cyberkanjousen/CLionProjects/ROS2_1/install/cpp_srvcli' for CMake module files
[7.837s] DEBUG:colcon.colcon_core.event_handler.log_command:Invoked command in '/home/cyberkanjousen/CLionProjects/ROS2_1/build/cpp_srvcli' returned '0': CMAKE_PREFIX_PATH=/home/cyberkanjousen/CLionProjects/ROS2_1/install/service_114514:/home/cyberkanjousen/CLionProjects/ROS2_1/install/cpp_srvcli:/home/cyberkanjousen/CLionProjects/ROS2_1/install/sensor_robot:/home/cyberkanjousen/CLionProjects/ROS2_1/install/learning_tf2_cpp:/home/cyberkanjousen/CLionProjects/ROS2_1/install/cpp_pubsub:/opt/ros/jazzy/opt/gz_math_vendor:/opt/ros/jazzy/opt/gz_utils_vendor:/opt/ros/jazzy/opt/gz_cmake_vendor:/opt/ros/jazzy DEBUGINFOD_URLS=https://debuginfod.ubuntu.com /usr/bin/cmake --install /home/cyberkanjousen/CLionProjects/ROS2_1/build/cpp_srvcli
[7.837s] Level 1:colcon.colcon_core.environment:checking '/home/cyberkanjousen/CLionProjects/ROS2_1/install/cpp_srvcli' for CMake config files
[7.837s] Level 1:colcon.colcon_core.shell:create_environment_hook('cpp_srvcli', 'cmake_prefix_path')
[7.838s] INFO:colcon.colcon_core.shell:Creating environment hook '/home/cyberkanjousen/CLionProjects/ROS2_1/install/cpp_srvcli/share/cpp_srvcli/hook/cmake_prefix_path.ps1'
[7.838s] INFO:colcon.colcon_core.shell:Creating environment descriptor '/home/cyberkanjousen/CLionProjects/ROS2_1/install/cpp_srvcli/share/cpp_srvcli/hook/cmake_prefix_path.dsv'
[7.838s] INFO:colcon.colcon_core.shell:Creating environment hook '/home/cyberkanjousen/CLionProjects/ROS2_1/install/cpp_srvcli/share/cpp_srvcli/hook/cmake_prefix_path.sh'
[7.839s] Level 1:colcon.colcon_core.environment:checking '/home/cyberkanjousen/CLionProjects/ROS2_1/install/cpp_srvcli/lib'
[7.839s] Level 1:colcon.colcon_core.environment:checking '/home/cyberkanjousen/CLionProjects/ROS2_1/install/cpp_srvcli/bin'
[7.839s] Level 1:colcon.colcon_core.environment:checking '/home/cyberkanjousen/CLionProjects/ROS2_1/install/cpp_srvcli/lib/pkgconfig/cpp_srvcli.pc'
[7.839s] Level 1:colcon.colcon_core.environment:checking '/home/cyberkanjousen/CLionProjects/ROS2_1/install/cpp_srvcli/lib/python3.12/site-packages'
[7.840s] Level 1:colcon.colcon_core.environment:checking '/home/cyberkanjousen/CLionProjects/ROS2_1/install/cpp_srvcli/bin'
[7.840s] INFO:colcon.colcon_core.shell:Creating package script '/home/cyberkanjousen/CLionProjects/ROS2_1/install/cpp_srvcli/share/cpp_srvcli/package.ps1'
[7.840s] INFO:colcon.colcon_core.shell:Creating package descriptor '/home/cyberkanjousen/CLionProjects/ROS2_1/install/cpp_srvcli/share/cpp_srvcli/package.dsv'
[7.841s] INFO:colcon.colcon_core.shell:Creating package script '/home/cyberkanjousen/CLionProjects/ROS2_1/install/cpp_srvcli/share/cpp_srvcli/package.sh'
[7.841s] INFO:colcon.colcon_core.shell:Creating package script '/home/cyberkanjousen/CLionProjects/ROS2_1/install/cpp_srvcli/share/cpp_srvcli/package.bash'
[7.841s] INFO:colcon.colcon_core.shell:Creating package script '/home/cyberkanjousen/CLionProjects/ROS2_1/install/cpp_srvcli/share/cpp_srvcli/package.zsh'
[7.842s] Level 1:colcon.colcon_core.environment:create_file_with_runtime_dependencies(/home/cyberkanjousen/CLionProjects/ROS2_1/install/cpp_srvcli/share/colcon-core/packages/cpp_srvcli)
[7.842s] Level 1:colcon.colcon_core.environment:create_environment_scripts_only(cpp_srvcli)
[7.842s] Level 1:colcon.colcon_core.environment:checking '/home/cyberkanjousen/CLionProjects/ROS2_1/install/cpp_srvcli' for CMake module files
[7.843s] Level 1:colcon.colcon_core.environment:checking '/home/cyberkanjousen/CLionProjects/ROS2_1/install/cpp_srvcli' for CMake config files
[7.843s] Level 1:colcon.colcon_core.shell:create_environment_hook('cpp_srvcli', 'cmake_prefix_path')
[7.844s] INFO:colcon.colcon_core.shell:Creating environment hook '/home/cyberkanjousen/CLionProjects/ROS2_1/install/cpp_srvcli/share/cpp_srvcli/hook/cmake_prefix_path.ps1'
[7.844s] INFO:colcon.colcon_core.shell:Creating environment descriptor '/home/cyberkanjousen/CLionProjects/ROS2_1/install/cpp_srvcli/share/cpp_srvcli/hook/cmake_prefix_path.dsv'
[7.844s] INFO:colcon.colcon_core.shell:Creating environment hook '/home/cyberkanjousen/CLionProjects/ROS2_1/install/cpp_srvcli/share/cpp_srvcli/hook/cmake_prefix_path.sh'
[7.845s] Level 1:colcon.colcon_core.environment:checking '/home/cyberkanjousen/CLionProjects/ROS2_1/install/cpp_srvcli/lib'
[7.845s] Level 1:colcon.colcon_core.environment:checking '/home/cyberkanjousen/CLionProjects/ROS2_1/install/cpp_srvcli/bin'
[7.845s] Level 1:colcon.colcon_core.environment:checking '/home/cyberkanjousen/CLionProjects/ROS2_1/install/cpp_srvcli/lib/pkgconfig/cpp_srvcli.pc'
[7.845s] Level 1:colcon.colcon_core.environment:checking '/home/cyberkanjousen/CLionProjects/ROS2_1/install/cpp_srvcli/lib/python3.12/site-packages'
[7.846s] Level 1:colcon.colcon_core.environment:checking '/home/cyberkanjousen/CLionProjects/ROS2_1/install/cpp_srvcli/bin'
[7.846s] INFO:colcon.colcon_core.shell:Creating package script '/home/cyberkanjousen/CLionProjects/ROS2_1/install/cpp_srvcli/share/cpp_srvcli/package.ps1'
[7.846s] INFO:colcon.colcon_core.shell:Creating package descriptor '/home/cyberkanjousen/CLionProjects/ROS2_1/install/cpp_srvcli/share/cpp_srvcli/package.dsv'
[7.847s] INFO:colcon.colcon_core.shell:Creating package script '/home/cyberkanjousen/CLionProjects/ROS2_1/install/cpp_srvcli/share/cpp_srvcli/package.sh'
[7.848s] INFO:colcon.colcon_core.shell:Creating package script '/home/cyberkanjousen/CLionProjects/ROS2_1/install/cpp_srvcli/share/cpp_srvcli/package.bash'
[7.849s] INFO:colcon.colcon_core.shell:Creating package script '/home/cyberkanjousen/CLionProjects/ROS2_1/install/cpp_srvcli/share/cpp_srvcli/package.zsh'
[7.850s] Level 1:colcon.colcon_core.environment:create_file_with_runtime_dependencies(/home/cyberkanjousen/CLionProjects/ROS2_1/install/cpp_srvcli/share/colcon-core/packages/cpp_srvcli)
[11.602s] DEBUG:colcon.colcon_core.event_handler.log_command:Invoked command in '/home/cyberkanjousen/CLionProjects/ROS2_1/build/ros_gz_interfaces' returned '0': CMAKE_PREFIX_PATH=${CMAKE_PREFIX_PATH}:/opt/ros/jazzy DEBUGINFOD_URLS=https://debuginfod.ubuntu.com /usr/bin/cmake --build /home/cyberkanjousen/CLionProjects/ROS2_1/build/ros_gz_interfaces -- -j32 -l32
[11.603s] DEBUG:colcon.colcon_core.event_handler.log_command:Invoking command in '/home/cyberkanjousen/CLionProjects/ROS2_1/build/ros_gz_interfaces': CMAKE_PREFIX_PATH=${CMAKE_PREFIX_PATH}:/opt/ros/jazzy DEBUGINFOD_URLS=https://debuginfod.ubuntu.com /usr/bin/cmake --install /home/cyberkanjousen/CLionProjects/ROS2_1/build/ros_gz_interfaces
[11.732s] Level 1:colcon.colcon_core.environment:create_environment_scripts_only(ros_gz_interfaces)
[11.732s] DEBUG:colcon.colcon_core.event_handler.log_command:Invoked command in '/home/cyberkanjousen/CLionProjects/ROS2_1/build/ros_gz_interfaces' returned '0': CMAKE_PREFIX_PATH=${CMAKE_PREFIX_PATH}:/opt/ros/jazzy DEBUGINFOD_URLS=https://debuginfod.ubuntu.com /usr/bin/cmake --install /home/cyberkanjousen/CLionProjects/ROS2_1/build/ros_gz_interfaces
[11.732s] Level 1:colcon.colcon_core.environment:checking '/home/cyberkanjousen/CLionProjects/ROS2_1/install/ros_gz_interfaces' for CMake module files
[11.732s] Level 1:colcon.colcon_core.environment:checking '/home/cyberkanjousen/CLionProjects/ROS2_1/install/ros_gz_interfaces' for CMake config files
[11.733s] Level 1:colcon.colcon_core.shell:create_environment_hook('ros_gz_interfaces', 'cmake_prefix_path')
[11.733s] INFO:colcon.colcon_core.shell:Creating environment hook '/home/cyberkanjousen/CLionProjects/ROS2_1/install/ros_gz_interfaces/share/ros_gz_interfaces/hook/cmake_prefix_path.ps1'
[11.733s] INFO:colcon.colcon_core.shell:Creating environment descriptor '/home/cyberkanjousen/CLionProjects/ROS2_1/install/ros_gz_interfaces/share/ros_gz_interfaces/hook/cmake_prefix_path.dsv'
[11.734s] INFO:colcon.colcon_core.shell:Creating environment hook '/home/cyberkanjousen/CLionProjects/ROS2_1/install/ros_gz_interfaces/share/ros_gz_interfaces/hook/cmake_prefix_path.sh'
[11.734s] Level 1:colcon.colcon_core.environment:checking '/home/cyberkanjousen/CLionProjects/ROS2_1/install/ros_gz_interfaces/lib'
[11.734s] Level 1:colcon.colcon_core.shell:create_environment_hook('ros_gz_interfaces', 'ld_library_path_lib')
[11.734s] INFO:colcon.colcon_core.shell:Creating environment hook '/home/cyberkanjousen/CLionProjects/ROS2_1/install/ros_gz_interfaces/share/ros_gz_interfaces/hook/ld_library_path_lib.ps1'
[11.734s] INFO:colcon.colcon_core.shell:Creating environment descriptor '/home/cyberkanjousen/CLionProjects/ROS2_1/install/ros_gz_interfaces/share/ros_gz_interfaces/hook/ld_library_path_lib.dsv'
[11.734s] INFO:colcon.colcon_core.shell:Creating environment hook '/home/cyberkanjousen/CLionProjects/ROS2_1/install/ros_gz_interfaces/share/ros_gz_interfaces/hook/ld_library_path_lib.sh'
[11.735s] Level 1:colcon.colcon_core.environment:checking '/home/cyberkanjousen/CLionProjects/ROS2_1/install/ros_gz_interfaces/bin'
[11.735s] Level 1:colcon.colcon_core.environment:checking '/home/cyberkanjousen/CLionProjects/ROS2_1/install/ros_gz_interfaces/lib/pkgconfig/ros_gz_interfaces.pc'
[11.735s] Level 1:colcon.colcon_core.environment:checking '/home/cyberkanjousen/CLionProjects/ROS2_1/install/ros_gz_interfaces/lib/python3.12/site-packages'
[11.735s] Level 1:colcon.colcon_core.shell:create_environment_hook('ros_gz_interfaces', 'pythonpath')
[11.735s] INFO:colcon.colcon_core.shell:Creating environment hook '/home/cyberkanjousen/CLionProjects/ROS2_1/install/ros_gz_interfaces/share/ros_gz_interfaces/hook/pythonpath.ps1'
[11.735s] INFO:colcon.colcon_core.shell:Creating environment descriptor '/home/cyberkanjousen/CLionProjects/ROS2_1/install/ros_gz_interfaces/share/ros_gz_interfaces/hook/pythonpath.dsv'
[11.735s] INFO:colcon.colcon_core.shell:Creating environment hook '/home/cyberkanjousen/CLionProjects/ROS2_1/install/ros_gz_interfaces/share/ros_gz_interfaces/hook/pythonpath.sh'
[11.736s] Level 1:colcon.colcon_core.environment:checking '/home/cyberkanjousen/CLionProjects/ROS2_1/install/ros_gz_interfaces/bin'
[11.736s] INFO:colcon.colcon_core.shell:Creating package script '/home/cyberkanjousen/CLionProjects/ROS2_1/install/ros_gz_interfaces/share/ros_gz_interfaces/package.ps1'
[11.736s] INFO:colcon.colcon_core.shell:Creating package descriptor '/home/cyberkanjousen/CLionProjects/ROS2_1/install/ros_gz_interfaces/share/ros_gz_interfaces/package.dsv'
[11.736s] INFO:colcon.colcon_core.shell:Creating package script '/home/cyberkanjousen/CLionProjects/ROS2_1/install/ros_gz_interfaces/share/ros_gz_interfaces/package.sh'
[11.737s] INFO:colcon.colcon_core.shell:Creating package script '/home/cyberkanjousen/CLionProjects/ROS2_1/install/ros_gz_interfaces/share/ros_gz_interfaces/package.bash'
[11.737s] INFO:colcon.colcon_core.shell:Creating package script '/home/cyberkanjousen/CLionProjects/ROS2_1/install/ros_gz_interfaces/share/ros_gz_interfaces/package.zsh'
[11.737s] Level 1:colcon.colcon_core.environment:create_file_with_runtime_dependencies(/home/cyberkanjousen/CLionProjects/ROS2_1/install/ros_gz_interfaces/share/colcon-core/packages/ros_gz_interfaces)
[11.737s] Level 1:colcon.colcon_core.environment:create_environment_scripts_only(ros_gz_interfaces)
[11.737s] Level 1:colcon.colcon_core.environment:checking '/home/cyberkanjousen/CLionProjects/ROS2_1/install/ros_gz_interfaces' for CMake module files
[11.738s] Level 1:colcon.colcon_core.environment:checking '/home/cyberkanjousen/CLionProjects/ROS2_1/install/ros_gz_interfaces' for CMake config files
[11.738s] Level 1:colcon.colcon_core.shell:create_environment_hook('ros_gz_interfaces', 'cmake_prefix_path')
[11.738s] INFO:colcon.colcon_core.shell:Creating environment hook '/home/cyberkanjousen/CLionProjects/ROS2_1/install/ros_gz_interfaces/share/ros_gz_interfaces/hook/cmake_prefix_path.ps1'
[11.738s] INFO:colcon.colcon_core.shell:Creating environment descriptor '/home/cyberkanjousen/CLionProjects/ROS2_1/install/ros_gz_interfaces/share/ros_gz_interfaces/hook/cmake_prefix_path.dsv'
[11.739s] INFO:colcon.colcon_core.shell:Creating environment hook '/home/cyberkanjousen/CLionProjects/ROS2_1/install/ros_gz_interfaces/share/ros_gz_interfaces/hook/cmake_prefix_path.sh'
[11.739s] Level 1:colcon.colcon_core.environment:checking '/home/cyberkanjousen/CLionProjects/ROS2_1/install/ros_gz_interfaces/lib'
[11.739s] Level 1:colcon.colcon_core.shell:create_environment_hook('ros_gz_interfaces', 'ld_library_path_lib')
[11.739s] INFO:colcon.colcon_core.shell:Creating environment hook '/home/cyberkanjousen/CLionProjects/ROS2_1/install/ros_gz_interfaces/share/ros_gz_interfaces/hook/ld_library_path_lib.ps1'
[11.739s] INFO:colcon.colcon_core.shell:Creating environment descriptor '/home/cyberkanjousen/CLionProjects/ROS2_1/install/ros_gz_interfaces/share/ros_gz_interfaces/hook/ld_library_path_lib.dsv'
[11.739s] INFO:colcon.colcon_core.shell:Creating environment hook '/home/cyberkanjousen/CLionProjects/ROS2_1/install/ros_gz_interfaces/share/ros_gz_interfaces/hook/ld_library_path_lib.sh'
[11.740s] Level 1:colcon.colcon_core.environment:checking '/home/cyberkanjousen/CLionProjects/ROS2_1/install/ros_gz_interfaces/bin'
[11.740s] Level 1:colcon.colcon_core.environment:checking '/home/cyberkanjousen/CLionProjects/ROS2_1/install/ros_gz_interfaces/lib/pkgconfig/ros_gz_interfaces.pc'
[11.740s] Level 1:colcon.colcon_core.environment:checking '/home/cyberkanjousen/CLionProjects/ROS2_1/install/ros_gz_interfaces/lib/python3.12/site-packages'
[11.740s] Level 1:colcon.colcon_core.shell:create_environment_hook('ros_gz_interfaces', 'pythonpath')
[11.740s] INFO:colcon.colcon_core.shell:Creating environment hook '/home/cyberkanjousen/CLionProjects/ROS2_1/install/ros_gz_interfaces/share/ros_gz_interfaces/hook/pythonpath.ps1'
[11.740s] INFO:colcon.colcon_core.shell:Creating environment descriptor '/home/cyberkanjousen/CLionProjects/ROS2_1/install/ros_gz_interfaces/share/ros_gz_interfaces/hook/pythonpath.dsv'
[11.740s] INFO:colcon.colcon_core.shell:Creating environment hook '/home/cyberkanjousen/CLionProjects/ROS2_1/install/ros_gz_interfaces/share/ros_gz_interfaces/hook/pythonpath.sh'
[11.741s] Level 1:colcon.colcon_core.environment:checking '/home/cyberkanjousen/CLionProjects/ROS2_1/install/ros_gz_interfaces/bin'
[11.741s] INFO:colcon.colcon_core.shell:Creating package script '/home/cyberkanjousen/CLionProjects/ROS2_1/install/ros_gz_interfaces/share/ros_gz_interfaces/package.ps1'
[11.741s] INFO:colcon.colcon_core.shell:Creating package descriptor '/home/cyberkanjousen/CLionProjects/ROS2_1/install/ros_gz_interfaces/share/ros_gz_interfaces/package.dsv'
[11.742s] INFO:colcon.colcon_core.shell:Creating package script '/home/cyberkanjousen/CLionProjects/ROS2_1/install/ros_gz_interfaces/share/ros_gz_interfaces/package.sh'
[11.742s] INFO:colcon.colcon_core.shell:Creating package script '/home/cyberkanjousen/CLionProjects/ROS2_1/install/ros_gz_interfaces/share/ros_gz_interfaces/package.bash'
[11.742s] INFO:colcon.colcon_core.shell:Creating package script '/home/cyberkanjousen/CLionProjects/ROS2_1/install/ros_gz_interfaces/share/ros_gz_interfaces/package.zsh'
[11.742s] Level 1:colcon.colcon_core.environment:create_file_with_runtime_dependencies(/home/cyberkanjousen/CLionProjects/ROS2_1/install/ros_gz_interfaces/share/colcon-core/packages/ros_gz_interfaces)
[11.742s] INFO:colcon.colcon_ros.task.ament_cmake.build:Building ROS package in '/home/cyberkanjousen/CLionProjects/ROS2_1/src/ros_gz_bridge' with build type 'ament_cmake'
[11.742s] INFO:colcon.colcon_cmake.task.cmake.build:Building CMake package in '/home/cyberkanjousen/CLionProjects/ROS2_1/src/ros_gz_bridge'
[11.743s] INFO:colcon.colcon_core.shell:Skip shell extension 'powershell' for command environment: Not usable outside of PowerShell
[11.743s] DEBUG:colcon.colcon_core.shell:Skip shell extension 'dsv' for command environment
[11.752s] DEBUG:colcon.colcon_core.event_handler.log_command:Invoking command in '/home/cyberkanjousen/CLionProjects/ROS2_1/build/ros_gz_bridge': AMENT_PREFIX_PATH=/home/cyberkanjousen/CLionProjects/ROS2_1/install/ros_gz_interfaces:${AMENT_PREFIX_PATH} CMAKE_PREFIX_PATH=/home/cyberkanjousen/CLionProjects/ROS2_1/install/ros_gz_interfaces:/home/cyberkanjousen/CLionProjects/ROS2_1/install/cpp_srvcli:/home/cyberkanjousen/CLionProjects/ROS2_1/install/service_114514:/home/cyberkanjousen/CLionProjects/ROS2_1/install/sensor_robot:/home/cyberkanjousen/CLionProjects/ROS2_1/install/learning_tf2_cpp:/home/cyberkanjousen/CLionProjects/ROS2_1/install/cpp_pubsub:/opt/ros/jazzy/opt/gz_math_vendor:/opt/ros/jazzy/opt/gz_utils_vendor:/opt/ros/jazzy/opt/gz_cmake_vendor:/opt/ros/jazzy DEBUGINFOD_URLS=https://debuginfod.ubuntu.com LD_LIBRARY_PATH=/home/cyberkanjousen/CLionProjects/ROS2_1/install/ros_gz_interfaces/lib:${LD_LIBRARY_PATH} PYTHONPATH=/home/cyberkanjousen/CLionProjects/ROS2_1/install/ros_gz_interfaces/lib/python3.12/site-packages:${PYTHONPATH} /usr/bin/cmake /home/cyberkanjousen/CLionProjects/ROS2_1/src/ros_gz_bridge -DCMAKE_EXPORT_COMPILE_COMMANDS=ON -G Ninja -DCMAKE_INSTALL_PREFIX=/home/cyberkanjousen/CLionProjects/ROS2_1/install/ros_gz_bridge
[12.696s] DEBUG:colcon.colcon_core.event_handler.log_command:Invoked command in '/home/cyberkanjousen/CLionProjects/ROS2_1/build/ros_gz_bridge' returned '1': AMENT_PREFIX_PATH=/home/cyberkanjousen/CLionProjects/ROS2_1/install/ros_gz_interfaces:${AMENT_PREFIX_PATH} CMAKE_PREFIX_PATH=/home/cyberkanjousen/CLionProjects/ROS2_1/install/ros_gz_interfaces:/home/cyberkanjousen/CLionProjects/ROS2_1/install/cpp_srvcli:/home/cyberkanjousen/CLionProjects/ROS2_1/install/service_114514:/home/cyberkanjousen/CLionProjects/ROS2_1/install/sensor_robot:/home/cyberkanjousen/CLionProjects/ROS2_1/install/learning_tf2_cpp:/home/cyberkanjousen/CLionProjects/ROS2_1/install/cpp_pubsub:/opt/ros/jazzy/opt/gz_math_vendor:/opt/ros/jazzy/opt/gz_utils_vendor:/opt/ros/jazzy/opt/gz_cmake_vendor:/opt/ros/jazzy DEBUGINFOD_URLS=https://debuginfod.ubuntu.com LD_LIBRARY_PATH=/home/cyberkanjousen/CLionProjects/ROS2_1/install/ros_gz_interfaces/lib:${LD_LIBRARY_PATH} PYTHONPATH=/home/cyberkanjousen/CLionProjects/ROS2_1/install/ros_gz_interfaces/lib/python3.12/site-packages:${PYTHONPATH} /usr/bin/cmake /home/cyberkanjousen/CLionProjects/ROS2_1/src/ros_gz_bridge -DCMAKE_EXPORT_COMPILE_COMMANDS=ON -G Ninja -DCMAKE_INSTALL_PREFIX=/home/cyberkanjousen/CLionProjects/ROS2_1/install/ros_gz_bridge
[12.707s] Level 1:colcon.colcon_core.environment:create_environment_scripts_only(ros_gz_bridge)
[12.707s] Level 1:colcon.colcon_core.environment:checking '/home/cyberkanjousen/CLionProjects/ROS2_1/install/ros_gz_bridge' for CMake module files
[12.708s] Level 1:colcon.colcon_core.environment:checking '/home/cyberkanjousen/CLionProjects/ROS2_1/install/ros_gz_bridge' for CMake config files
[12.708s] Level 1:colcon.colcon_core.environment:checking '/home/cyberkanjousen/CLionProjects/ROS2_1/install/ros_gz_bridge/bin'
[12.708s] Level 1:colcon.colcon_core.environment:checking '/home/cyberkanjousen/CLionProjects/ROS2_1/install/ros_gz_bridge/lib/pkgconfig/ros_gz_bridge.pc'
[12.708s] Level 1:colcon.colcon_core.environment:checking '/home/cyberkanjousen/CLionProjects/ROS2_1/install/ros_gz_bridge/lib/python3.12/site-packages'
[12.709s] Level 1:colcon.colcon_core.environment:checking '/home/cyberkanjousen/CLionProjects/ROS2_1/install/ros_gz_bridge/bin'
[12.709s] INFO:colcon.colcon_core.shell:Creating package script '/home/cyberkanjousen/CLionProjects/ROS2_1/install/ros_gz_bridge/share/ros_gz_bridge/package.ps1'
[12.709s] INFO:colcon.colcon_core.shell:Creating package descriptor '/home/cyberkanjousen/CLionProjects/ROS2_1/install/ros_gz_bridge/share/ros_gz_bridge/package.dsv'
[12.710s] INFO:colcon.colcon_core.shell:Creating package script '/home/cyberkanjousen/CLionProjects/ROS2_1/install/ros_gz_bridge/share/ros_gz_bridge/package.sh'
[12.710s] INFO:colcon.colcon_core.shell:Creating package script '/home/cyberkanjousen/CLionProjects/ROS2_1/install/ros_gz_bridge/share/ros_gz_bridge/package.bash'
[12.710s] INFO:colcon.colcon_core.shell:Creating package script '/home/cyberkanjousen/CLionProjects/ROS2_1/install/ros_gz_bridge/share/ros_gz_bridge/package.zsh'
[12.711s] Level 1:colcon.colcon_core.environment:create_file_with_runtime_dependencies(/home/cyberkanjousen/CLionProjects/ROS2_1/install/ros_gz_bridge/share/colcon-core/packages/ros_gz_bridge)
[12.721s] DEBUG:colcon.colcon_parallel_executor.executor.parallel:closing loop
[12.722s] DEBUG:colcon.colcon_parallel_executor.executor.parallel:loop closed
[12.722s] DEBUG:colcon.colcon_parallel_executor.executor.parallel:run_until_complete finished with '1'
[12.722s] DEBUG:colcon.colcon_core.event_reactor:joining thread
[12.732s] INFO:colcon.colcon_core.plugin_system:Skipping extension 'colcon_notification.desktop_notification.terminal_notifier': Not used on non-Darwin systems
[12.732s] INFO:colcon.colcon_core.plugin_system:Skipping extension 'colcon_notification.desktop_notification.win32': Not used on non-Windows systems
[12.732s] INFO:colcon.colcon_notification.desktop_notification:Sending desktop notification using 'notify2'
[12.749s] DEBUG:colcon.colcon_core.event_reactor:joined thread
[12.750s] INFO:colcon.colcon_core.shell:Creating prefix script '/home/cyberkanjousen/CLionProjects/ROS2_1/install/local_setup.ps1'
[12.750s] INFO:colcon.colcon_core.shell:Creating prefix util module '/home/cyberkanjousen/CLionProjects/ROS2_1/install/_local_setup_util_ps1.py'
[12.752s] INFO:colcon.colcon_core.shell:Creating prefix chain script '/home/cyberkanjousen/CLionProjects/ROS2_1/install/setup.ps1'
[12.753s] INFO:colcon.colcon_core.shell:Creating prefix script '/home/cyberkanjousen/CLionProjects/ROS2_1/install/local_setup.sh'
[12.753s] INFO:colcon.colcon_core.shell:Creating prefix util module '/home/cyberkanjousen/CLionProjects/ROS2_1/install/_local_setup_util_sh.py'
[12.753s] INFO:colcon.colcon_core.shell:Creating prefix chain script '/home/cyberkanjousen/CLionProjects/ROS2_1/install/setup.sh'
[12.754s] INFO:colcon.colcon_core.shell:Creating prefix script '/home/cyberkanjousen/CLionProjects/ROS2_1/install/local_setup.bash'
[12.754s] INFO:colcon.colcon_core.shell:Creating prefix chain script '/home/cyberkanjousen/CLionProjects/ROS2_1/install/setup.bash'
[12.755s] INFO:colcon.colcon_core.shell:Creating prefix script '/home/cyberkanjousen/CLionProjects/ROS2_1/install/local_setup.zsh'
[12.755s] INFO:colcon.colcon_core.shell:Creating prefix chain script '/home/cyberkanjousen/CLionProjects/ROS2_1/install/setup.zsh'
