[0.000000] (-) TimerEvent: {}
[0.000475] (cpp_pubsub) JobQueued: {'identifier': 'cpp_pubsub', 'dependencies': OrderedDict()}
[0.000514] (service_114514) JobQueued: {'identifier': 'service_114514', 'dependencies': OrderedDict()}
[0.000591] (cpp_srvcli) JobQueued: {'identifier': 'cpp_srvcli', 'dependencies': OrderedDict({'service_114514': '/home/cyberkanjousen/CLionProjects/ROS2_1/install/service_114514'})}
[0.000616] (service_114514) JobStarted: {'identifier': 'service_114514'}
[0.004359] (cpp_pubsub) JobStarted: {'identifier': 'cpp_pubsub'}
[0.006794] (service_114514) JobProgress: {'identifier': 'service_114514', 'progress': 'cmake'}
[0.007087] (service_114514) Command: {'cmd': ['/usr/bin/cmake', '/home/cyberkanjousen/CLionProjects/ROS2_1/src/service_114514', '-DCMAKE_EXPORT_COMPILE_COMMANDS=ON', '-G', 'Ninja', '-DCMAKE_INSTALL_PREFIX=/home/cyberkanjousen/CLionProjects/ROS2_1/install/service_114514'], 'cwd': '/home/cyberkanjousen/CLionProjects/ROS2_1/build/service_114514', 'env': OrderedDict({'TERM_SESSION_ID': '63c909e5-d298-4cc9-832e-4a5012225e58', 'GJS_DEBUG_TOPICS': 'JS ERROR;JS LOG', 'XDG_ACTIVATION_TOKEN': 'gnome-shell/CLion/3210-0-cyberkanjousen-Legion-Y7000P-IRX10_TIME51333', 'LESSOPEN': '| /usr/bin/lesspipe %s', 'SNAP_INSTANCE_KEY': '', 'USER': 'cyberkanjousen', 'SNAP_COMMON': '/var/snap/clion/common', 'socks_host': 'socks://127.0.0.1:10808', 'XDG_SESSION_TYPE': 'x11', 'SNAP_UID': '1000', 'CLUTTER_DISABLE_MIPMAPPED_TEXT': '1', 'SHLVL': '1', 'LD_LIBRARY_PATH': '/opt/ros/jazzy/opt/rviz_ogre_vendor/lib:/opt/ros/jazzy/lib/x86_64-linux-gnu:/opt/ros/jazzy/opt/gz_math_vendor/lib:/opt/ros/jazzy/opt/gz_utils_vendor/lib:/opt/ros/jazzy/opt/gz_cmake_vendor/lib:/opt/ros/jazzy/lib', 'HOME': '/home/cyberkanjousen', 'SNAP_LIBRARY_PATH': '/var/lib/snapd/lib/gl:/var/lib/snapd/lib/gl32:/var/lib/snapd/void', 'DESKTOP_SESSION': 'ubuntu', 'SNAP_USER_DATA': '/home/cyberkanjousen/snap/clion/393', 'TERMINAL_EMULATOR': 'JetBrains-JediTerm', 'GIO_LAUNCHED_DESKTOP_FILE': '/var/lib/snapd/desktop/applications/clion_clion.desktop', 'ROS_PYTHON_VERSION': '3', 'GNOME_SHELL_SESSION_MODE': 'ubuntu', 'GTK_MODULES': 'gail:atk-bridge', 'MANAGERPID': '2765', 'SYSTEMD_EXEC_PID': '3210', 'GSM_SKIP_SSH_AGENT_WORKAROUND': 'true', 'DBUS_SESSION_BUS_ADDRESS': 'unix:path=/run/user/1000/bus', 'SNAP_REVISION': '393', 'GIO_LAUNCHED_DESKTOP_FILE_PID': '4290', 'DEBUGINFOD_URLS': 'https://debuginfod.ubuntu.com', 'https_proxy': 'http://127.0.0.1:10808', 'ROS_DISTRO': 'jazzy', 'LOGNAME': 'cyberkanjousen', 'SNAP_CONTEXT': '7cMq18PPvE0GyoauddMEMHLsazMvDF3aF-ApkkrArLYzdt8gAxjQ', 'http_proxy': 'http://127.0.0.1:10808', 'JOURNAL_STREAM': '9:40206', '_': '/usr/bin/colcon', 'ROS_VERSION': '2', 'MEMORY_PRESSURE_WATCH': '/sys/fs/cgroup/user.slice/user-1000.slice/user@1000.service/session.slice/org.gnome.Shell@x11.service/memory.pressure', 'XDG_SESSION_CLASS': 'user', 'SNAP_VERSION': '2025.2.4', 'USERNAME': 'cyberkanjousen', 'TERM': 'xterm-256color', 'GNOME_DESKTOP_SESSION_ID': 'this-is-deprecated', 'SNAP_INSTANCE_NAME': 'clion', 'WINDOWPATH': '2', 'PATH': '/opt/ros/jazzy/bin:/home/cyberkanjousen/.local/bin:/usr/local/sbin:/usr/local/bin:/usr/sbin:/usr/bin:/sbin:/bin:/usr/games:/usr/local/games:/snap/bin:/snap/bin:/home/cyberkanjousen/.local/bin:/home/cyberkanjousen/.local/bin', 'SESSION_MANAGER': 'local/cyberkanjousen-Legion-Y7000P-IRX10:@/tmp/.ICE-unix/3111,unix/cyberkanjousen-Legion-Y7000P-IRX10:/tmp/.ICE-unix/3111', 'INVOCATION_ID': 'e7fea1e9eb6f4e17a61b475e3444d22f', 'XDG_MENU_PREFIX': 'gnome-', 'ftp_proxy': 'ftp://127.0.0.1:10808', 'SNAP_DATA': '/var/snap/clion/393', 'XDG_RUNTIME_DIR': '/run/user/1000', 'DISPLAY': ':1', 'DESKTOP_STARTUP_ID': 'gnome-shell/CLion/3210-0-cyberkanjousen-Legion-Y7000P-IRX10_TIME51333', 'LANG': 'zh_CN.UTF-8', 'XDG_CURRENT_DESKTOP': 'ubuntu:GNOME', 'XMODIFIERS': '@im=ibus', 'XDG_SESSION_DESKTOP': 'ubuntu', 'XAUTHORITY': '/run/user/1000/gdm/Xauthority', 'LS_COLORS': 'rs=0:di=01;34:ln=01;36:mh=00:pi=40;33:so=01;35:do=01;35:bd=40;33;01:cd=40;33;01:or=40;31;01:mi=00:su=37;41:sg=30;43:ca=00:tw=30;42:ow=34;42:st=37;44:ex=01;32:*.tar=01;31:*.tgz=01;31:*.arc=01;31:*.arj=01;31:*.taz=01;31:*.lha=01;31:*.lz4=01;31:*.lzh=01;31:*.lzma=01;31:*.tlz=01;31:*.txz=01;31:*.tzo=01;31:*.t7z=01;31:*.zip=01;31:*.z=01;31:*.dz=01;31:*.gz=01;31:*.lrz=01;31:*.lz=01;31:*.lzo=01;31:*.xz=01;31:*.zst=01;31:*.tzst=01;31:*.bz2=01;31:*.bz=01;31:*.tbz=01;31:*.tbz2=01;31:*.tz=01;31:*.deb=01;31:*.rpm=01;31:*.jar=01;31:*.war=01;31:*.ear=01;31:*.sar=01;31:*.rar=01;31:*.alz=01;31:*.ace=01;31:*.zoo=01;31:*.cpio=01;31:*.7z=01;31:*.rz=01;31:*.cab=01;31:*.wim=01;31:*.swm=01;31:*.dwm=01;31:*.esd=01;31:*.avif=01;35:*.jpg=01;35:*.jpeg=01;35:*.mjpg=01;35:*.mjpeg=01;35:*.gif=01;35:*.bmp=01;35:*.pbm=01;35:*.pgm=01;35:*.ppm=01;35:*.tga=01;35:*.xbm=01;35:*.xpm=01;35:*.tif=01;35:*.tiff=01;35:*.png=01;35:*.svg=01;35:*.svgz=01;35:*.mng=01;35:*.pcx=01;35:*.mov=01;35:*.mpg=01;35:*.mpeg=01;35:*.m2v=01;35:*.mkv=01;35:*.webm=01;35:*.webp=01;35:*.ogm=01;35:*.mp4=01;35:*.m4v=01;35:*.mp4v=01;35:*.vob=01;35:*.qt=01;35:*.nuv=01;35:*.wmv=01;35:*.asf=01;35:*.rm=01;35:*.rmvb=01;35:*.flc=01;35:*.avi=01;35:*.fli=01;35:*.flv=01;35:*.gl=01;35:*.dl=01;35:*.xcf=01;35:*.xwd=01;35:*.yuv=01;35:*.cgm=01;35:*.emf=01;35:*.ogv=01;35:*.ogx=01;35:*.aac=00;36:*.au=00;36:*.flac=00;36:*.m4a=00;36:*.mid=00;36:*.midi=00;36:*.mka=00;36:*.mp3=00;36:*.mpc=00;36:*.ogg=00;36:*.ra=00;36:*.wav=00;36:*.oga=00;36:*.opus=00;36:*.spx=00;36:*.xspf=00;36:*~=00;90:*#=00;90:*.bak=00;90:*.crdownload=00;90:*.dpkg-dist=00;90:*.dpkg-new=00;90:*.dpkg-old=00;90:*.dpkg-tmp=00;90:*.old=00;90:*.orig=00;90:*.part=00;90:*.rej=00;90:*.rpmnew=00;90:*.rpmorig=00;90:*.rpmsave=00;90:*.swp=00;90:*.tmp=00;90:*.ucf-dist=00;90:*.ucf-new=00;90:*.ucf-old=00;90:', 'SNAP_USER_COMMON': '/home/cyberkanjousen/snap/clion/common', 'SSH_AUTH_SOCK': '/run/user/1000/keyring/ssh', 'SNAP_ARCH': 'amd64', 'AMENT_PREFIX_PATH': '/opt/ros/jazzy', 'SNAP_COOKIE': '7cMq18PPvE0GyoauddMEMHLsazMvDF3aF-ApkkrArLYzdt8gAxjQ', 'SHELL': '/bin/bash', 'QT_ACCESSIBILITY': '1', 'SNAP_REEXEC': '', 'GDMSESSION': 'ubuntu', 'LESSCLOSE': '/usr/bin/lesspipe %s %s', 'SNAP_NAME': 'clion', 'GPG_AGENT_INFO': '/run/user/1000/gnupg/S.gpg-agent:0:1', 'GJS_DEBUG_OUTPUT': 'stderr', 'ROS_AUTOMATIC_DISCOVERY_RANGE': 'SUBNET', 'QT_IM_MODULE': 'ibus', 'PWD': '/home/cyberkanjousen/CLionProjects/ROS2_1/build/service_114514', 'XDG_CONFIG_DIRS': '/etc/xdg/xdg-ubuntu:/etc/xdg', 'SNAP_REAL_HOME': '/home/cyberkanjousen', 'XDG_DATA_DIRS': '/usr/share/ubuntu:/usr/share/gnome:/usr/local/share/:/usr/share/:/var/lib/snapd/desktop', 'SNAP_EUID': '1000', 'QTWEBENGINE_DICTIONARIES_PATH': '/usr/share/hunspell-bdic/', 'PYTHONPATH': '/opt/ros/jazzy/lib/python3.12/site-packages', 'SNAP': '/snap/clion/393', 'COLCON': '1', 'MEMORY_PRESSURE_WRITE': 'c29tZSAyMDAwMDAgMjAwMDAwMAA=', 'JM_OPTION_PATH': '/home/cyberkanjousen/下载', 'CMAKE_PREFIX_PATH': '/opt/ros/jazzy/opt/gz_math_vendor:/opt/ros/jazzy/opt/gz_utils_vendor:/opt/ros/jazzy/opt/gz_cmake_vendor:/opt/ros/jazzy'}), 'shell': False}
[0.009419] (cpp_pubsub) JobProgress: {'identifier': 'cpp_pubsub', 'progress': 'cmake'}
[0.009616] (cpp_pubsub) Command: {'cmd': ['/usr/bin/cmake', '/home/cyberkanjousen/CLionProjects/ROS2_1/src/cpp_pubsub', '-DCMAKE_EXPORT_COMPILE_COMMANDS=ON', '-G', 'Ninja', '-DCMAKE_INSTALL_PREFIX=/home/cyberkanjousen/CLionProjects/ROS2_1/install/cpp_pubsub'], 'cwd': '/home/cyberkanjousen/CLionProjects/ROS2_1/build/cpp_pubsub', 'env': OrderedDict({'TERM_SESSION_ID': '63c909e5-d298-4cc9-832e-4a5012225e58', 'GJS_DEBUG_TOPICS': 'JS ERROR;JS LOG', 'XDG_ACTIVATION_TOKEN': 'gnome-shell/CLion/3210-0-cyberkanjousen-Legion-Y7000P-IRX10_TIME51333', 'LESSOPEN': '| /usr/bin/lesspipe %s', 'SNAP_INSTANCE_KEY': '', 'USER': 'cyberkanjousen', 'SNAP_COMMON': '/var/snap/clion/common', 'socks_host': 'socks://127.0.0.1:10808', 'XDG_SESSION_TYPE': 'x11', 'SNAP_UID': '1000', 'CLUTTER_DISABLE_MIPMAPPED_TEXT': '1', 'SHLVL': '1', 'LD_LIBRARY_PATH': '/opt/ros/jazzy/opt/rviz_ogre_vendor/lib:/opt/ros/jazzy/lib/x86_64-linux-gnu:/opt/ros/jazzy/opt/gz_math_vendor/lib:/opt/ros/jazzy/opt/gz_utils_vendor/lib:/opt/ros/jazzy/opt/gz_cmake_vendor/lib:/opt/ros/jazzy/lib', 'HOME': '/home/cyberkanjousen', 'SNAP_LIBRARY_PATH': '/var/lib/snapd/lib/gl:/var/lib/snapd/lib/gl32:/var/lib/snapd/void', 'DESKTOP_SESSION': 'ubuntu', 'SNAP_USER_DATA': '/home/cyberkanjousen/snap/clion/393', 'TERMINAL_EMULATOR': 'JetBrains-JediTerm', 'GIO_LAUNCHED_DESKTOP_FILE': '/var/lib/snapd/desktop/applications/clion_clion.desktop', 'ROS_PYTHON_VERSION': '3', 'GNOME_SHELL_SESSION_MODE': 'ubuntu', 'GTK_MODULES': 'gail:atk-bridge', 'MANAGERPID': '2765', 'SYSTEMD_EXEC_PID': '3210', 'GSM_SKIP_SSH_AGENT_WORKAROUND': 'true', 'DBUS_SESSION_BUS_ADDRESS': 'unix:path=/run/user/1000/bus', 'SNAP_REVISION': '393', 'GIO_LAUNCHED_DESKTOP_FILE_PID': '4290', 'DEBUGINFOD_URLS': 'https://debuginfod.ubuntu.com', 'https_proxy': 'http://127.0.0.1:10808', 'ROS_DISTRO': 'jazzy', 'LOGNAME': 'cyberkanjousen', 'SNAP_CONTEXT': '7cMq18PPvE0GyoauddMEMHLsazMvDF3aF-ApkkrArLYzdt8gAxjQ', 'http_proxy': 'http://127.0.0.1:10808', 'JOURNAL_STREAM': '9:40206', '_': '/usr/bin/colcon', 'ROS_VERSION': '2', 'MEMORY_PRESSURE_WATCH': '/sys/fs/cgroup/user.slice/user-1000.slice/user@1000.service/session.slice/org.gnome.Shell@x11.service/memory.pressure', 'XDG_SESSION_CLASS': 'user', 'SNAP_VERSION': '2025.2.4', 'USERNAME': 'cyberkanjousen', 'TERM': 'xterm-256color', 'GNOME_DESKTOP_SESSION_ID': 'this-is-deprecated', 'SNAP_INSTANCE_NAME': 'clion', 'WINDOWPATH': '2', 'PATH': '/opt/ros/jazzy/bin:/home/cyberkanjousen/.local/bin:/usr/local/sbin:/usr/local/bin:/usr/sbin:/usr/bin:/sbin:/bin:/usr/games:/usr/local/games:/snap/bin:/snap/bin:/home/cyberkanjousen/.local/bin:/home/cyberkanjousen/.local/bin', 'SESSION_MANAGER': 'local/cyberkanjousen-Legion-Y7000P-IRX10:@/tmp/.ICE-unix/3111,unix/cyberkanjousen-Legion-Y7000P-IRX10:/tmp/.ICE-unix/3111', 'INVOCATION_ID': 'e7fea1e9eb6f4e17a61b475e3444d22f', 'XDG_MENU_PREFIX': 'gnome-', 'ftp_proxy': 'ftp://127.0.0.1:10808', 'SNAP_DATA': '/var/snap/clion/393', 'XDG_RUNTIME_DIR': '/run/user/1000', 'DISPLAY': ':1', 'DESKTOP_STARTUP_ID': 'gnome-shell/CLion/3210-0-cyberkanjousen-Legion-Y7000P-IRX10_TIME51333', 'LANG': 'zh_CN.UTF-8', 'XDG_CURRENT_DESKTOP': 'ubuntu:GNOME', 'XMODIFIERS': '@im=ibus', 'XDG_SESSION_DESKTOP': 'ubuntu', 'XAUTHORITY': '/run/user/1000/gdm/Xauthority', 'LS_COLORS': 'rs=0:di=01;34:ln=01;36:mh=00:pi=40;33:so=01;35:do=01;35:bd=40;33;01:cd=40;33;01:or=40;31;01:mi=00:su=37;41:sg=30;43:ca=00:tw=30;42:ow=34;42:st=37;44:ex=01;32:*.tar=01;31:*.tgz=01;31:*.arc=01;31:*.arj=01;31:*.taz=01;31:*.lha=01;31:*.lz4=01;31:*.lzh=01;31:*.lzma=01;31:*.tlz=01;31:*.txz=01;31:*.tzo=01;31:*.t7z=01;31:*.zip=01;31:*.z=01;31:*.dz=01;31:*.gz=01;31:*.lrz=01;31:*.lz=01;31:*.lzo=01;31:*.xz=01;31:*.zst=01;31:*.tzst=01;31:*.bz2=01;31:*.bz=01;31:*.tbz=01;31:*.tbz2=01;31:*.tz=01;31:*.deb=01;31:*.rpm=01;31:*.jar=01;31:*.war=01;31:*.ear=01;31:*.sar=01;31:*.rar=01;31:*.alz=01;31:*.ace=01;31:*.zoo=01;31:*.cpio=01;31:*.7z=01;31:*.rz=01;31:*.cab=01;31:*.wim=01;31:*.swm=01;31:*.dwm=01;31:*.esd=01;31:*.avif=01;35:*.jpg=01;35:*.jpeg=01;35:*.mjpg=01;35:*.mjpeg=01;35:*.gif=01;35:*.bmp=01;35:*.pbm=01;35:*.pgm=01;35:*.ppm=01;35:*.tga=01;35:*.xbm=01;35:*.xpm=01;35:*.tif=01;35:*.tiff=01;35:*.png=01;35:*.svg=01;35:*.svgz=01;35:*.mng=01;35:*.pcx=01;35:*.mov=01;35:*.mpg=01;35:*.mpeg=01;35:*.m2v=01;35:*.mkv=01;35:*.webm=01;35:*.webp=01;35:*.ogm=01;35:*.mp4=01;35:*.m4v=01;35:*.mp4v=01;35:*.vob=01;35:*.qt=01;35:*.nuv=01;35:*.wmv=01;35:*.asf=01;35:*.rm=01;35:*.rmvb=01;35:*.flc=01;35:*.avi=01;35:*.fli=01;35:*.flv=01;35:*.gl=01;35:*.dl=01;35:*.xcf=01;35:*.xwd=01;35:*.yuv=01;35:*.cgm=01;35:*.emf=01;35:*.ogv=01;35:*.ogx=01;35:*.aac=00;36:*.au=00;36:*.flac=00;36:*.m4a=00;36:*.mid=00;36:*.midi=00;36:*.mka=00;36:*.mp3=00;36:*.mpc=00;36:*.ogg=00;36:*.ra=00;36:*.wav=00;36:*.oga=00;36:*.opus=00;36:*.spx=00;36:*.xspf=00;36:*~=00;90:*#=00;90:*.bak=00;90:*.crdownload=00;90:*.dpkg-dist=00;90:*.dpkg-new=00;90:*.dpkg-old=00;90:*.dpkg-tmp=00;90:*.old=00;90:*.orig=00;90:*.part=00;90:*.rej=00;90:*.rpmnew=00;90:*.rpmorig=00;90:*.rpmsave=00;90:*.swp=00;90:*.tmp=00;90:*.ucf-dist=00;90:*.ucf-new=00;90:*.ucf-old=00;90:', 'SNAP_USER_COMMON': '/home/cyberkanjousen/snap/clion/common', 'SSH_AUTH_SOCK': '/run/user/1000/keyring/ssh', 'SNAP_ARCH': 'amd64', 'AMENT_PREFIX_PATH': '/opt/ros/jazzy', 'SNAP_COOKIE': '7cMq18PPvE0GyoauddMEMHLsazMvDF3aF-ApkkrArLYzdt8gAxjQ', 'SHELL': '/bin/bash', 'QT_ACCESSIBILITY': '1', 'SNAP_REEXEC': '', 'GDMSESSION': 'ubuntu', 'LESSCLOSE': '/usr/bin/lesspipe %s %s', 'SNAP_NAME': 'clion', 'GPG_AGENT_INFO': '/run/user/1000/gnupg/S.gpg-agent:0:1', 'GJS_DEBUG_OUTPUT': 'stderr', 'ROS_AUTOMATIC_DISCOVERY_RANGE': 'SUBNET', 'QT_IM_MODULE': 'ibus', 'PWD': '/home/cyberkanjousen/CLionProjects/ROS2_1/build/cpp_pubsub', 'XDG_CONFIG_DIRS': '/etc/xdg/xdg-ubuntu:/etc/xdg', 'SNAP_REAL_HOME': '/home/cyberkanjousen', 'XDG_DATA_DIRS': '/usr/share/ubuntu:/usr/share/gnome:/usr/local/share/:/usr/share/:/var/lib/snapd/desktop', 'SNAP_EUID': '1000', 'QTWEBENGINE_DICTIONARIES_PATH': '/usr/share/hunspell-bdic/', 'PYTHONPATH': '/opt/ros/jazzy/lib/python3.12/site-packages', 'SNAP': '/snap/clion/393', 'COLCON': '1', 'MEMORY_PRESSURE_WRITE': 'c29tZSAyMDAwMDAgMjAwMDAwMAA=', 'JM_OPTION_PATH': '/home/cyberkanjousen/下载', 'CMAKE_PREFIX_PATH': '/opt/ros/jazzy/opt/gz_math_vendor:/opt/ros/jazzy/opt/gz_utils_vendor:/opt/ros/jazzy/opt/gz_cmake_vendor:/opt/ros/jazzy'}), 'shell': False}
[0.056679] (service_114514) StdoutLine: {'line': b'-- The C compiler identification is GNU 13.3.0\n'}
[0.060803] (cpp_pubsub) StdoutLine: {'line': b'-- The C compiler identification is GNU 13.3.0\n'}
[0.099872] (-) TimerEvent: {}
[0.109566] (service_114514) StdoutLine: {'line': b'-- The CXX compiler identification is GNU 13.3.0\n'}
[0.111550] (cpp_pubsub) StdoutLine: {'line': b'-- The CXX compiler identification is GNU 13.3.0\n'}
[0.131911] (cpp_pubsub) StdoutLine: {'line': b'-- Detecting C compiler ABI info\n'}
[0.132259] (service_114514) StdoutLine: {'line': b'-- Detecting C compiler ABI info\n'}
[0.200004] (-) TimerEvent: {}
[0.218200] (cpp_pubsub) StdoutLine: {'line': b'-- Detecting C compiler ABI info - done\n'}
[0.219923] (service_114514) StdoutLine: {'line': b'-- Detecting C compiler ABI info - done\n'}
[0.224459] (cpp_pubsub) StdoutLine: {'line': b'-- Check for working C compiler: /usr/bin/cc - skipped\n'}
[0.224612] (cpp_pubsub) StdoutLine: {'line': b'-- Detecting C compile features\n'}
[0.224870] (cpp_pubsub) StdoutLine: {'line': b'-- Detecting C compile features - done\n'}
[0.226031] (service_114514) StdoutLine: {'line': b'-- Check for working C compiler: /usr/bin/cc - skipped\n'}
[0.226092] (service_114514) StdoutLine: {'line': b'-- Detecting C compile features\n'}
[0.226472] (service_114514) StdoutLine: {'line': b'-- Detecting C compile features - done\n'}
[0.235058] (cpp_pubsub) StdoutLine: {'line': b'-- Detecting CXX compiler ABI info\n'}
[0.235847] (service_114514) StdoutLine: {'line': b'-- Detecting CXX compiler ABI info\n'}
[0.300137] (-) TimerEvent: {}
[0.330246] (service_114514) StdoutLine: {'line': b'-- Detecting CXX compiler ABI info - done\n'}
[0.330611] (cpp_pubsub) StdoutLine: {'line': b'-- Detecting CXX compiler ABI info - done\n'}
[0.336589] (service_114514) StdoutLine: {'line': b'-- Check for working CXX compiler: /usr/bin/c++ - skipped\n'}
[0.336867] (service_114514) StdoutLine: {'line': b'-- Detecting CXX compile features\n'}
[0.337043] (cpp_pubsub) StdoutLine: {'line': b'-- Check for working CXX compiler: /usr/bin/c++ - skipped\n'}
[0.337117] (cpp_pubsub) StdoutLine: {'line': b'-- Detecting CXX compile features\n'}
[0.337193] (service_114514) StdoutLine: {'line': b'-- Detecting CXX compile features - done\n'}
[0.337592] (cpp_pubsub) StdoutLine: {'line': b'-- Detecting CXX compile features - done\n'}
[0.339061] (service_114514) StdoutLine: {'line': b'-- Found ament_cmake: 2.5.4 (/opt/ros/jazzy/share/ament_cmake/cmake)\n'}
[0.339574] (cpp_pubsub) StdoutLine: {'line': b'-- Found ament_cmake: 2.5.4 (/opt/ros/jazzy/share/ament_cmake/cmake)\n'}
[0.400252] (-) TimerEvent: {}
[0.450024] (service_114514) StdoutLine: {'line': b'-- Found Python3: /usr/bin/python3 (found version "3.12.3") found components: Interpreter \n'}
[0.455601] (cpp_pubsub) StdoutLine: {'line': b'-- Found Python3: /usr/bin/python3 (found version "3.12.3") found components: Interpreter \n'}
[0.500339] (-) TimerEvent: {}
[0.524101] (service_114514) StdoutLine: {'line': b'-- Found rosidl_default_generators: 1.6.0 (/opt/ros/jazzy/share/rosidl_default_generators/cmake)\n'}
[0.526956] (cpp_pubsub) StdoutLine: {'line': b'-- Found rclcpp: 28.1.12 (/opt/ros/jazzy/share/rclcpp/cmake)\n'}
[0.527162] (service_114514) StdoutLine: {'line': b'-- Using all available rosidl_typesupport_c: rosidl_typesupport_fastrtps_c;rosidl_typesupport_introspection_c\n'}
[0.552727] (cpp_pubsub) StdoutLine: {'line': b'-- Found rosidl_generator_c: 4.6.6 (/opt/ros/jazzy/share/rosidl_generator_c/cmake)\n'}
[0.559461] (service_114514) StdoutLine: {'line': b'-- Using all available rosidl_typesupport_cpp: rosidl_typesupport_fastrtps_cpp;rosidl_typesupport_introspection_cpp\n'}
[0.561132] (cpp_pubsub) StdoutLine: {'line': b'-- Found rosidl_generator_cpp: 4.6.6 (/opt/ros/jazzy/share/rosidl_generator_cpp/cmake)\n'}
[0.571303] (cpp_pubsub) StdoutLine: {'line': b'-- Using all available rosidl_typesupport_c: rosidl_typesupport_fastrtps_c;rosidl_typesupport_introspection_c\n'}
[0.582817] (cpp_pubsub) StdoutLine: {'line': b'-- Using all available rosidl_typesupport_cpp: rosidl_typesupport_fastrtps_cpp;rosidl_typesupport_introspection_cpp\n'}
[0.585821] (service_114514) StdoutLine: {'line': b'-- Found rosidl_adapter: 4.6.6 (/opt/ros/jazzy/share/rosidl_adapter/cmake)\n'}
[0.600458] (-) TimerEvent: {}
[0.634653] (cpp_pubsub) StdoutLine: {'line': b'-- Found rmw_implementation_cmake: 7.3.2 (/opt/ros/jazzy/share/rmw_implementation_cmake/cmake)\n'}
[0.636254] (cpp_pubsub) StdoutLine: {'line': b'-- Found rmw_fastrtps_cpp: 8.4.3 (/opt/ros/jazzy/share/rmw_fastrtps_cpp/cmake)\n'}
[0.700588] (-) TimerEvent: {}
[0.703591] (cpp_pubsub) StdoutLine: {'line': b'-- Found OpenSSL: /usr/lib/x86_64-linux-gnu/libcrypto.so (found version "3.0.13")  \n'}
[0.722634] (cpp_pubsub) StdoutLine: {'line': b'-- Found FastRTPS: /opt/ros/jazzy/include (Required is at least version "2.13") \n'}
[0.740046] (cpp_pubsub) StdoutLine: {'line': b"-- Using RMW implementation 'rmw_fastrtps_cpp' as default\n"}
[0.792643] (cpp_pubsub) StdoutLine: {'line': b'-- Found std_msgs: 5.3.6 (/opt/ros/jazzy/share/std_msgs/cmake)\n'}
[0.800696] (-) TimerEvent: {}
[0.869329] (cpp_pubsub) StdoutLine: {'line': b'-- Configuring done (0.9s)\n'}
[0.879937] (cpp_pubsub) StdoutLine: {'line': b'-- Generating done (0.0s)\n'}
[0.892099] (cpp_pubsub) StdoutLine: {'line': b'-- Build files have been written to: /home/cyberkanjousen/CLionProjects/ROS2_1/build/cpp_pubsub\n'}
[0.899687] (cpp_pubsub) CommandEnded: {'returncode': 0}
[0.899936] (cpp_pubsub) JobProgress: {'identifier': 'cpp_pubsub', 'progress': 'build'}
[0.899952] (cpp_pubsub) Command: {'cmd': ['/usr/bin/cmake', '--build', '/home/cyberkanjousen/CLionProjects/ROS2_1/build/cpp_pubsub', '--', '-j32', '-l32'], 'cwd': '/home/cyberkanjousen/CLionProjects/ROS2_1/build/cpp_pubsub', 'env': OrderedDict({'TERM_SESSION_ID': '63c909e5-d298-4cc9-832e-4a5012225e58', 'GJS_DEBUG_TOPICS': 'JS ERROR;JS LOG', 'XDG_ACTIVATION_TOKEN': 'gnome-shell/CLion/3210-0-cyberkanjousen-Legion-Y7000P-IRX10_TIME51333', 'LESSOPEN': '| /usr/bin/lesspipe %s', 'SNAP_INSTANCE_KEY': '', 'USER': 'cyberkanjousen', 'SNAP_COMMON': '/var/snap/clion/common', 'socks_host': 'socks://127.0.0.1:10808', 'XDG_SESSION_TYPE': 'x11', 'SNAP_UID': '1000', 'CLUTTER_DISABLE_MIPMAPPED_TEXT': '1', 'SHLVL': '1', 'LD_LIBRARY_PATH': '/opt/ros/jazzy/opt/rviz_ogre_vendor/lib:/opt/ros/jazzy/lib/x86_64-linux-gnu:/opt/ros/jazzy/opt/gz_math_vendor/lib:/opt/ros/jazzy/opt/gz_utils_vendor/lib:/opt/ros/jazzy/opt/gz_cmake_vendor/lib:/opt/ros/jazzy/lib', 'HOME': '/home/cyberkanjousen', 'SNAP_LIBRARY_PATH': '/var/lib/snapd/lib/gl:/var/lib/snapd/lib/gl32:/var/lib/snapd/void', 'DESKTOP_SESSION': 'ubuntu', 'SNAP_USER_DATA': '/home/cyberkanjousen/snap/clion/393', 'TERMINAL_EMULATOR': 'JetBrains-JediTerm', 'GIO_LAUNCHED_DESKTOP_FILE': '/var/lib/snapd/desktop/applications/clion_clion.desktop', 'ROS_PYTHON_VERSION': '3', 'GNOME_SHELL_SESSION_MODE': 'ubuntu', 'GTK_MODULES': 'gail:atk-bridge', 'MANAGERPID': '2765', 'SYSTEMD_EXEC_PID': '3210', 'GSM_SKIP_SSH_AGENT_WORKAROUND': 'true', 'DBUS_SESSION_BUS_ADDRESS': 'unix:path=/run/user/1000/bus', 'SNAP_REVISION': '393', 'GIO_LAUNCHED_DESKTOP_FILE_PID': '4290', 'DEBUGINFOD_URLS': 'https://debuginfod.ubuntu.com', 'https_proxy': 'http://127.0.0.1:10808', 'ROS_DISTRO': 'jazzy', 'LOGNAME': 'cyberkanjousen', 'SNAP_CONTEXT': '7cMq18PPvE0GyoauddMEMHLsazMvDF3aF-ApkkrArLYzdt8gAxjQ', 'http_proxy': 'http://127.0.0.1:10808', 'JOURNAL_STREAM': '9:40206', '_': '/usr/bin/colcon', 'ROS_VERSION': '2', 'MEMORY_PRESSURE_WATCH': '/sys/fs/cgroup/user.slice/user-1000.slice/user@1000.service/session.slice/org.gnome.Shell@x11.service/memory.pressure', 'XDG_SESSION_CLASS': 'user', 'SNAP_VERSION': '2025.2.4', 'USERNAME': 'cyberkanjousen', 'TERM': 'xterm-256color', 'GNOME_DESKTOP_SESSION_ID': 'this-is-deprecated', 'SNAP_INSTANCE_NAME': 'clion', 'WINDOWPATH': '2', 'PATH': '/opt/ros/jazzy/bin:/home/cyberkanjousen/.local/bin:/usr/local/sbin:/usr/local/bin:/usr/sbin:/usr/bin:/sbin:/bin:/usr/games:/usr/local/games:/snap/bin:/snap/bin:/home/cyberkanjousen/.local/bin:/home/cyberkanjousen/.local/bin', 'SESSION_MANAGER': 'local/cyberkanjousen-Legion-Y7000P-IRX10:@/tmp/.ICE-unix/3111,unix/cyberkanjousen-Legion-Y7000P-IRX10:/tmp/.ICE-unix/3111', 'INVOCATION_ID': 'e7fea1e9eb6f4e17a61b475e3444d22f', 'XDG_MENU_PREFIX': 'gnome-', 'ftp_proxy': 'ftp://127.0.0.1:10808', 'SNAP_DATA': '/var/snap/clion/393', 'XDG_RUNTIME_DIR': '/run/user/1000', 'DISPLAY': ':1', 'DESKTOP_STARTUP_ID': 'gnome-shell/CLion/3210-0-cyberkanjousen-Legion-Y7000P-IRX10_TIME51333', 'LANG': 'zh_CN.UTF-8', 'XDG_CURRENT_DESKTOP': 'ubuntu:GNOME', 'XMODIFIERS': '@im=ibus', 'XDG_SESSION_DESKTOP': 'ubuntu', 'XAUTHORITY': '/run/user/1000/gdm/Xauthority', 'LS_COLORS': 'rs=0:di=01;34:ln=01;36:mh=00:pi=40;33:so=01;35:do=01;35:bd=40;33;01:cd=40;33;01:or=40;31;01:mi=00:su=37;41:sg=30;43:ca=00:tw=30;42:ow=34;42:st=37;44:ex=01;32:*.tar=01;31:*.tgz=01;31:*.arc=01;31:*.arj=01;31:*.taz=01;31:*.lha=01;31:*.lz4=01;31:*.lzh=01;31:*.lzma=01;31:*.tlz=01;31:*.txz=01;31:*.tzo=01;31:*.t7z=01;31:*.zip=01;31:*.z=01;31:*.dz=01;31:*.gz=01;31:*.lrz=01;31:*.lz=01;31:*.lzo=01;31:*.xz=01;31:*.zst=01;31:*.tzst=01;31:*.bz2=01;31:*.bz=01;31:*.tbz=01;31:*.tbz2=01;31:*.tz=01;31:*.deb=01;31:*.rpm=01;31:*.jar=01;31:*.war=01;31:*.ear=01;31:*.sar=01;31:*.rar=01;31:*.alz=01;31:*.ace=01;31:*.zoo=01;31:*.cpio=01;31:*.7z=01;31:*.rz=01;31:*.cab=01;31:*.wim=01;31:*.swm=01;31:*.dwm=01;31:*.esd=01;31:*.avif=01;35:*.jpg=01;35:*.jpeg=01;35:*.mjpg=01;35:*.mjpeg=01;35:*.gif=01;35:*.bmp=01;35:*.pbm=01;35:*.pgm=01;35:*.ppm=01;35:*.tga=01;35:*.xbm=01;35:*.xpm=01;35:*.tif=01;35:*.tiff=01;35:*.png=01;35:*.svg=01;35:*.svgz=01;35:*.mng=01;35:*.pcx=01;35:*.mov=01;35:*.mpg=01;35:*.mpeg=01;35:*.m2v=01;35:*.mkv=01;35:*.webm=01;35:*.webp=01;35:*.ogm=01;35:*.mp4=01;35:*.m4v=01;35:*.mp4v=01;35:*.vob=01;35:*.qt=01;35:*.nuv=01;35:*.wmv=01;35:*.asf=01;35:*.rm=01;35:*.rmvb=01;35:*.flc=01;35:*.avi=01;35:*.fli=01;35:*.flv=01;35:*.gl=01;35:*.dl=01;35:*.xcf=01;35:*.xwd=01;35:*.yuv=01;35:*.cgm=01;35:*.emf=01;35:*.ogv=01;35:*.ogx=01;35:*.aac=00;36:*.au=00;36:*.flac=00;36:*.m4a=00;36:*.mid=00;36:*.midi=00;36:*.mka=00;36:*.mp3=00;36:*.mpc=00;36:*.ogg=00;36:*.ra=00;36:*.wav=00;36:*.oga=00;36:*.opus=00;36:*.spx=00;36:*.xspf=00;36:*~=00;90:*#=00;90:*.bak=00;90:*.crdownload=00;90:*.dpkg-dist=00;90:*.dpkg-new=00;90:*.dpkg-old=00;90:*.dpkg-tmp=00;90:*.old=00;90:*.orig=00;90:*.part=00;90:*.rej=00;90:*.rpmnew=00;90:*.rpmorig=00;90:*.rpmsave=00;90:*.swp=00;90:*.tmp=00;90:*.ucf-dist=00;90:*.ucf-new=00;90:*.ucf-old=00;90:', 'SNAP_USER_COMMON': '/home/cyberkanjousen/snap/clion/common', 'SSH_AUTH_SOCK': '/run/user/1000/keyring/ssh', 'SNAP_ARCH': 'amd64', 'AMENT_PREFIX_PATH': '/opt/ros/jazzy', 'SNAP_COOKIE': '7cMq18PPvE0GyoauddMEMHLsazMvDF3aF-ApkkrArLYzdt8gAxjQ', 'SHELL': '/bin/bash', 'QT_ACCESSIBILITY': '1', 'SNAP_REEXEC': '', 'GDMSESSION': 'ubuntu', 'LESSCLOSE': '/usr/bin/lesspipe %s %s', 'SNAP_NAME': 'clion', 'GPG_AGENT_INFO': '/run/user/1000/gnupg/S.gpg-agent:0:1', 'GJS_DEBUG_OUTPUT': 'stderr', 'ROS_AUTOMATIC_DISCOVERY_RANGE': 'SUBNET', 'QT_IM_MODULE': 'ibus', 'PWD': '/home/cyberkanjousen/CLionProjects/ROS2_1/build/cpp_pubsub', 'XDG_CONFIG_DIRS': '/etc/xdg/xdg-ubuntu:/etc/xdg', 'SNAP_REAL_HOME': '/home/cyberkanjousen', 'XDG_DATA_DIRS': '/usr/share/ubuntu:/usr/share/gnome:/usr/local/share/:/usr/share/:/var/lib/snapd/desktop', 'SNAP_EUID': '1000', 'QTWEBENGINE_DICTIONARIES_PATH': '/usr/share/hunspell-bdic/', 'PYTHONPATH': '/opt/ros/jazzy/lib/python3.12/site-packages', 'SNAP': '/snap/clion/393', 'COLCON': '1', 'MEMORY_PRESSURE_WRITE': 'c29tZSAyMDAwMDAgMjAwMDAwMAA=', 'JM_OPTION_PATH': '/home/cyberkanjousen/下载', 'CMAKE_PREFIX_PATH': '/opt/ros/jazzy/opt/gz_math_vendor:/opt/ros/jazzy/opt/gz_utils_vendor:/opt/ros/jazzy/opt/gz_cmake_vendor:/opt/ros/jazzy'}), 'shell': False}
[0.900787] (-) TimerEvent: {}
[0.910621] (cpp_pubsub) StdoutLine: {'line': b'\n'}
[0.911020] (cpp_pubsub) StdoutLine: {'line': b'[0/8] Building CXX object CMakeFiles/talker.dir/src/publisher_lambda_function.cpp.o\x1b[K\n'}
[0.911275] (cpp_pubsub) StdoutLine: {'line': b'[0/8] Building CXX object CMakeFiles/listener.dir/src/subscriber_lambda_function.cpp.o\x1b[K\n'}
[0.911584] (cpp_pubsub) StdoutLine: {'line': b'[0/8] Building CXX object CMakeFiles/publisher_114514.dir/src/publisher_114514.cpp.o\x1b[K\n'}
[1.000979] (-) TimerEvent: {}
[1.054860] (service_114514) StdoutLine: {'line': b'-- Found ament_cmake_ros: 0.12.0 (/opt/ros/jazzy/share/ament_cmake_ros/cmake)\n'}
[1.101078] (-) TimerEvent: {}
[1.201429] (-) TimerEvent: {}
[1.301820] (-) TimerEvent: {}
[1.401079] (service_114514) StdoutLine: {'line': b'-- Using all available rosidl_typesupport_c: rosidl_typesupport_fastrtps_c;rosidl_typesupport_introspection_c\n'}
[1.401909] (-) TimerEvent: {}
[1.502111] (-) TimerEvent: {}
[1.602313] (-) TimerEvent: {}
[1.702518] (-) TimerEvent: {}
[1.802748] (-) TimerEvent: {}
[1.851228] (service_114514) StdoutLine: {'line': b'-- Using all available rosidl_typesupport_cpp: rosidl_typesupport_fastrtps_cpp;rosidl_typesupport_introspection_cpp\n'}
[1.852893] (service_114514) StdoutLine: {'line': b'-- Found python_cmake_module: 0.11.1 (/opt/ros/jazzy/share/python_cmake_module/cmake)\n'}
[1.902863] (-) TimerEvent: {}
[1.962669] (service_114514) StdoutLine: {'line': b'-- Found PythonExtra: /usr/bin/python3  \n'}
[2.003005] (-) TimerEvent: {}
[2.103415] (-) TimerEvent: {}
[2.203705] (-) TimerEvent: {}
[2.290108] (service_114514) StdoutLine: {'line': b'-- Found Python3: /usr/bin/python3 (found version "3.12.3") found components: Interpreter Development NumPy Development.Module Development.Embed \n'}
[2.303838] (-) TimerEvent: {}
[2.315011] (service_114514) StdoutLine: {'line': b'-- Found ament_lint_auto: 0.17.3 (/opt/ros/jazzy/share/ament_lint_auto/cmake)\n'}
[2.326373] (service_114514) StdoutLine: {'line': b"-- Added test 'lint_cmake' to check CMake code style\n"}
[2.327162] (service_114514) StdoutLine: {'line': b"-- Added test 'xmllint' to check XML markup files\n"}
[2.328814] (service_114514) StdoutLine: {'line': b'-- Configuring done (2.3s)\n'}
[2.344338] (service_114514) StdoutLine: {'line': b'-- Generating done (0.0s)\n'}
[2.358591] (service_114514) StdoutLine: {'line': b'-- Build files have been written to: /home/cyberkanjousen/CLionProjects/ROS2_1/build/service_114514\n'}
[2.366559] (service_114514) CommandEnded: {'returncode': 0}
[2.367232] (service_114514) JobProgress: {'identifier': 'service_114514', 'progress': 'build'}
[2.367604] (service_114514) Command: {'cmd': ['/usr/bin/cmake', '--build', '/home/cyberkanjousen/CLionProjects/ROS2_1/build/service_114514', '--', '-j32', '-l32'], 'cwd': '/home/cyberkanjousen/CLionProjects/ROS2_1/build/service_114514', 'env': OrderedDict({'TERM_SESSION_ID': '63c909e5-d298-4cc9-832e-4a5012225e58', 'GJS_DEBUG_TOPICS': 'JS ERROR;JS LOG', 'XDG_ACTIVATION_TOKEN': 'gnome-shell/CLion/3210-0-cyberkanjousen-Legion-Y7000P-IRX10_TIME51333', 'LESSOPEN': '| /usr/bin/lesspipe %s', 'SNAP_INSTANCE_KEY': '', 'USER': 'cyberkanjousen', 'SNAP_COMMON': '/var/snap/clion/common', 'socks_host': 'socks://127.0.0.1:10808', 'XDG_SESSION_TYPE': 'x11', 'SNAP_UID': '1000', 'CLUTTER_DISABLE_MIPMAPPED_TEXT': '1', 'SHLVL': '1', 'LD_LIBRARY_PATH': '/opt/ros/jazzy/opt/rviz_ogre_vendor/lib:/opt/ros/jazzy/lib/x86_64-linux-gnu:/opt/ros/jazzy/opt/gz_math_vendor/lib:/opt/ros/jazzy/opt/gz_utils_vendor/lib:/opt/ros/jazzy/opt/gz_cmake_vendor/lib:/opt/ros/jazzy/lib', 'HOME': '/home/cyberkanjousen', 'SNAP_LIBRARY_PATH': '/var/lib/snapd/lib/gl:/var/lib/snapd/lib/gl32:/var/lib/snapd/void', 'DESKTOP_SESSION': 'ubuntu', 'SNAP_USER_DATA': '/home/cyberkanjousen/snap/clion/393', 'TERMINAL_EMULATOR': 'JetBrains-JediTerm', 'GIO_LAUNCHED_DESKTOP_FILE': '/var/lib/snapd/desktop/applications/clion_clion.desktop', 'ROS_PYTHON_VERSION': '3', 'GNOME_SHELL_SESSION_MODE': 'ubuntu', 'GTK_MODULES': 'gail:atk-bridge', 'MANAGERPID': '2765', 'SYSTEMD_EXEC_PID': '3210', 'GSM_SKIP_SSH_AGENT_WORKAROUND': 'true', 'DBUS_SESSION_BUS_ADDRESS': 'unix:path=/run/user/1000/bus', 'SNAP_REVISION': '393', 'GIO_LAUNCHED_DESKTOP_FILE_PID': '4290', 'DEBUGINFOD_URLS': 'https://debuginfod.ubuntu.com', 'https_proxy': 'http://127.0.0.1:10808', 'ROS_DISTRO': 'jazzy', 'LOGNAME': 'cyberkanjousen', 'SNAP_CONTEXT': '7cMq18PPvE0GyoauddMEMHLsazMvDF3aF-ApkkrArLYzdt8gAxjQ', 'http_proxy': 'http://127.0.0.1:10808', 'JOURNAL_STREAM': '9:40206', '_': '/usr/bin/colcon', 'ROS_VERSION': '2', 'MEMORY_PRESSURE_WATCH': '/sys/fs/cgroup/user.slice/user-1000.slice/user@1000.service/session.slice/org.gnome.Shell@x11.service/memory.pressure', 'XDG_SESSION_CLASS': 'user', 'SNAP_VERSION': '2025.2.4', 'USERNAME': 'cyberkanjousen', 'TERM': 'xterm-256color', 'GNOME_DESKTOP_SESSION_ID': 'this-is-deprecated', 'SNAP_INSTANCE_NAME': 'clion', 'WINDOWPATH': '2', 'PATH': '/opt/ros/jazzy/bin:/home/cyberkanjousen/.local/bin:/usr/local/sbin:/usr/local/bin:/usr/sbin:/usr/bin:/sbin:/bin:/usr/games:/usr/local/games:/snap/bin:/snap/bin:/home/cyberkanjousen/.local/bin:/home/cyberkanjousen/.local/bin', 'SESSION_MANAGER': 'local/cyberkanjousen-Legion-Y7000P-IRX10:@/tmp/.ICE-unix/3111,unix/cyberkanjousen-Legion-Y7000P-IRX10:/tmp/.ICE-unix/3111', 'INVOCATION_ID': 'e7fea1e9eb6f4e17a61b475e3444d22f', 'XDG_MENU_PREFIX': 'gnome-', 'ftp_proxy': 'ftp://127.0.0.1:10808', 'SNAP_DATA': '/var/snap/clion/393', 'XDG_RUNTIME_DIR': '/run/user/1000', 'DISPLAY': ':1', 'DESKTOP_STARTUP_ID': 'gnome-shell/CLion/3210-0-cyberkanjousen-Legion-Y7000P-IRX10_TIME51333', 'LANG': 'zh_CN.UTF-8', 'XDG_CURRENT_DESKTOP': 'ubuntu:GNOME', 'XMODIFIERS': '@im=ibus', 'XDG_SESSION_DESKTOP': 'ubuntu', 'XAUTHORITY': '/run/user/1000/gdm/Xauthority', 'LS_COLORS': 'rs=0:di=01;34:ln=01;36:mh=00:pi=40;33:so=01;35:do=01;35:bd=40;33;01:cd=40;33;01:or=40;31;01:mi=00:su=37;41:sg=30;43:ca=00:tw=30;42:ow=34;42:st=37;44:ex=01;32:*.tar=01;31:*.tgz=01;31:*.arc=01;31:*.arj=01;31:*.taz=01;31:*.lha=01;31:*.lz4=01;31:*.lzh=01;31:*.lzma=01;31:*.tlz=01;31:*.txz=01;31:*.tzo=01;31:*.t7z=01;31:*.zip=01;31:*.z=01;31:*.dz=01;31:*.gz=01;31:*.lrz=01;31:*.lz=01;31:*.lzo=01;31:*.xz=01;31:*.zst=01;31:*.tzst=01;31:*.bz2=01;31:*.bz=01;31:*.tbz=01;31:*.tbz2=01;31:*.tz=01;31:*.deb=01;31:*.rpm=01;31:*.jar=01;31:*.war=01;31:*.ear=01;31:*.sar=01;31:*.rar=01;31:*.alz=01;31:*.ace=01;31:*.zoo=01;31:*.cpio=01;31:*.7z=01;31:*.rz=01;31:*.cab=01;31:*.wim=01;31:*.swm=01;31:*.dwm=01;31:*.esd=01;31:*.avif=01;35:*.jpg=01;35:*.jpeg=01;35:*.mjpg=01;35:*.mjpeg=01;35:*.gif=01;35:*.bmp=01;35:*.pbm=01;35:*.pgm=01;35:*.ppm=01;35:*.tga=01;35:*.xbm=01;35:*.xpm=01;35:*.tif=01;35:*.tiff=01;35:*.png=01;35:*.svg=01;35:*.svgz=01;35:*.mng=01;35:*.pcx=01;35:*.mov=01;35:*.mpg=01;35:*.mpeg=01;35:*.m2v=01;35:*.mkv=01;35:*.webm=01;35:*.webp=01;35:*.ogm=01;35:*.mp4=01;35:*.m4v=01;35:*.mp4v=01;35:*.vob=01;35:*.qt=01;35:*.nuv=01;35:*.wmv=01;35:*.asf=01;35:*.rm=01;35:*.rmvb=01;35:*.flc=01;35:*.avi=01;35:*.fli=01;35:*.flv=01;35:*.gl=01;35:*.dl=01;35:*.xcf=01;35:*.xwd=01;35:*.yuv=01;35:*.cgm=01;35:*.emf=01;35:*.ogv=01;35:*.ogx=01;35:*.aac=00;36:*.au=00;36:*.flac=00;36:*.m4a=00;36:*.mid=00;36:*.midi=00;36:*.mka=00;36:*.mp3=00;36:*.mpc=00;36:*.ogg=00;36:*.ra=00;36:*.wav=00;36:*.oga=00;36:*.opus=00;36:*.spx=00;36:*.xspf=00;36:*~=00;90:*#=00;90:*.bak=00;90:*.crdownload=00;90:*.dpkg-dist=00;90:*.dpkg-new=00;90:*.dpkg-old=00;90:*.dpkg-tmp=00;90:*.old=00;90:*.orig=00;90:*.part=00;90:*.rej=00;90:*.rpmnew=00;90:*.rpmorig=00;90:*.rpmsave=00;90:*.swp=00;90:*.tmp=00;90:*.ucf-dist=00;90:*.ucf-new=00;90:*.ucf-old=00;90:', 'SNAP_USER_COMMON': '/home/cyberkanjousen/snap/clion/common', 'SSH_AUTH_SOCK': '/run/user/1000/keyring/ssh', 'SNAP_ARCH': 'amd64', 'AMENT_PREFIX_PATH': '/opt/ros/jazzy', 'SNAP_COOKIE': '7cMq18PPvE0GyoauddMEMHLsazMvDF3aF-ApkkrArLYzdt8gAxjQ', 'SHELL': '/bin/bash', 'QT_ACCESSIBILITY': '1', 'SNAP_REEXEC': '', 'GDMSESSION': 'ubuntu', 'LESSCLOSE': '/usr/bin/lesspipe %s %s', 'SNAP_NAME': 'clion', 'GPG_AGENT_INFO': '/run/user/1000/gnupg/S.gpg-agent:0:1', 'GJS_DEBUG_OUTPUT': 'stderr', 'ROS_AUTOMATIC_DISCOVERY_RANGE': 'SUBNET', 'QT_IM_MODULE': 'ibus', 'PWD': '/home/cyberkanjousen/CLionProjects/ROS2_1/build/service_114514', 'XDG_CONFIG_DIRS': '/etc/xdg/xdg-ubuntu:/etc/xdg', 'SNAP_REAL_HOME': '/home/cyberkanjousen', 'XDG_DATA_DIRS': '/usr/share/ubuntu:/usr/share/gnome:/usr/local/share/:/usr/share/:/var/lib/snapd/desktop', 'SNAP_EUID': '1000', 'QTWEBENGINE_DICTIONARIES_PATH': '/usr/share/hunspell-bdic/', 'PYTHONPATH': '/opt/ros/jazzy/lib/python3.12/site-packages', 'SNAP': '/snap/clion/393', 'COLCON': '1', 'MEMORY_PRESSURE_WRITE': 'c29tZSAyMDAwMDAgMjAwMDAwMAA=', 'JM_OPTION_PATH': '/home/cyberkanjousen/下载', 'CMAKE_PREFIX_PATH': '/opt/ros/jazzy/opt/gz_math_vendor:/opt/ros/jazzy/opt/gz_utils_vendor:/opt/ros/jazzy/opt/gz_cmake_vendor:/opt/ros/jazzy'}), 'shell': False}
[2.381230] (service_114514) StdoutLine: {'line': b'\n'}
[2.381592] (service_114514) StdoutLine: {'line': b'[0/36] Generating type hashes for ROS interfaces\x1b[K\n'}
[2.390640] (service_114514) StdoutLine: {'line': b'[0/36] cd /home/cyberkanjousen/CLionProjects/ROS2_1/build/service_114514 && /usr/bin/cmake -E copy_directory /home/cyberkanjousen/CLionProjects/ROS2_1/build/service_114514/rosidl_generator_py/service_114514 /home/cyberkanjousen/CLionProjects/ROS2_1/build/service_114514/ament_cmake_python/service_114514/service_114514\x1b[K\n'}
[2.390850] (service_114514) StdoutLine: {'line': b'[1/36] cd /home/cyberkanjousen/CLionProjects/ROS2_1/build/service_114514 && /usr/bin/cmake -E copy_directory /home/cyberkanjousen/CLionProjects/ROS2_1/build/service_114514/rosidl_generator_py/service_114514 /home/cyberkanjousen/CLionProjects/ROS2_1/build/service_114514/ament_cmake_python/service_114514/service_114514\x1b[K\n'}
[2.403971] (-) TimerEvent: {}
[2.500420] (service_114514) StdoutLine: {'line': b'[1/36] cd /home/cyberkanjousen/CLionProjects/ROS2_1/build/service_114514/ament_cmake_python/service_114514 && /usr/bin/python3 setup.py egg_info\x1b[K\n'}
[2.500653] (service_114514) StdoutLine: {'line': b'[2/36] Generating type hashes for ROS interfaces\x1b[K\n'}
[2.501148] (service_114514) StdoutLine: {'line': b'[2/36] Generating C code for ROS interfaces\x1b[K\n'}
[2.504117] (-) TimerEvent: {}
[2.574524] (service_114514) StdoutLine: {'line': b'[2/36] Generating C++ code for ROS interfaces\x1b[K\n'}
[2.574663] (service_114514) StdoutLine: {'line': b'[3/36] cd /home/cyberkanjousen/CLionProjects/ROS2_1/build/service_114514/ament_cmake_python/service_114514 && /usr/bin/python3 setup.py egg_info\x1b[K\n'}
[2.574709] (service_114514) StdoutLine: {'line': b'running egg_info\n'}
[2.574747] (service_114514) StdoutLine: {'line': b'creating service_114514.egg-info\n'}
[2.574783] (service_114514) StdoutLine: {'line': b'writing service_114514.egg-info/PKG-INFO\n'}
[2.574818] (service_114514) StdoutLine: {'line': b'writing dependency_links to service_114514.egg-info/dependency_links.txt\n'}
[2.574853] (service_114514) StdoutLine: {'line': b'writing top-level names to service_114514.egg-info/top_level.txt\n'}
[2.574889] (service_114514) StdoutLine: {'line': b"writing manifest file 'service_114514.egg-info/SOURCES.txt'\n"}
[2.574923] (service_114514) StdoutLine: {'line': b"reading manifest file 'service_114514.egg-info/SOURCES.txt'\n"}
[2.574958] (service_114514) StdoutLine: {'line': b"writing manifest file 'service_114514.egg-info/SOURCES.txt'\n"}
[2.604235] (-) TimerEvent: {}
[2.667750] (service_114514) StdoutLine: {'line': b'\n'}
[2.675147] (service_114514) StdoutLine: {'line': b'[4/36] Generating C++ code for ROS interfaces\x1b[K\n'}
[2.675276] (service_114514) StdoutLine: {'line': b'[5/36] Generating C code for ROS interfaces\x1b[K\n'}
[2.675795] (service_114514) StdoutLine: {'line': b'[5/36] Building C object CMakeFiles/service_114514__rosidl_generator_c.dir/rosidl_generator_c/service_114514/srv/detail/add_two_ints__description.c.o\x1b[K\n'}
[2.676087] (service_114514) StdoutLine: {'line': b'[5/36] Building C object CMakeFiles/service_114514__rosidl_generator_c.dir/rosidl_generator_c/service_114514/srv/detail/add_two_ints__functions.c.o\x1b[K\n'}
[2.698943] (service_114514) StdoutLine: {'line': b'[5/36] Building C object CMakeFiles/service_114514__rosidl_generator_c.dir/rosidl_generator_c/service_114514/srv/detail/add_two_ints__type_support.c.o\x1b[K\n'}
[2.704349] (-) TimerEvent: {}
[2.711979] (service_114514) StdoutLine: {'line': b'[6/36] Building C object CMakeFiles/service_114514__rosidl_generator_c.dir/rosidl_generator_c/service_114514/srv/detail/add_two_ints__type_support.c.o\x1b[K\n'}
[2.729488] (service_114514) StdoutLine: {'line': b'[7/36] Building C object CMakeFiles/service_114514__rosidl_generator_c.dir/rosidl_generator_c/service_114514/srv/detail/add_two_ints__description.c.o\x1b[K\n'}
[2.729633] (service_114514) StdoutLine: {'line': b'[8/36] Building C object CMakeFiles/service_114514__rosidl_generator_c.dir/rosidl_generator_c/service_114514/srv/detail/add_two_ints__functions.c.o\x1b[K\n'}
[2.745020] (service_114514) StdoutLine: {'line': b'[8/36] Linking C shared library libservice_114514__rosidl_generator_c.so\x1b[K\n'}
[2.745183] (service_114514) StdoutLine: {'line': b'[9/36] Linking C shared library libservice_114514__rosidl_generator_c.so\x1b[K\n'}
[2.745231] (service_114514) StdoutLine: {'line': b'[9/36] Generating C type support for eProsima Fast-RTPS\x1b[K\n'}
[2.745731] (service_114514) StdoutLine: {'line': b'[9/36] Generating C introspection for ROS interfaces\x1b[K\n'}
[2.745926] (service_114514) StdoutLine: {'line': b'[9/36] Generating C type support dispatch for ROS interfaces\x1b[K\n'}
[2.746112] (service_114514) StdoutLine: {'line': b'[9/36] Generating C++ type support for eProsima Fast-RTPS\x1b[K\n'}
[2.746249] (service_114514) StdoutLine: {'line': b'[9/36] Generating C++ introspection for ROS interfaces\x1b[K\n'}
[2.804512] (-) TimerEvent: {}
[2.897845] (service_114514) StdoutLine: {'line': b'[9/36] Generating C++ type support dispatch for ROS interfaces\x1b[K\n'}
[2.898058] (service_114514) StdoutLine: {'line': b'[10/36] Generating C introspection for ROS interfaces\x1b[K\n'}
[2.904371] (service_114514) StdoutLine: {'line': b'[10/36] Building C object CMakeFiles/service_114514__rosidl_typesupport_introspection_c.dir/rosidl_typesupport_introspection_c/service_114514/srv/detail/add_two_ints__type_support.c.o\x1b[K\n'}
[2.904532] (-) TimerEvent: {}
[2.904604] (service_114514) StdoutLine: {'line': b'[11/36] Generating C++ introspection for ROS interfaces\x1b[K\n'}
[2.914951] (service_114514) StdoutLine: {'line': b'[11/36] Building CXX object CMakeFiles/service_114514__rosidl_typesupport_introspection_cpp.dir/rosidl_typesupport_introspection_cpp/service_114514/srv/detail/add_two_ints__type_support.cpp.o\x1b[K\n'}
[2.915091] (service_114514) StdoutLine: {'line': b'[12/36] Generating C++ type support for eProsima Fast-RTPS\x1b[K\n'}
[2.915232] (service_114514) StdoutLine: {'line': b'[12/36] Building CXX object CMakeFiles/service_114514__rosidl_typesupport_fastrtps_cpp.dir/rosidl_typesupport_fastrtps_cpp/service_114514/srv/detail/dds_fastrtps/add_two_ints__type_support.cpp.o\x1b[K\n'}
[2.915279] (service_114514) StdoutLine: {'line': b'[13/36] Generating C type support for eProsima Fast-RTPS\x1b[K\n'}
[2.936295] (service_114514) StdoutLine: {'line': b'[13/36] Building CXX object CMakeFiles/service_114514__rosidl_typesupport_fastrtps_c.dir/rosidl_typesupport_fastrtps_c/service_114514/srv/detail/add_two_ints__type_support_c.cpp.o\x1b[K\n'}
[2.936495] (service_114514) StdoutLine: {'line': b'[14/36] Building C object CMakeFiles/service_114514__rosidl_typesupport_introspection_c.dir/rosidl_typesupport_introspection_c/service_114514/srv/detail/add_two_ints__type_support.c.o\x1b[K\n'}
[2.949984] (service_114514) StdoutLine: {'line': b'[14/36] Linking C shared library libservice_114514__rosidl_typesupport_introspection_c.so\x1b[K\n'}
[2.950183] (service_114514) StdoutLine: {'line': b'[15/36] Linking C shared library libservice_114514__rosidl_typesupport_introspection_c.so\x1b[K\n'}
[2.950286] (service_114514) StdoutLine: {'line': b'[16/36] Generating C type support dispatch for ROS interfaces\x1b[K\n'}
[2.951824] (service_114514) StdoutLine: {'line': b'[16/36] Building CXX object CMakeFiles/service_114514__rosidl_typesupport_c.dir/rosidl_typesupport_c/service_114514/srv/add_two_ints__type_support.cpp.o\x1b[K\n'}
[2.951962] (service_114514) StdoutLine: {'line': b'[17/36] Generating C++ type support dispatch for ROS interfaces\x1b[K\n'}
[2.987517] (service_114514) StdoutLine: {'line': b'[17/36] Building CXX object CMakeFiles/service_114514__rosidl_typesupport_cpp.dir/rosidl_typesupport_cpp/service_114514/srv/add_two_ints__type_support.cpp.o\x1b[K\n'}
[2.987728] (service_114514) StdoutLine: {'line': b'[18/36] Building CXX object CMakeFiles/service_114514__rosidl_typesupport_c.dir/rosidl_typesupport_c/service_114514/srv/add_two_ints__type_support.cpp.o\x1b[K\n'}
[3.004621] (-) TimerEvent: {}
[3.011170] (service_114514) StdoutLine: {'line': b'[18/36] Linking CXX shared library libservice_114514__rosidl_typesupport_c.so\x1b[K\n'}
[3.104734] (-) TimerEvent: {}
[3.149374] (service_114514) StdoutLine: {'line': b'[19/36] Linking CXX shared library libservice_114514__rosidl_typesupport_c.so\x1b[K\n'}
[3.149747] (service_114514) StdoutLine: {'line': b'[20/36] Building CXX object CMakeFiles/service_114514__rosidl_typesupport_introspection_cpp.dir/rosidl_typesupport_introspection_cpp/service_114514/srv/detail/add_two_ints__type_support.cpp.o\x1b[K\n'}
[3.194047] (service_114514) StdoutLine: {'line': b'[20/36] Linking CXX shared library libservice_114514__rosidl_typesupport_introspection_cpp.so\x1b[K\n'}
[3.204875] (-) TimerEvent: {}
[3.213860] (service_114514) StdoutLine: {'line': b'[21/36] Linking CXX shared library libservice_114514__rosidl_typesupport_introspection_cpp.so\x1b[K\n'}
[3.214070] (service_114514) StdoutLine: {'line': b'[22/36] Building CXX object CMakeFiles/service_114514__rosidl_typesupport_fastrtps_c.dir/rosidl_typesupport_fastrtps_c/service_114514/srv/detail/add_two_ints__type_support_c.cpp.o\x1b[K\n'}
[3.223251] (service_114514) StdoutLine: {'line': b'[22/36] Linking CXX shared library libservice_114514__rosidl_typesupport_fastrtps_c.so\x1b[K\n'}
[3.223433] (service_114514) StdoutLine: {'line': b'[23/36] Building CXX object CMakeFiles/service_114514__rosidl_typesupport_cpp.dir/rosidl_typesupport_cpp/service_114514/srv/add_two_ints__type_support.cpp.o\x1b[K\n'}
[3.243871] (service_114514) StdoutLine: {'line': b'[23/36] Linking CXX shared library libservice_114514__rosidl_typesupport_cpp.so\x1b[K\n'}
[3.267125] (service_114514) StdoutLine: {'line': b'[24/36] Linking CXX shared library libservice_114514__rosidl_typesupport_fastrtps_c.so\x1b[K\n'}
[3.267296] (service_114514) StdoutLine: {'line': b'[25/36] Building CXX object CMakeFiles/service_114514__rosidl_typesupport_fastrtps_cpp.dir/rosidl_typesupport_fastrtps_cpp/service_114514/srv/detail/dds_fastrtps/add_two_ints__type_support.cpp.o\x1b[K\n'}
[3.267925] (service_114514) StdoutLine: {'line': b'[25/36] Linking CXX shared library libservice_114514__rosidl_typesupport_fastrtps_cpp.so\x1b[K\n'}
[3.305007] (-) TimerEvent: {}
[3.306303] (service_114514) StdoutLine: {'line': b'[26/36] Linking CXX shared library libservice_114514__rosidl_typesupport_cpp.so\x1b[K\n'}
[3.306465] (service_114514) StdoutLine: {'line': b'[27/36] Linking CXX shared library libservice_114514__rosidl_typesupport_fastrtps_cpp.so\x1b[K\n'}
[3.405165] (-) TimerEvent: {}
[3.505386] (-) TimerEvent: {}
[3.518924] (service_114514) StdoutLine: {'line': b'[27/36] Generating Python code for ROS interfaces\x1b[K\n'}
[3.519068] (service_114514) StdoutLine: {'line': b'[28/36] Generating Python code for ROS interfaces\x1b[K\n'}
[3.519589] (service_114514) StdoutLine: {'line': b'[28/36] Building C object CMakeFiles/service_114514__rosidl_generator_py.dir/rosidl_generator_py/service_114514/srv/_add_two_ints_s.c.o\x1b[K\n'}
[3.519970] (service_114514) StdoutLine: {'line': b'[28/36] Building C object CMakeFiles/service_114514_s__rosidl_typesupport_fastrtps_c.dir/rosidl_generator_py/service_114514/_service_114514_s.ep.rosidl_typesupport_fastrtps_c.c.o\x1b[K\n'}
[3.520182] (service_114514) StdoutLine: {'line': b'[28/36] Building C object CMakeFiles/service_114514_s__rosidl_typesupport_introspection_c.dir/rosidl_generator_py/service_114514/_service_114514_s.ep.rosidl_typesupport_introspection_c.c.o\x1b[K\n'}
[3.552688] (cpp_pubsub) StdoutLine: {'line': b'[0/8] Building CXX object CMakeFiles/subscriber_114514.dir/src/subscriber_114514.cpp.o\x1b[K\n'}
[3.553580] (cpp_pubsub) StdoutLine: {'line': b'[1/8] Building CXX object CMakeFiles/talker.dir/src/publisher_lambda_function.cpp.o\x1b[K\n'}
[3.577538] (cpp_pubsub) StdoutLine: {'line': b'[1/8] Linking CXX executable talker\x1b[K\n'}
[3.577755] (cpp_pubsub) StdoutLine: {'line': b'[2/8] Building CXX object CMakeFiles/publisher_114514.dir/src/publisher_114514.cpp.o\x1b[K\n'}
[3.590122] (service_114514) StdoutLine: {'line': b'[28/36] Building C object CMakeFiles/service_114514_s__rosidl_typesupport_c.dir/rosidl_generator_py/service_114514/_service_114514_s.ep.rosidl_typesupport_c.c.o\x1b[K\n'}
[3.594487] (service_114514) StdoutLine: {'line': b'[29/36] Building C object CMakeFiles/service_114514_s__rosidl_typesupport_fastrtps_c.dir/rosidl_generator_py/service_114514/_service_114514_s.ep.rosidl_typesupport_fastrtps_c.c.o\x1b[K\n'}
[3.605474] (-) TimerEvent: {}
[3.611637] (service_114514) StdoutLine: {'line': b'[30/36] Building C object CMakeFiles/service_114514_s__rosidl_typesupport_introspection_c.dir/rosidl_generator_py/service_114514/_service_114514_s.ep.rosidl_typesupport_introspection_c.c.o\x1b[K\n'}
[3.628803] (service_114514) StdoutLine: {'line': b'[31/36] Building C object CMakeFiles/service_114514_s__rosidl_typesupport_c.dir/rosidl_generator_py/service_114514/_service_114514_s.ep.rosidl_typesupport_c.c.o\x1b[K\n'}
[3.628961] (service_114514) StdoutLine: {'line': b'[32/36] Building C object CMakeFiles/service_114514__rosidl_generator_py.dir/rosidl_generator_py/service_114514/srv/_add_two_ints_s.c.o\x1b[K\n'}
[3.651179] (service_114514) StdoutLine: {'line': b'[32/36] Linking C shared library libservice_114514__rosidl_generator_py.so\x1b[K\n'}
[3.651341] (service_114514) StdoutLine: {'line': b'[33/36] Linking C shared library libservice_114514__rosidl_generator_py.so\x1b[K\n'}
[3.651696] (service_114514) StdoutLine: {'line': b'[33/36] Linking C shared module rosidl_generator_py/service_114514/service_114514_s__rosidl_typesupport_fastrtps_c.so\x1b[K\n'}
[3.652033] (service_114514) StdoutLine: {'line': b'[33/36] Linking C shared module rosidl_generator_py/service_114514/service_114514_s__rosidl_typesupport_introspection_c.so\x1b[K\n'}
[3.655858] (cpp_pubsub) StdoutLine: {'line': b'[2/8] Linking CXX executable publisher_114514\x1b[K\n'}
[3.666467] (service_114514) StdoutLine: {'line': b'[33/36] Linking C shared module rosidl_generator_py/service_114514/service_114514_s__rosidl_typesupport_c.so\x1b[K\n'}
[3.666646] (service_114514) StdoutLine: {'line': b'[34/36] Linking C shared module rosidl_generator_py/service_114514/service_114514_s__rosidl_typesupport_c.so\x1b[K\n'}
[3.666750] (service_114514) StdoutLine: {'line': b'[35/36] Linking C shared module rosidl_generator_py/service_114514/service_114514_s__rosidl_typesupport_fastrtps_c.so\x1b[K\n'}
[3.666795] (service_114514) StdoutLine: {'line': b'[36/36] Linking C shared module rosidl_generator_py/service_114514/service_114514_s__rosidl_typesupport_introspection_c.so\x1b[K\n'}
[3.669144] (service_114514) CommandEnded: {'returncode': 0}
[3.669634] (service_114514) JobProgress: {'identifier': 'service_114514', 'progress': 'install'}
[3.677325] (cpp_pubsub) StdoutLine: {'line': b'[3/8] Linking CXX executable talker\x1b[K\n'}
[3.678940] (service_114514) Command: {'cmd': ['/usr/bin/cmake', '--install', '/home/cyberkanjousen/CLionProjects/ROS2_1/build/service_114514'], 'cwd': '/home/cyberkanjousen/CLionProjects/ROS2_1/build/service_114514', 'env': OrderedDict({'TERM_SESSION_ID': '63c909e5-d298-4cc9-832e-4a5012225e58', 'GJS_DEBUG_TOPICS': 'JS ERROR;JS LOG', 'XDG_ACTIVATION_TOKEN': 'gnome-shell/CLion/3210-0-cyberkanjousen-Legion-Y7000P-IRX10_TIME51333', 'LESSOPEN': '| /usr/bin/lesspipe %s', 'SNAP_INSTANCE_KEY': '', 'USER': 'cyberkanjousen', 'SNAP_COMMON': '/var/snap/clion/common', 'socks_host': 'socks://127.0.0.1:10808', 'XDG_SESSION_TYPE': 'x11', 'SNAP_UID': '1000', 'CLUTTER_DISABLE_MIPMAPPED_TEXT': '1', 'SHLVL': '1', 'LD_LIBRARY_PATH': '/opt/ros/jazzy/opt/rviz_ogre_vendor/lib:/opt/ros/jazzy/lib/x86_64-linux-gnu:/opt/ros/jazzy/opt/gz_math_vendor/lib:/opt/ros/jazzy/opt/gz_utils_vendor/lib:/opt/ros/jazzy/opt/gz_cmake_vendor/lib:/opt/ros/jazzy/lib', 'HOME': '/home/cyberkanjousen', 'SNAP_LIBRARY_PATH': '/var/lib/snapd/lib/gl:/var/lib/snapd/lib/gl32:/var/lib/snapd/void', 'DESKTOP_SESSION': 'ubuntu', 'SNAP_USER_DATA': '/home/cyberkanjousen/snap/clion/393', 'TERMINAL_EMULATOR': 'JetBrains-JediTerm', 'GIO_LAUNCHED_DESKTOP_FILE': '/var/lib/snapd/desktop/applications/clion_clion.desktop', 'ROS_PYTHON_VERSION': '3', 'GNOME_SHELL_SESSION_MODE': 'ubuntu', 'GTK_MODULES': 'gail:atk-bridge', 'MANAGERPID': '2765', 'SYSTEMD_EXEC_PID': '3210', 'GSM_SKIP_SSH_AGENT_WORKAROUND': 'true', 'DBUS_SESSION_BUS_ADDRESS': 'unix:path=/run/user/1000/bus', 'SNAP_REVISION': '393', 'GIO_LAUNCHED_DESKTOP_FILE_PID': '4290', 'DEBUGINFOD_URLS': 'https://debuginfod.ubuntu.com', 'https_proxy': 'http://127.0.0.1:10808', 'ROS_DISTRO': 'jazzy', 'LOGNAME': 'cyberkanjousen', 'SNAP_CONTEXT': '7cMq18PPvE0GyoauddMEMHLsazMvDF3aF-ApkkrArLYzdt8gAxjQ', 'http_proxy': 'http://127.0.0.1:10808', 'JOURNAL_STREAM': '9:40206', '_': '/usr/bin/colcon', 'ROS_VERSION': '2', 'MEMORY_PRESSURE_WATCH': '/sys/fs/cgroup/user.slice/user-1000.slice/user@1000.service/session.slice/org.gnome.Shell@x11.service/memory.pressure', 'XDG_SESSION_CLASS': 'user', 'SNAP_VERSION': '2025.2.4', 'USERNAME': 'cyberkanjousen', 'TERM': 'xterm-256color', 'GNOME_DESKTOP_SESSION_ID': 'this-is-deprecated', 'SNAP_INSTANCE_NAME': 'clion', 'WINDOWPATH': '2', 'PATH': '/opt/ros/jazzy/bin:/home/cyberkanjousen/.local/bin:/usr/local/sbin:/usr/local/bin:/usr/sbin:/usr/bin:/sbin:/bin:/usr/games:/usr/local/games:/snap/bin:/snap/bin:/home/cyberkanjousen/.local/bin:/home/cyberkanjousen/.local/bin', 'SESSION_MANAGER': 'local/cyberkanjousen-Legion-Y7000P-IRX10:@/tmp/.ICE-unix/3111,unix/cyberkanjousen-Legion-Y7000P-IRX10:/tmp/.ICE-unix/3111', 'INVOCATION_ID': 'e7fea1e9eb6f4e17a61b475e3444d22f', 'XDG_MENU_PREFIX': 'gnome-', 'ftp_proxy': 'ftp://127.0.0.1:10808', 'SNAP_DATA': '/var/snap/clion/393', 'XDG_RUNTIME_DIR': '/run/user/1000', 'DISPLAY': ':1', 'DESKTOP_STARTUP_ID': 'gnome-shell/CLion/3210-0-cyberkanjousen-Legion-Y7000P-IRX10_TIME51333', 'LANG': 'zh_CN.UTF-8', 'XDG_CURRENT_DESKTOP': 'ubuntu:GNOME', 'XMODIFIERS': '@im=ibus', 'XDG_SESSION_DESKTOP': 'ubuntu', 'XAUTHORITY': '/run/user/1000/gdm/Xauthority', 'LS_COLORS': 'rs=0:di=01;34:ln=01;36:mh=00:pi=40;33:so=01;35:do=01;35:bd=40;33;01:cd=40;33;01:or=40;31;01:mi=00:su=37;41:sg=30;43:ca=00:tw=30;42:ow=34;42:st=37;44:ex=01;32:*.tar=01;31:*.tgz=01;31:*.arc=01;31:*.arj=01;31:*.taz=01;31:*.lha=01;31:*.lz4=01;31:*.lzh=01;31:*.lzma=01;31:*.tlz=01;31:*.txz=01;31:*.tzo=01;31:*.t7z=01;31:*.zip=01;31:*.z=01;31:*.dz=01;31:*.gz=01;31:*.lrz=01;31:*.lz=01;31:*.lzo=01;31:*.xz=01;31:*.zst=01;31:*.tzst=01;31:*.bz2=01;31:*.bz=01;31:*.tbz=01;31:*.tbz2=01;31:*.tz=01;31:*.deb=01;31:*.rpm=01;31:*.jar=01;31:*.war=01;31:*.ear=01;31:*.sar=01;31:*.rar=01;31:*.alz=01;31:*.ace=01;31:*.zoo=01;31:*.cpio=01;31:*.7z=01;31:*.rz=01;31:*.cab=01;31:*.wim=01;31:*.swm=01;31:*.dwm=01;31:*.esd=01;31:*.avif=01;35:*.jpg=01;35:*.jpeg=01;35:*.mjpg=01;35:*.mjpeg=01;35:*.gif=01;35:*.bmp=01;35:*.pbm=01;35:*.pgm=01;35:*.ppm=01;35:*.tga=01;35:*.xbm=01;35:*.xpm=01;35:*.tif=01;35:*.tiff=01;35:*.png=01;35:*.svg=01;35:*.svgz=01;35:*.mng=01;35:*.pcx=01;35:*.mov=01;35:*.mpg=01;35:*.mpeg=01;35:*.m2v=01;35:*.mkv=01;35:*.webm=01;35:*.webp=01;35:*.ogm=01;35:*.mp4=01;35:*.m4v=01;35:*.mp4v=01;35:*.vob=01;35:*.qt=01;35:*.nuv=01;35:*.wmv=01;35:*.asf=01;35:*.rm=01;35:*.rmvb=01;35:*.flc=01;35:*.avi=01;35:*.fli=01;35:*.flv=01;35:*.gl=01;35:*.dl=01;35:*.xcf=01;35:*.xwd=01;35:*.yuv=01;35:*.cgm=01;35:*.emf=01;35:*.ogv=01;35:*.ogx=01;35:*.aac=00;36:*.au=00;36:*.flac=00;36:*.m4a=00;36:*.mid=00;36:*.midi=00;36:*.mka=00;36:*.mp3=00;36:*.mpc=00;36:*.ogg=00;36:*.ra=00;36:*.wav=00;36:*.oga=00;36:*.opus=00;36:*.spx=00;36:*.xspf=00;36:*~=00;90:*#=00;90:*.bak=00;90:*.crdownload=00;90:*.dpkg-dist=00;90:*.dpkg-new=00;90:*.dpkg-old=00;90:*.dpkg-tmp=00;90:*.old=00;90:*.orig=00;90:*.part=00;90:*.rej=00;90:*.rpmnew=00;90:*.rpmorig=00;90:*.rpmsave=00;90:*.swp=00;90:*.tmp=00;90:*.ucf-dist=00;90:*.ucf-new=00;90:*.ucf-old=00;90:', 'SNAP_USER_COMMON': '/home/cyberkanjousen/snap/clion/common', 'SSH_AUTH_SOCK': '/run/user/1000/keyring/ssh', 'SNAP_ARCH': 'amd64', 'AMENT_PREFIX_PATH': '/opt/ros/jazzy', 'SNAP_COOKIE': '7cMq18PPvE0GyoauddMEMHLsazMvDF3aF-ApkkrArLYzdt8gAxjQ', 'SHELL': '/bin/bash', 'QT_ACCESSIBILITY': '1', 'SNAP_REEXEC': '', 'GDMSESSION': 'ubuntu', 'LESSCLOSE': '/usr/bin/lesspipe %s %s', 'SNAP_NAME': 'clion', 'GPG_AGENT_INFO': '/run/user/1000/gnupg/S.gpg-agent:0:1', 'GJS_DEBUG_OUTPUT': 'stderr', 'ROS_AUTOMATIC_DISCOVERY_RANGE': 'SUBNET', 'QT_IM_MODULE': 'ibus', 'PWD': '/home/cyberkanjousen/CLionProjects/ROS2_1/build/service_114514', 'XDG_CONFIG_DIRS': '/etc/xdg/xdg-ubuntu:/etc/xdg', 'SNAP_REAL_HOME': '/home/cyberkanjousen', 'XDG_DATA_DIRS': '/usr/share/ubuntu:/usr/share/gnome:/usr/local/share/:/usr/share/:/var/lib/snapd/desktop', 'SNAP_EUID': '1000', 'QTWEBENGINE_DICTIONARIES_PATH': '/usr/share/hunspell-bdic/', 'PYTHONPATH': '/opt/ros/jazzy/lib/python3.12/site-packages', 'SNAP': '/snap/clion/393', 'COLCON': '1', 'MEMORY_PRESSURE_WRITE': 'c29tZSAyMDAwMDAgMjAwMDAwMAA=', 'JM_OPTION_PATH': '/home/cyberkanjousen/下载', 'CMAKE_PREFIX_PATH': '/opt/ros/jazzy/opt/gz_math_vendor:/opt/ros/jazzy/opt/gz_utils_vendor:/opt/ros/jazzy/opt/gz_cmake_vendor:/opt/ros/jazzy'}), 'shell': False}
[3.687149] (service_114514) StdoutLine: {'line': b'-- Install configuration: ""\n'}
[3.687295] (service_114514) StdoutLine: {'line': b'-- Installing: /home/cyberkanjousen/CLionProjects/ROS2_1/install/service_114514/share/ament_index/resource_index/rosidl_interfaces/service_114514\n'}
[3.687343] (service_114514) StdoutLine: {'line': b'-- Installing: /home/cyberkanjousen/CLionProjects/ROS2_1/install/service_114514/share/service_114514/srv/AddTwoInts.json\n'}
[3.687384] (service_114514) StdoutLine: {'line': b'-- Up-to-date: /home/cyberkanjousen/CLionProjects/ROS2_1/install/service_114514/include/service_114514/service_114514\n'}
[3.687446] (service_114514) StdoutLine: {'line': b'-- Up-to-date: /home/cyberkanjousen/CLionProjects/ROS2_1/install/service_114514/include/service_114514/service_114514/msg\n'}
[3.687532] (service_114514) StdoutLine: {'line': b'-- Installing: /home/cyberkanjousen/CLionProjects/ROS2_1/install/service_114514/include/service_114514/service_114514/msg/rosidl_generator_c__visibility_control.h\n'}
[3.687573] (service_114514) StdoutLine: {'line': b'-- Up-to-date: /home/cyberkanjousen/CLionProjects/ROS2_1/install/service_114514/include/service_114514/service_114514/srv\n'}
[3.687611] (service_114514) StdoutLine: {'line': b'-- Up-to-date: /home/cyberkanjousen/CLionProjects/ROS2_1/install/service_114514/include/service_114514/service_114514/srv/detail\n'}
[3.687650] (service_114514) StdoutLine: {'line': b'-- Installing: /home/cyberkanjousen/CLionProjects/ROS2_1/install/service_114514/include/service_114514/service_114514/srv/detail/add_two_ints__functions.c\n'}
[3.687687] (service_114514) StdoutLine: {'line': b'-- Installing: /home/cyberkanjousen/CLionProjects/ROS2_1/install/service_114514/include/service_114514/service_114514/srv/detail/add_two_ints__type_support.c\n'}
[3.687724] (service_114514) StdoutLine: {'line': b'-- Installing: /home/cyberkanjousen/CLionProjects/ROS2_1/install/service_114514/include/service_114514/service_114514/srv/detail/add_two_ints__functions.h\n'}
[3.687787] (service_114514) StdoutLine: {'line': b'-- Installing: /home/cyberkanjousen/CLionProjects/ROS2_1/install/service_114514/include/service_114514/service_114514/srv/detail/add_two_ints__type_support.h\n'}
[3.687827] (service_114514) StdoutLine: {'line': b'-- Installing: /home/cyberkanjousen/CLionProjects/ROS2_1/install/service_114514/include/service_114514/service_114514/srv/detail/add_two_ints__description.c\n'}
[3.687864] (service_114514) StdoutLine: {'line': b'-- Installing: /home/cyberkanjousen/CLionProjects/ROS2_1/install/service_114514/include/service_114514/service_114514/srv/detail/add_two_ints__struct.h\n'}
[3.687929] (service_114514) StdoutLine: {'line': b'-- Installing: /home/cyberkanjousen/CLionProjects/ROS2_1/install/service_114514/include/service_114514/service_114514/srv/add_two_ints.h\n'}
[3.687967] (service_114514) StdoutLine: {'line': b'-- Up-to-date: /home/cyberkanjousen/CLionProjects/ROS2_1/install/service_114514/share/service_114514/environment/library_path.sh\n'}
[3.688003] (service_114514) StdoutLine: {'line': b'-- Installing: /home/cyberkanjousen/CLionProjects/ROS2_1/install/service_114514/share/service_114514/environment/library_path.dsv\n'}
[3.688072] (service_114514) StdoutLine: {'line': b'-- Installing: /home/cyberkanjousen/CLionProjects/ROS2_1/install/service_114514/lib/libservice_114514__rosidl_generator_c.so\n'}
[3.688252] (service_114514) StdoutLine: {'line': b'-- Set non-toolchain portion of runtime path of "/home/cyberkanjousen/CLionProjects/ROS2_1/install/service_114514/lib/libservice_114514__rosidl_generator_c.so" to ""\n'}
[3.688310] (service_114514) StdoutLine: {'line': b'-- Up-to-date: /home/cyberkanjousen/CLionProjects/ROS2_1/install/service_114514/include/service_114514/service_114514\n'}
[3.688364] (service_114514) StdoutLine: {'line': b'-- Up-to-date: /home/cyberkanjousen/CLionProjects/ROS2_1/install/service_114514/include/service_114514/service_114514/msg\n'}
[3.688418] (service_114514) StdoutLine: {'line': b'-- Installing: /home/cyberkanjousen/CLionProjects/ROS2_1/install/service_114514/include/service_114514/service_114514/msg/rosidl_typesupport_fastrtps_c__visibility_control.h\n'}
[3.688482] (service_114514) StdoutLine: {'line': b'-- Up-to-date: /home/cyberkanjousen/CLionProjects/ROS2_1/install/service_114514/include/service_114514/service_114514/srv\n'}
[3.688520] (service_114514) StdoutLine: {'line': b'-- Up-to-date: /home/cyberkanjousen/CLionProjects/ROS2_1/install/service_114514/include/service_114514/service_114514/srv/detail\n'}
[3.688556] (service_114514) StdoutLine: {'line': b'-- Installing: /home/cyberkanjousen/CLionProjects/ROS2_1/install/service_114514/include/service_114514/service_114514/srv/detail/add_two_ints__rosidl_typesupport_fastrtps_c.h\n'}
[3.688611] (service_114514) StdoutLine: {'line': b'-- Installing: /home/cyberkanjousen/CLionProjects/ROS2_1/install/service_114514/lib/libservice_114514__rosidl_typesupport_fastrtps_c.so\n'}
[3.688772] (service_114514) StdoutLine: {'line': b'-- Set non-toolchain portion of runtime path of "/home/cyberkanjousen/CLionProjects/ROS2_1/install/service_114514/lib/libservice_114514__rosidl_typesupport_fastrtps_c.so" to ""\n'}
[3.688824] (service_114514) StdoutLine: {'line': b'-- Up-to-date: /home/cyberkanjousen/CLionProjects/ROS2_1/install/service_114514/include/service_114514/service_114514\n'}
[3.688886] (service_114514) StdoutLine: {'line': b'-- Up-to-date: /home/cyberkanjousen/CLionProjects/ROS2_1/install/service_114514/include/service_114514/service_114514/msg\n'}
[3.688924] (service_114514) StdoutLine: {'line': b'-- Installing: /home/cyberkanjousen/CLionProjects/ROS2_1/install/service_114514/include/service_114514/service_114514/msg/rosidl_typesupport_introspection_c__visibility_control.h\n'}
[3.688978] (service_114514) StdoutLine: {'line': b'-- Up-to-date: /home/cyberkanjousen/CLionProjects/ROS2_1/install/service_114514/include/service_114514/service_114514/srv\n'}
[3.689040] (service_114514) StdoutLine: {'line': b'-- Up-to-date: /home/cyberkanjousen/CLionProjects/ROS2_1/install/service_114514/include/service_114514/service_114514/srv/detail\n'}
[3.689077] (service_114514) StdoutLine: {'line': b'-- Up-to-date: /home/cyberkanjousen/CLionProjects/ROS2_1/install/service_114514/include/service_114514/service_114514/srv/detail/add_two_ints__type_support.c\n'}
[3.689123] (service_114514) StdoutLine: {'line': b'-- Installing: /home/cyberkanjousen/CLionProjects/ROS2_1/install/service_114514/include/service_114514/service_114514/srv/detail/add_two_ints__rosidl_typesupport_introspection_c.h\n'}
[3.689157] (service_114514) StdoutLine: {'line': b'-- Installing: /home/cyberkanjousen/CLionProjects/ROS2_1/install/service_114514/lib/libservice_114514__rosidl_typesupport_introspection_c.so\n'}
[3.689278] (service_114514) StdoutLine: {'line': b'-- Set non-toolchain portion of runtime path of "/home/cyberkanjousen/CLionProjects/ROS2_1/install/service_114514/lib/libservice_114514__rosidl_typesupport_introspection_c.so" to ""\n'}
[3.689343] (service_114514) StdoutLine: {'line': b'-- Installing: /home/cyberkanjousen/CLionProjects/ROS2_1/install/service_114514/lib/libservice_114514__rosidl_typesupport_c.so\n'}
[3.689491] (service_114514) StdoutLine: {'line': b'-- Set non-toolchain portion of runtime path of "/home/cyberkanjousen/CLionProjects/ROS2_1/install/service_114514/lib/libservice_114514__rosidl_typesupport_c.so" to ""\n'}
[3.689547] (service_114514) StdoutLine: {'line': b'-- Up-to-date: /home/cyberkanjousen/CLionProjects/ROS2_1/install/service_114514/include/service_114514/service_114514\n'}
[3.689614] (service_114514) StdoutLine: {'line': b'-- Up-to-date: /home/cyberkanjousen/CLionProjects/ROS2_1/install/service_114514/include/service_114514/service_114514/msg\n'}
[3.689654] (service_114514) StdoutLine: {'line': b'-- Installing: /home/cyberkanjousen/CLionProjects/ROS2_1/install/service_114514/include/service_114514/service_114514/msg/rosidl_generator_cpp__visibility_control.hpp\n'}
[3.689720] (service_114514) StdoutLine: {'line': b'-- Up-to-date: /home/cyberkanjousen/CLionProjects/ROS2_1/install/service_114514/include/service_114514/service_114514/srv\n'}
[3.689770] (service_114514) StdoutLine: {'line': b'-- Up-to-date: /home/cyberkanjousen/CLionProjects/ROS2_1/install/service_114514/include/service_114514/service_114514/srv/detail\n'}
[3.689806] (service_114514) StdoutLine: {'line': b'-- Installing: /home/cyberkanjousen/CLionProjects/ROS2_1/install/service_114514/include/service_114514/service_114514/srv/detail/add_two_ints__struct.hpp\n'}
[3.689845] (service_114514) StdoutLine: {'line': b'-- Installing: /home/cyberkanjousen/CLionProjects/ROS2_1/install/service_114514/include/service_114514/service_114514/srv/detail/add_two_ints__builder.hpp\n'}
[3.689907] (service_114514) StdoutLine: {'line': b'-- Installing: /home/cyberkanjousen/CLionProjects/ROS2_1/install/service_114514/include/service_114514/service_114514/srv/detail/add_two_ints__traits.hpp\n'}
[3.689946] (service_114514) StdoutLine: {'line': b'-- Installing: /home/cyberkanjousen/CLionProjects/ROS2_1/install/service_114514/include/service_114514/service_114514/srv/detail/add_two_ints__type_support.hpp\n'}
[3.690000] (service_114514) StdoutLine: {'line': b'-- Installing: /home/cyberkanjousen/CLionProjects/ROS2_1/install/service_114514/include/service_114514/service_114514/srv/add_two_ints.hpp\n'}
[3.690047] (service_114514) StdoutLine: {'line': b'-- Up-to-date: /home/cyberkanjousen/CLionProjects/ROS2_1/install/service_114514/include/service_114514/service_114514\n'}
[3.690108] (service_114514) StdoutLine: {'line': b'-- Up-to-date: /home/cyberkanjousen/CLionProjects/ROS2_1/install/service_114514/include/service_114514/service_114514/msg\n'}
[3.690145] (service_114514) StdoutLine: {'line': b'-- Installing: /home/cyberkanjousen/CLionProjects/ROS2_1/install/service_114514/include/service_114514/service_114514/msg/rosidl_typesupport_fastrtps_cpp__visibility_control.h\n'}
[3.690209] (service_114514) StdoutLine: {'line': b'-- Up-to-date: /home/cyberkanjousen/CLionProjects/ROS2_1/install/service_114514/include/service_114514/service_114514/srv\n'}
[3.690248] (service_114514) StdoutLine: {'line': b'-- Up-to-date: /home/cyberkanjousen/CLionProjects/ROS2_1/install/service_114514/include/service_114514/service_114514/srv/detail\n'}
[3.690288] (service_114514) StdoutLine: {'line': b'-- Up-to-date: /home/cyberkanjousen/CLionProjects/ROS2_1/install/service_114514/include/service_114514/service_114514/srv/detail/dds_fastrtps\n'}
[3.690345] (service_114514) StdoutLine: {'line': b'-- Installing: /home/cyberkanjousen/CLionProjects/ROS2_1/install/service_114514/include/service_114514/service_114514/srv/detail/add_two_ints__rosidl_typesupport_fastrtps_cpp.hpp\n'}
[3.690402] (service_114514) StdoutLine: {'line': b'-- Installing: /home/cyberkanjousen/CLionProjects/ROS2_1/install/service_114514/lib/libservice_114514__rosidl_typesupport_fastrtps_cpp.so\n'}
[3.690603] (service_114514) StdoutLine: {'line': b'-- Set non-toolchain portion of runtime path of "/home/cyberkanjousen/CLionProjects/ROS2_1/install/service_114514/lib/libservice_114514__rosidl_typesupport_fastrtps_cpp.so" to ""\n'}
[3.690661] (service_114514) StdoutLine: {'line': b'-- Up-to-date: /home/cyberkanjousen/CLionProjects/ROS2_1/install/service_114514/include/service_114514/service_114514\n'}
[3.690728] (service_114514) StdoutLine: {'line': b'-- Up-to-date: /home/cyberkanjousen/CLionProjects/ROS2_1/install/service_114514/include/service_114514/service_114514/srv\n'}
[3.690765] (service_114514) StdoutLine: {'line': b'-- Up-to-date: /home/cyberkanjousen/CLionProjects/ROS2_1/install/service_114514/include/service_114514/service_114514/srv/detail\n'}
[3.690803] (service_114514) StdoutLine: {'line': b'-- Installing: /home/cyberkanjousen/CLionProjects/ROS2_1/install/service_114514/include/service_114514/service_114514/srv/detail/add_two_ints__rosidl_typesupport_introspection_cpp.hpp\n'}
[3.690859] (service_114514) StdoutLine: {'line': b'-- Installing: /home/cyberkanjousen/CLionProjects/ROS2_1/install/service_114514/include/service_114514/service_114514/srv/detail/add_two_ints__type_support.cpp\n'}
[3.690926] (service_114514) StdoutLine: {'line': b'-- Installing: /home/cyberkanjousen/CLionProjects/ROS2_1/install/service_114514/lib/libservice_114514__rosidl_typesupport_introspection_cpp.so\n'}
[3.691130] (service_114514) StdoutLine: {'line': b'-- Set non-toolchain portion of runtime path of "/home/cyberkanjousen/CLionProjects/ROS2_1/install/service_114514/lib/libservice_114514__rosidl_typesupport_introspection_cpp.so" to ""\n'}
[3.691206] (service_114514) StdoutLine: {'line': b'-- Installing: /home/cyberkanjousen/CLionProjects/ROS2_1/install/service_114514/lib/libservice_114514__rosidl_typesupport_cpp.so\n'}
[3.691412] (service_114514) StdoutLine: {'line': b'-- Set non-toolchain portion of runtime path of "/home/cyberkanjousen/CLionProjects/ROS2_1/install/service_114514/lib/libservice_114514__rosidl_typesupport_cpp.so" to ""\n'}
[3.691470] (service_114514) StdoutLine: {'line': b'-- Installing: /home/cyberkanjousen/CLionProjects/ROS2_1/install/service_114514/share/service_114514/environment/pythonpath.sh\n'}
[3.691522] (service_114514) StdoutLine: {'line': b'-- Installing: /home/cyberkanjousen/CLionProjects/ROS2_1/install/service_114514/share/service_114514/environment/pythonpath.dsv\n'}
[3.691590] (service_114514) StdoutLine: {'line': b'-- Up-to-date: /home/cyberkanjousen/CLionProjects/ROS2_1/install/service_114514/lib/python3.12/site-packages/service_114514-0.0.0-py3.12.egg-info\n'}
[3.691646] (service_114514) StdoutLine: {'line': b'-- Installing: /home/cyberkanjousen/CLionProjects/ROS2_1/install/service_114514/lib/python3.12/site-packages/service_114514-0.0.0-py3.12.egg-info/PKG-INFO\n'}
[3.691704] (service_114514) StdoutLine: {'line': b'-- Installing: /home/cyberkanjousen/CLionProjects/ROS2_1/install/service_114514/lib/python3.12/site-packages/service_114514-0.0.0-py3.12.egg-info/top_level.txt\n'}
[3.691762] (service_114514) StdoutLine: {'line': b'-- Installing: /home/cyberkanjousen/CLionProjects/ROS2_1/install/service_114514/lib/python3.12/site-packages/service_114514-0.0.0-py3.12.egg-info/SOURCES.txt\n'}
[3.691819] (service_114514) StdoutLine: {'line': b'-- Installing: /home/cyberkanjousen/CLionProjects/ROS2_1/install/service_114514/lib/python3.12/site-packages/service_114514-0.0.0-py3.12.egg-info/dependency_links.txt\n'}
[3.691900] (service_114514) StdoutLine: {'line': b'-- Up-to-date: /home/cyberkanjousen/CLionProjects/ROS2_1/install/service_114514/lib/python3.12/site-packages/service_114514\n'}
[3.691959] (service_114514) StdoutLine: {'line': b'-- Installing: /home/cyberkanjousen/CLionProjects/ROS2_1/install/service_114514/lib/python3.12/site-packages/service_114514/service_114514_s__rosidl_typesupport_introspection_c.so\n'}
[3.692017] (service_114514) StdoutLine: {'line': b'-- Installing: /home/cyberkanjousen/CLionProjects/ROS2_1/install/service_114514/lib/python3.12/site-packages/service_114514/_service_114514_s.ep.rosidl_typesupport_fastrtps_c.c\n'}
[3.692098] (service_114514) StdoutLine: {'line': b'-- Installing: /home/cyberkanjousen/CLionProjects/ROS2_1/install/service_114514/lib/python3.12/site-packages/service_114514/__init__.py\n'}
[3.692155] (service_114514) StdoutLine: {'line': b'-- Installing: /home/cyberkanjousen/CLionProjects/ROS2_1/install/service_114514/lib/python3.12/site-packages/service_114514/service_114514_s__rosidl_typesupport_c.so\n'}
[3.692238] (service_114514) StdoutLine: {'line': b'-- Installing: /home/cyberkanjousen/CLionProjects/ROS2_1/install/service_114514/lib/python3.12/site-packages/service_114514/_service_114514_s.ep.rosidl_typesupport_introspection_c.c\n'}
[3.692323] (service_114514) StdoutLine: {'line': b'-- Installing: /home/cyberkanjousen/CLionProjects/ROS2_1/install/service_114514/lib/python3.12/site-packages/service_114514/service_114514_s__rosidl_typesupport_fastrtps_c.so\n'}
[3.692406] (service_114514) StdoutLine: {'line': b'-- Installing: /home/cyberkanjousen/CLionProjects/ROS2_1/install/service_114514/lib/python3.12/site-packages/service_114514/_service_114514_s.ep.rosidl_typesupport_c.c\n'}
[3.692482] (service_114514) StdoutLine: {'line': b'-- Up-to-date: /home/cyberkanjousen/CLionProjects/ROS2_1/install/service_114514/lib/python3.12/site-packages/service_114514/srv\n'}
[3.692541] (service_114514) StdoutLine: {'line': b'-- Installing: /home/cyberkanjousen/CLionProjects/ROS2_1/install/service_114514/lib/python3.12/site-packages/service_114514/srv/_add_two_ints.py\n'}
[3.692588] (service_114514) StdoutLine: {'line': b'-- Installing: /home/cyberkanjousen/CLionProjects/ROS2_1/install/service_114514/lib/python3.12/site-packages/service_114514/srv/__init__.py\n'}
[3.692652] (service_114514) StdoutLine: {'line': b'-- Installing: /home/cyberkanjousen/CLionProjects/ROS2_1/install/service_114514/lib/python3.12/site-packages/service_114514/srv/_add_two_ints_s.c\n'}
[3.705542] (-) TimerEvent: {}
[3.727664] (service_114514) StdoutLine: {'line': b"Listing '/home/cyberkanjousen/CLionProjects/ROS2_1/install/service_114514/lib/python3.12/site-packages/service_114514'...\n"}
[3.727826] (service_114514) StdoutLine: {'line': b"Compiling '/home/cyberkanjousen/CLionProjects/ROS2_1/install/service_114514/lib/python3.12/site-packages/service_114514/__init__.py'...\n"}
[3.727870] (service_114514) StdoutLine: {'line': b"Listing '/home/cyberkanjousen/CLionProjects/ROS2_1/install/service_114514/lib/python3.12/site-packages/service_114514/srv'...\n"}
[3.727909] (service_114514) StdoutLine: {'line': b"Compiling '/home/cyberkanjousen/CLionProjects/ROS2_1/install/service_114514/lib/python3.12/site-packages/service_114514/srv/__init__.py'...\n"}
[3.727944] (service_114514) StdoutLine: {'line': b"Compiling '/home/cyberkanjousen/CLionProjects/ROS2_1/install/service_114514/lib/python3.12/site-packages/service_114514/srv/_add_two_ints.py'...\n"}
[3.732118] (service_114514) StdoutLine: {'line': b'-- Installing: /home/cyberkanjousen/CLionProjects/ROS2_1/install/service_114514/lib/python3.12/site-packages/service_114514/service_114514_s__rosidl_typesupport_fastrtps_c.so\n'}
[3.732244] (service_114514) StdoutLine: {'line': b'-- Set non-toolchain portion of runtime path of "/home/cyberkanjousen/CLionProjects/ROS2_1/install/service_114514/lib/python3.12/site-packages/service_114514/service_114514_s__rosidl_typesupport_fastrtps_c.so" to ""\n'}
[3.732300] (service_114514) StdoutLine: {'line': b'-- Installing: /home/cyberkanjousen/CLionProjects/ROS2_1/install/service_114514/lib/python3.12/site-packages/service_114514/service_114514_s__rosidl_typesupport_introspection_c.so\n'}
[3.732468] (service_114514) StdoutLine: {'line': b'-- Set non-toolchain portion of runtime path of "/home/cyberkanjousen/CLionProjects/ROS2_1/install/service_114514/lib/python3.12/site-packages/service_114514/service_114514_s__rosidl_typesupport_introspection_c.so" to ""\n'}
[3.732578] (service_114514) StdoutLine: {'line': b'-- Installing: /home/cyberkanjousen/CLionProjects/ROS2_1/install/service_114514/lib/python3.12/site-packages/service_114514/service_114514_s__rosidl_typesupport_c.so\n'}
[3.732623] (service_114514) StdoutLine: {'line': b'-- Set non-toolchain portion of runtime path of "/home/cyberkanjousen/CLionProjects/ROS2_1/install/service_114514/lib/python3.12/site-packages/service_114514/service_114514_s__rosidl_typesupport_c.so" to ""\n'}
[3.732779] (service_114514) StdoutLine: {'line': b'-- Installing: /home/cyberkanjousen/CLionProjects/ROS2_1/install/service_114514/lib/libservice_114514__rosidl_generator_py.so\n'}
[3.732875] (service_114514) StdoutLine: {'line': b'-- Set non-toolchain portion of runtime path of "/home/cyberkanjousen/CLionProjects/ROS2_1/install/service_114514/lib/libservice_114514__rosidl_generator_py.so" to ""\n'}
[3.732924] (service_114514) StdoutLine: {'line': b'-- Installing: /home/cyberkanjousen/CLionProjects/ROS2_1/install/service_114514/share/service_114514/srv/AddTwoInts.idl\n'}
[3.732984] (service_114514) StdoutLine: {'line': b'-- Up-to-date: /home/cyberkanjousen/CLionProjects/ROS2_1/install/service_114514/share/service_114514/srv/AddTwoInts.srv\n'}
[3.733053] (service_114514) StdoutLine: {'line': b'-- Installing: /home/cyberkanjousen/CLionProjects/ROS2_1/install/service_114514/share/ament_index/resource_index/package_run_dependencies/service_114514\n'}
[3.733095] (service_114514) StdoutLine: {'line': b'-- Installing: /home/cyberkanjousen/CLionProjects/ROS2_1/install/service_114514/share/ament_index/resource_index/parent_prefix_path/service_114514\n'}
[3.733136] (service_114514) StdoutLine: {'line': b'-- Up-to-date: /home/cyberkanjousen/CLionProjects/ROS2_1/install/service_114514/share/service_114514/environment/ament_prefix_path.sh\n'}
[3.733188] (service_114514) StdoutLine: {'line': b'-- Installing: /home/cyberkanjousen/CLionProjects/ROS2_1/install/service_114514/share/service_114514/environment/ament_prefix_path.dsv\n'}
[3.733255] (service_114514) StdoutLine: {'line': b'-- Up-to-date: /home/cyberkanjousen/CLionProjects/ROS2_1/install/service_114514/share/service_114514/environment/path.sh\n'}
[3.733301] (service_114514) StdoutLine: {'line': b'-- Installing: /home/cyberkanjousen/CLionProjects/ROS2_1/install/service_114514/share/service_114514/environment/path.dsv\n'}
[3.733340] (service_114514) StdoutLine: {'line': b'-- Installing: /home/cyberkanjousen/CLionProjects/ROS2_1/install/service_114514/share/service_114514/local_setup.bash\n'}
[3.733393] (service_114514) StdoutLine: {'line': b'-- Installing: /home/cyberkanjousen/CLionProjects/ROS2_1/install/service_114514/share/service_114514/local_setup.sh\n'}
[3.733447] (service_114514) StdoutLine: {'line': b'-- Installing: /home/cyberkanjousen/CLionProjects/ROS2_1/install/service_114514/share/service_114514/local_setup.zsh\n'}
[3.733501] (service_114514) StdoutLine: {'line': b'-- Installing: /home/cyberkanjousen/CLionProjects/ROS2_1/install/service_114514/share/service_114514/local_setup.dsv\n'}
[3.733556] (service_114514) StdoutLine: {'line': b'-- Installing: /home/cyberkanjousen/CLionProjects/ROS2_1/install/service_114514/share/service_114514/package.dsv\n'}
[3.733628] (service_114514) StdoutLine: {'line': b'-- Installing: /home/cyberkanjousen/CLionProjects/ROS2_1/install/service_114514/share/ament_index/resource_index/packages/service_114514\n'}
[3.733748] (service_114514) StdoutLine: {'line': b'-- Installing: /home/cyberkanjousen/CLionProjects/ROS2_1/install/service_114514/share/service_114514/cmake/export_service_114514__rosidl_generator_cExport.cmake\n'}
[3.733831] (service_114514) StdoutLine: {'line': b'-- Installing: /home/cyberkanjousen/CLionProjects/ROS2_1/install/service_114514/share/service_114514/cmake/export_service_114514__rosidl_generator_cExport-noconfig.cmake\n'}
[3.733945] (service_114514) StdoutLine: {'line': b'-- Installing: /home/cyberkanjousen/CLionProjects/ROS2_1/install/service_114514/share/service_114514/cmake/export_service_114514__rosidl_typesupport_fastrtps_cExport.cmake\n'}
[3.734026] (service_114514) StdoutLine: {'line': b'-- Installing: /home/cyberkanjousen/CLionProjects/ROS2_1/install/service_114514/share/service_114514/cmake/export_service_114514__rosidl_typesupport_fastrtps_cExport-noconfig.cmake\n'}
[3.734135] (service_114514) StdoutLine: {'line': b'-- Installing: /home/cyberkanjousen/CLionProjects/ROS2_1/install/service_114514/share/service_114514/cmake/service_114514__rosidl_typesupport_introspection_cExport.cmake\n'}
[3.734216] (service_114514) StdoutLine: {'line': b'-- Installing: /home/cyberkanjousen/CLionProjects/ROS2_1/install/service_114514/share/service_114514/cmake/service_114514__rosidl_typesupport_introspection_cExport-noconfig.cmake\n'}
[3.734325] (service_114514) StdoutLine: {'line': b'-- Installing: /home/cyberkanjousen/CLionProjects/ROS2_1/install/service_114514/share/service_114514/cmake/service_114514__rosidl_typesupport_cExport.cmake\n'}
[3.734406] (service_114514) StdoutLine: {'line': b'-- Installing: /home/cyberkanjousen/CLionProjects/ROS2_1/install/service_114514/share/service_114514/cmake/service_114514__rosidl_typesupport_cExport-noconfig.cmake\n'}
[3.734507] (service_114514) StdoutLine: {'line': b'-- Installing: /home/cyberkanjousen/CLionProjects/ROS2_1/install/service_114514/share/service_114514/cmake/export_service_114514__rosidl_generator_cppExport.cmake\n'}
[3.734612] (service_114514) StdoutLine: {'line': b'-- Installing: /home/cyberkanjousen/CLionProjects/ROS2_1/install/service_114514/share/service_114514/cmake/export_service_114514__rosidl_typesupport_fastrtps_cppExport.cmake\n'}
[3.734697] (service_114514) StdoutLine: {'line': b'-- Installing: /home/cyberkanjousen/CLionProjects/ROS2_1/install/service_114514/share/service_114514/cmake/export_service_114514__rosidl_typesupport_fastrtps_cppExport-noconfig.cmake\n'}
[3.734803] (service_114514) StdoutLine: {'line': b'-- Installing: /home/cyberkanjousen/CLionProjects/ROS2_1/install/service_114514/share/service_114514/cmake/service_114514__rosidl_typesupport_introspection_cppExport.cmake\n'}
[3.734888] (service_114514) StdoutLine: {'line': b'-- Installing: /home/cyberkanjousen/CLionProjects/ROS2_1/install/service_114514/share/service_114514/cmake/service_114514__rosidl_typesupport_introspection_cppExport-noconfig.cmake\n'}
[3.734988] (service_114514) StdoutLine: {'line': b'-- Installing: /home/cyberkanjousen/CLionProjects/ROS2_1/install/service_114514/share/service_114514/cmake/service_114514__rosidl_typesupport_cppExport.cmake\n'}
[3.735072] (service_114514) StdoutLine: {'line': b'-- Installing: /home/cyberkanjousen/CLionProjects/ROS2_1/install/service_114514/share/service_114514/cmake/service_114514__rosidl_typesupport_cppExport-noconfig.cmake\n'}
[3.735174] (service_114514) StdoutLine: {'line': b'-- Installing: /home/cyberkanjousen/CLionProjects/ROS2_1/install/service_114514/share/service_114514/cmake/export_service_114514__rosidl_generator_pyExport.cmake\n'}
[3.735255] (service_114514) StdoutLine: {'line': b'-- Installing: /home/cyberkanjousen/CLionProjects/ROS2_1/install/service_114514/share/service_114514/cmake/export_service_114514__rosidl_generator_pyExport-noconfig.cmake\n'}
[3.735337] (service_114514) StdoutLine: {'line': b'-- Installing: /home/cyberkanjousen/CLionProjects/ROS2_1/install/service_114514/share/service_114514/cmake/rosidl_cmake-extras.cmake\n'}
[3.735412] (service_114514) StdoutLine: {'line': b'-- Installing: /home/cyberkanjousen/CLionProjects/ROS2_1/install/service_114514/share/service_114514/cmake/ament_cmake_export_dependencies-extras.cmake\n'}
[3.735497] (service_114514) StdoutLine: {'line': b'-- Installing: /home/cyberkanjousen/CLionProjects/ROS2_1/install/service_114514/share/service_114514/cmake/ament_cmake_export_include_directories-extras.cmake\n'}
[3.735575] (service_114514) StdoutLine: {'line': b'-- Installing: /home/cyberkanjousen/CLionProjects/ROS2_1/install/service_114514/share/service_114514/cmake/ament_cmake_export_libraries-extras.cmake\n'}
[3.735654] (service_114514) StdoutLine: {'line': b'-- Installing: /home/cyberkanjousen/CLionProjects/ROS2_1/install/service_114514/share/service_114514/cmake/ament_cmake_export_targets-extras.cmake\n'}
[3.735736] (service_114514) StdoutLine: {'line': b'-- Installing: /home/cyberkanjousen/CLionProjects/ROS2_1/install/service_114514/share/service_114514/cmake/rosidl_cmake_export_typesupport_targets-extras.cmake\n'}
[3.735809] (service_114514) StdoutLine: {'line': b'-- Installing: /home/cyberkanjousen/CLionProjects/ROS2_1/install/service_114514/share/service_114514/cmake/rosidl_cmake_export_typesupport_libraries-extras.cmake\n'}
[3.735883] (service_114514) StdoutLine: {'line': b'-- Installing: /home/cyberkanjousen/CLionProjects/ROS2_1/install/service_114514/share/service_114514/cmake/service_114514Config.cmake\n'}
[3.735950] (service_114514) StdoutLine: {'line': b'-- Installing: /home/cyberkanjousen/CLionProjects/ROS2_1/install/service_114514/share/service_114514/cmake/service_114514Config-version.cmake\n'}
[3.736028] (service_114514) StdoutLine: {'line': b'-- Up-to-date: /home/cyberkanjousen/CLionProjects/ROS2_1/install/service_114514/share/service_114514/package.xml\n'}
[3.737795] (service_114514) CommandEnded: {'returncode': 0}
[3.751935] (service_114514) JobEnded: {'identifier': 'service_114514', 'rc': 0}
[3.752190] (cpp_srvcli) JobStarted: {'identifier': 'cpp_srvcli'}
[3.759022] (cpp_srvcli) JobProgress: {'identifier': 'cpp_srvcli', 'progress': 'cmake'}
[3.759594] (cpp_srvcli) Command: {'cmd': ['/usr/bin/cmake', '/home/cyberkanjousen/CLionProjects/ROS2_1/src/cpp_srvcli', '-DCMAKE_EXPORT_COMPILE_COMMANDS=ON', '-G', 'Ninja', '-DCMAKE_INSTALL_PREFIX=/home/cyberkanjousen/CLionProjects/ROS2_1/install/cpp_srvcli'], 'cwd': '/home/cyberkanjousen/CLionProjects/ROS2_1/build/cpp_srvcli', 'env': OrderedDict({'TERM_SESSION_ID': '63c909e5-d298-4cc9-832e-4a5012225e58', 'GJS_DEBUG_TOPICS': 'JS ERROR;JS LOG', 'XDG_ACTIVATION_TOKEN': 'gnome-shell/CLion/3210-0-cyberkanjousen-Legion-Y7000P-IRX10_TIME51333', 'LESSOPEN': '| /usr/bin/lesspipe %s', 'SNAP_INSTANCE_KEY': '', 'USER': 'cyberkanjousen', 'SNAP_COMMON': '/var/snap/clion/common', 'socks_host': 'socks://127.0.0.1:10808', 'XDG_SESSION_TYPE': 'x11', 'SNAP_UID': '1000', 'CLUTTER_DISABLE_MIPMAPPED_TEXT': '1', 'SHLVL': '1', 'LD_LIBRARY_PATH': '/home/cyberkanjousen/CLionProjects/ROS2_1/install/service_114514/lib:/opt/ros/jazzy/opt/rviz_ogre_vendor/lib:/opt/ros/jazzy/lib/x86_64-linux-gnu:/opt/ros/jazzy/opt/gz_math_vendor/lib:/opt/ros/jazzy/opt/gz_utils_vendor/lib:/opt/ros/jazzy/opt/gz_cmake_vendor/lib:/opt/ros/jazzy/lib', 'HOME': '/home/cyberkanjousen', 'SNAP_LIBRARY_PATH': '/var/lib/snapd/lib/gl:/var/lib/snapd/lib/gl32:/var/lib/snapd/void', 'DESKTOP_SESSION': 'ubuntu', 'SNAP_USER_DATA': '/home/cyberkanjousen/snap/clion/393', 'TERMINAL_EMULATOR': 'JetBrains-JediTerm', 'GIO_LAUNCHED_DESKTOP_FILE': '/var/lib/snapd/desktop/applications/clion_clion.desktop', 'ROS_PYTHON_VERSION': '3', 'GNOME_SHELL_SESSION_MODE': 'ubuntu', 'GTK_MODULES': 'gail:atk-bridge', 'MANAGERPID': '2765', 'SYSTEMD_EXEC_PID': '3210', 'GSM_SKIP_SSH_AGENT_WORKAROUND': 'true', 'DBUS_SESSION_BUS_ADDRESS': 'unix:path=/run/user/1000/bus', 'SNAP_REVISION': '393', 'GIO_LAUNCHED_DESKTOP_FILE_PID': '4290', 'DEBUGINFOD_URLS': 'https://debuginfod.ubuntu.com', 'https_proxy': 'http://127.0.0.1:10808', 'ROS_DISTRO': 'jazzy', 'LOGNAME': 'cyberkanjousen', 'SNAP_CONTEXT': '7cMq18PPvE0GyoauddMEMHLsazMvDF3aF-ApkkrArLYzdt8gAxjQ', 'http_proxy': 'http://127.0.0.1:10808', 'JOURNAL_STREAM': '9:40206', '_': '/usr/bin/colcon', 'ROS_VERSION': '2', 'MEMORY_PRESSURE_WATCH': '/sys/fs/cgroup/user.slice/user-1000.slice/user@1000.service/session.slice/org.gnome.Shell@x11.service/memory.pressure', 'XDG_SESSION_CLASS': 'user', 'SNAP_VERSION': '2025.2.4', 'USERNAME': 'cyberkanjousen', 'TERM': 'xterm-256color', 'GNOME_DESKTOP_SESSION_ID': 'this-is-deprecated', 'SNAP_INSTANCE_NAME': 'clion', 'WINDOWPATH': '2', 'PATH': '/opt/ros/jazzy/bin:/home/cyberkanjousen/.local/bin:/usr/local/sbin:/usr/local/bin:/usr/sbin:/usr/bin:/sbin:/bin:/usr/games:/usr/local/games:/snap/bin:/snap/bin:/home/cyberkanjousen/.local/bin:/home/cyberkanjousen/.local/bin', 'SESSION_MANAGER': 'local/cyberkanjousen-Legion-Y7000P-IRX10:@/tmp/.ICE-unix/3111,unix/cyberkanjousen-Legion-Y7000P-IRX10:/tmp/.ICE-unix/3111', 'INVOCATION_ID': 'e7fea1e9eb6f4e17a61b475e3444d22f', 'XDG_MENU_PREFIX': 'gnome-', 'ftp_proxy': 'ftp://127.0.0.1:10808', 'SNAP_DATA': '/var/snap/clion/393', 'XDG_RUNTIME_DIR': '/run/user/1000', 'DISPLAY': ':1', 'DESKTOP_STARTUP_ID': 'gnome-shell/CLion/3210-0-cyberkanjousen-Legion-Y7000P-IRX10_TIME51333', 'LANG': 'zh_CN.UTF-8', 'XDG_CURRENT_DESKTOP': 'ubuntu:GNOME', 'XMODIFIERS': '@im=ibus', 'XDG_SESSION_DESKTOP': 'ubuntu', 'XAUTHORITY': '/run/user/1000/gdm/Xauthority', 'LS_COLORS': 'rs=0:di=01;34:ln=01;36:mh=00:pi=40;33:so=01;35:do=01;35:bd=40;33;01:cd=40;33;01:or=40;31;01:mi=00:su=37;41:sg=30;43:ca=00:tw=30;42:ow=34;42:st=37;44:ex=01;32:*.tar=01;31:*.tgz=01;31:*.arc=01;31:*.arj=01;31:*.taz=01;31:*.lha=01;31:*.lz4=01;31:*.lzh=01;31:*.lzma=01;31:*.tlz=01;31:*.txz=01;31:*.tzo=01;31:*.t7z=01;31:*.zip=01;31:*.z=01;31:*.dz=01;31:*.gz=01;31:*.lrz=01;31:*.lz=01;31:*.lzo=01;31:*.xz=01;31:*.zst=01;31:*.tzst=01;31:*.bz2=01;31:*.bz=01;31:*.tbz=01;31:*.tbz2=01;31:*.tz=01;31:*.deb=01;31:*.rpm=01;31:*.jar=01;31:*.war=01;31:*.ear=01;31:*.sar=01;31:*.rar=01;31:*.alz=01;31:*.ace=01;31:*.zoo=01;31:*.cpio=01;31:*.7z=01;31:*.rz=01;31:*.cab=01;31:*.wim=01;31:*.swm=01;31:*.dwm=01;31:*.esd=01;31:*.avif=01;35:*.jpg=01;35:*.jpeg=01;35:*.mjpg=01;35:*.mjpeg=01;35:*.gif=01;35:*.bmp=01;35:*.pbm=01;35:*.pgm=01;35:*.ppm=01;35:*.tga=01;35:*.xbm=01;35:*.xpm=01;35:*.tif=01;35:*.tiff=01;35:*.png=01;35:*.svg=01;35:*.svgz=01;35:*.mng=01;35:*.pcx=01;35:*.mov=01;35:*.mpg=01;35:*.mpeg=01;35:*.m2v=01;35:*.mkv=01;35:*.webm=01;35:*.webp=01;35:*.ogm=01;35:*.mp4=01;35:*.m4v=01;35:*.mp4v=01;35:*.vob=01;35:*.qt=01;35:*.nuv=01;35:*.wmv=01;35:*.asf=01;35:*.rm=01;35:*.rmvb=01;35:*.flc=01;35:*.avi=01;35:*.fli=01;35:*.flv=01;35:*.gl=01;35:*.dl=01;35:*.xcf=01;35:*.xwd=01;35:*.yuv=01;35:*.cgm=01;35:*.emf=01;35:*.ogv=01;35:*.ogx=01;35:*.aac=00;36:*.au=00;36:*.flac=00;36:*.m4a=00;36:*.mid=00;36:*.midi=00;36:*.mka=00;36:*.mp3=00;36:*.mpc=00;36:*.ogg=00;36:*.ra=00;36:*.wav=00;36:*.oga=00;36:*.opus=00;36:*.spx=00;36:*.xspf=00;36:*~=00;90:*#=00;90:*.bak=00;90:*.crdownload=00;90:*.dpkg-dist=00;90:*.dpkg-new=00;90:*.dpkg-old=00;90:*.dpkg-tmp=00;90:*.old=00;90:*.orig=00;90:*.part=00;90:*.rej=00;90:*.rpmnew=00;90:*.rpmorig=00;90:*.rpmsave=00;90:*.swp=00;90:*.tmp=00;90:*.ucf-dist=00;90:*.ucf-new=00;90:*.ucf-old=00;90:', 'SNAP_USER_COMMON': '/home/cyberkanjousen/snap/clion/common', 'SSH_AUTH_SOCK': '/run/user/1000/keyring/ssh', 'SNAP_ARCH': 'amd64', 'AMENT_PREFIX_PATH': '/home/cyberkanjousen/CLionProjects/ROS2_1/install/service_114514:/opt/ros/jazzy', 'SNAP_COOKIE': '7cMq18PPvE0GyoauddMEMHLsazMvDF3aF-ApkkrArLYzdt8gAxjQ', 'SHELL': '/bin/bash', 'QT_ACCESSIBILITY': '1', 'SNAP_REEXEC': '', 'GDMSESSION': 'ubuntu', 'LESSCLOSE': '/usr/bin/lesspipe %s %s', 'SNAP_NAME': 'clion', 'GPG_AGENT_INFO': '/run/user/1000/gnupg/S.gpg-agent:0:1', 'GJS_DEBUG_OUTPUT': 'stderr', 'ROS_AUTOMATIC_DISCOVERY_RANGE': 'SUBNET', 'QT_IM_MODULE': 'ibus', 'PWD': '/home/cyberkanjousen/CLionProjects/ROS2_1/build/cpp_srvcli', 'XDG_CONFIG_DIRS': '/etc/xdg/xdg-ubuntu:/etc/xdg', 'SNAP_REAL_HOME': '/home/cyberkanjousen', 'XDG_DATA_DIRS': '/usr/share/ubuntu:/usr/share/gnome:/usr/local/share/:/usr/share/:/var/lib/snapd/desktop', 'SNAP_EUID': '1000', 'QTWEBENGINE_DICTIONARIES_PATH': '/usr/share/hunspell-bdic/', 'PYTHONPATH': '/home/cyberkanjousen/CLionProjects/ROS2_1/install/service_114514/lib/python3.12/site-packages:/opt/ros/jazzy/lib/python3.12/site-packages', 'SNAP': '/snap/clion/393', 'COLCON': '1', 'MEMORY_PRESSURE_WRITE': 'c29tZSAyMDAwMDAgMjAwMDAwMAA=', 'JM_OPTION_PATH': '/home/cyberkanjousen/下载', 'CMAKE_PREFIX_PATH': '/home/cyberkanjousen/CLionProjects/ROS2_1/install/service_114514:/opt/ros/jazzy/opt/gz_math_vendor:/opt/ros/jazzy/opt/gz_utils_vendor:/opt/ros/jazzy/opt/gz_cmake_vendor:/opt/ros/jazzy'}), 'shell': False}
[3.803680] (cpp_srvcli) StdoutLine: {'line': b'-- The C compiler identification is GNU 13.3.0\n'}
[3.805652] (-) TimerEvent: {}
[3.845461] (cpp_srvcli) StdoutLine: {'line': b'-- The CXX compiler identification is GNU 13.3.0\n'}
[3.862007] (cpp_srvcli) StdoutLine: {'line': b'-- Detecting C compiler ABI info\n'}
[3.905762] (-) TimerEvent: {}
[3.913586] (cpp_srvcli) StdoutLine: {'line': b'-- Detecting C compiler ABI info - done\n'}
[3.919660] (cpp_srvcli) StdoutLine: {'line': b'-- Check for working C compiler: /usr/bin/cc - skipped\n'}
[3.919961] (cpp_srvcli) StdoutLine: {'line': b'-- Detecting C compile features\n'}
[3.920089] (cpp_srvcli) StdoutLine: {'line': b'-- Detecting C compile features - done\n'}
[3.928654] (cpp_srvcli) StdoutLine: {'line': b'-- Detecting CXX compiler ABI info\n'}
[3.984098] (cpp_srvcli) StdoutLine: {'line': b'-- Detecting CXX compiler ABI info - done\n'}
[3.990226] (cpp_srvcli) StdoutLine: {'line': b'-- Check for working CXX compiler: /usr/bin/c++ - skipped\n'}
[3.990420] (cpp_srvcli) StdoutLine: {'line': b'-- Detecting CXX compile features\n'}
[3.990673] (cpp_srvcli) StdoutLine: {'line': b'-- Detecting CXX compile features - done\n'}
[3.992372] (cpp_srvcli) StdoutLine: {'line': b'-- Found ament_cmake: 2.5.4 (/opt/ros/jazzy/share/ament_cmake/cmake)\n'}
[4.005926] (-) TimerEvent: {}
[4.106240] (-) TimerEvent: {}
[4.108659] (cpp_srvcli) StdoutLine: {'line': b'-- Found Python3: /usr/bin/python3 (found version "3.12.3") found components: Interpreter \n'}
[4.179577] (cpp_srvcli) StdoutLine: {'line': b'-- Found rclcpp: 28.1.12 (/opt/ros/jazzy/share/rclcpp/cmake)\n'}
[4.206393] (-) TimerEvent: {}
[4.212424] (cpp_srvcli) StdoutLine: {'line': b'-- Found rosidl_generator_c: 4.6.6 (/opt/ros/jazzy/share/rosidl_generator_c/cmake)\n'}
[4.221041] (cpp_srvcli) StdoutLine: {'line': b'-- Found rosidl_generator_cpp: 4.6.6 (/opt/ros/jazzy/share/rosidl_generator_cpp/cmake)\n'}
[4.231580] (cpp_srvcli) StdoutLine: {'line': b'-- Using all available rosidl_typesupport_c: rosidl_typesupport_fastrtps_c;rosidl_typesupport_introspection_c\n'}
[4.243455] (cpp_srvcli) StdoutLine: {'line': b'-- Using all available rosidl_typesupport_cpp: rosidl_typesupport_fastrtps_cpp;rosidl_typesupport_introspection_cpp\n'}
[4.295728] (cpp_srvcli) StdoutLine: {'line': b'-- Found rmw_implementation_cmake: 7.3.2 (/opt/ros/jazzy/share/rmw_implementation_cmake/cmake)\n'}
[4.297560] (cpp_srvcli) StdoutLine: {'line': b'-- Found rmw_fastrtps_cpp: 8.4.3 (/opt/ros/jazzy/share/rmw_fastrtps_cpp/cmake)\n'}
[4.306537] (-) TimerEvent: {}
[4.363011] (cpp_srvcli) StdoutLine: {'line': b'-- Found OpenSSL: /usr/lib/x86_64-linux-gnu/libcrypto.so (found version "3.0.13")  \n'}
[4.381627] (cpp_srvcli) StdoutLine: {'line': b'-- Found FastRTPS: /opt/ros/jazzy/include (Required is at least version "2.13") \n'}
[4.404026] (cpp_srvcli) StdoutLine: {'line': b"-- Using RMW implementation 'rmw_fastrtps_cpp' as default\n"}
[4.406639] (-) TimerEvent: {}
[4.457410] (cpp_srvcli) StdoutLine: {'line': b'-- Found service_114514: 0.0.0 (/home/cyberkanjousen/CLionProjects/ROS2_1/install/service_114514/share/service_114514/cmake)\n'}
[4.468669] (cpp_srvcli) StdoutLine: {'line': b'-- Found ament_lint_auto: 0.17.3 (/opt/ros/jazzy/share/ament_lint_auto/cmake)\n'}
[4.506795] (-) TimerEvent: {}
[4.542244] (cpp_srvcli) StdoutLine: {'line': b"-- Added test 'cppcheck' to perform static code analysis on C / C++ code\n"}
[4.542440] (cpp_srvcli) StdoutLine: {'line': b'-- Configured cppcheck include dirs: \n'}
[4.542523] (cpp_srvcli) StdoutLine: {'line': b'-- Configured cppcheck exclude dirs and/or files: \n'}
[4.542762] (cpp_srvcli) StdoutLine: {'line': b"-- Added test 'lint_cmake' to check CMake code style\n"}
[4.543626] (cpp_srvcli) StdoutLine: {'line': b"-- Added test 'uncrustify' to check C / C++ code style\n"}
[4.543806] (cpp_srvcli) StdoutLine: {'line': b'-- Configured uncrustify additional arguments: \n'}
[4.543987] (cpp_srvcli) StdoutLine: {'line': b"-- Added test 'xmllint' to check XML markup files\n"}
[4.544771] (cpp_srvcli) StdoutLine: {'line': b'-- Configuring done (0.8s)\n'}
[4.552163] (cpp_srvcli) StdoutLine: {'line': b'-- Generating done (0.0s)\n'}
[4.561826] (cpp_srvcli) StdoutLine: {'line': b'-- Build files have been written to: /home/cyberkanjousen/CLionProjects/ROS2_1/build/cpp_srvcli\n'}
[4.569015] (cpp_srvcli) CommandEnded: {'returncode': 0}
[4.569840] (cpp_srvcli) JobProgress: {'identifier': 'cpp_srvcli', 'progress': 'build'}
[4.569972] (cpp_srvcli) Command: {'cmd': ['/usr/bin/cmake', '--build', '/home/cyberkanjousen/CLionProjects/ROS2_1/build/cpp_srvcli', '--', '-j32', '-l32'], 'cwd': '/home/cyberkanjousen/CLionProjects/ROS2_1/build/cpp_srvcli', 'env': OrderedDict({'TERM_SESSION_ID': '63c909e5-d298-4cc9-832e-4a5012225e58', 'GJS_DEBUG_TOPICS': 'JS ERROR;JS LOG', 'XDG_ACTIVATION_TOKEN': 'gnome-shell/CLion/3210-0-cyberkanjousen-Legion-Y7000P-IRX10_TIME51333', 'LESSOPEN': '| /usr/bin/lesspipe %s', 'SNAP_INSTANCE_KEY': '', 'USER': 'cyberkanjousen', 'SNAP_COMMON': '/var/snap/clion/common', 'socks_host': 'socks://127.0.0.1:10808', 'XDG_SESSION_TYPE': 'x11', 'SNAP_UID': '1000', 'CLUTTER_DISABLE_MIPMAPPED_TEXT': '1', 'SHLVL': '1', 'LD_LIBRARY_PATH': '/home/cyberkanjousen/CLionProjects/ROS2_1/install/service_114514/lib:/opt/ros/jazzy/opt/rviz_ogre_vendor/lib:/opt/ros/jazzy/lib/x86_64-linux-gnu:/opt/ros/jazzy/opt/gz_math_vendor/lib:/opt/ros/jazzy/opt/gz_utils_vendor/lib:/opt/ros/jazzy/opt/gz_cmake_vendor/lib:/opt/ros/jazzy/lib', 'HOME': '/home/cyberkanjousen', 'SNAP_LIBRARY_PATH': '/var/lib/snapd/lib/gl:/var/lib/snapd/lib/gl32:/var/lib/snapd/void', 'DESKTOP_SESSION': 'ubuntu', 'SNAP_USER_DATA': '/home/cyberkanjousen/snap/clion/393', 'TERMINAL_EMULATOR': 'JetBrains-JediTerm', 'GIO_LAUNCHED_DESKTOP_FILE': '/var/lib/snapd/desktop/applications/clion_clion.desktop', 'ROS_PYTHON_VERSION': '3', 'GNOME_SHELL_SESSION_MODE': 'ubuntu', 'GTK_MODULES': 'gail:atk-bridge', 'MANAGERPID': '2765', 'SYSTEMD_EXEC_PID': '3210', 'GSM_SKIP_SSH_AGENT_WORKAROUND': 'true', 'DBUS_SESSION_BUS_ADDRESS': 'unix:path=/run/user/1000/bus', 'SNAP_REVISION': '393', 'GIO_LAUNCHED_DESKTOP_FILE_PID': '4290', 'DEBUGINFOD_URLS': 'https://debuginfod.ubuntu.com', 'https_proxy': 'http://127.0.0.1:10808', 'ROS_DISTRO': 'jazzy', 'LOGNAME': 'cyberkanjousen', 'SNAP_CONTEXT': '7cMq18PPvE0GyoauddMEMHLsazMvDF3aF-ApkkrArLYzdt8gAxjQ', 'http_proxy': 'http://127.0.0.1:10808', 'JOURNAL_STREAM': '9:40206', '_': '/usr/bin/colcon', 'ROS_VERSION': '2', 'MEMORY_PRESSURE_WATCH': '/sys/fs/cgroup/user.slice/user-1000.slice/user@1000.service/session.slice/org.gnome.Shell@x11.service/memory.pressure', 'XDG_SESSION_CLASS': 'user', 'SNAP_VERSION': '2025.2.4', 'USERNAME': 'cyberkanjousen', 'TERM': 'xterm-256color', 'GNOME_DESKTOP_SESSION_ID': 'this-is-deprecated', 'SNAP_INSTANCE_NAME': 'clion', 'WINDOWPATH': '2', 'PATH': '/opt/ros/jazzy/bin:/home/cyberkanjousen/.local/bin:/usr/local/sbin:/usr/local/bin:/usr/sbin:/usr/bin:/sbin:/bin:/usr/games:/usr/local/games:/snap/bin:/snap/bin:/home/cyberkanjousen/.local/bin:/home/cyberkanjousen/.local/bin', 'SESSION_MANAGER': 'local/cyberkanjousen-Legion-Y7000P-IRX10:@/tmp/.ICE-unix/3111,unix/cyberkanjousen-Legion-Y7000P-IRX10:/tmp/.ICE-unix/3111', 'INVOCATION_ID': 'e7fea1e9eb6f4e17a61b475e3444d22f', 'XDG_MENU_PREFIX': 'gnome-', 'ftp_proxy': 'ftp://127.0.0.1:10808', 'SNAP_DATA': '/var/snap/clion/393', 'XDG_RUNTIME_DIR': '/run/user/1000', 'DISPLAY': ':1', 'DESKTOP_STARTUP_ID': 'gnome-shell/CLion/3210-0-cyberkanjousen-Legion-Y7000P-IRX10_TIME51333', 'LANG': 'zh_CN.UTF-8', 'XDG_CURRENT_DESKTOP': 'ubuntu:GNOME', 'XMODIFIERS': '@im=ibus', 'XDG_SESSION_DESKTOP': 'ubuntu', 'XAUTHORITY': '/run/user/1000/gdm/Xauthority', 'LS_COLORS': 'rs=0:di=01;34:ln=01;36:mh=00:pi=40;33:so=01;35:do=01;35:bd=40;33;01:cd=40;33;01:or=40;31;01:mi=00:su=37;41:sg=30;43:ca=00:tw=30;42:ow=34;42:st=37;44:ex=01;32:*.tar=01;31:*.tgz=01;31:*.arc=01;31:*.arj=01;31:*.taz=01;31:*.lha=01;31:*.lz4=01;31:*.lzh=01;31:*.lzma=01;31:*.tlz=01;31:*.txz=01;31:*.tzo=01;31:*.t7z=01;31:*.zip=01;31:*.z=01;31:*.dz=01;31:*.gz=01;31:*.lrz=01;31:*.lz=01;31:*.lzo=01;31:*.xz=01;31:*.zst=01;31:*.tzst=01;31:*.bz2=01;31:*.bz=01;31:*.tbz=01;31:*.tbz2=01;31:*.tz=01;31:*.deb=01;31:*.rpm=01;31:*.jar=01;31:*.war=01;31:*.ear=01;31:*.sar=01;31:*.rar=01;31:*.alz=01;31:*.ace=01;31:*.zoo=01;31:*.cpio=01;31:*.7z=01;31:*.rz=01;31:*.cab=01;31:*.wim=01;31:*.swm=01;31:*.dwm=01;31:*.esd=01;31:*.avif=01;35:*.jpg=01;35:*.jpeg=01;35:*.mjpg=01;35:*.mjpeg=01;35:*.gif=01;35:*.bmp=01;35:*.pbm=01;35:*.pgm=01;35:*.ppm=01;35:*.tga=01;35:*.xbm=01;35:*.xpm=01;35:*.tif=01;35:*.tiff=01;35:*.png=01;35:*.svg=01;35:*.svgz=01;35:*.mng=01;35:*.pcx=01;35:*.mov=01;35:*.mpg=01;35:*.mpeg=01;35:*.m2v=01;35:*.mkv=01;35:*.webm=01;35:*.webp=01;35:*.ogm=01;35:*.mp4=01;35:*.m4v=01;35:*.mp4v=01;35:*.vob=01;35:*.qt=01;35:*.nuv=01;35:*.wmv=01;35:*.asf=01;35:*.rm=01;35:*.rmvb=01;35:*.flc=01;35:*.avi=01;35:*.fli=01;35:*.flv=01;35:*.gl=01;35:*.dl=01;35:*.xcf=01;35:*.xwd=01;35:*.yuv=01;35:*.cgm=01;35:*.emf=01;35:*.ogv=01;35:*.ogx=01;35:*.aac=00;36:*.au=00;36:*.flac=00;36:*.m4a=00;36:*.mid=00;36:*.midi=00;36:*.mka=00;36:*.mp3=00;36:*.mpc=00;36:*.ogg=00;36:*.ra=00;36:*.wav=00;36:*.oga=00;36:*.opus=00;36:*.spx=00;36:*.xspf=00;36:*~=00;90:*#=00;90:*.bak=00;90:*.crdownload=00;90:*.dpkg-dist=00;90:*.dpkg-new=00;90:*.dpkg-old=00;90:*.dpkg-tmp=00;90:*.old=00;90:*.orig=00;90:*.part=00;90:*.rej=00;90:*.rpmnew=00;90:*.rpmorig=00;90:*.rpmsave=00;90:*.swp=00;90:*.tmp=00;90:*.ucf-dist=00;90:*.ucf-new=00;90:*.ucf-old=00;90:', 'SNAP_USER_COMMON': '/home/cyberkanjousen/snap/clion/common', 'SSH_AUTH_SOCK': '/run/user/1000/keyring/ssh', 'SNAP_ARCH': 'amd64', 'AMENT_PREFIX_PATH': '/home/cyberkanjousen/CLionProjects/ROS2_1/install/service_114514:/opt/ros/jazzy', 'SNAP_COOKIE': '7cMq18PPvE0GyoauddMEMHLsazMvDF3aF-ApkkrArLYzdt8gAxjQ', 'SHELL': '/bin/bash', 'QT_ACCESSIBILITY': '1', 'SNAP_REEXEC': '', 'GDMSESSION': 'ubuntu', 'LESSCLOSE': '/usr/bin/lesspipe %s %s', 'SNAP_NAME': 'clion', 'GPG_AGENT_INFO': '/run/user/1000/gnupg/S.gpg-agent:0:1', 'GJS_DEBUG_OUTPUT': 'stderr', 'ROS_AUTOMATIC_DISCOVERY_RANGE': 'SUBNET', 'QT_IM_MODULE': 'ibus', 'PWD': '/home/cyberkanjousen/CLionProjects/ROS2_1/build/cpp_srvcli', 'XDG_CONFIG_DIRS': '/etc/xdg/xdg-ubuntu:/etc/xdg', 'SNAP_REAL_HOME': '/home/cyberkanjousen', 'XDG_DATA_DIRS': '/usr/share/ubuntu:/usr/share/gnome:/usr/local/share/:/usr/share/:/var/lib/snapd/desktop', 'SNAP_EUID': '1000', 'QTWEBENGINE_DICTIONARIES_PATH': '/usr/share/hunspell-bdic/', 'PYTHONPATH': '/home/cyberkanjousen/CLionProjects/ROS2_1/install/service_114514/lib/python3.12/site-packages:/opt/ros/jazzy/lib/python3.12/site-packages', 'SNAP': '/snap/clion/393', 'COLCON': '1', 'MEMORY_PRESSURE_WRITE': 'c29tZSAyMDAwMDAgMjAwMDAwMAA=', 'JM_OPTION_PATH': '/home/cyberkanjousen/下载', 'CMAKE_PREFIX_PATH': '/home/cyberkanjousen/CLionProjects/ROS2_1/install/service_114514:/opt/ros/jazzy/opt/gz_math_vendor:/opt/ros/jazzy/opt/gz_utils_vendor:/opt/ros/jazzy/opt/gz_cmake_vendor:/opt/ros/jazzy'}), 'shell': False}
[4.582058] (cpp_srvcli) StdoutLine: {'line': b'\n'}
[4.582245] (cpp_srvcli) StdoutLine: {'line': b'[0/4] Building CXX object CMakeFiles/server_114514.dir/src/server_114514.cpp.o\x1b[K\n'}
[4.606933] (-) TimerEvent: {}
[4.707254] (-) TimerEvent: {}
[4.807604] (-) TimerEvent: {}
[4.907906] (-) TimerEvent: {}
[5.008250] (-) TimerEvent: {}
[5.108606] (-) TimerEvent: {}
[5.208921] (-) TimerEvent: {}
[5.309235] (-) TimerEvent: {}
[5.409670] (-) TimerEvent: {}
[5.471926] (cpp_pubsub) StdoutLine: {'line': b'[4/8] Linking CXX executable publisher_114514\x1b[K\n'}
[5.472149] (cpp_pubsub) StdoutLine: {'line': b'[5/8] Building CXX object CMakeFiles/subscriber_114514.dir/src/subscriber_114514.cpp.o\x1b[K\n'}
[5.479452] (cpp_pubsub) StdoutLine: {'line': b'[5/8] Linking CXX executable subscriber_114514\x1b[K\n'}
[5.479658] (cpp_pubsub) StdoutLine: {'line': b'[6/8] Building CXX object CMakeFiles/listener.dir/src/subscriber_lambda_function.cpp.o\x1b[K\n'}
[5.509875] (-) TimerEvent: {}
[5.610188] (-) TimerEvent: {}
[5.634935] (cpp_pubsub) StdoutLine: {'line': b'[6/8] Linking CXX executable listener\x1b[K\n'}
[5.637123] (cpp_pubsub) StdoutLine: {'line': b'[7/8] Linking CXX executable listener\x1b[K\n'}
[5.637570] (cpp_pubsub) StdoutLine: {'line': b'[8/8] Linking CXX executable subscriber_114514\x1b[K\n'}
[5.639056] (cpp_pubsub) CommandEnded: {'returncode': 0}
[5.639839] (cpp_pubsub) JobProgress: {'identifier': 'cpp_pubsub', 'progress': 'install'}
[5.639857] (cpp_pubsub) Command: {'cmd': ['/usr/bin/cmake', '--install', '/home/cyberkanjousen/CLionProjects/ROS2_1/build/cpp_pubsub'], 'cwd': '/home/cyberkanjousen/CLionProjects/ROS2_1/build/cpp_pubsub', 'env': OrderedDict({'TERM_SESSION_ID': '63c909e5-d298-4cc9-832e-4a5012225e58', 'GJS_DEBUG_TOPICS': 'JS ERROR;JS LOG', 'XDG_ACTIVATION_TOKEN': 'gnome-shell/CLion/3210-0-cyberkanjousen-Legion-Y7000P-IRX10_TIME51333', 'LESSOPEN': '| /usr/bin/lesspipe %s', 'SNAP_INSTANCE_KEY': '', 'USER': 'cyberkanjousen', 'SNAP_COMMON': '/var/snap/clion/common', 'socks_host': 'socks://127.0.0.1:10808', 'XDG_SESSION_TYPE': 'x11', 'SNAP_UID': '1000', 'CLUTTER_DISABLE_MIPMAPPED_TEXT': '1', 'SHLVL': '1', 'LD_LIBRARY_PATH': '/opt/ros/jazzy/opt/rviz_ogre_vendor/lib:/opt/ros/jazzy/lib/x86_64-linux-gnu:/opt/ros/jazzy/opt/gz_math_vendor/lib:/opt/ros/jazzy/opt/gz_utils_vendor/lib:/opt/ros/jazzy/opt/gz_cmake_vendor/lib:/opt/ros/jazzy/lib', 'HOME': '/home/cyberkanjousen', 'SNAP_LIBRARY_PATH': '/var/lib/snapd/lib/gl:/var/lib/snapd/lib/gl32:/var/lib/snapd/void', 'DESKTOP_SESSION': 'ubuntu', 'SNAP_USER_DATA': '/home/cyberkanjousen/snap/clion/393', 'TERMINAL_EMULATOR': 'JetBrains-JediTerm', 'GIO_LAUNCHED_DESKTOP_FILE': '/var/lib/snapd/desktop/applications/clion_clion.desktop', 'ROS_PYTHON_VERSION': '3', 'GNOME_SHELL_SESSION_MODE': 'ubuntu', 'GTK_MODULES': 'gail:atk-bridge', 'MANAGERPID': '2765', 'SYSTEMD_EXEC_PID': '3210', 'GSM_SKIP_SSH_AGENT_WORKAROUND': 'true', 'DBUS_SESSION_BUS_ADDRESS': 'unix:path=/run/user/1000/bus', 'SNAP_REVISION': '393', 'GIO_LAUNCHED_DESKTOP_FILE_PID': '4290', 'DEBUGINFOD_URLS': 'https://debuginfod.ubuntu.com', 'https_proxy': 'http://127.0.0.1:10808', 'ROS_DISTRO': 'jazzy', 'LOGNAME': 'cyberkanjousen', 'SNAP_CONTEXT': '7cMq18PPvE0GyoauddMEMHLsazMvDF3aF-ApkkrArLYzdt8gAxjQ', 'http_proxy': 'http://127.0.0.1:10808', 'JOURNAL_STREAM': '9:40206', '_': '/usr/bin/colcon', 'ROS_VERSION': '2', 'MEMORY_PRESSURE_WATCH': '/sys/fs/cgroup/user.slice/user-1000.slice/user@1000.service/session.slice/org.gnome.Shell@x11.service/memory.pressure', 'XDG_SESSION_CLASS': 'user', 'SNAP_VERSION': '2025.2.4', 'USERNAME': 'cyberkanjousen', 'TERM': 'xterm-256color', 'GNOME_DESKTOP_SESSION_ID': 'this-is-deprecated', 'SNAP_INSTANCE_NAME': 'clion', 'WINDOWPATH': '2', 'PATH': '/opt/ros/jazzy/bin:/home/cyberkanjousen/.local/bin:/usr/local/sbin:/usr/local/bin:/usr/sbin:/usr/bin:/sbin:/bin:/usr/games:/usr/local/games:/snap/bin:/snap/bin:/home/cyberkanjousen/.local/bin:/home/cyberkanjousen/.local/bin', 'SESSION_MANAGER': 'local/cyberkanjousen-Legion-Y7000P-IRX10:@/tmp/.ICE-unix/3111,unix/cyberkanjousen-Legion-Y7000P-IRX10:/tmp/.ICE-unix/3111', 'INVOCATION_ID': 'e7fea1e9eb6f4e17a61b475e3444d22f', 'XDG_MENU_PREFIX': 'gnome-', 'ftp_proxy': 'ftp://127.0.0.1:10808', 'SNAP_DATA': '/var/snap/clion/393', 'XDG_RUNTIME_DIR': '/run/user/1000', 'DISPLAY': ':1', 'DESKTOP_STARTUP_ID': 'gnome-shell/CLion/3210-0-cyberkanjousen-Legion-Y7000P-IRX10_TIME51333', 'LANG': 'zh_CN.UTF-8', 'XDG_CURRENT_DESKTOP': 'ubuntu:GNOME', 'XMODIFIERS': '@im=ibus', 'XDG_SESSION_DESKTOP': 'ubuntu', 'XAUTHORITY': '/run/user/1000/gdm/Xauthority', 'LS_COLORS': 'rs=0:di=01;34:ln=01;36:mh=00:pi=40;33:so=01;35:do=01;35:bd=40;33;01:cd=40;33;01:or=40;31;01:mi=00:su=37;41:sg=30;43:ca=00:tw=30;42:ow=34;42:st=37;44:ex=01;32:*.tar=01;31:*.tgz=01;31:*.arc=01;31:*.arj=01;31:*.taz=01;31:*.lha=01;31:*.lz4=01;31:*.lzh=01;31:*.lzma=01;31:*.tlz=01;31:*.txz=01;31:*.tzo=01;31:*.t7z=01;31:*.zip=01;31:*.z=01;31:*.dz=01;31:*.gz=01;31:*.lrz=01;31:*.lz=01;31:*.lzo=01;31:*.xz=01;31:*.zst=01;31:*.tzst=01;31:*.bz2=01;31:*.bz=01;31:*.tbz=01;31:*.tbz2=01;31:*.tz=01;31:*.deb=01;31:*.rpm=01;31:*.jar=01;31:*.war=01;31:*.ear=01;31:*.sar=01;31:*.rar=01;31:*.alz=01;31:*.ace=01;31:*.zoo=01;31:*.cpio=01;31:*.7z=01;31:*.rz=01;31:*.cab=01;31:*.wim=01;31:*.swm=01;31:*.dwm=01;31:*.esd=01;31:*.avif=01;35:*.jpg=01;35:*.jpeg=01;35:*.mjpg=01;35:*.mjpeg=01;35:*.gif=01;35:*.bmp=01;35:*.pbm=01;35:*.pgm=01;35:*.ppm=01;35:*.tga=01;35:*.xbm=01;35:*.xpm=01;35:*.tif=01;35:*.tiff=01;35:*.png=01;35:*.svg=01;35:*.svgz=01;35:*.mng=01;35:*.pcx=01;35:*.mov=01;35:*.mpg=01;35:*.mpeg=01;35:*.m2v=01;35:*.mkv=01;35:*.webm=01;35:*.webp=01;35:*.ogm=01;35:*.mp4=01;35:*.m4v=01;35:*.mp4v=01;35:*.vob=01;35:*.qt=01;35:*.nuv=01;35:*.wmv=01;35:*.asf=01;35:*.rm=01;35:*.rmvb=01;35:*.flc=01;35:*.avi=01;35:*.fli=01;35:*.flv=01;35:*.gl=01;35:*.dl=01;35:*.xcf=01;35:*.xwd=01;35:*.yuv=01;35:*.cgm=01;35:*.emf=01;35:*.ogv=01;35:*.ogx=01;35:*.aac=00;36:*.au=00;36:*.flac=00;36:*.m4a=00;36:*.mid=00;36:*.midi=00;36:*.mka=00;36:*.mp3=00;36:*.mpc=00;36:*.ogg=00;36:*.ra=00;36:*.wav=00;36:*.oga=00;36:*.opus=00;36:*.spx=00;36:*.xspf=00;36:*~=00;90:*#=00;90:*.bak=00;90:*.crdownload=00;90:*.dpkg-dist=00;90:*.dpkg-new=00;90:*.dpkg-old=00;90:*.dpkg-tmp=00;90:*.old=00;90:*.orig=00;90:*.part=00;90:*.rej=00;90:*.rpmnew=00;90:*.rpmorig=00;90:*.rpmsave=00;90:*.swp=00;90:*.tmp=00;90:*.ucf-dist=00;90:*.ucf-new=00;90:*.ucf-old=00;90:', 'SNAP_USER_COMMON': '/home/cyberkanjousen/snap/clion/common', 'SSH_AUTH_SOCK': '/run/user/1000/keyring/ssh', 'SNAP_ARCH': 'amd64', 'AMENT_PREFIX_PATH': '/opt/ros/jazzy', 'SNAP_COOKIE': '7cMq18PPvE0GyoauddMEMHLsazMvDF3aF-ApkkrArLYzdt8gAxjQ', 'SHELL': '/bin/bash', 'QT_ACCESSIBILITY': '1', 'SNAP_REEXEC': '', 'GDMSESSION': 'ubuntu', 'LESSCLOSE': '/usr/bin/lesspipe %s %s', 'SNAP_NAME': 'clion', 'GPG_AGENT_INFO': '/run/user/1000/gnupg/S.gpg-agent:0:1', 'GJS_DEBUG_OUTPUT': 'stderr', 'ROS_AUTOMATIC_DISCOVERY_RANGE': 'SUBNET', 'QT_IM_MODULE': 'ibus', 'PWD': '/home/cyberkanjousen/CLionProjects/ROS2_1/build/cpp_pubsub', 'XDG_CONFIG_DIRS': '/etc/xdg/xdg-ubuntu:/etc/xdg', 'SNAP_REAL_HOME': '/home/cyberkanjousen', 'XDG_DATA_DIRS': '/usr/share/ubuntu:/usr/share/gnome:/usr/local/share/:/usr/share/:/var/lib/snapd/desktop', 'SNAP_EUID': '1000', 'QTWEBENGINE_DICTIONARIES_PATH': '/usr/share/hunspell-bdic/', 'PYTHONPATH': '/opt/ros/jazzy/lib/python3.12/site-packages', 'SNAP': '/snap/clion/393', 'COLCON': '1', 'MEMORY_PRESSURE_WRITE': 'c29tZSAyMDAwMDAgMjAwMDAwMAA=', 'JM_OPTION_PATH': '/home/cyberkanjousen/下载', 'CMAKE_PREFIX_PATH': '/opt/ros/jazzy/opt/gz_math_vendor:/opt/ros/jazzy/opt/gz_utils_vendor:/opt/ros/jazzy/opt/gz_cmake_vendor:/opt/ros/jazzy'}), 'shell': False}
[5.648505] (cpp_pubsub) StdoutLine: {'line': b'-- Install configuration: ""\n'}
[5.653233] (cpp_pubsub) StdoutLine: {'line': b'-- Installing: /home/cyberkanjousen/CLionProjects/ROS2_1/install/cpp_pubsub/lib/cpp_pubsub/talker\n'}
[5.654360] (cpp_pubsub) StdoutLine: {'line': b'-- Set non-toolchain portion of runtime path of "/home/cyberkanjousen/CLionProjects/ROS2_1/install/cpp_pubsub/lib/cpp_pubsub/talker" to ""\n'}
[5.655484] (cpp_pubsub) StdoutLine: {'line': b'-- Installing: /home/cyberkanjousen/CLionProjects/ROS2_1/install/cpp_pubsub/lib/cpp_pubsub/listener\n'}
[5.657550] (cpp_pubsub) StdoutLine: {'line': b'-- Set non-toolchain portion of runtime path of "/home/cyberkanjousen/CLionProjects/ROS2_1/install/cpp_pubsub/lib/cpp_pubsub/listener" to ""\n'}
[5.658396] (cpp_pubsub) StdoutLine: {'line': b'-- Installing: /home/cyberkanjousen/CLionProjects/ROS2_1/install/cpp_pubsub/lib/cpp_pubsub/publisher_114514\n'}
[5.659160] (cpp_pubsub) StdoutLine: {'line': b'-- Set non-toolchain portion of runtime path of "/home/cyberkanjousen/CLionProjects/ROS2_1/install/cpp_pubsub/lib/cpp_pubsub/publisher_114514" to ""\n'}
[5.659741] (cpp_pubsub) StdoutLine: {'line': b'-- Installing: /home/cyberkanjousen/CLionProjects/ROS2_1/install/cpp_pubsub/lib/cpp_pubsub/subscriber_114514\n'}
[5.661758] (cpp_pubsub) StdoutLine: {'line': b'-- Set non-toolchain portion of runtime path of "/home/cyberkanjousen/CLionProjects/ROS2_1/install/cpp_pubsub/lib/cpp_pubsub/subscriber_114514" to ""\n'}
[5.661861] (cpp_pubsub) StdoutLine: {'line': b'-- Installing: /home/cyberkanjousen/CLionProjects/ROS2_1/install/cpp_pubsub/share/ament_index/resource_index/package_run_dependencies/cpp_pubsub\n'}
[5.661939] (cpp_pubsub) StdoutLine: {'line': b'-- Installing: /home/cyberkanjousen/CLionProjects/ROS2_1/install/cpp_pubsub/share/ament_index/resource_index/parent_prefix_path/cpp_pubsub\n'}
[5.662027] (cpp_pubsub) StdoutLine: {'line': b'-- Up-to-date: /home/cyberkanjousen/CLionProjects/ROS2_1/install/cpp_pubsub/share/cpp_pubsub/environment/ament_prefix_path.sh\n'}
[5.662077] (cpp_pubsub) StdoutLine: {'line': b'-- Installing: /home/cyberkanjousen/CLionProjects/ROS2_1/install/cpp_pubsub/share/cpp_pubsub/environment/ament_prefix_path.dsv\n'}
[5.662126] (cpp_pubsub) StdoutLine: {'line': b'-- Up-to-date: /home/cyberkanjousen/CLionProjects/ROS2_1/install/cpp_pubsub/share/cpp_pubsub/environment/path.sh\n'}
[5.662163] (cpp_pubsub) StdoutLine: {'line': b'-- Installing: /home/cyberkanjousen/CLionProjects/ROS2_1/install/cpp_pubsub/share/cpp_pubsub/environment/path.dsv\n'}
[5.662201] (cpp_pubsub) StdoutLine: {'line': b'-- Installing: /home/cyberkanjousen/CLionProjects/ROS2_1/install/cpp_pubsub/share/cpp_pubsub/local_setup.bash\n'}
[5.662240] (cpp_pubsub) StdoutLine: {'line': b'-- Installing: /home/cyberkanjousen/CLionProjects/ROS2_1/install/cpp_pubsub/share/cpp_pubsub/local_setup.sh\n'}
[5.662283] (cpp_pubsub) StdoutLine: {'line': b'-- Installing: /home/cyberkanjousen/CLionProjects/ROS2_1/install/cpp_pubsub/share/cpp_pubsub/local_setup.zsh\n'}
[5.662342] (cpp_pubsub) StdoutLine: {'line': b'-- Installing: /home/cyberkanjousen/CLionProjects/ROS2_1/install/cpp_pubsub/share/cpp_pubsub/local_setup.dsv\n'}
[5.662412] (cpp_pubsub) StdoutLine: {'line': b'-- Installing: /home/cyberkanjousen/CLionProjects/ROS2_1/install/cpp_pubsub/share/cpp_pubsub/package.dsv\n'}
[5.662453] (cpp_pubsub) StdoutLine: {'line': b'-- Installing: /home/cyberkanjousen/CLionProjects/ROS2_1/install/cpp_pubsub/share/ament_index/resource_index/packages/cpp_pubsub\n'}
[5.662493] (cpp_pubsub) StdoutLine: {'line': b'-- Installing: /home/cyberkanjousen/CLionProjects/ROS2_1/install/cpp_pubsub/share/cpp_pubsub/cmake/cpp_pubsubConfig.cmake\n'}
[5.662560] (cpp_pubsub) StdoutLine: {'line': b'-- Installing: /home/cyberkanjousen/CLionProjects/ROS2_1/install/cpp_pubsub/share/cpp_pubsub/cmake/cpp_pubsubConfig-version.cmake\n'}
[5.662596] (cpp_pubsub) StdoutLine: {'line': b'-- Up-to-date: /home/cyberkanjousen/CLionProjects/ROS2_1/install/cpp_pubsub/share/cpp_pubsub/package.xml\n'}
[5.663897] (cpp_pubsub) CommandEnded: {'returncode': 0}
[5.671083] (cpp_pubsub) JobEnded: {'identifier': 'cpp_pubsub', 'rc': 0}
[5.710305] (-) TimerEvent: {}
[5.810523] (-) TimerEvent: {}
[5.910806] (-) TimerEvent: {}
[6.011109] (-) TimerEvent: {}
[6.111456] (-) TimerEvent: {}
[6.211702] (-) TimerEvent: {}
[6.311962] (-) TimerEvent: {}
[6.412236] (-) TimerEvent: {}
[6.512459] (-) TimerEvent: {}
[6.612702] (-) TimerEvent: {}
[6.703650] (cpp_srvcli) StdoutLine: {'line': b'[0/4] Building CXX object CMakeFiles/client_114514.dir/src/server_114514.cpp.o\x1b[K\n'}
[6.704619] (cpp_srvcli) StdoutLine: {'line': b'[1/4] Building CXX object CMakeFiles/server_114514.dir/src/server_114514.cpp.o\x1b[K\n'}
[6.706580] (cpp_srvcli) StdoutLine: {'line': b'[1/4] Linking CXX executable server_114514\x1b[K\n'}
[6.706680] (cpp_srvcli) StdoutLine: {'line': b'[2/4] Building CXX object CMakeFiles/client_114514.dir/src/server_114514.cpp.o\x1b[K\n'}
[6.712855] (-) TimerEvent: {}
[6.787954] (cpp_srvcli) StdoutLine: {'line': b'[2/4] Linking CXX executable client_114514\x1b[K\n'}
[6.792963] (cpp_srvcli) StdoutLine: {'line': b'[3/4] Linking CXX executable server_114514\x1b[K\n'}
[6.793179] (cpp_srvcli) StdoutLine: {'line': b'[4/4] Linking CXX executable client_114514\x1b[K\n'}
[6.795005] (cpp_srvcli) CommandEnded: {'returncode': 0}
[6.796005] (cpp_srvcli) JobProgress: {'identifier': 'cpp_srvcli', 'progress': 'install'}
[6.796040] (cpp_srvcli) Command: {'cmd': ['/usr/bin/cmake', '--install', '/home/cyberkanjousen/CLionProjects/ROS2_1/build/cpp_srvcli'], 'cwd': '/home/cyberkanjousen/CLionProjects/ROS2_1/build/cpp_srvcli', 'env': OrderedDict({'TERM_SESSION_ID': '63c909e5-d298-4cc9-832e-4a5012225e58', 'GJS_DEBUG_TOPICS': 'JS ERROR;JS LOG', 'XDG_ACTIVATION_TOKEN': 'gnome-shell/CLion/3210-0-cyberkanjousen-Legion-Y7000P-IRX10_TIME51333', 'LESSOPEN': '| /usr/bin/lesspipe %s', 'SNAP_INSTANCE_KEY': '', 'USER': 'cyberkanjousen', 'SNAP_COMMON': '/var/snap/clion/common', 'socks_host': 'socks://127.0.0.1:10808', 'XDG_SESSION_TYPE': 'x11', 'SNAP_UID': '1000', 'CLUTTER_DISABLE_MIPMAPPED_TEXT': '1', 'SHLVL': '1', 'LD_LIBRARY_PATH': '/home/cyberkanjousen/CLionProjects/ROS2_1/install/service_114514/lib:/opt/ros/jazzy/opt/rviz_ogre_vendor/lib:/opt/ros/jazzy/lib/x86_64-linux-gnu:/opt/ros/jazzy/opt/gz_math_vendor/lib:/opt/ros/jazzy/opt/gz_utils_vendor/lib:/opt/ros/jazzy/opt/gz_cmake_vendor/lib:/opt/ros/jazzy/lib', 'HOME': '/home/cyberkanjousen', 'SNAP_LIBRARY_PATH': '/var/lib/snapd/lib/gl:/var/lib/snapd/lib/gl32:/var/lib/snapd/void', 'DESKTOP_SESSION': 'ubuntu', 'SNAP_USER_DATA': '/home/cyberkanjousen/snap/clion/393', 'TERMINAL_EMULATOR': 'JetBrains-JediTerm', 'GIO_LAUNCHED_DESKTOP_FILE': '/var/lib/snapd/desktop/applications/clion_clion.desktop', 'ROS_PYTHON_VERSION': '3', 'GNOME_SHELL_SESSION_MODE': 'ubuntu', 'GTK_MODULES': 'gail:atk-bridge', 'MANAGERPID': '2765', 'SYSTEMD_EXEC_PID': '3210', 'GSM_SKIP_SSH_AGENT_WORKAROUND': 'true', 'DBUS_SESSION_BUS_ADDRESS': 'unix:path=/run/user/1000/bus', 'SNAP_REVISION': '393', 'GIO_LAUNCHED_DESKTOP_FILE_PID': '4290', 'DEBUGINFOD_URLS': 'https://debuginfod.ubuntu.com', 'https_proxy': 'http://127.0.0.1:10808', 'ROS_DISTRO': 'jazzy', 'LOGNAME': 'cyberkanjousen', 'SNAP_CONTEXT': '7cMq18PPvE0GyoauddMEMHLsazMvDF3aF-ApkkrArLYzdt8gAxjQ', 'http_proxy': 'http://127.0.0.1:10808', 'JOURNAL_STREAM': '9:40206', '_': '/usr/bin/colcon', 'ROS_VERSION': '2', 'MEMORY_PRESSURE_WATCH': '/sys/fs/cgroup/user.slice/user-1000.slice/user@1000.service/session.slice/org.gnome.Shell@x11.service/memory.pressure', 'XDG_SESSION_CLASS': 'user', 'SNAP_VERSION': '2025.2.4', 'USERNAME': 'cyberkanjousen', 'TERM': 'xterm-256color', 'GNOME_DESKTOP_SESSION_ID': 'this-is-deprecated', 'SNAP_INSTANCE_NAME': 'clion', 'WINDOWPATH': '2', 'PATH': '/opt/ros/jazzy/bin:/home/cyberkanjousen/.local/bin:/usr/local/sbin:/usr/local/bin:/usr/sbin:/usr/bin:/sbin:/bin:/usr/games:/usr/local/games:/snap/bin:/snap/bin:/home/cyberkanjousen/.local/bin:/home/cyberkanjousen/.local/bin', 'SESSION_MANAGER': 'local/cyberkanjousen-Legion-Y7000P-IRX10:@/tmp/.ICE-unix/3111,unix/cyberkanjousen-Legion-Y7000P-IRX10:/tmp/.ICE-unix/3111', 'INVOCATION_ID': 'e7fea1e9eb6f4e17a61b475e3444d22f', 'XDG_MENU_PREFIX': 'gnome-', 'ftp_proxy': 'ftp://127.0.0.1:10808', 'SNAP_DATA': '/var/snap/clion/393', 'XDG_RUNTIME_DIR': '/run/user/1000', 'DISPLAY': ':1', 'DESKTOP_STARTUP_ID': 'gnome-shell/CLion/3210-0-cyberkanjousen-Legion-Y7000P-IRX10_TIME51333', 'LANG': 'zh_CN.UTF-8', 'XDG_CURRENT_DESKTOP': 'ubuntu:GNOME', 'XMODIFIERS': '@im=ibus', 'XDG_SESSION_DESKTOP': 'ubuntu', 'XAUTHORITY': '/run/user/1000/gdm/Xauthority', 'LS_COLORS': 'rs=0:di=01;34:ln=01;36:mh=00:pi=40;33:so=01;35:do=01;35:bd=40;33;01:cd=40;33;01:or=40;31;01:mi=00:su=37;41:sg=30;43:ca=00:tw=30;42:ow=34;42:st=37;44:ex=01;32:*.tar=01;31:*.tgz=01;31:*.arc=01;31:*.arj=01;31:*.taz=01;31:*.lha=01;31:*.lz4=01;31:*.lzh=01;31:*.lzma=01;31:*.tlz=01;31:*.txz=01;31:*.tzo=01;31:*.t7z=01;31:*.zip=01;31:*.z=01;31:*.dz=01;31:*.gz=01;31:*.lrz=01;31:*.lz=01;31:*.lzo=01;31:*.xz=01;31:*.zst=01;31:*.tzst=01;31:*.bz2=01;31:*.bz=01;31:*.tbz=01;31:*.tbz2=01;31:*.tz=01;31:*.deb=01;31:*.rpm=01;31:*.jar=01;31:*.war=01;31:*.ear=01;31:*.sar=01;31:*.rar=01;31:*.alz=01;31:*.ace=01;31:*.zoo=01;31:*.cpio=01;31:*.7z=01;31:*.rz=01;31:*.cab=01;31:*.wim=01;31:*.swm=01;31:*.dwm=01;31:*.esd=01;31:*.avif=01;35:*.jpg=01;35:*.jpeg=01;35:*.mjpg=01;35:*.mjpeg=01;35:*.gif=01;35:*.bmp=01;35:*.pbm=01;35:*.pgm=01;35:*.ppm=01;35:*.tga=01;35:*.xbm=01;35:*.xpm=01;35:*.tif=01;35:*.tiff=01;35:*.png=01;35:*.svg=01;35:*.svgz=01;35:*.mng=01;35:*.pcx=01;35:*.mov=01;35:*.mpg=01;35:*.mpeg=01;35:*.m2v=01;35:*.mkv=01;35:*.webm=01;35:*.webp=01;35:*.ogm=01;35:*.mp4=01;35:*.m4v=01;35:*.mp4v=01;35:*.vob=01;35:*.qt=01;35:*.nuv=01;35:*.wmv=01;35:*.asf=01;35:*.rm=01;35:*.rmvb=01;35:*.flc=01;35:*.avi=01;35:*.fli=01;35:*.flv=01;35:*.gl=01;35:*.dl=01;35:*.xcf=01;35:*.xwd=01;35:*.yuv=01;35:*.cgm=01;35:*.emf=01;35:*.ogv=01;35:*.ogx=01;35:*.aac=00;36:*.au=00;36:*.flac=00;36:*.m4a=00;36:*.mid=00;36:*.midi=00;36:*.mka=00;36:*.mp3=00;36:*.mpc=00;36:*.ogg=00;36:*.ra=00;36:*.wav=00;36:*.oga=00;36:*.opus=00;36:*.spx=00;36:*.xspf=00;36:*~=00;90:*#=00;90:*.bak=00;90:*.crdownload=00;90:*.dpkg-dist=00;90:*.dpkg-new=00;90:*.dpkg-old=00;90:*.dpkg-tmp=00;90:*.old=00;90:*.orig=00;90:*.part=00;90:*.rej=00;90:*.rpmnew=00;90:*.rpmorig=00;90:*.rpmsave=00;90:*.swp=00;90:*.tmp=00;90:*.ucf-dist=00;90:*.ucf-new=00;90:*.ucf-old=00;90:', 'SNAP_USER_COMMON': '/home/cyberkanjousen/snap/clion/common', 'SSH_AUTH_SOCK': '/run/user/1000/keyring/ssh', 'SNAP_ARCH': 'amd64', 'AMENT_PREFIX_PATH': '/home/cyberkanjousen/CLionProjects/ROS2_1/install/service_114514:/opt/ros/jazzy', 'SNAP_COOKIE': '7cMq18PPvE0GyoauddMEMHLsazMvDF3aF-ApkkrArLYzdt8gAxjQ', 'SHELL': '/bin/bash', 'QT_ACCESSIBILITY': '1', 'SNAP_REEXEC': '', 'GDMSESSION': 'ubuntu', 'LESSCLOSE': '/usr/bin/lesspipe %s %s', 'SNAP_NAME': 'clion', 'GPG_AGENT_INFO': '/run/user/1000/gnupg/S.gpg-agent:0:1', 'GJS_DEBUG_OUTPUT': 'stderr', 'ROS_AUTOMATIC_DISCOVERY_RANGE': 'SUBNET', 'QT_IM_MODULE': 'ibus', 'PWD': '/home/cyberkanjousen/CLionProjects/ROS2_1/build/cpp_srvcli', 'XDG_CONFIG_DIRS': '/etc/xdg/xdg-ubuntu:/etc/xdg', 'SNAP_REAL_HOME': '/home/cyberkanjousen', 'XDG_DATA_DIRS': '/usr/share/ubuntu:/usr/share/gnome:/usr/local/share/:/usr/share/:/var/lib/snapd/desktop', 'SNAP_EUID': '1000', 'QTWEBENGINE_DICTIONARIES_PATH': '/usr/share/hunspell-bdic/', 'PYTHONPATH': '/home/cyberkanjousen/CLionProjects/ROS2_1/install/service_114514/lib/python3.12/site-packages:/opt/ros/jazzy/lib/python3.12/site-packages', 'SNAP': '/snap/clion/393', 'COLCON': '1', 'MEMORY_PRESSURE_WRITE': 'c29tZSAyMDAwMDAgMjAwMDAwMAA=', 'JM_OPTION_PATH': '/home/cyberkanjousen/下载', 'CMAKE_PREFIX_PATH': '/home/cyberkanjousen/CLionProjects/ROS2_1/install/service_114514:/opt/ros/jazzy/opt/gz_math_vendor:/opt/ros/jazzy/opt/gz_utils_vendor:/opt/ros/jazzy/opt/gz_cmake_vendor:/opt/ros/jazzy'}), 'shell': False}
[6.802456] (cpp_srvcli) StdoutLine: {'line': b'-- Install configuration: ""\n'}
[6.802560] (cpp_srvcli) StdoutLine: {'line': b'-- Installing: /home/cyberkanjousen/CLionProjects/ROS2_1/install/cpp_srvcli/lib/cpp_srvcli/server_114514\n'}
[6.803062] (cpp_srvcli) StdoutLine: {'line': b'-- Set non-toolchain portion of runtime path of "/home/cyberkanjousen/CLionProjects/ROS2_1/install/cpp_srvcli/lib/cpp_srvcli/server_114514" to ""\n'}
[6.803155] (cpp_srvcli) StdoutLine: {'line': b'-- Installing: /home/cyberkanjousen/CLionProjects/ROS2_1/install/cpp_srvcli/lib/cpp_srvcli/client_114514\n'}
[6.803517] (cpp_srvcli) StdoutLine: {'line': b'-- Set non-toolchain portion of runtime path of "/home/cyberkanjousen/CLionProjects/ROS2_1/install/cpp_srvcli/lib/cpp_srvcli/client_114514" to ""\n'}
[6.803559] (cpp_srvcli) StdoutLine: {'line': b'-- Installing: /home/cyberkanjousen/CLionProjects/ROS2_1/install/cpp_srvcli/share/ament_index/resource_index/package_run_dependencies/cpp_srvcli\n'}
[6.803594] (cpp_srvcli) StdoutLine: {'line': b'-- Installing: /home/cyberkanjousen/CLionProjects/ROS2_1/install/cpp_srvcli/share/ament_index/resource_index/parent_prefix_path/cpp_srvcli\n'}
[6.803659] (cpp_srvcli) StdoutLine: {'line': b'-- Up-to-date: /home/cyberkanjousen/CLionProjects/ROS2_1/install/cpp_srvcli/share/cpp_srvcli/environment/ament_prefix_path.sh\n'}
[6.803802] (cpp_srvcli) StdoutLine: {'line': b'-- Installing: /home/cyberkanjousen/CLionProjects/ROS2_1/install/cpp_srvcli/share/cpp_srvcli/environment/ament_prefix_path.dsv\n'}
[6.803869] (cpp_srvcli) StdoutLine: {'line': b'-- Up-to-date: /home/cyberkanjousen/CLionProjects/ROS2_1/install/cpp_srvcli/share/cpp_srvcli/environment/path.sh\n'}
[6.803906] (cpp_srvcli) StdoutLine: {'line': b'-- Installing: /home/cyberkanjousen/CLionProjects/ROS2_1/install/cpp_srvcli/share/cpp_srvcli/environment/path.dsv\n'}
[6.803947] (cpp_srvcli) StdoutLine: {'line': b'-- Installing: /home/cyberkanjousen/CLionProjects/ROS2_1/install/cpp_srvcli/share/cpp_srvcli/local_setup.bash\n'}
[6.804013] (cpp_srvcli) StdoutLine: {'line': b'-- Installing: /home/cyberkanjousen/CLionProjects/ROS2_1/install/cpp_srvcli/share/cpp_srvcli/local_setup.sh\n'}
[6.804050] (cpp_srvcli) StdoutLine: {'line': b'-- Installing: /home/cyberkanjousen/CLionProjects/ROS2_1/install/cpp_srvcli/share/cpp_srvcli/local_setup.zsh\n'}
[6.804087] (cpp_srvcli) StdoutLine: {'line': b'-- Installing: /home/cyberkanjousen/CLionProjects/ROS2_1/install/cpp_srvcli/share/cpp_srvcli/local_setup.dsv\n'}
[6.804126] (cpp_srvcli) StdoutLine: {'line': b'-- Installing: /home/cyberkanjousen/CLionProjects/ROS2_1/install/cpp_srvcli/share/cpp_srvcli/package.dsv\n'}
[6.804194] (cpp_srvcli) StdoutLine: {'line': b'-- Installing: /home/cyberkanjousen/CLionProjects/ROS2_1/install/cpp_srvcli/share/ament_index/resource_index/packages/cpp_srvcli\n'}
[6.804234] (cpp_srvcli) StdoutLine: {'line': b'-- Installing: /home/cyberkanjousen/CLionProjects/ROS2_1/install/cpp_srvcli/share/cpp_srvcli/cmake/cpp_srvcliConfig.cmake\n'}
[6.804299] (cpp_srvcli) StdoutLine: {'line': b'-- Installing: /home/cyberkanjousen/CLionProjects/ROS2_1/install/cpp_srvcli/share/cpp_srvcli/cmake/cpp_srvcliConfig-version.cmake\n'}
[6.804336] (cpp_srvcli) StdoutLine: {'line': b'-- Up-to-date: /home/cyberkanjousen/CLionProjects/ROS2_1/install/cpp_srvcli/share/cpp_srvcli/package.xml\n'}
[6.805797] (cpp_srvcli) CommandEnded: {'returncode': 0}
[6.813074] (-) TimerEvent: {}
[6.814657] (cpp_srvcli) JobEnded: {'identifier': 'cpp_srvcli', 'rc': 0}
[6.815155] (-) EventReactorShutdown: {}
